id	error
45944_00026	11.487205390163348
45944_00046	10.996334507859627
45944_00047	16.720810169548542
45944_00048	13.630003915861916
45944_00049	13.630003164618238
45944_00059	9.515869453593885
