id	error
draft_92732_00026	10.52838182668348
draft_92732_00047	18.015700166652255
draft_92732_00058	9.77157716822436
