id	error
47350_00046	9.208315527369031
47350_00047	18.6365251641923
47350_00048	11.430822035225454
