id	TAE0	TAE1	TAE2	TAE3	TAE4	TAE5	TAE6	TAE7	TAE8	TAE9	TAE10	TAE11	TAE12	TAE13	TAE14	TAE15	TAE16	TAE17	TAE18	TAE19	TAE20	TAE21	TAE22	TAE23	TAE24	TAE25	TAE26	TAE27	TAE28	TAE29	TAE30	TAE31	TAE32	TAE33	TAE34	TAE35	TAE36	TAE37	TAE38	TAE39	TAE40	TAE41	TAE42	TAE43	TAE44	TAE45	TAE46	TAE47	TAE48	TAE49	TAE50	TAE51	TAE52	TAE53	TAE54	TAE55	TAE56	TAE57	TAE58	TAE59	TAE60	TAE61	TAE62	TAE63	TAE64	TAE65	TAE66	TAE67	TAE68	TAE69	TAE70	TAE71	TAE72	TAE73	TAE74	TAE75	TAE76	TAE77	TAE78	TAE79	TAE80	TAE81	TAE82	TAE83	TAE84	TAE85	TAE86	TAE87	TAE88	TAE89	TAE90	TAE91	TAE92	TAE93	TAE94	TAE95	TAE96	TAE97	TAE98	TAE99	TAE100	TAE101	TAE102	TAE103	TAE104	TAE105	TAE106	TAE107	TAE108	TAE109	TAE110	TAE111	TAE112	TAE113	TAE114	TAE115	TAE116	TAE117	TAE118	TAE119	TAE120	TAE121	TAE122	TAE123	TAE124	TAE125	TAE126	TAE127	TAE128	TAE129	TAE130	TAE131	TAE132	TAE133	TAE134	TAE135	TAE136	TAE137	TAE138	TAE139	TAE140	TAE141	TAE142	TAE143	TAE144	TAE145	TAE146	nA	nR	nN	nD	nC	nF	nQ	nE	nG	nH	nI	nP	nL	nK	nM	nS	nT	nY	nV	nW	Wlambda1.unity	Wlambda2.unity	Wlambda3.unity	Wnu1.unity	Wnu2.unity	Wgamma1.unity	Wgamma2.unity	Wgamma3.unity	Weta1.unity	Weta2.unity	Weta3.unity	WT.unity	WA.unity	WV.unity	WK.unity	WG.unity	WD.unity	BCUTw.1l	BCUTw.1h	BCUTc.1l	BCUTc.1h	BCUTp.1l	BCUTp.1h	Fsp3	XLogP	MW	LipinskiFailures	nRotB	MLogP	nAtomLAC	nAtomP	nAtomLC	nB	nBase	nAtom	nAromBond	naAromAtom	ALogP	ALogp2	AMR	nAcid	nSmallRings	nAromRings	nRingBlocks	nAromBlocks	nRings3	nRings4	nRings5	nRings6	nRings7	nRings8	nRings9	tpsaEfficiency	Zagreb	WPATH	WPOL	WTPT.1	WTPT.2	WTPT.3	WTPT.4	WTPT.5	VAdjMat	VABC	TopoPSA	topoShape	geomShape	PetitjeanNumber	MDEC.11	MDEC.12	MDEC.13	MDEC.14	MDEC.22	MDEC.23	MDEC.24	MDEC.33	MDEC.34	MDEC.44	MDEO.11	MDEO.12	MDEO.22	MDEN.11	MDEN.12	MDEN.13	MDEN.22	MDEN.23	MDEN.33	khs.sLi	khs.ssBe	khs.ssssBe	khs.ssBH	khs.sssB	khs.ssssB	khs.sCH3	khs.dCH2	khs.ssCH2	khs.tCH	khs.dsCH	khs.aaCH	khs.sssCH	khs.ddC	khs.tsC	khs.dssC	khs.aasC	khs.aaaC	khs.ssssC	khs.sNH3	khs.sNH2	khs.ssNH2	khs.dNH	khs.ssNH	khs.aaNH	khs.tN	khs.sssNH	khs.dsN	khs.aaN	khs.sssN	khs.ddsN	khs.aasN	khs.ssssN	khs.sOH	khs.dO	khs.ssO	khs.aaO	khs.sF	khs.sSiH3	khs.ssSiH2	khs.sssSiH	khs.ssssSi	khs.sPH2	khs.ssPH	khs.sssP	khs.dsssP	khs.sssssP	khs.sSH	khs.dS	khs.ssS	khs.aaS	khs.dssS	khs.ddssS	khs.sCl	khs.sGeH3	khs.ssGeH2	khs.sssGeH	khs.ssssGe	khs.sAsH2	khs.ssAsH	khs.sssAs	khs.sssdAs	khs.sssssAs	khs.sSeH	khs.dSe	khs.ssSe	khs.aaSe	khs.dssSe	khs.ddssSe	khs.sBr	khs.sSnH3	khs.ssSnH2	khs.sssSnH	khs.ssssSn	khs.sI	khs.sPbH3	khs.ssPbH2	khs.sssPbH	khs.ssssPb	Kier1	Kier2	Kier3	HybRatio	fragC	FMF	ECCEN	SP.0	SP.1	SP.2	SP.3	SP.4	SP.5	SP.6	SP.7	VP.0	VP.1	VP.2	VP.3	VP.4	VP.5	VP.6	VP.7	SPC.4	SPC.5	SPC.6	VPC.4	VPC.5	VPC.6	SC.3	SC.4	SC.5	SC.6	VC.3	VC.4	VC.5	VC.6	SCH.3	SCH.4	SCH.5	SCH.6	SCH.7	VCH.3	VCH.4	VCH.5	VCH.6	VCH.7	C1SP1	C2SP1	C1SP2	C2SP2	C3SP2	C1SP3	C2SP3	C3SP3	C4SP3	ATSp1	ATSp2	ATSp3	ATSp4	ATSp5	ATSm1	ATSm2	ATSm3	ATSm4	ATSm5	ATSc1	ATSc2	ATSc3	ATSc4	ATSc5	nHBDon	nHBAcc	PPSA.1	PPSA.2	PPSA.3	PNSA.1	PNSA.2	PNSA.3	DPSA.1	DPSA.2	DPSA.3	FPSA.1	FPSA.2	FPSA.3	FNSA.1	FNSA.2	FNSA.3	WPSA.1	WPSA.2	WPSA.3	WNSA.1	WNSA.2	WNSA.3	RPCG	RNCG	RPCS	RNCS	THSA	TPSA	RHSA	RPSA	bpol	apol	MOMI.X	MOMI.Y	MOMI.Z	MOMI.XY	MOMI.XZ	MOMI.YZ	MOMI.R	LOBMAX	LOBMIN	GRAV.1	GRAV.2	GRAV.3	GRAVH.1	GRAVH.2	GRAVH.3	GRAV.4	GRAV.5	GRAV.6
draft_22951_00028																																																																																																																																																				1	0	0	0	0	0	0	0	1	0	0	0	0	0	0	0	0	0	0	0																		11.824536929447858	16.010315424066278	-0.38044516841191955	0.3983091800984409	3.9304592881148293	7.875811122468495	0.6666666666666666	-3.909	175.18596958427946	0	6	1.46	5	4	9	11	1	25	0	0	-1.3245999999999993	1.7545651599999983	41.4033	1	0	0	0	0	0	0	0	0	0	0	0	0.6764301226747866	48	247	11	22.320910973586297	1.8600759144655248	14.832549459314116	7.120632367536404	7.711917091777707	4.459431618637298		118.43999999999998	1		0.5	0	0	0	0	2.381101577952299	3.639717276513833	0	0.9654893846056297	0	0	0.5952753944880748	0	0	0.14285714285714285	0.6324555320336759	0	0	0	0	0	0	0	0	0	0	0	0	3	0	0	0	1	0	0	2	0	0	0	0	2	0	0	1	0	0	0	0	0	0	0	0	0	1	2	0	0	0	0	0	0	0	0	0	0	0	0	0	0	0	0	0	0	0	0	0	0	0	0	0	0	0	0	0	0	0	0	0	0	0	0	0	0	0	0	0	0	0	0	12	6.508875739644971	7.43801652892562	0.6666666666666666	444.06	0	139	9.560477932315068	5.536581260209189	4.89960472054253	2.829011548372667	1.3522320338216987	0.8353816289544019	0.46477918909913546	0.3591167563965419	6.617081327556204	3.5543403717939386	2.377986730878834	1.3083333380021418	0.6570387305703633	0.33541327897260975	0.148929523148919	0.07601408726685553	1.4957819157813605	0.8219752754296894	0.7478909578906803	0.29351398069944756	0.18602915198004003	0.13455310623249658	0.9772838841927123	0	0.23570226039551587	0	0.2294813229661099	0	0.02151657414559676	0	0	0	0	0	0	0	0	0	0	0	0	0	1	0	0	1	3	0	0	452.9953875602723	456.95017702679445	493.13142988801576	415.20187709863296	312.16251348779303	15.403348010452282	12.661003664119479	16.404102284757123	13.601744925072264	9.49482173093903	0.44325703299849	-0.24409020169066606	0.022157646553569957	0.032148497517821104	-0.011745273505371228	4	6																														15.467691	24.934309000000002																		
draft_22951_00029																																																																																																																																																																																									11.993405649923162	30.973762863813008	-0.3876546609366945	0.4489069943956131	2.465320325741623	9.632686309434636	0.45454545454545453	-3.2540000000000004	335.2275543905078	0	5	1.46		9	12	23	1	38	0	0	-4.588699999999999	21.056167689999995	71.08940000000001	2	2	1	2	1	0	0	1	1	0	0	0	0.5144085315917052	114	1094	32	43.45110796611529	1.9750503620961495	29.770722620660315	20.64526037205706	5.905859648908061	5.523561956057013		172.36	0.8333333333333334		0.45454545454545453	0	0	0	0	3.6296098590104915	9.754931813339459	0	5.757779244560663	0	0	2.7202130056622043	3.139610146620971	0.33333333333333337	0	0	0.25	0	0	0	0	0	0	0	0	0	0	0	1	0	0	4	4	0	0	1	1	0	0	0	1	0	0	0	0	0	0	0	0	0	0	1	0	4	2	2	0	0	0	0	0	0	0	0	0	1	0	0	0	0	0	0	0	0	0	0	0	0	0	0	0	0	0	0	0	0	0	0	0	0	0	0	0	0	0	0	0	0	0	18.340264650283554	7.26643598615917	4.75	0.45454545454545453	1059.11	0.5	382	16.491199352633217	10.187359167265488	10.407987512276385	7.3919409091837345	5.48016532166572	4.398374305406812	3.057437209356743	2.113927840840434	11.70336958414904	7.044583661957513	5.616459998845117	3.878624910144111	2.7610163376688237	1.92045433044738	1.1280225525339873	0.6784136434887371	4.286083762645204	5.602784308340952	7.40664117253966	1.4744728687101816	1.9138658864010227	2.232531117231001	2.9149764480608593	0.35355339059327373	0.5206116245185312	0	0.8525737072163316	0.022371868507134143	0.12362949171015641	0	0	0	0.07856742013183861	0.34138465031521753	0.5121341733640472	0	0	0.045360921162651446	0.1440057812725567	0.18158409854207622	0	0	3	2	1	2	3	0	0	1039.5504215564176	1225.269973205311	1722.0116204277047	1641.0175756170916	1386.5177897690965	34.566126687165585	35.398285883058115	44.98613255712513	41.88028070960264	38.24083934048635	1.0869571748754767	-0.6428335397194617	0.06470520673239126	0.039777094482504896	-0.03619129321401958	5	9																														32.039311999999995	42.27468799999999																		
draft_22951_00032																																																																																																																																																																																									11.996460992827513	15.99928933108547	-0.40162781025803146	0.2460961452375478	4.444562499999999	7.933794132153335	0.5	-4.654	178.14678366383149	1	5	1.02		4	8	11	0	22	0	0	-3.6891999999999996	13.610196639999996	38.9762	0	0	0	0	0	0	0	0	0	0	0	0	0.8462954265793958	50	206	16	22.131845826846117	1.8443204855705098	19.91674641731934	9.795178822556124	10.121567594763215	4.459431618637298		150.70000000000002	0.75		0.42857142857142855	0	0	0	0	0	0	0	3.965406456500188	0	0	1.6688179349970051	0	0	0.14285714285714285	1.6329931618554518	0	0.19999999999999996	0	0	0	0	0	0	0	0	0	0	0	0	0	0	2	0	0	2	0	0	0	0	2	0	0	2	0	0	0	0	0	0	0	0	0	2	2	0	0	0	0	0	0	0	0	0	0	0	0	0	0	0	0	0	0	0	0	0	0	0	0	0	0	0	0	0	0	0	0	0	0	0	0	0	0	0	0	0	0	0	0	12	5.612244897959184	3.515625	0.5	309.08	0	114	9.723614639131599	5.540111220059325	4.489297862106235	3.9123826195163103	1.7799928166884993	0.7531018741699298	0.26824595137478835	0.05555555555555555	6.020324848686146	2.91267994167077	1.9068512948975396	1.1208471257315582	0.45752902038725257	0.15988858381787313	0.04369811624919406	0.006944444444444444	2.479162676675604	2.860815773389893	3.169542336943397	0.4653833182690984	0.37313915840005557	0.2837534460651124	0.8563047002507822	0	0.3832766380870198	0	0.2669223286977439	0	0.0470956976391759	0	0	0	0	0	0	0	0	0	0	0	0	0	2	0	0	0	2	0	0	438.83622395507825	464.65570241015644	555.9498842968751	543.2900516132814	382.76839432031267	16.53779734726971	13.38069237744411	17.7642027896504	22.53034913614134	17.091696146335266	0.5393288798038984	-0.07017857495070659	-0.23340499373856136	-0.031129057652685782	-0.04442042558703397	6	8																														10.20807	21.315929999999998																		
draft_22951_00056																																																																																																																																																																																									11.996355098404106	15.999990682936906	-0.4180580707428332	0.13925583224348265	3.817969038488906	8.200577615480933	0.8333333333333334	-3.3920000000000003	179.17137302534627	0	5	1.46		1	8	11	1	25	0	0	-2.9735	8.84170225	39.07820000000001	0	0	0	0	0	0	0	0	0	0	0	0	0.6924862321421282	50	206	16	22.13184582684612	1.84432048557051	14.573455830409978	12.140356791200372	2.4330990392096106	4.459431618637298		124.01000000000002	0.75		0.42857142857142855	0	0	0	0	0.19999999999999996	3.6144080144393795	0	3.965406456500188	0	0	2.366610005471494	0	0	0	0	0	0	0	0	0	0	0	0	0	0	0	0	1	0	1	0	4	0	0	0	0	0	0	0	1	0	0	0	0	0	0	0	0	0	0	0	0	4	1	0	0	0	0	0	0	0	0	0	0	0	0	0	0	0	0	0	0	0	0	0	0	0	0	0	0	0	0	0	0	0	0	0	0	0	0	0	0	0	0	0	0	0	0	12	5.612244897959184	3.515625	0.8333333333333334	444.06	0	114	9.723614639131597	5.540111220059325	4.489297862106234	3.91238261951631	1.7799928166884995	0.7531018741699298	0.26824595137478835	0.05555555555555555	6.368311068787999	3.4014416527843663	2.444539836702887	1.482683922100898	0.6437826119758233	0.2569275052164195	0.07080269929730258	0.00828173324999922	2.4791626766756036	2.8608157733898927	3.169542336943397	0.6894300304587548	0.588701511417439	0.5113521881373084	0.8563047002507822	0	0.3832766380870198	0	0.38865295961483115	0	0.07812754044727543	0	0	0	0	0	0	0	0	0	0	0	0	0	1	0	0	1	4	0	0	461.88578880206325	494.60607505725125	594.584341251465	570.8224473057865	394.1371005920412	16.23232547898121	12.826641818843267	16.989099683421404	21.921156073864466	16.70351052253272	0.5630107234547189	-0.053540159489353735	-0.25040133653708097	-0.0254011370355954	0.0021617006059435895	5	6																														14.509690999999997	24.338308999999995																		
draft_22951_00062																																																																																																																																																																																									11.99359815656221	15.995918188407362	-0.34668281956858704	0.27613991101442564	3.9942447900103684	7.876061132048869	0.8	-2.169	117.1465408381985	0	2	1.6799999999999997		2	5	7	1	19	0	0	0.2424000000000004	0.05875776000000019	29.5678	1	0	0	0	0	0	0	0	0	0	0	0	0.5408315029213405	32	65	8	14.33508904100425	1.7918861301255313	7.111632707789776	4.704937814695956	2.406694893093821	3.807354922057604		63.31999999999999	1		0.5	0.4999999999999999	0	3.3019272488946267	0	0	0	0	2.381101577952299	0	0	0.4999999999999999	0	0	0	0	0	0	0	0	0	0	0	0	0	0	2	0	0	0	0	0	2	0	0	1	0	0	0	0	1	0	0	0	0	0	0	0	0	0	0	0	0	1	1	0	0	0	0	0	0	0	0	0	0	0	0	0	0	0	0	0	0	0	0	0	0	0	0	0	0	0	0	0	0	0	0	0	0	0	0	0	0	0	0	0	0	0	0	8	3.111111111111111	2.8125	0.8	268.03	0	43	6.732050807568877	3.5534180126147956	3.3471506281091274	2.1031336922528343	0.769800358919501	0	0	0	5.087512693532699	2.537773282622642	2.108038026908367	1.003387474781024	0.2851539619879403	0	0	0	1.8213672050459184	1.5396007178390023	0.9622504486493764	0.6947417664285485	0.3680687596532143	0.1478823077759374	0.8591167563965418	0	0.3849001794597505	0	0.48226300586774395	0	0.11379325408809529	0	0	0	0	0	0	0	0	0	0	0	0	0	1	0	0	2	1	1	0	294.14904953906273	295.3419083906251	334.44710755078137	248.52747426562507	97.47356915625005	9.908918372358373	7.830365887445575	10.771016856166966	10.103471014759252	5.32836790853026	0.2395411903305204	-0.08958014874039556	-0.06793029555726525	0.03947071847780134	-0.001730869345400744	2	3																														12.323277	18.838722999999998																		
draft_22951_00063																																																																																																																																																																																									11.996461355192555	15.998258892041628	-0.399569743944636	0.2260174037029929	3.991932575592211	6.932253974767045	0.75	-0.8	103.11992343375891	0	2	1.5699999999999998		2	5	6	0	16	0	0	-0.5047000000000005	0.2547220900000005	25.4877	0	0	0	0	0	0	0	0	0	0	0	0	0.5076490417174436	26	46	6	12.505242858682477	1.7864632655260682	7.341010493900238	4.992642714848898	2.3483677790513395	3.584962500721156		52.32000000000001	1		0.5	0.33333333333333337	0	2.1491398636470835	0	0	0	0	1	0	0	0	0.33333333333333337	0	0	0	0	0	0	0	0	0	0	0	0	0	2	0	0	0	0	0	1	0	0	1	0	0	0	0	1	0	0	0	0	0	0	0	0	0	0	0	0	0	1	1	0	0	0	0	0	0	0	0	0	0	0	0	0	0	0	0	0	0	0	0	0	0	0	0	0	0	0	0	0	0	0	0	0	0	0	0	0	0	0	0	0	0	0	7	3.061224489795918	2.6666666666666665	0.75	183.03	0	36	5.8618073195657985	3.1807392125526213	2.6295491105128677	1.7820217383170773	0.47140452079103173	0	0	0	4.471197119306978	2.0027752344705623	1.2802997126457851	0.7542250916341444	0.11615390417644599	0	0	0	1.2761423749153968	0.7071067811865476	0.23570226039551587	0.32982419389595885	0.14393168195422376	0.027777777777777776	0.5690355937288492	0	0.23570226039551587	0	0.18589251194173512	0	0.027777777777777776	0	0	0	0	0	0	0	0	0	0	0	0	0	1	0	0	1	1	0	0	206.28050291406257	198.40387014062506	209.92821789453131	149.60154101562506	40.13523887500001	8.908918372358372	7.1624578645781405	8.715919461644758	7.826204542920571	2.49827391031301	0.33898412816050644	-0.15631724843009093	-0.11025739676081696	0.15526825031047406	-0.058185669199819365	1	3																														12.052863	15.745137																		
draft_22951_00070																																																																																																																																																																																									11.993656827642697	15.995917686361036	-0.346791305235078	0.2785587998345105	3.897496898526569	7.054964208410443	0.75	-0.1830000000000001	101.10404192610734	0	0	1.5699999999999998		3	4	7	1	14	0	0	-0.8174000000000002	0.6681427600000004	23.489300000000004	0	1	0	1	0	0	0	1	0	0	0	0	0.5177753785768021	32	40	5	13.453926922059683	1.9219895602942405	7.84424137354951	5.375412812490904	2.468828561058606	3.807354922057604		52.32	0.5		0.3333333333333333	0	0	0	0	1	2.378414230005442	0	1	0	0	0	0.4999999999999999	0	0	0	0	0	0	0	0	0	0	0	0	0	0	0	2	0	0	0	1	0	0	1	0	0	0	0	1	0	0	0	0	0	0	0	0	0	0	0	0	0	1	1	0	0	0	0	0	0	0	0	0	0	0	0	0	0	0	0	0	0	0	0	0	0	0	0	0	0	0	0	0	0	0	0	0	0	0	0	0	0	0	0	0	0	0	5.142857142857143	1.8518518518518519	0.96	0.75	154.03	0.7142857142857143	36	5.276020881938894	3.304530452640311	2.8854714281683242	2.290336413777854	1.330837274785986	0.47140452079103173	0.11785113019775793	0	3.8854106816800726	2.2271801834506855	1.562665513147114	0.9759257653646303	0.5113739614363865	0.116153904176446	0.013888888888888888	0	1.1380711874576983	1.040440114519881	0.47140452079103173	0.27537753772002593	0.22789340216961723	0.05555555555555555	0.47140452079103173	0	0.16666666666666666	0	0.16596365263022675	0	0.019641855032959652	0	0	0	0.11785113019775793	0.23570226039551587	0.11785113019775793	0	0	0.05892556509887897	0.05807695208822299	0.013888888888888888	0	0	1	0	0	1	2	0	0	231.4441278125001	247.9465888750001	299.57708025000017	125.84173650000005	0	8.908918372358373	8.16245786457814	11.103108833299531	6.9372890815788075	0	0.31828961582079857	-0.1581016324927316	0.005815942769448922	-0.006859118187116629	0	1	3																														9.866449000000001	14.411551																		
draft_22951_00155																																																																																																																																																																																									11.994591496756929	14.008056139055162	-0.3423159800030933	0.033757205833149284	5.57524506778501	7.29299267254256	1	0.7900000000000001	85.14773098305969	0	0	1.8999999999999997		0	4	6	1	17	0	0	0.6226999999999998	0.38775528999999975	26.6518	0	1	0	1	0	0	0	1	0	0	0	0	0.14138112884161413	26	26	2	11.57549816824563	1.929249694707605	2.8911110363834682	0	2.8911110363834682	3.584962500721156		12.03	0.5		0.3333333333333333	0	1.1447142425533319	1	0	2.381101577952299	1.8898815748423097	0	0	0	0	0	0	0	0	0	0	0	0	0	0	0	0	0	0	0	1	0	3	0	0	0	1	0	0	0	0	0	0	0	0	0	0	1	0	0	0	0	0	0	0	0	0	0	0	0	0	0	0	0	0	0	0	0	0	0	0	0	0	0	0	0	0	0	0	0	0	0	0	0	0	0	0	0	0	0	0	0	0	0	0	0	0	0	0	0	0	0	0	4.166666666666667	1.6326530612244898	0.9795918367346939	1	259.01	0.8333333333333334	29	4.405777393935816	2.893846850117352	2.389628765898712	1.643846850117352	1.1299361269508954	0.2886751345948129	0	0	4.198670612749268	2.6278270848415755	1.9974002407106257	1.3067128222475324	0.8587720756091669	0.20412414523193154	0	0	0.4082482904638631	0.4330127018922194	0	0.2886751345948129	0.3061862178478973	0	0.2886751345948129	0	0	0	0.20412414523193154	0	0	0	0	0	0.14433756729740646	0.14433756729740646	0	0	0	0.10206207261596577	0.10206207261596577	0	0	0	0	0	0	2	3	0	0	252.8270607812501	261.80389470312514	294.4123961562501	71.19638487500004	0	6.35998030127648	6.33236386636089	7.4985457995413345	2	0	0.06245851721312114	-0.030535053737827028	-0.002743201024696308	0.0020489961559627683	0	1	1																														12.685277	17.234723																		
draft_22951_00158																																																																																																																																																																																									11.988739878534842	16.00592497434168	-0.38193599537898026	0.22744186974820535	3.5124944279318315	7.172633094775643	0.4	0.571	99.13125440297752	0	2	1.7899999999999998		5	6	6	0	16	0	0	-0.027799999999999696	7.728399999999831e-4	30.145600000000005	0	0	0	0	0	0	0	0	0	0	0	0	0.20500984303736	24	52	4	12.670365275467146	1.8100521822095923	5.334242814398211	2.3929389840584947	2.9413038303397157	3.584962500721156		20.310000000000002	0.6666666666666666		0.4	0.4999999999999999	2.080083823051904	0	0	2.381101577952299	0	0	0	0	0	0	0	0	0	0	0	0	0	0	0	0	0	0	0	0	2	0	0	0	3	0	0	0	0	0	0	0	0	0	0	0	0	0	0	0	0	0	0	1	0	0	0	0	1	0	0	0	0	0	0	0	0	0	0	0	0	0	0	0	0	0	0	0	0	0	0	0	0	0	0	0	0	0	0	0	0	0	0	0	0	0	0	0	0	0	0	0	0	7	4.166666666666667	6	0.4	183.02	0	47	5.698670612749268	3.270055610029662	2.5360753753054386	1.1350278050148312	0.6123724356957946	0.4082482904638631	0	0	4.587512693532698	2.0549950078092594	1.4412154267120956	0.4627761137141976	0.2072690116110894	0.07027283689263066	0	0	0.2886751345948129	0.20412414523193154	0.20412414523193154	0.14907119849998599	0.08606629658238704	0.03513641844631533	0.4082482904638631	0	0	0	0.2581988897471611	0	0	0	0	0	0	0	0	0	0	0	0	0	0	0	2	1	0	0	0	0	0	243.3094447304689	227.08641271093757	213.6772724570314	134.0766283437501	83.50908238281255	8.134449336817426	6.830637776673901	6.49827391031301	4.49827391031301	3.553461597066616	0.22147860114793153	-0.109540797252454	-8.153988560949191e-4	-0.0617889728359268	0.11493412349818687	0	2																														12.776862999999999	16.703136999999998																		
draft_22951_00204																																																																																																																																																																																									11.996218956616387	15.997944619544317	-0.4180632297540442	0.0807342900596874	5.138312037793474	10.949918082101469	1	0.8609999999999998	196.3096354802288	0	0	2.56		0	7	16	2	36	0	0	-0.20900000000000207	0.043681000000000865	55.6263	0	4	0	1	0	0	0	0	4	0	0	0	0.10312476736552456	82	256	24	29.074298729066797	2.076735623504771	6.217286287993169	2.547220902427793	3.6700653855653784	5		20.23	1		0.5	0	2.4131915265567154	1.208550158942707	0	7.613579363891523	12.94860914777125	0	3.3019272488946267	0	0	0	0	0	0	0	0	0	0	0	0	0	0	0	0	0	1	0	7	0	0	0	4	0	0	0	0	0	0	0	0	0	0	0	0	0	0	0	0	0	0	0	1	1	0	0	0	0	0	0	0	0	0	0	0	0	0	0	0	0	0	0	0	0	0	0	0	0	0	0	0	0	0	0	0	0	0	0	0	0	0	0	0	0	0	0	0	0	0	9.2421875	2.9952	1.2930612244897959	1	1262.02	0.8571428571428571	150	9.759148545064338	6.689288594420832	6.680032058743396	5.834982590491158	4.909693272045612	4.431994963543162	3.100488736547406	1.7443025602105806	9.413468921750844	6.989710370847417	7.274498957765598	6.657064242969779	5.7767049305713565	5.331483714532222	3.5974922393695805	2.122092092341535	3.331204500462153	5.435418156361979	8.411631889160052	4.014058705890994	6.747590255856317	10.559452184388716	1.5118615527084618	0.14433756729740646	0.3417461359419916	0.05892556509887897	1.7335433467096992	0.20412414523193154	0.45511835721680355	0.08333333333333333	0	0	0	0.23643521025761804	0.6652384715047678	0	0	0	0.3061862178478973	0.8587214092323256	0	0	0	0	0	2	7	2	0	1092.9808703017584	1343.1817610439457	2050.7733815837414	1869.9366984746107	1034.0323648935555	15.134449336817426	16.996819709854343	26.32891168698691	25.162729753806463	15.830365887445573	0.18754325441036881	-0.09330945762805651	-0.003055534207719718	-0.007710842941635281	-0.03873431202298955	1	1																														26.690553999999995	37.691446																		
draft_22951_00207																																																																																																																																																																																									11.996319914636539	15.99999413184788	-0.3945040193723916	0.29535659996882047	4.531984375000001	8.820204354567974	0.5714285714285714	-0.619	202.16498986769287	0	2	1.46		8	7	14	0	24	0	0	-1.5111	2.2834232100000005	42.1586	0	1	0	1	0	0	0	1	0	0	0	0	0.4857492803777832	70	273	23	26.729777020506276	1.9092697871790196	18.974833496401367	12.380869669372945	6.593963827028428	4.807354922057604		98.15	1		0.5	0.16666666666666669	0	3.539529195983115	0	0	0	0	4.6105395574086385	0	0	2.362885916738057	0	0	0	0	0	0	0	0.4999999999999999	0	0	0	0	0	0	2	0	0	0	0	0	2	0	0	3	0	0	0	0	0	0	0	0	0	0	0	0	0	2	0	0	0	2	3	0	0	0	0	0	0	0	0	0	0	0	0	0	0	0	0	0	0	0	0	0	0	0	0	0	0	0	0	0	0	0	0	0	0	0	0	0	0	0	0	0	0	0	0	12.071428571428571	4.244897959183674	2.020408163265306	0.5714285714285714	394.07	0.35714285714285715	125	11.041451884327381	6.374785217660715	6.220084679281461	4.7974349484710865	4.3437789741761135	2.1348524500510204	1.1699428617822178	0.4444444444444444	7.668299791770673	3.8729285190176888	2.8878397365540276	1.886417609190501	1.2509594735101266	0.562698913313448	0.2619467876103175	0.07320947874209133	3.411300658019085	6.323930885847883	7.768074186309499	0.9617662748157296	1.2528815325199019	1.1776467054004123	1.4662391580785148	0	0.589933452973167	0	0.48583179308835556	0	0.12294152037569123	0	0	0	0.06415002990995841	0.2665241638039493	0.584203803403565	0	0	0.03333333333333333	0.07675584938212596	0.11753573811992508	0	0	2	0	0	4	0	0	0	650.612400536133	761.9881690839848	1097.485232285645	1022.2829570341801	742.4325138876954	18.59230578025769	16.657551484745497	26.673845524928215	29.198859821625835	29.74283709080031	0.6882130405863743	-0.3956646827093349	0.3652994371957157	-0.5219384306995998	0.18175582758874817	2	7																														17.766070000000003	25.197929999999996																		
draft_22951_00216																																																																																																																																																																																									11.99355089067553	15.9959186907053	-0.37662824264426353	0.09882494053786944	4.8854308705592935	7.756136051129757	1	-0.659	131.1731582426381	0	2	1.79		0	6	9	1	22	0	0	-0.6845999999999997	0.46867715999999954	34.1252	0	1	0	1	0	0	0	1	0	0	0	0	0.3392968912664702	40	90	8	17.470893626933076	1.941210402992564	8.362804935553012	5.855143853021929	2.507661082531084	4.169925001442312		44.480000000000004	0.6666666666666666		0.4	0	1.1052094495921163	0.5773502691896258	0	1.040041911525952	3.5327755290014426	0	1	0	0	0	0	0.33333333333333337	0	0	0	0	0	0	0	0	0	0	0	0	1	0	3	0	0	0	2	0	0	0	0	0	0	0	1	0	0	0	0	0	0	0	0	0	0	0	0	0	0	2	0	0	0	0	0	0	0	0	0	0	0	0	0	0	0	0	0	0	0	0	0	0	0	0	0	0	0	0	0	0	0	0	0	0	0	0	0	0	0	0	0	0	0	7.111111111111111	3.239669421487603	1.7041420118343196	1	412.03	0.5555555555555556	73	6.69023444431199	4.3425352551010965	3.456942333956269	2.6985847042417173	2.0218813364429815	1.0166196971733128	0.38657986948039036	0.1767766952966369	5.669867732056247	3.291997692960895	2.1951055808977884	1.4507035136150652	0.9369857133125037	0.3676309040691621	0.11711968619317525	0.050623940356582166	1.0202200572599405	1.3594757082487299	1.0202200572599405	0.438258185085478	0.4690444867798051	0.3017067455732303	0.4023689270621825	0	0.11785113019775793	0	0.23230780835289197	0	0.039283710065919304	0	0	0	0.11785113019775793	0.20118446353109126	0.1422588984322123	0	0	0.06804138174397717	0.06706148784369709	0.03567936251044926	0	0	0	0	0	4	2	0	0	360.3572213037111	386.38671338183616	468.552853504883	298.32552521386737	171.04848987109386	10.908918372358373	10.494549841710707	12.992823752023716	10.37966613998719	5.49827391031301	0.39048160025997664	-0.16210505111342763	-0.17354929279924344	0.18464254518818557	-0.03337134325048931	1	3																														17.383690999999995	21.932309																		
draft_22951_00247																																																																																																																																																																																									11.996218947487732	15.998262163639517	-0.349672257913537	0.2956825085926434	4.300317975106577	9.49248124289146	0.4166666666666667	1.146	205.25345513101763	0	3	2.45		6	9	16	1	30	0	0	1.5963999999999992	2.5484929599999973	62.18450000000001	1	2	1	2	1	0	0	1	1	0	0	0	0.19764977274310064	74	378	18	30.218969984400392	2.014597998960026	8.273783055961317	4.838290832859795	3.435492223101528	5		40.540000000000006	1		0.5	0	0	0	0	12.251622781285707	9.238597779606705	0	1.3103706971044482	0	0	0.4999999999999999	0	0	0	0	0	0	0	0	0	0	0	0	0	0	0	0	4	0	0	5	1	0	0	1	1	0	0	0	0	0	0	0	0	0	0	0	0	1	0	0	0	1	1	0	0	0	0	0	0	0	0	0	0	0	0	0	0	0	0	0	0	0	0	0	0	0	0	0	0	0	0	0	0	0	0	0	0	0	0	0	0	0	0	0	0	0	0	11.484375	5.365079365079365	2.9822485207100593	0.4166666666666667	751.03	0.8	201	10.673362107437432	7.270856947829097	6.338592966695345	4.9350036311353636	4.086822782925723	2.739184554635746	1.6217099593106266	1.0102334605151675	8.595204221347725	5.2795457829376575	3.9523383789494972	2.8772108644199115	2.112977033438273	1.189304691281444	0.6220920758976312	0.3502703313199407	1.8236716266140747	2.806343698960857	3.072186340298469	0.8330408435123648	1.179210293293724	1.0481964046522738	0.8402069087198858	0	0.2041241452319315	0	0.39094229565833916	0	0.0623102131254305	0	0	0	0.11785113019775793	0.25343678769327627	0.3044765920015952	0	0	0.09128709291752768	0.1422682838505333	0.12627649735380742	0	0	1	5	1	2	3	0	0	856.8753106172944	974.2846710437627	1273.7782472783358	1047.7767082747807	868.5369421557011	16.90891837235837	17.162729753806463	23.103380722527856	20.10347101475925	18.324915729156277	0.29627421849692004	-0.16051193544403522	-0.06946857298214021	0.16085519962776593	-0.081648115235774	1	3																														19.336104999999996	33.825895																		
draft_22951_00248																																																																																																																																																																																									11.900000000000002	14.004080107004201	-0.3145540073404884	0.11775617483917766	5.832312500000002	8.462657361018996	1	-0.138	114.18899234836108	0	1	1.9000000000000001		0	5	8	2	22	0	0	-0.16740000000000094	0.028022760000000313	35.27910000000001	0	1	0	1	0	0	0	1	0	0	0	0	0.1338115631126011	36	62	6	15.420097821147108	1.9275122276433885	5.9411103221207	0	5.9411103221207	4		15.27	1		0.5	0.4999999999999999	1.8171205928321397	0.9999999999999998	0	1.8898815748423097	2.381101577952299	0	0	0	0	0	0	0	0	0	0	0	0.33333333333333337	0	0	0	0	0	0	0	2	0	3	0	0	0	1	0	0	0	0	0	0	0	0	0	0	1	0	0	0	0	0	1	0	0	0	0	0	0	0	0	0	0	0	0	0	0	0	0	0	0	0	0	0	0	0	0	0	0	0	0	0	0	0	0	0	0	0	0	0	0	0	0	0	0	0	0	0	0	0	0	0	6.125	2.52	1.487603305785124	1	428.02	0.625	51	5.983127663125442	3.804530452640311	3.2885536416183108	2.342638955843123	1.6240567635492151	0.6380711874576984	0.3333333333333333	0	5.645884208249226	3.1762294428613513	2.6102341610859483	1.7645968235521174	1.0801828835356257	0.3494859826646888	0.18257418583505536	0	1.040440114519881	1.054737854124365	0.8047378541243652	0.7791840767715897	0.6689908078760357	0.4675104460629539	0.5	0	0.16666666666666666	0	0.38729833462074165	0	0.12909944487358055	0	0	0	0.14433756729740646	0.08333333333333333	0.16666666666666666	0	0	0.10206207261596577	0.04564354645876384	0.09128709291752768	0	0	0	0	0	2	2	0	0	390.17422061718776	416.09891953125026	502.74319056640644	270.53865956250013	152.2180420312501	8.71996060255296	8.830909665902226	10.664727732721781	6.526162234456926	4.3323638663608905	0.1622100755610343	-0.09725962435522868	-0.02058119332144365	0.059405095741951984	-0.022669315845796827	1	2																														17.944898	22.095102																		
draft_22951_00253																																																																																																																																																																																									11.89	14.00408011813974	-0.3118445695572059	0.09934116357057443	5.786934227383946	7.723640928627191	1	0.14800000000000008	114.18899234836107	0	0	1.9000000000000001		0	6	8	2	22	0	0	-0.03939999999999977	0.0015523599999999818	34.2852	0	1	0	1	0	0	0	0	1	0	0	0	0.2108386515055129	36	62	7	15.532829208695095	1.9416036510868868	5.870617068070759	0	5.870617068070759	4		24.06	0.6666666666666666		0.4	0.19999999999999996	1.6329931618554518	1.9999999999999996	0	0.33333333333333337	2.8284271247461903	0	0.33333333333333337	0	0	0	0	0	0	0	0	0.33333333333333337	0	0	0	0	0	0	0	0	2	0	2	0	0	0	2	0	0	0	0	0	0	0	0	0	0	2	0	0	0	0	0	0	0	0	0	0	0	0	0	0	0	0	0	0	0	0	0	0	0	0	0	0	0	0	0	0	0	0	0	0	0	0	0	0	0	0	0	0	0	0	0	0	0	0	0	0	0	0	0	0	0	6.125	2.52	1.8	1	428.02	0.75	58	5.983127663125442	3.787693700234704	3.3650439694243297	2.3045304526403116	1.4267463220525112	1.3047378541243648	0.3333333333333333	0	5.568914100752346	3.2556541696831514	2.6185917215089414	1.5449981211499864	0.9002598849528629	0.7702200572599404	0.16666666666666666	0	0.8164965809277261	0.7600796553858447	1.1380711874576985	0.49279927982674443	0.428855364161831	0.6178511301977578	0.5773502691896258	0	0	0	0.4082482904638631	0	0	0	0	0	0	0.08333333333333333	0.16666666666666666	0	0	0	0.041666666666666664	0.08333333333333333	0	0	0	0	0	4	2	0	0	392.45418433789087	414.1562061757815	490.9860180390629	328.99180235546896	89.53249919140632	8.71996060255296	8.66472773272178	10.997091599082673	7.69234416763737	2	0.13334215504108698	-0.062175428595963526	-0.07033993371679677	0.061762032231800164	0.0036688561962532635	2	2																														16.624897999999995	22.095101999999997																		
draft_22951_00290																																																																																																																																																																																									11.996249463292948	15.997944088729522	-0.42118089271387926	0.07385490502847628	4.619065346492399	9.816882748079783	1	0.9929999999999999	169.26434142517545	0	1	2.34		0	7	13	1	31	0	0	1.2823999999999993	1.6445497599999983	50.2426	0	2	0	1	0	0	0	0	2	0	0	0	0.13875532270191848	60	182	17	24.536910269844746	2.0447425224870623	5.95256898521146	2.4834473861088693	3.4691215991025914	4.700439718141093		23.47	1		0.5	0	0	0	0	10.646713747791871	7.685820156032573	0	1	0	0	0	0	0	0	0	0	0	0	0	0	0	0	0	0	0	0	0	8	0	0	0	2	0	0	0	0	0	0	0	0	0	0	0	0	0	0	0	0	1	0	0	0	1	0	0	0	0	0	0	0	0	0	0	0	0	0	0	0	0	0	0	0	0	0	0	0	0	0	0	0	0	0	0	0	0	0	0	0	0	0	0	0	0	0	0	0	0	0	8.591715976331361	3.8062283737024223	1.7013232514177694	1	892.02	0.8333333333333334	119	8.388905057061258	5.91501490017253	4.807622921915532	4.247577465565666	3.5785389857964067	2.8426135375900192	1.5655803951979734	1.0131346909336767	7.705981978871549	5.264960392522598	4.183980691840953	3.463137580332351	2.7901534634203573	2.1275563591211206	1.144588499061631	0.6972286045521813	1.4294976317100196	2.470938603260957	3.2637509746933997	1.1058483331480427	1.8107621823463411	2.309432033118459	0.4694160968212876	0	0.13608276348795434	0	0.4011753668791932	0	0.10540925533894598	0	0	0	0	0.15137471507731048	0.25137565482875424	0	0	0	0.11725435010626326	0.1947147449587498	0	0	0	0	0	3	6	1	0	756.8001609768072	869.8789339687505	1159.7567441230472	1069.2309318383795	639.4091518623053	13.134449336817426	13.8306377766739	17.996819709854343	18.162729753806463	13.217645551331742	0.17473899804419066	-0.08065528476245455	-0.009091603221150109	-0.04675874601377397	0.08205541990470024	1	2																														22.750932999999996	32.17106700000001																		
draft_22951_00314																																																																																																																																																																																									11.994422575152647	15.995924741838834	-0.3780627629529153	0.2323098983212227	4.671759194058465	9.210298014055853	0.5	-0.9180000000000003	237.25879616558564	0	2	1.79		11	10	18	3	32	0	0	-0.5092000000000003	0.25928464000000034	63.087599999999995	0	2	1	2	1	0	0	0	2	0	0	0	0.3892923314546781	84	548	22	34.1121756705298	2.0065985688546943	20.567119976070003	5.5147869643170235	15.052333011752978	5.169925001442312		92.31	0.8		0.4444444444444444	0	0.8699389867440919	1.5443895803843586	0	3.1241519207647173	5.124570238285138	0	2.3811015779522995	0	0	0	0.1111111111111111	0	0	0.944940787421155	0.4999999999999999	1.5000000000000004	0.944940787421155	0	0	0	0	0	0	0	1	0	4	0	0	1	0	0	0	1	2	0	0	0	1	0	0	0	1	0	0	1	1	1	0	0	0	0	1	1	0	0	0	0	0	0	0	0	0	0	0	0	0	0	0	0	0	0	0	0	0	0	0	0	0	0	0	0	0	0	0	0	0	0	0	0	0	0	0	0	0	0	0	13.432098765432098	6.25	4	0.5	817.07	0.8235294117647058	257	12.25071237662706	8.147867045540842	7.394551856959584	5.4358285005176255	4.727519034410113	3.1509816073588914	2.045656086707029	1.0427169882308065	9.641265030553043	5.397989338989569	3.779802794836599	2.412770526206064	1.587884450892635	0.8861702308155925	0.3902796664955417	0.1804698635960591	2.009856211341168	3.3662885371470312	3.8666260029635584	0.6462057869699228	0.7963076229568996	0.6972397535492796	1.18384334148374	0	0.11785113019775793	0	0.4075634357664115	0	0.028867513459481284	0	0	0	0	0.17010345435994295	0.24312085101930214	0	0	0	0.06178097706796141	0.052764160662133935	0	0	1	2	0	5	0	0	0	952.6138744524535	1071.265053407471	1393.924691057861	1279.396648162598	1036.0670804377444	20.348839577464297	20.658095263202153	28.540529002025416	25.211828749497098	23.3743018857674	0.5885139130497269	-0.4158115365242172	0.19334842303437919	-0.17146057447456445	0.1222896145081453	2	7																														23.892104999999997	34.705895000000005																		
draft_22951_00356																																																																																																																																																																																									11.993479164044558	15.994917158808805	-0.3938203263580338	0.08338599247705276	4.385793370623741	8.79225655102344	0.25	-0.0799999999999998	137.17934360099312	0	2	2.1199999999999997		6	7	10	1	21	0	0	-0.0411999999999999	0.0016974399999999921	44.6325	0	1	1	1	1	0	0	0	1	0	0	0	0.33738421980075634	44	121	11	19.52724104193718	1.952724104193718	4.88751604281096	2.410898003818402	2.4766180389925587	4.321928094887363		46.25	1		0.5	0	0	0	0	6.945629181536277	6.0855537349701585	0	1	0	0	0	0	0	0	0	0	0	0	0	0	0	0	0	0	0	0	0	1	0	0	5	1	0	0	0	1	0	0	0	1	0	0	0	0	0	0	0	0	0	0	0	0	1	0	0	0	0	0	0	0	0	0	0	0	0	0	0	0	0	0	0	0	0	0	0	0	0	0	0	0	0	0	0	0	0	0	0	0	0	0	0	0	0	0	0	0	0	0	8.1	4	2.2857142857142856	0.25	351.02	0.6	90	7.397341225498536	4.8425352551010965	3.7836222710118674	3.0985183192448034	2.0365357192413676	1.4171102898201595	0.5690355937288492	0.3190355937288492	5.695772261013887	3.2571681269318065	2.1997508606521285	1.4244211897937127	0.8056420487368587	0.4601756316266492	0.15457141368304084	0.06785850399560515	1.0892556509887896	1.3392556509887896	1.373773447853214	0.4234954395680711	0.4087970079561009	0.33503492071485375	0.4023689270621825	0	0.11785113019775793	0	0.21407617506269555	0	0.039283710065919304	0	0	0	0	0.10206207261596577	0.05892556509887897	0	0	0	0.032075014954979206	0.018518518518518517	0	0	0	5	1	1	1	0	0	493.0823471040041	530.65006642334	631.8043237861332	525.3454407719728	290.0973551826173	11.134449336817427	10.49827391031301	12.664455843493457	12.217917440560072	7.99654782062602	0.12780366910798474	-0.03357872692905459	-0.05908495702725164	0.02746254491715939	0.0011712927852282336	2	2																														11.365276999999999	23.316723																		
draft_22951_00370																																																																																																																																																																																									11.993426859734555	15.995922722837175	-0.3369218870160211	0.2866332011174577	4.871536600361223	9.675346052272936	0.2	-0.028000000000000025	205.21362673621041	0	1	2.01		13	8	16	0	26	0	0	-0.7058	0.49815363999999995	58.6478	0	2	1	2	1	0	0	1	1	0	0	0	0.3677984904175695	78	344	22	29.947222988446313	1.9964815325630876	13.973380771221233	5.070072444992633	8.9033083262286	5		75.43	0.75		0.42857142857142855	0	0.7026882095771169	1.8505358624357668	0	3.5327755290014426	7.305089787361672	0	4.087557528519534	0	0	0.25	0	0	0	0.16666666666666669	0.25	0	0.4999999999999999	0	0	0	0	0	0	0	1	0	0	0	0	4	1	0	0	2	2	0	0	0	1	0	0	1	0	0	0	0	0	1	0	0	0	0	2	0	0	0	0	0	0	0	0	0	0	0	0	0	0	0	0	0	0	0	0	0	0	0	0	0	0	0	0	0	0	0	0	0	0	0	0	0	0	0	0	0	0	0	0	11.484375	4.472589792060491	2.24	0.2	519.05	0.7333333333333333	174	10.999635521070495	7.092224152875016	6.658594345453907	5.426614396189078	4.580318998107426	3.117456803090644	1.8044024427876684	1.0115727440770537	8.22781179156544	4.5938115617337845	3.4398123795811992	2.2622939664310446	1.5136102379962217	0.8837829827275324	0.404893424973648	0.20126023328149215	2.7662627424942046	4.596285739966121	5.993413566293159	0.8283251056384594	1.070380073710479	1.1226156677008914	1.2303075228934979	0	0.33435576908530695	0	0.4693480849780687	0	0.06957325717929394	0	0	0	0.07856742013183861	0.3643965148915006	0.5673809095592307	0	0	0.03227486121839514	0.10254238344010698	0.10813905206268819	0	0	1	6	0	1	1	0	0	867.3069515172731	1013.0289736335452	1413.3305034472044	1252.8836787524413	954.4427576119384	17.62887897491133	17.661275553347803	26.515730601872015	25.54310505894468	21.459636955202033	0.3748212992817772	-0.24828289409496646	0.1758119195991802	-0.17133868503196958	0.09585434144768468	2	5																														15.921276999999998	29.838723																		
draft_22951_00394																																																																																																																																																																																									11.850000000000005	14.007119629804006	-0.2649907131813639	0.12258006688020895	6.177053673757874	11.355643814430499	0.1111111111111111	-1.2859999999999996	301.3458734847507	0	3	2.8899999999999997		9	11	26	2	38	0	0	-0.1266000000000006	0.016027560000000152	94.92379999999999	0	4	3	4	3	0	0	1	3	0	0	0	0.2041292449863679	122	1149	34	48.118277135667746	2.0920990058985978	15.45181791317143	0	15.45181791317143	5.700439718141093		61.47	0.6666666666666666		0.4	0	0	0	0	14.198504350251477	21.20719822559248	0	7.186236566220097	0	0	0	0	0	0	0	0	1.7348203090881722	0	0	0	0	0	0	0	0	0	0	0	0	0	12	2	0	0	1	3	0	0	0	0	0	0	1	0	0	0	1	3	0	0	0	0	0	0	0	0	0	0	0	0	0	0	0	0	0	0	0	0	0	0	0	0	0	0	0	0	0	0	0	0	0	0	0	0	0	0	0	0	0	0	0	0	0	0	0	0	0	0	16.467455621301774	7.92	3.8194444444444446	0.1111111111111111	1175.05	1	405	15.484916895309068	11.415816237971965	9.753463686284567	8.526927349083078	7.344159651331576	6.122000117625557	3.961501577792622	3.134023029066282	12.371758150654596	7.462408570666758	5.341534608353293	3.9427468019022616	2.8087825358603125	1.9168586650131931	1.094142824777512	0.6947982746396797	2.6907336915498252	4.6505763052403255	6.721542948074929	1.1434338333678213	1.6138247328914999	1.8843809127936	0.9388321936425752	0	0.27497165237684323	0	0.4895540550840296	0	0.08989077715277193	0	0	0	0.09622504486493763	0.472852884514564	0.5087040005570903	0	0	0.037267799624996496	0.13043729868748774	0.13361193755799886	0	0	7	6	3	0	2	0	0	1616.097691608642	1923.0134497705076	2700.6438960849596	2649.5350212246076	2541.03749092578	24.7999015063824	27.661819331804463	37.354163499441825	36.1603651313458	35.49272899770668	0.3861933040064945	-0.22035761674864265	0.0315745157130891	0.06636512874310573	-0.2042135251009191	1	5																														22.338104999999995	47.18189499999999																		
draft_22951_00404																																																																																																																																																																																									11.89	15.995920673261129	-0.360727738486372	0.24791184518047	4.272505844110148	9.245268234500461	0.3	0.614	179.21610182979006	0	3	2.23		7	9	13	0	26	0	0	0.3052999999999998	0.09320808999999987	54.1375	0	1	1	1	1	0	0	0	1	0	0	0	0.27544097967396797	60	264	15	25.217141775387567	1.9397801365682743	7.772062237372821	4.89604552561174	2.876016711761083	4.700439718141093		49.33	1		0.5	0.25	1.8365990773291463	3.005487453925811	0	3.3019272488946267	7.395453793968154	0	2.1822472719434427	0	0	0.12499999999999997	0	0	0	0	0	0	0	0	0	0	0	0	0	0	2	0	0	0	0	4	1	0	0	1	2	0	0	0	0	0	0	1	0	0	0	0	0	0	0	0	0	1	1	0	0	0	0	0	0	0	0	0	0	0	0	0	0	0	0	0	0	0	0	0	0	0	0	0	0	0	0	0	0	0	0	0	0	0	0	0	0	0	0	0	0	0	0	11.076923076923077	5.024221453287197	3.7037037037037037	0.3	520.03	0.46153846153846156	155	9.844934982691242	6.0922241528750165	5.626784903993216	3.7084409155828855	2.7909188096747175	1.9137509097788792	1.174465320210073	0.4555242425599862	7.7422132319119505	4.153798686407081	3.0137438447128306	1.812857617698673	1.1512250114784914	0.6180926327398064	0.2966139091567634	0.10663688712687035	1.6335867049406068	2.1419691343051395	2.4828711748090337	0.6392759904051535	0.7158101384793591	0.6651934880172516	1.0992923521208586	0	0.11785113019775793	0	0.41716028402830285	0	0.048112522432468816	0	0	0	0	0.08333333333333333	0.13144585576580214	0	0	0	0.027777777777777776	0.028460107352488433	0	0	1	5	1	2	1	0	0	665.4763866239474	727.352717349579	913.9222719976964	804.757308728638	573.903340529175	14.908918372358373	13.99654782062602	19.048283328005645	16.328639797758584	13.328639797758584	0.22845527696251766	-0.10973220180477412	0.013112790036580365	-0.0094841031562722	0.0034999749879930774	2	3																														15.829690999999997	28.972309																		
draft_22951_00411																																																																																																																																																				0	0	0	0	0	0	0	0	0	0	0	0	0	0	0	0	0	0	0	0																		11.693754779501917	15.99901523254826	-0.41482367876957843	0.31130548683751413	4.90809595241326	8.96600208193181	0.3333333333333333	-0.404	167.20536593300207	0	3	2.12		7	8	12	1	25	0	0	-0.17250000000000043	0.029756250000000147	51.0126	0	1	1	1	1	0	0	0	1	0	0	0	0.31413337693452736	54	206	14	23.383774505385347	1.9486478754487788	7.735271009890323	5.030140029254897	2.7051309806354245	4.584962500721156		52.489999999999995	0.75		0.42857142857142855	0	1.0827448965556543	0.7211247851537042	0	4.329638385866451	7.944178807866091	0	1.6509636244473134	0	0	0.19999999999999996	0	0	0	0	0	0	0	0	0	0	0	0	0	0	1	0	1	0	0	4	1	0	0	0	2	0	0	0	0	0	0	1	0	0	0	0	0	0	0	0	0	2	0	0	0	0	0	0	0	0	0	0	0	0	0	0	0	0	0	0	0	0	0	0	0	0	0	0	0	0	0	0	0	0	0	0	0	0	0	0	0	0	0	0	0	0	0	10.083333333333334	4.888888888888889	3.114186851211073	0.3333333333333333	493.03	0.5	129	8.974691494688164	5.736382105218448	4.7978163098743245	3.5257115293866668	2.6888990727094044	1.856620697849194	0.8896950859811088	0.5235411818046629	6.988285318134594	3.8536497081950087	2.6684618585402156	1.6524573156723978	1.043266216860495	0.6092751294675072	0.24678355520364292	0.12083471593147313	1.3693847838257183	1.857135339842302	2.3766094288120274	0.4460963577370949	0.507358451483893	0.5142048365723558	0.6910440616569955	0	0.11785113019775793	0	0.2620477370324583	0	0.03042903097250923	0	0	0	0	0.08333333333333333	0.13144585576580214	0	0	0	0.027777777777777776	0.028460107352488433	0	0	0	5	1	1	1	0	0	591.3204922994386	642.4026639046633	788.031912555237	698.9955272178955	489.30454773510763	13.908918372358372	12.996547820626018	16.4945498417107	16.048011438777316	12.99282375202371	0.21218918194274763	-0.0828135915192105	-0.059000458817634834	0.08538945420130874	-0.07035701410940734	3	3																														14.871690999999997	27.212308999999998																		
draft_22951_00462																																																																																																																																																																																									11.889999999999999	15.995921179136104	-0.29432590387724167	0.27630494262706096	4.599977277118826	10.101133343517503	0.5555555555555556	1.058	182.22000989386385	0	2	2.0100000000000002		8	7	13	0	27	0	0	0.08889999999999887	0.0079032099999998	50.126300000000015	0	1	0	1	0	0	0	0	1	0	0	0	0.31959491127539513	62	230	19	25.097031455452388	1.9305408811886453	10.892120771056991	4.931633866895528	5.960486904161466	4.700439718141093		58.2	1		0.5	0.646330407009565	1.1905507889761497	5.728313254622871	0	0	2.2516000642010225	0	5.51527126211035	0	0	0.16666666666666669	0	0	0	0	0	0.4999999999999999	0	0	0	0	0	0	0	0	3	0	1	0	0	0	1	0	0	4	0	0	0	0	0	0	0	2	0	0	0	0	0	0	0	0	0	0	2	0	0	0	0	0	0	0	0	0	0	0	0	0	0	0	0	0	0	0	0	0	0	0	0	0	0	0	0	0	0	0	0	0	0	0	0	0	0	0	0	0	0	0	0	11.076923076923077	4.481481481481482	2.479338842975207	0.5555555555555556	573.04	0.46153846153846156	117	10.008071689507773	6.0577493102643665	5.543555271401908	3.974846822459761	3.666841636760518	2.160364339988688	1.2271928697445003	0.3852198927875931	8.100953631303899	4.3509536313038994	3.1541572131971813	2.146366763963813	1.581068361295472	0.8064152176003696	0.2821914296457403	0.102255572018771	2.150859198247276	4.079880722474141	4.835451970529839	0.9142590371024424	1.4272762462474946	1.4155459923092069	1.1354885061014397	0	0.24523408679850528	0	0.45232396518861767	0	0.09106269252778254	0	0	0	0	0.05555555555555555	0.18246983613200962	0	0	0	0.018042195912175808	0.0471867485826193	0	0	0	2	1	3	2	0	0	750.5174281584475	847.7906753784184	1140.0046891450204	1117.097656619141	817.5153249194339	15.268898673634853	14.32891168698691	20.795815182396623	21.159277574432487	21.432110812517834	0.3368734648000809	-0.20288439646355078	0.11304336678749748	-0.08253594604731769	0.060656964565635296	2	4																														18.540898	28.979102																		
draft_22951_00463																																																																																																																																																																																									11.993704254573286	16.001291178260562	-0.3576569165306237	0.2573835094383191	4.871962044988869	9.654421290511454	0.5333333333333333	-0.5820000000000001	305.3296421058956	0	4	2.34		8	13	24	0	41	0	0	-1.5035999999999983	2.2608129599999947	80.4884	0	3	1	3	1	0	0	1	2	0	0	0	0.2587357681330561	114	1138	33	44.745260918340804	2.033875496288218	20.549065723860842	10.689721755583351	9.859343968277496	5.584962500721157		78.95	1		0.5	0	0	0	0	10.35728752875102	13.089031378873987	0	3.0552105372221474	0	0	0.4749571257964983	0.48274469230281497	0	0	0	0	0	0.37796447300922725	0.33333333333333337	0	0	0	0	0	0	0	0	7	0	0	3	1	0	0	3	1	0	0	0	0	0	0	1	0	0	0	0	0	2	0	0	0	0	3	0	1	0	0	0	0	0	0	0	0	0	0	0	0	0	0	0	0	0	0	0	0	0	0	0	0	0	0	0	0	0	0	0	0	0	0	0	0	0	0	0	0	0	0	16.84375	7.7134986225895315	3.925619834710744	0.5333333333333333	1387.07	0.8636363636363636	445	15.526733258565956	10.66470379794645	9.363225612795837	8.300208068552754	6.540255048710599	4.475940898667457	2.882275620520396	1.9605869393305726	12.286568897919707	7.558817252398794	5.580629819481406	4.193909395317752	2.914088782647304	1.9225705595736893	0.9839743558639622	0.6058111669727871	3.5720715049670604	5.391788989066008	6.851926053999516	1.259080702028906	1.6609590143022068	1.8709617069384203	1.2566852033432208	0	0.46346759959158923	0	0.5418681746919395	0	0.09939960728274837	0	0	0	0.14433756729740646	0.25	0.35911675639654195	0	0	0.039283710065919304	0.12067289134094254	0.11315170983764841	0	0	4	3	0	5	2	1	0	1301.748678778341	1513.2225298422961	2054.1372415927895	1977.9495958269213	1708.542002000035	26.177817045993226	26.989915351106387	37.9823921194388	38.83974037111191	36.393201968178516	0.7200062365279084	-0.3810107273534687	0.003937947612629829	0.04545313364675643	-0.007046868374604522	1	7																														30.180932999999992	45.57706699999999																		
draft_22951_00478																																																																																																																																																																																									11.99624946329295	15.997944088729524	-0.41941191738296896	0.08471365109008973	4.420854626530726	9.258948766368123	0.4	0.045000000000000095	163.2166969022207	0	1	2.34		6	8	13	1	25	0	0	0.4254999999999997	0.18105024999999975	51.9571	0	2	1	1	1	0	0	0	2	0	0	0	0.19779311184021428	60	190	16	24.53519635125216	2.04459969593768	5.541274328887177	2.4757082394886525	3.0655660893985246	4.700439718141093		32.26	0.75		0.42857142857142855	0	0	0	0	7.977615571519352	10.273131983895015	0	1.6509636244473134	0	0	0	0	0	0	0	0	0	0	0	0	0	0	0	0	0	0	0	3	0	0	4	1	0	0	0	2	0	0	0	0	0	0	1	0	0	0	0	0	0	0	0	0	1	0	0	0	0	0	0	0	0	0	0	0	0	0	0	0	0	0	0	0	0	0	0	0	0	0	0	0	0	0	0	0	0	0	0	0	0	0	0	0	0	0	0	0	0	0	8.591715976331361	3.8062283737024223	1.859504132231405	0.4	544.02	0.8333333333333334	135	8.388905057061258	5.898178147766922	4.891942584981306	4.225635382634433	3.3413708256766865	2.7879434373694107	1.679304123491005	1.0595288195195074	6.955285285007731	4.3094099225088245	3.2332329250992644	2.386274614461701	1.6501085420405703	1.1972487799840412	0.6077904403795237	0.30837326395543463	1.3874957989763388	2.0565197514469813	2.7213732727099806	0.7287770078012434	0.9282503129398462	1.0819605135023052	0.5374574785652648	0	0.08333333333333333	0	0.348461712529338	0	0.041666666666666664	0	0	0	0	0.15137471507731048	0.2621886974951644	0	0	0	0.0638621696021294	0.1064658948865774	0	0	0	4	2	2	2	0	0	711.926979383179	813.8735535050051	1076.6670336791994	952.4977832683111	537.5781184650881	13.134449336817426	13.664455843493453	17.8306377766739	17.217917440560072	10.996547820626018	0.16123906780677275	-0.06610273690652967	-0.05878054341255886	0.06337757368298383	-0.022115759610793463	2	2																														14.871690999999997	28.170309																		
draft_22951_00484																																																																																																																																																																																									11.993451039193502	31.97207168121172	-0.2963635635131444	0.22577796244734583	4.614748968685705	11.005444459246505	0.7777777777777778	0.41900000000000015	215.3172154278458	0	4	1.9000000000000001		4	9	14	0	31	0	0	0.43279999999999974	0.1873158399999998	60.6213	0	1	0	1	0	0	0	0	1	0	0	0	0.4204840425136693	64	316	18	27.24221668721062	1.9458726205150445	13.59951549180971	2.416670763909764	8.665017642623603	4.807354922057604		90.45	1		0.5	0	1.2437472815549153	0.5984084805885755	0	3.925136389583283	6.0465213964324045	0	1.3103706971044482	0	0	0	0	0	0	0.16666666666666669	0.25	0	0.4999999999999999	0	0	0	0	0	0	0	1	0	5	0	0	0	1	0	0	2	0	0	0	0	1	0	0	1	0	0	0	0	0	1	0	0	0	0	1	0	0	0	0	0	0	0	0	0	0	0	0	0	1	0	0	0	0	0	0	0	0	0	0	0	0	0	0	0	0	0	0	0	0	0	0	0	0	0	0	0	0	0	0	12.071428571428571	5.777777777777778	3.5918367346938775	0.7777777777777778	779.05	0.42857142857142855	168	10.55204176387779	6.647065707741407	5.696741185593922	4.246892606133023	3.0801679528266277	2.2441035586652034	1.302149599173961	0.7952760237874085	9.270441201667401	5.377065932608555	3.909717406026177	2.8415112306736123	1.9670286444945566	1.2890861399705715	0.6156437175304067	0.3518967024800487	2.0174080011141804	2.346074410631916	3.0016207815242066	1.0320084920702484	1.2402795716400246	1.4495884333944897	0.9023689270621824	0	0.2845177968644246	0	0.46111298729266464	0	0.10248601056013436	0	0	0	0	0.08333333333333333	0.09622504486493763	0	0	0	0.06454972243679027	0.06454972243679027	0	0	1	0	0	4	2	1	0	942.2388458593447	1036.6765439199833	1307.3928934940957	1241.8674998588258	945.8585904859619	21.982162977820394	16.99896878076822	24.13717215024174	24.836813100187197	21.919617221856388	0.27547123191239936	-0.15773759527600528	0.07465389056804105	-0.12188393014788221	0.11276964855818537	2	4																														22.662518999999996	34.177481																		
draft_22951_00520																																																																																																																																																				3	0	0	0	2	0	0	0	3	0	0	0	0	0	0	0	0	0	2	0																		11.693672215719918	31.973073955966633	-0.399941193916223	0.40919695057067923	4.7661683111562505	12.123420356057439	0.4375	-0.8979999999999995	365.4058679232909	0	5	2.2299999999999995		7	14	27	1	44	0	0	-0.5525000000000007	0.30525625000000073	93.39829999999999	1	3	1	2	1	0	1	1	1	0	0	0	0.43346488979226416	138	1551	41	49.89527821395725	1.99581112855829	24.594088784625978	12.475661307184845	9.064365048200534	5.754887502163469		158.26	0.8571428571428571		0.46153846153846156	0.4999999999999999	0.8432740427115677	3.851163976791636	2	3.3019272488946267	8.820477441561385	0.47140452079103173	10.347087264302305	2.58335762871707	0	1.48692658817103	0	0	0	0.33333333333333337	0.16666666666666669	0	0.33333333333333337	0	0	0	0	0	0	0	2	0	0	0	0	4	4	0	0	3	2	0	1	0	1	0	0	1	0	0	0	0	0	1	0	0	0	2	3	0	0	0	0	0	0	0	0	0	0	0	0	0	0	1	0	0	0	0	0	0	0	0	0	0	0	0	0	0	0	0	0	0	0	0	0	0	0	0	0	0	0	0	0	19.753086419753085	7.197278911564626	3.5752539242843953	0.4375	1516.09	0.64	537	18.516143379015546	11.630734840239553	11.818736756659924	9.469478675579763	7.895927617072503	6.032355384859556	4.153699704619315	2.592967900783048	14.487282951989688	8.589154504603858	8.424493419768408	6.078896288803768	4.772345734676209	3.3776731684988306	2.050498348832767	1.069865326435899	5.958221147521846	9.783128861261197	13.76952841952913	3.780923399494807	5.78869640197142	7.326275064365553	2.9392560730539863	0.20412414523193154	0.8365496032857048	0.06804138174397717	2.4315759902184158	0.35355339059327373	0.4290016403289045	0.07905694150420949	0	0.1111111111111111	0.4004373630287239	0.8585861782941268	1.585012424456096	0	0.07453559924999299	0.2933041647237546	0.651569551370532	1.1306211162248245	0	0	3	5	1	3	3	1	0	1836.8947691300868	2245.839589085382	3199.5775790139783	3026.945619214365	2569.478249619973	36.08003911998418	32.99712189385146	53.99599564714718	52.874478153910246	54.98191065907431	0.7246457743906237	-0.32162788413576404	-0.1174030340927954	0.31071623849040114	-0.3219999059840061	4	8																														27.904933	51.03906699999998																		
draft_22951_00549																																																																																																																																																																																									11.889999999999999	15.994917395813921	-0.3452685995950612	0.1382256122921366	4.831871457611019	10.07813310488729	0.8888888888888888	0.050000000000000044	156.24566477456162	0	0	2.23		1	6	11	2	29	0	0	-0.5703000000000017	0.3252420900000019	44.2549	0	1	0	1	0	0	0	0	1	0	0	0	0.10932577744368417	56	138	17	20.996474419610223	1.9087704017827476	5.863256852061689	2.4911399921944803	3.3721168598672087	4.459431618637298		17.07	0.6666666666666666		0.4	1.9441612972396658	2.746356191876157	5.42161202165907	0	1	2.94168275343288	0	2.381101577952299	0	0	0	0	0	0	0	0	0	0	0	0	0	0	0	0	0	4	0	2	0	0	0	2	0	0	1	0	0	0	0	0	0	0	0	0	0	0	0	0	0	0	0	1	0	1	0	0	0	0	0	0	0	0	0	0	0	0	0	0	0	0	0	0	0	0	0	0	0	0	0	0	0	0	0	0	0	0	0	0	0	0	0	0	0	0	0	0	0	0	9.090909090909092	2.8027681660899653	1.6	0.8888888888888888	731.02	0.5454545454545454	85	8.646264369941973	4.949194289887494	5.152332105386985	4.162919395350432	2.2947171955529173	1.57014954901637	0.731125224324688	0.19245008972987526	8.184269172402757	5.156848394969562	5.648103748816982	4.439071342573424	2.4539376444284224	1.445902780955894	0.7653078551220985	0.2008329565128713	3.507703340141146	4.226476294577318	5.768981622115817	3.968842142161287	4.68072792633645	5.60645010057843	1.6452958324440077	0.20412414523193154	0.6346767354150745	0.11785113019775793	1.9713008200490048	0.2886751345948129	0.7349992463590759	0.16666666666666666	0	0	0	0.048112522432468816	0.2405626121623441	0	0	0	0.05892556509887897	0.2597585216117503	0	0	0	1	0	3	2	1	0	687.1236589062503	779.9329605585942	1102.8892709804693	960.4463782578135	391.4058722734377	12.134449336817426	11.996819709854345	18.162729753806463	18.328639797758584	8.885553574199179	0.23750573937649327	-0.09503414266281404	-0.04271641691062379	-0.04886863222310373	0.11316746628553688	0	1																														23.275725999999995	29.744274																		
draft_22951_00560																																																																																																																																																																																									11.994422692186344	31.97207180092256	-0.3315978160159619	0.2727791661444714	3.782498860191255	11.47655224302277	0.8	0.46299999999999997	244.31211721891083	0	5	1.9		4	11	17	0	32	0	0	0.6446999999999998	0.4156380899999998	59.96710000000001	1	2	0	1	0	0	0	2	0	0	0	0	0.4249693984034585	80	500	18	32.09177715919496	2.005736072449685	16.52514917322042	7.309940918972666	6.113231917822099	5.08746284125034		103.73000000000002	1		0.5	0	0	0	0	4.329638385866451	8.093966761168337	0	3.4629637678567966	0	0	0.5129927840030091	0	0	0	0	0	0.4999999999999999	0	0	0	0	0	0	0	0	0	0	5	0	0	0	3	0	0	2	0	0	0	0	0	0	0	2	0	0	0	0	0	0	0	0	0	1	2	0	0	0	0	0	0	0	0	0	0	0	0	0	0	1	0	0	0	0	0	0	0	0	0	0	0	0	0	0	0	0	0	0	0	0	0	0	0	0	0	0	0	0	0	12.456747404844291	5.55765595463138	3.25	0.8	849.06	0.5	263	11.54360559544051	7.66470379794645	7.016244327289318	5.105288193889329	4.313940786066798	3.049268766350864	1.9723392859441304	1.4163711234215597	9.756039761320888	6.619054180562122	5.53354678504816	4.57606850496545	3.8083460389473127	2.4701682792667925	1.6198829071506549	1.0582205322152731	1.9634068531033377	3.116092492065293	3.5406225432194756	1.5042106537753706	2.487719769722259	2.517490020515994	1.1663395218799637	0	0.13608276348795434	0	0.6183320684022817	0	0.11735402420532191	0	0	0	0.19245008972987526	0.42394612739640186	0.5605780997914734	0	0	0.20833333333333331	0.35504718606609276	0.447601386901468	0	0	1	0	0	1	7	0	0	1050.8765154578946	1216.7309447056941	1657.7408804696981	1252.3164988596689	889.6734977257121	25.171120747625807	22.00057407322544	31.579639831596516	25.72360945466887	19.000302183997114	0.4477843196639179	-0.28317512500052827	0.10215259797699067	0.0047568263264308065	-0.06796011463303257	3	5																														23.007311999999995	35.774688000000005																		
draft_22951_00585																																																																																																																																																																																									11.993478997844706	15.996923744015632	-0.35172025922130956	0.27653689311138463	4.284207008926483	9.030631269285507	0.75	-2.217	188.22456043229684	0	6	1.7899999999999998		3	8	12	1	29	0	0	-0.09570000000000001	0.009158490000000002	47.19930000000001	1	0	0	0	0	0	0	0	0	0	0	0	0.4912923651122511	54	266	14	24.161580756960447	1.8585831351508035	12.60235202367973	7.259254184092723	5.3430978395870055	4.584962500721156		92.42	0.75		0.42857142857142855	0.4999999999999999	1.1547005383792517	2.874432895704674	0	0.25	3.833117871737467	0	2.6207413942088964	0	0	0.814325284978472	0	0	0	0.33333333333333337	0	0	0	0	0	0	0	0	0	0	2	0	2	0	0	0	2	0	0	2	0	0	0	0	1	0	0	1	0	0	0	0	0	0	0	0	0	1	2	0	0	0	0	0	0	0	0	0	0	0	0	0	0	0	0	0	0	0	0	0	0	0	0	0	0	0	0	0	0	0	0	0	0	0	0	0	0	0	0	0	0	0	0	13	6.453333333333333	6.122448979591836	0.75	628.05	0	129	10.430721420318147	5.968432912787325	5.382767968136923	3.1190047748031957	1.9295472310099804	1.5797393620590867	0.589024324691682	0.13608276348795434	7.909974546369657	4.192204157767583	3.292010684002351	1.5258163949018906	0.9461397140313582	0.5251972015888495	0.180706404507522	0.048112522432468816	1.6882320055112359	1.7528300502139877	2.6915728611991274	0.5799225217208744	0.6430426880760566	0.637203551375429	1.196923425058676	0	0.16666666666666666	0	0.6351837743980051	0	0.018633899812498248	0	0	0	0	0	0	0	0	0	0	0	0	0	2	0	0	3	2	1	0	572.0272106970217	597.4191682221683	699.5326601340333	638.7990246918948	577.5756292578128	16.0433677091758	13.494821730939032	17.988934296727038	17.182822957054466	16.49109766233672	0.43144329682219773	-0.17732473804106688	-0.10184810300772387	0.17259246169175974	-0.15066293656548296	3	5																														19.407311999999997	29.354688000000003																		
draft_22951_00590																																																																																																																																																																																									11.889999999999999	15.996922188100529	-0.3304630115034158	0.2765127587212214	4.277490276250232	9.208756851645017	0.75	0.842	173.20991647143504	0	5	1.9		3	7	11	0	27	0	0	0.7199999999999996	0.5183999999999995	43.61260000000001	1	0	0	0	0	0	0	0	0	0	0	0	0.38358179019824307	50	204	14	22.160526282925563	1.8467105235771302	10.068694257014116	7.178086102302459	2.8906081547116576	4.459431618637298		66.4	1		0.5	0.6694329500821695	1.392476650083834	4.475021253576799	0	0	1.8072040072196898	0	3.3019272488946267	0	0	0.814325284978472	0	0	0	0	0	0	0	0	0	0	0	0	0	0	3	0	1	0	0	0	2	0	0	2	0	0	0	0	0	0	0	1	0	0	0	0	0	0	0	0	0	1	2	0	0	0	0	0	0	0	0	0	0	0	0	0	0	0	0	0	0	0	0	0	0	0	0	0	0	0	0	0	0	0	0	0	0	0	0	0	0	0	0	0	0	0	0	12	5.612244897959184	4.591836734693878	0.75	544.04	0	99	9.723614639131599	5.485269665192933	4.922952831546642	2.974727079157113	2.0086195258708974	1.3773372424984474	0.19245008972987526	0	7.625517495993483	3.9852440315768383	2.9019645284214852	1.8378036624961895	0.9020785240949395	0.44702049701457613	0.08298182631511337	0	1.7853470565316834	2.41715446346263	3.1738396668058497	0.8423254862930204	0.8701235482673334	0.8072167886087597	1.1133666476806665	0	0.23230780835289197	0	0.4738022940142879	0	0.07414008058513358	0	0	0	0	0	0	0	0	0	0	0	0	0	2	0	0	3	2	1	0	531.3991594392093	559.1836948159182	671.1705574807132	634.1559297778323	511.80672874121126	14.68338740789932	12.328639797758585	16.82275236354659	16.435562991891814	16.82291775024096	0.38047321058474154	-0.17328383164743674	-0.032879264208300785	0.0983504151683674	-0.15728269182716198	2	4																														18.974104999999998	27.587895																		
draft_22951_00604																																																																																																																																																																																									11.889999999999997	15.996929751956738	-0.3862923025433756	0.2282316457309726	4.646756012094942	10.886892735291378	0.4375	1.1900000000000002	290.35809212955553	0	5	2.67		12	11	22	1	43	0	0	0.5420000000000008	0.29376400000000086	85.78890000000001	0	2	2	1	1	0	0	0	2	0	0	0	0.2811867398051397	106	896	34	41.744965789124336	1.9878555137678255	13.651531759105895	7.679282263521789	5.972249495584104	5.459431618637297		81.59	1		0.5	0.814325284978472	2.751694705513415	5.30885626497498	0	3.0490444155093184	14.01844796177489	0	10.03449688481126	0	0	0.5047172597219922	0	0	0	0	0	0.16666666666666669	0	0	0	0	0	0	0	0	3	0	1	0	0	4	3	0	0	0	2	2	0	0	0	0	0	1	1	0	0	0	0	0	0	0	0	2	1	0	0	0	0	0	0	0	0	0	0	0	0	0	0	0	0	0	0	0	0	0	0	0	0	0	0	0	0	0	0	0	0	0	0	0	0	0	0	0	0	0	0	0	0	17.355371900826448	7.513007284079085	4.05	0.4375	1516.05	0.47619047619047616	330	15.568549621822843	9.934759407976111	9.121416042811857	7.170911543341082	5.878666363639376	4.905931355549214	3.035145423369192	2.0614012642318866	12.55123414697771	7.226711384922426	5.566120661524195	3.5938268786113636	2.594021929924679	1.7825167594158902	0.8759858025099235	0.512615708187163	3.538197355575088	5.642515676048984	8.601064821029112	1.3828241926758515	1.9678263508690905	2.435808309145452	1.699990732314597	0	0.38212862097282496	0	0.8225392685602696	0	0.10610477571794105	0	0	0	0	0.12359693729953272	0.3128067925181891	0	0	0	0.041666666666666664	0.07312838384048069	0	0	1	6	2	3	4	0	0	1421.72621303706	1656.0940066362834	2305.966549342533	2456.2783413067623	2183.7614883683627	24.043367709175797	23.661003664119477	34.37719501499255	38.2624766999634	36.985647504047414	0.37203776309878633	-0.160723189743996	-0.06351594561513434	0.12036711827956645	-0.08483320685596714	4	5																														26.328553999999997	47.43544599999999																		
draft_22951_00605																																																																																																																																																																																									11.996146153523423	16.006407180221814	-0.3981748670563596	0.19861201941686954	4.355399171667879	10.767682595587159	0.8571428571428571	-5.9879999999999995	581.5749248118382	3	9	1.6800000000000002		4	16	42	7	79	0	0	-6.290999999999999	39.57668099999998	128.3961	0	3	0	3	0	0	0	1	2	0	0	0	0.578788697429869	210	4989	76	79.20338904200611	1.9800847260501526	51.078324874723	32.74814056026691	18.330184314456137	6.392317422778761		336.42999999999995	0.875		0.4666666666666667	0.12499999999999997	0.7098962112020107	5.425344945389958	0.5773502691896258	0.14285714285714285	5.8058405946432305	0.8164965809277259	27.6832088899037	3.9292056350672055	0	3.7518889637340163	6.109855896998735	1.9309787692112594	1.1905507889761495	2.2920890748776968	0	0.40852897032162194	0	0	0	0	0	0	0	0	2	0	1	0	1	0	14	0	0	2	0	0	1	0	4	0	0	1	0	0	0	2	0	0	0	0	0	7	1	4	0	0	0	0	0	0	0	0	0	0	0	0	0	0	0	0	0	0	0	0	0	0	0	0	0	0	0	0	0	0	0	0	0	0	0	0	0	0	0	0	0	0	0	34.48979591836735	14.18896447467876	7.05879244285903	0.8571428571428571	5001.19	0.475	962	30.101565337712938	18.70786942839955	17.616557683850825	15.114426306066735	11.994325157642159	9.455199804880424	6.589041520153062	4.870266712442769	21.742925707608375	12.37742703413521	9.891268208425222	7.336520443015405	5.079629558855027	3.3693640404484944	2.038702126094166	1.2259547132302444	9.58280027478103	15.236249705278873	22.636222900220847	3.475841600691913	4.579726796335671	5.436719182027215	3.837819446286896	0.11785113019775793	1.4388161384830416	0.13144585576580214	1.6393882501061718	0.04303314829119352	0.38670994071451664	0.027711219547327408	0	0	0.06804138174397717	0.36281828898504925	0.9390720853759702	0	0	0.039283710065919304	0.17483357190636514	0.31332133786521726	0	0	1	0	0	4	12	1	0	2530.3832099086667	3037.8904644747267	4491.06459071105	5055.317432108703	4838.51247188506	51.81349053542671	48.975290965925474	76.67239486040265	98.08104231607902	96.44580283480008	1.859009072117279	-0.6520872796670365	-0.5528498250463109	0.3452875788336468	-0.3936270044254338	12	19																														51.917072999999995	80.28892699999999																		
draft_22951_00627																																																																																																																																																																																									11.994297725063255	15.994921199313568	-0.32547141065498325	0.22148936185549278	5.749785411065857	11.390800776197684	0.65	1.238	327.4645143453851	0	3	3.22		9	12	27	2	53	0	0	1.7390000000000012	3.024121000000004	101.99380000000002	0	4	1	2	1	0	0	1	3	0	0	0	0.08186875589500843	132	1266	40	49.774964128869954	2.0739568387029146	12.849334479758449	2.5950023296912548	10.2543321500672	5.754887502163469		26.79	0.8333333333333334		0.45454545454545453	0.14285714285714285	4.110044757821051	3.075682912367615	0	15.336476074562212	19.53928657949399	0	6.945629181536277	0	0	0	0	0	0	0	0	0	0	0.6850067105944414	0	0	0	0	0	0	2	0	9	0	0	3	2	0	0	1	3	0	0	0	0	0	0	0	0	0	0	0	0	3	0	0	0	0	1	0	0	0	0	0	0	0	0	0	0	0	0	0	0	0	0	0	0	0	0	0	0	0	0	0	0	0	0	0	0	0	0	0	0	0	0	0	0	0	0	0	0	0	0	17.415637860082306	7.3188691650230115	3.48559670781893	0.65	2584.04	0.875	455	16.681433796945207	11.631030293135234	10.786239190830731	9.060201815431043	8.10422407114341	7.086744515476296	4.951726972525859	3.9153322354232922	15.000601453590798	9.46798136722493	7.887578089166303	6.029348388006002	4.790489362577779	3.7655912269953387	2.25572680773547	1.5483003148916772	3.7440790108817383	6.724695476938359	10.566353195117346	2.130621239855386	3.3395000093262133	4.610424858919468	1.6726188398800017	0	0.33595592912380823	0	1.0486302336054727	0	0.15642517810231482	0	0	0	0.06415002990995841	0.45662555779156294	0.8423475243848292	0	0	0.037267799624996496	0.2701895061630816	0.4213990682125931	0	0	1	4	2	6	5	1	0	1874.2950720796914	2263.8032807772747	3336.197749668102	3382.2230522386863	3027.3502762205317	25.854409939370388	28.827729375756583	41.54737290600363	42.740899384871334	41.51580569633497	0.3840272193216864	-0.22812057301088498	-0.04250404814811032	0.14619695760711823	-0.010412805795068356	0	4																														38.60100299999999	58.638996999999975																		
draft_22951_00629																																																																																																																																																																																									11.993451225582385	14.00910103940345	-0.3488517170872333	0.030069507510483998	5.426343612291124	8.989008162281474	0.3333333333333333	1.4419999999999997	135.2065560778633	0	2	2.3400000000000003		6	7	10	1	23	0	0	1.2787999999999988	1.635329439999997	47.86279999999999	0	1	1	1	1	0	0	0	1	0	0	0	0.08904198846184705	44	121	11	19.52724104193718	1.952724104193718	2.7024178733116586	0	2.7024178733116586	4.321928094887363		12.03	1		0.5	0.33333333333333337	2.3781849487482356	2.1491398636470835	0	6.083643418932058	4.74510280626355	0	1	0	0	0	0	0	0	0	0	0	0	0	0	0	0	0	0	0	2	0	0	0	0	5	1	0	0	0	1	0	0	0	0	0	0	1	0	0	0	0	0	0	0	0	0	0	0	0	0	0	0	0	0	0	0	0	0	0	0	0	0	0	0	0	0	0	0	0	0	0	0	0	0	0	0	0	0	0	0	0	0	0	0	0	0	0	0	0	0	0	0	8.1	4	2.2857142857142856	0.3333333333333333	439.01	0.6	90	7.397341225498538	4.842535255101096	3.7836222710118665	3.0985183192448034	2.0365357192413676	1.4171102898201597	0.5690355937288492	0.3190355937288492	6.464101615137755	3.565384140902211	2.4210465736048046	1.7325851933040672	0.9083807200603271	0.519491831171438	0.18881763745753022	0.08763057051053477	1.0892556509887896	1.3392556509887898	1.373773447853214	0.5664529123725907	0.5738959454956775	0.4813033529030849	0.4023689270621825	0	0.11785113019775793	0	0.2405626121623441	0	0.048112522432468816	0	0	0	0	0.10206207261596577	0.05892556509887897	0	0	0	0.032075014954979206	0.018518518518518517	0	0	0	5	1	1	1	0	0	530.9133804106448	566.6764892592774	675.3387844501956	571.663849385254	324.6204383525392	10.359980301276481	10.332363866360893	12.332363866360891	11.332363866360893	7.33236386636089	0.066863278037130075	-0.041636876660928676	0.005880198577167185	0.0029108610428650503	-5.272493964953362e-4	1	1																														14.871690999999998	25.608309																		
draft_22951_00660																																																																																																																																																																																									11.890000000000002	15.994918151321952	-0.360433063455381	0.10053779105946402	5.037136196700754	9.904674622306036	0.5	2.2460000000000004	191.2699317110998	0	0	2.56		8	8	15	0	31	0	0	1.4007999999999985	1.9622406399999959	61.641099999999994	0	2	1	1	1	0	0	0	2	0	0	0	0.1687847475625519	76	274	21	27.972288023894144	1.998020573135296	5.569733568456202	2.5364196887992447	3.0333138796569585	4.906890595608519		32.26	0.75		0.42857142857142855	0.944940787421155	3.329746284109249	3.7591358203722534	2.080083823051904	2.249576847278282	8.443373480795469	1.519671371303185	3.3019272488946267	1.437216447852337	0	0	0	0	0	0	0	0	0	0	0	0	0	0	0	0	3	0	1	0	0	3	1	0	0	0	3	0	1	0	0	0	0	1	0	0	0	0	0	0	0	0	0	1	0	0	0	0	0	0	0	0	0	0	0	0	0	0	0	0	0	0	0	0	0	0	0	0	0	0	0	0	0	0	0	0	0	0	0	0	0	0	0	0	0	0	0	0	0	10.515555555555556	3.5387523629489603	2.1728395061728394	0.5	842.02	0.7142857142857143	152	10.344934982691242	6.477963729015645	6.891904248044103	4.730527541466747	4.254049497215575	3.352468335758922	2.0539705096241376	1.3447888221232722	8.963721453445011	5.08946775430414	4.885608584906583	2.8556211998337093	2.3626931580223682	1.4404844716037717	0.8281057659225384	0.4008899336191693	2.6955758887128587	4.768312312755369	6.846131004748466	1.5470903551287454	2.5583204052842947	3.0123971149677873	2.0342336063314974	0.25	0.1642664266089148	0	1.3912686426505088	0.17677669529663687	0.08298182631511337	0	0	0	0	0.11615390417644599	0.3678165632837489	0	0	0	0.049571779370225846	0.14268464358121827	0	0	0	5	1	3	1	2	0	957.6254692877199	1123.671678897705	1628.55613253473	1480.3766492705086	1040.859228747559	15.134449336817426	15.664455843493453	24.495093620167356	22.162729753806463	17.99654782062602	0.10170110499187884	-0.03518124018850433	-0.011339976838845505	-0.0015034963542120137	-0.031955722727880595	2	2																														19.244518999999997	34.357481																		
draft_22951_00673																																																																																																																																																																																									11.996146206750348	16.000012611262903	-0.3497361865713231	0.2962302545276844	4.365104517232716	10.903929551598296	0.5714285714285714	-0.9099999999999999	405.4887514601024	1	13	2.89		6	14	30	2	60	0	0	1.313500000000002	1.7252822500000056	111.73100000000001	2	2	1	2	1	0	0	1	1	0	0	0	0.32811290035327356	138	2362	40	57.57580362787621	1.9853725388922832	21.213123645665064	12.269175842258585	8.943947803406468	5.906890595608519		132.96	0.8571428571428571		0.46153846153846156	0	0	0	0	18.134242624711348	21.278553230206153	0	6.130850101614126	0	0	1.8309342388435295	0	0	0	0.16666666666666669	0.14285714285714285	0	0.33333333333333337	0	0	0	0	0	0	0	0	0	9	0	0	5	3	0	0	3	1	0	0	0	1	0	0	1	0	0	0	0	0	1	0	0	0	2	3	0	0	0	0	0	0	0	0	0	0	0	0	0	0	0	0	0	0	0	0	0	0	0	0	0	0	0	0	0	0	0	0	0	0	0	0	0	0	0	0	0	0	0	0	25.26222222222222	13.420118343195266	8.215277777777779	0.5714285714285714	2909.08	0.5862068965517241	612	21.225403871315223	13.934759407976115	11.93879310982592	9.29730612466222	7.137248206951372	5.228472817287506	3.425758056870968	2.139781589420581	16.626499111277024	10.198225312655481	7.446702743375968	5.3309346386768555	3.734919277485353	2.3191076581631354	1.3914402294010646	0.8405502875045037	3.905157099693073	5.37870556678522	7.098058495901809	1.4295513423793744	1.9483304811154836	2.0807998561131034	1.6687397619377156	0	0.5330974507069528	0	0.6626633442731638	0	0.10772590165565504	0	0	0	0.11785113019775793	0.23814483610392012	0.3548603490124734	0	0	0.09128709291752768	0.12336210787250688	0.12953476179363377	0	0	3	5	1	2	10	0	0	1765.5265562417035	1997.0854072205755	2596.120126537952	2624.530084052685	2637.529074331102	33.95228608153417	32.6575514847455	44.25849695243534	46.116659859259286	47.14465318925157	0.7080621015561073	-0.3456843805637173	-0.1418451553415863	0.41287953578988507	-0.27301675589415203	4	8																														38.743416999999994	64.94058299999996																		
draft_22951_00693																																																																																																																																																																																									11.996157117002507	15.999297197232302	-0.41091927835759146	0.16315076145254737	5.226409588809476	13.223507538733578	0.5263157894736842	-0.34000000000000014	327.3750607866271	0	2	3		8	11	28	1	45	0	0	0.11089999999999632	0.012298809999999183	91.98039999999999	0	5	1	1	1	0	0	1	4	0	0	0	0.21397105130479055	148	1047	58	50.52723061747244	2.1053012757280185	14.531236925072466	11.02877880568477	3.5024581193876756	5.807354922057604		70.00000000000001	1		0.5	0	2.1084745511721827	1.0283059614340004	0.36514837167011066	10.053585097642722	19.375453401443252	6.724576475773662	8.780973944665202	6.88320234726196	1	0.5313292845913056	0.9085602964160698	0	0	0	0	0	0	0	0	0	0	0	0	0	0	1	6	0	1	2	2	0	0	1	4	0	2	0	0	0	0	0	0	0	0	0	0	1	0	0	0	2	1	1	0	0	0	0	0	0	0	0	0	0	0	0	0	0	0	0	0	0	0	0	0	0	0	0	0	0	0	0	0	0	0	0	0	0	0	0	0	0	0	0	0	0	0	16.193877551020407	5.260869565217392	1.8069333333333333	0.5263157894736842	1849.05	0.75	393	16.689869965382485	11.52584078537822	11.249965171130595	10.876989280486162	10.085400824949417	9.506995702232249	7.8332595876376825	6.289537282806001	13.494636181681564	8.647486008212256	7.561281111830411	6.732356816716933	5.7973277375353165	4.864065113703541	3.5522595716307785	2.599013755323173	6.9464180865404455	13.549271967581225	24.619403919885595	3.7788434372415742	6.8411345841504945	10.882410820938512	2.305357012077736	0.16098763771484473	1.2212686088130609	0.3024624258760723	1.344425373587506	0.09667458276674673	0.5757802862474152	0.13570259067236626	0	0	0.06804138174397717	0.37289392326309284	1.2313293213254226	0	0	0.029462782549439483	0.19446700296228384	0.5483065267844854	0	0	1	6	2	2	6	1	1	2134.3754255461477	2769.369174935557	4643.043722901142	5461.56939231449	4689.798834677809	27.457856443440264	30.159005685204153	50.31773948117998	65.41641508072618	62.0847603795163	0.514353617066672	-0.15770713011608667	-0.18255757739299064	0.19969483392601386	-0.15746957573790837	2	5																														27.811346999999998	51.75065299999998																		
draft_22951_00694																																																																																																																																																																																									11.996157121235093	15.99871139583801	-0.40950648109088855	0.12448077401275819	5.466667896586499	13.10975731209652	0.47368421052631576	0.4590000000000001	311.3756558590577	0	2	3.11		8	11	27	1	44	0	0	0.7195000000000008	0.5176802500000012	92.4684	0	5	1	1	1	0	0	1	4	0	0	0	0.17010970700890599	140	960	52	48.784319230857804	2.121057357863383	11.917925712423468	8.401365293966283	3.5165604184571815	5.754887502163469		52.93000000000001	1		0.5	0	2.1084745511721827	1.221419954387772	0.16666666666666669	10.053585097642722	22.752379108647872	3.287396539142264	11.722659678613239	4.93099806741505	0	0.16666666666666669	0.6666666666666667	0	0	0	0	0	0	0	0	0	0	0	0	0	0	1	4	0	3	2	4	0	0	0	4	0	1	0	0	0	0	0	0	0	0	0	0	1	0	0	0	2	0	1	0	0	0	0	0	0	0	0	0	0	0	0	0	0	0	0	0	0	0	0	0	0	0	0	0	0	0	0	0	0	0	0	0	0	0	0	0	0	0	0	0	0	0	15.270233196159122	5.247160627366144	1.8483511867254778	0.47368421052631576	1798.04	0.782608695652174	382	15.767220234572113	11.163869018582144	10.607033631906068	10.144968728955492	9.574903851240421	8.982965682777062	7.560082959339387	6.237373546589004	12.98157540560311	8.398838705862813	7.233113941824566	6.350716794880453	5.5243959829199	4.640790626863704	3.394311938951134	2.5027847098177607	5.5243491698689215	10.85763463224265	18.985862022708545	3.2044940273565827	5.805976800474139	8.978845883816643	1.8586091218189384	0.06804138174397717	0.7647684598216369	0.07823601613688128	1.17029286352759	0.05892556509887897	0.39657374439746906	0.04826213519656829	0	0	0.06804138174397717	0.39631167318255855	1.1639538915191123	0	0	0.029462782549439483	0.20395573721750992	0.5237026442392675	0	0	1	7	2	2	5	1	1	2073.0835199279372	2666.0966646569022	4365.18843977828	4991.944674021341	4284.568522368456	25.683387407899318	28.82691370807159	46.321463549782294	57.20249359799674	53.64983145831253	0.3942314991968471	-0.15432772224575347	-0.1597261632439426	0.21144934864909648	-0.07329409226252537	2	4																														26.853346999999996	50.94865299999998																		
draft_22951_00740																																																																																																																																																																																									11.85	14.00710950815557	-0.263439983252837	0.15626381286636057	6.226846660257647	9.748062313037234	0	2.2650000000000006	249.27116688229557	0	3	2.45		19	12	21	0	30	0	0	0.5483999999999997	0.30074255999999966	79.326	0	3	3	2	2	0	0	0	3	0	0	0	0.246766934215988	96	782	26	39.446990138090555	2.0761573756889766	15.387814655996547	0	15.387814655996547	5.392317422778761		61.47	0.8333333333333334		0.45454545454545453	0	0	0	0	10.385589234385293	11.642940520590763	0	2.406851949670727	0	0	0	0	0	0	0	0	3.231059443907001	0	0	0	0	0	0	0	0	0	0	0	0	1	9	0	0	0	0	2	2	0	0	0	0	0	1	0	0	0	1	3	0	0	0	0	0	0	0	0	0	0	0	0	0	0	0	0	0	0	0	0	0	0	0	0	0	0	0	0	0	0	0	0	0	0	0	0	0	0	0	0	0	0	0	0	0	0	0	0	0	0	13.959183673469388	7.135802469135802	3.7616326530612243	0	682.05	1	366	12.91600279455672	9.432652990377571	7.834314135988457	6.635232334793253	5.57460891603099	4.505675960631077	2.6154883384685093	1.8647214918347759	10.062357073896093	5.828726628724147	3.936787632003106	2.6389529290383216	1.7307811096206338	1.0876485158099403	0.47153431845201077	0.255412550623975	1.8136947971333304	3.0412414523193165	3.973897954827605	0.6203663272744327	0.7812186990805382	0.7791739700927575	0.6735402420532192	0	0.13608276348795434	0	0.3076288612844689	0	0.040193691825431976	0	0	0	0	0.25343678769327627	0.3235444384774575	0	0	0	0.06705673425751607	0.06815432416164666	0	0	5	6	3	0	0	0	0	1111.1712363013935	1267.1289853103547	1651.2470893778266	1552.5330889926345	1145.053246953772	20.799901506382405	22.71705220163564	29.021799633080942	28.714143800718315	22.880325733898758	0.2137261884068631	-0.06985167087574053	-0.06983619420906093	0.016303078627380223	0.05300248010325282	1	5																														15.325276999999996	37.474723000000004																		
draft_22951_00754																																																																																																																																																																																									11.996146171243952	16.00542502093036	-0.4116203273808598	0.190480321039836	4.43770156573982	9.821016271198749	1	-4.993999999999997	539.5779949778484	3	6	2.01		0	18	40	5	78	0	0	-7.022599999999997	49.316910759999956	120.9143	0	4	0	3	0	0	0	0	4	0	0	0	0.5259602888782526	200	4450	72	74.5711966083231	2.0154377461708948	43.87940664216061	30.904240376113435	12.975166266047113	6.321928094887363		283.64	0.8888888888888888		0.47058823529411764	0	0.38315471619677655	2.881963798376022	0	0.3425033552972207	10.238619030433654	0	28.967957467239955	0	0	1.7613649271730505	4.963081952485619	2.497669766526919	0.6651897798751938	0.4635581125814771	0	0	0	0	0	0	0	0	0	0	1	0	3	0	0	0	17	0	0	0	0	0	0	0	4	0	0	1	0	0	0	0	0	0	0	0	0	6	0	5	0	0	0	0	0	0	0	0	0	0	0	0	0	0	0	0	0	0	0	0	0	0	0	0	0	0	0	0	0	0	0	0	0	0	0	0	0	0	0	0	0	0	0	29.97	12.25	5.8979591836734695	1	5229.16	0.6486486486486487	1021	27.178915606902567	17.475671965834874	16.34492670314568	15.025631356164553	11.741777960689324	9.119487184333142	6.950215504896466	4.631939624538747	20.470199021860846	12.460828072288601	10.282033946159839	7.74403484576441	5.455709085587327	3.819258306596282	2.354638017080571	1.3458576328121277	8.677450596775829	13.227081354798424	19.422530977058017	3.263308302275106	4.262207511601675	5.2933606689874235	3.1033889433629946	0	1.2477273854973285	0	1.562167526012066	0	0.31357971077872937	0	0	0	0	0.1916383190435099	0.7536104646284394	0	0	0	0.12981421620552305	0.3071583644985949	0	0	0	0	0	4	16	0	0	2365.4336942745394	2837.4831136953203	4149.361315546814	4608.583430728215	4032.8669293300195	47.319060897332804	46.31056323320369	72.28752586674135	93.1407535288173	82.29141096781206	1.6263289221572053	-0.5850182231200707	-0.47279456829514865	0.2554033371349555	-0.22149815680072657	11	16																														52.42148699999999	78.62051299999999																		
draft_22951_00755																																																																																																																																																																																									11.996163358728774	15.999296320328531	-0.41091734365818383	0.1631509341124569	5.094332793504215	13.173663206055123	0.6111111111111112	-0.6339999999999999	315.3643248898391	0	1	2.8899999999999997		8	10	27	1	44	0	0	-0.4414000000000044	0.1948339600000039	87.8557	0	5	1	1	1	0	0	1	4	0	0	0	0.18721418602007533	144	907	57	48.51021111635214	2.109139613754441	14.598179782679184	11.273585469900425	3.3245943127787423	5.754887502163469		59	0.8		0.4444444444444444	0.1111111111111111	3.0809529252077756	3.132235354762033	0.9182995386645731	6.198694710190766	17.236602573724447	5.839315828476611	8.780973944665202	6.88320234726196	1	0.19999999999999996	0.8773826753016615	0.33333333333333337	0	0	0	0	0	0	0	0	0	0	0	0	2	0	5	0	0	2	2	0	0	1	4	0	2	0	0	0	0	0	0	0	0	0	0	1	0	0	0	1	1	2	0	0	0	0	0	0	0	0	0	0	0	0	0	0	0	0	0	0	0	0	0	0	0	0	0	0	0	0	0	0	0	0	0	0	0	0	0	0	0	0	0	0	0	15.270233196159122	4.791111111111111	1.6070124178232286	0.6111111111111112	1798.05	0.782608695652174	341	15.982763184195939	11.02584078537822	10.869538326999649	10.734348939210072	9.91643526328895	9.187063609757832	7.661969342006205	6.174368918688489	13.464107045082748	8.350740894713466	7.441411967876594	6.730100121676014	5.685340557931262	4.767961365424164	3.4997375115426617	2.5176698731163953	6.9845537794921695	13.690820692934693	24.464031385308058	3.8819891680275282	6.922863634288051	11.002633199922801	2.3053570120777365	0.16098763771484473	1.2174927139265546	0.30246242587607225	1.3922759572110694	0.09667458276674673	0.5935384359161907	0.13570259067236623	0	0	0.06804138174397717	0.3728939232630928	1.2157554276648717	0	0	0.029462782549439483	0.19446700296228384	0.556373824430621	0	0	0	5	2	1	6	1	1	2025.8364754513323	2644.097237800401	4473.147889464309	5223.908071870424	4383.383850043852	26.457856443440264	29.491097662336717	49.15155754799953	64.25023314754574	60.41685235664887	0.6066706959905274	-0.22819255506578692	-0.17268457563551015	0.2583768109687982	-0.2616262817786038	1	5																														29.727346999999995	49.990652999999995																		
draft_22951_00756																																																																																																																																																																																									11.996186382953384	15.997945416766019	-0.40092445755235645	0.15582236853246684	6.696544587136567	11.092889165328877	0.26666666666666666	0.35000000000000003	223.27037638616062	0	0	2.8899999999999997		6	8	20	0	30	0	0	1.3693999999999997	1.8752563599999992	72.6821	0	5	2	1	2	0	0	1	3	1	0	0	0.1460781791031299	102	428	33	36.059087917440806	2.1211228186729887	5.733075480903695	2.626952239853966	3.1061232410497257	5.321928094887363		32.59	0.75		0.42857142857142855	0	0	0	0	10.813414200815034	17.024747588080604	3.3261073291459966	5.234105828628907	3.2987697769322355	0	0	0	0	0	0	0	0	0	0	0	0	0	0	0	0	0	0	2	0	0	7	1	0	0	0	4	0	1	0	0	0	0	0	0	0	0	0	1	0	0	0	0	1	0	0	0	0	0	0	0	0	0	0	0	0	0	0	0	0	0	0	0	0	0	0	0	0	0	0	0	0	0	0	0	0	0	0	0	0	0	0	0	0	0	0	0	0	0	10.88	3.7460978147762747	1.4196468990493436	0.26666666666666666	817.02	0.9411764705882353	220	11.457819157813606	8.288641693029941	7.911559189174047	7.335614585687986	6.841561493779396	5.90801616309982	4.18074855946343	3.198712549571278	9.42744290689002	6.0503830524073114	5.06382884086965	4.137334564242171	3.453686376875787	2.6123022134954295	1.661592000632629	1.0856630039806956	3.844019309429096	7.409322159140321	11.784703306004626	1.8055544135958934	3.0658330844044435	4.166336266230241	1.397884444545091	0.11785113019775793	0.5740539442948835	0.09622504486493763	0.7602073864271357	0.03952847075210474	0.20296132801056999	0.020249721379522804	0	0	0.06804138174397717	0.46644184820643836	0.8773749617901658	0	0	0.051031036307982884	0.2287259920543301	0.3814059394002639	0	0	1	7	3	0	2	2	0	1325.1721016473393	1661.6287538416752	2602.0766132128915	2622.703005974611	1838.4096167932132	18.134449336817426	20.664455843493457	32.49482173093903	35.546557238318655	28.159005685204157	0.16158471479818315	-0.05640212478708843	-0.0626768465491801	0.05699576745778576	-0.01599654156052541	1	2																														15.531690999999997	36.970309																		
draft_22951_00761																																																																																																																																																																																									11.988519186329302	15.99591921551647	-0.3303451274668604	0.2767281450349715	4.116932078571577	8.477027460572508	0.2857142857142857	1.031	139.15213112412292	0	2	1.9		5	6	10	0	19	0	0	0.05610000000000019	0.0031472100000000214	38.368300000000005	1	1	1	1	1	0	0	1	0	0	0	0	0.291521858480813	46	118	10	19.24920917547821	1.924920917547821	8.049333900111126	4.753208216877404	3.2961256832337233	4.321928094887363		40.54	0.6666666666666666		0.4	0	1.1547005383792517	1.4142135623730951	0	4.242640687119286	2.746356191876157	0	1	0	0	0.4999999999999999	0	0	0	0	0	0	0	0	0	0	0	0	0	0	1	0	0	0	0	4	1	0	0	1	0	0	0	0	0	0	0	0	0	0	0	0	0	0	0	1	0	1	1	0	0	0	0	0	0	0	0	0	0	0	0	0	0	0	0	0	0	0	0	0	0	0	0	0	0	0	0	0	0	0	0	0	0	0	0	0	0	0	0	0	0	0	0	8.1	3.408284023668639	1.991111111111111	0.2857142857142857	271.03	0.5	80	7.560477932315068	4.715214055163271	4.147670398014852	3.194966808154417	2.027504573897574	0.9233518700098875	0.535057238507513	0.19245008972987526	5.689426827411909	3.068353016007833	2.144467309164101	1.4321127157651654	0.7335564148588135	0.28007516594720105	0.12857453945294875	0.02454214546409679	1.6814431014259879	1.8231817842709463	1.9454136962437683	0.5642659506710174	0.5127582911701812	0.3891817717785175	0.6924500897298752	0	0.28867513459481287	0	0.2678703691254406	0	0.0666033743307451	0	0	0	0.14433756729740646	0.08333333333333333	0.13144585576580214	0	0	0.049690399499995326	0.02868876552746235	0.04303314829119352	0	0	3	2	0	1	1	0	0	442.72753829882834	485.57047945800804	607.5952577382816	412.39404628125016	285.25085928906253	11.908918372358372	11.162729753806467	15.103380722527861	11.771107148398363	9.328367908530259	0.26960715305187793	-0.13109043803846548	-0.07841105765873857	0.11826231696542669	-0.03237718934705315	1	3																														12.776862999999997	21.025136999999997																		
draft_22951_00789																																																																																																																																																																																									11.996170245230681	15.998710157451173	-0.3872933525797806	0.09903283265404854	4.750574854949181	9.386473035092951	0.29411764705882354	0.592	287.35418406548166	0	6	2.89		7	15	22	1	42	0	0	1.0801999999999996	1.1668320399999992	90.5421	0	2	2	2	2	0	0	0	2	0	0	0	0.2532455410675034	102	1114	28	41.941152700797154	1.9971977476570073	10.5617381762596	7.571356312996389	2.9903818632632153	5.459431618637297		72.72	1		0.5	0	2.0287382531680103	1.7854903269264255	0	10.58996413169416	16.279519924240287	0	3.559060657546749	0	0	0.317951949884498	0	0	0	0	0	0	0	0	0	0	0	0	0	0	1	0	2	0	0	8	2	0	0	0	4	0	0	0	0	0	0	1	0	0	0	0	0	0	0	0	0	3	0	0	0	0	0	0	0	0	0	0	0	0	0	0	0	0	0	0	0	0	0	0	0	0	0	0	0	0	0	0	0	0	0	0	0	0	0	0	0	0	0	0	0	0	0	17.355371900826448	8.585017835909632	5.6055363321799305	0.29411764705882354	1429.04	0.8095238095238095	468	15.242276208189782	10.058550648063802	8.913153867346022	7.1089188676013935	4.8854457536814175	3.87972562106655	2.338186374431075	1.3449668911765555	12.02935704076923	7.043287548238089	5.195615993158498	3.524544502679947	2.1785964285448336	1.4148010120403458	0.7388617138488117	0.4057064529615095	2.8872533254909407	3.4169458425898807	4.343435890758651	1.0748382631823827	1.1621085618526399	1.2014767362698753	1.3762934312136152	0	0.23230780835289197	0	0.6043496394793412	0	0.06211299937499416	0	0	0	0	0.16666666666666666	0.27370475419801443	0	0	0	0.05555555555555555	0.06052456226044692	0	0	0	10	2	2	3	0	0	1223.6995100176669	1362.7019133474296	1735.1172133413925	1637.3265644497458	1260.4346204181159	23.683387407899318	23.328639797758584	31.49109766233672	31.210469303355456	23.325187618384604	0.26350040300124683	-0.09243064523606712	-0.08824714512793679	0.08104056485955641	0.020690619611745304	4	4																														23.617346999999995	47.428652999999976																		
draft_22951_00801																																																																																																																																																																																									11.996177865613765	15.999294568049008	-0.35086962881186745	0.29374564501277556	4.593777092430187	10.268914825864023	0.5	1.331	289.3269715886115	0	4	2.67		9	11	23	1	40	0	0	1.4012999999999995	1.9636416899999987	80.0313	1	4	1	2	1	0	0	1	2	1	0	0	0.23117516151866133	112	902	34	42.730579891510686	2.034789518643366	13.85090320532021	10.536059835604876	3.314843369715337	5.523561956057013		66.84	1		0.5	0	1.3640691669606175	1.9365084412958598	0	7.739100397049802	15.292211782874482	0	8.41104720880845	0	0	0.7211247851537042	0.944940787421155	0	0	0	0	0	0	0	0	0	0	0	0	0	1	0	3	0	0	5	4	0	0	2	1	0	0	0	0	0	0	0	0	0	0	0	0	1	0	0	0	1	2	1	0	0	0	0	0	0	0	0	0	0	0	0	0	0	0	0	0	0	0	0	0	0	0	0	0	0	0	0	0	0	0	0	0	0	0	0	0	0	0	0	0	0	0	15.879017013232515	6.629935720844812	3.2	0.5	1344.05	0.7619047619047619	360	14.982763184195939	10.07538740046941	9.288626653263718	7.832827329192204	6.718229772823474	5.1290479501589115	3.446895405585417	2.391796839267466	11.936644828657784	7.28431143447546	5.873499452724605	4.767264495695679	3.645531793639601	2.511879561995059	1.5431183028355815	0.854232294639959	3.745848382446106	6.176432129192198	8.466209090597989	1.9314633134196335	2.90394916274184	3.506382411122632	1.50867955805779	0	0.5046711830238524	0	0.7537346161118609	0	0.22505756805734503	0	0	0	0.09622504486493763	0.3672449759430876	0.49301505851174404	0	0	0.07453559924999299	0.23748480861195403	0.33573452921196845	0	0	2	5	1	0	6	1	0	1331.2989953910428	1587.225103715967	2276.814030998383	2220.445426475872	1669.3341887062197	24.457856443440264	25.159005685204153	37.20621766659906	38.317467591951655	36.194426587872506	0.5627610791357773	-0.29268975887726123	0.06625112802423175	-0.2573072489415026	0.43779882135432685	1	5																														26.582932999999997	45.13706699999999																		
draft_22951_00835																																																																																																																																																																																									11.996146228044086	15.99871263568219	-0.4107110963945595	0.11763881941870984	5.273043975131515	13.19939901987264	0.7142857142857143	1.5309999999999997	343.46065368324	0	2	3.33		7	12	29	1	54	0	0	2.1874999999999973	4.7851562499999885	100.1315	0	5	1	2	1	0	1	0	4	0	0	0	0.1862682216130979	150	1246	54	52.23745369841468	2.0894981479365873	11.342255597065174	7.802326289042608	3.539929308022567	5.857980995127573		63.93000000000001	0.8333333333333334		0.45454545454545453	0	0	0	0	18.941848262263083	22.085998531735402	8.941545824009781	5.431347546256182	5.023041522517791	1	0.5723571212766659	0	0	0	0	0	0	0	0	0	0	0	0	0	0	0	0	10	0	0	3	3	0	0	0	3	0	2	0	0	0	0	0	0	0	0	0	0	1	0	0	0	3	0	0	0	0	0	0	0	0	0	0	0	0	0	0	0	0	0	0	0	0	0	0	0	0	0	0	0	0	0	0	0	0	0	0	0	0	0	0	0	0	0	0	0	0	0	17.122473246135552	6	2.3043047014481255	0.7142857142857143	2764.04	0.88	454	17.2338400397525	12.0502789268568	11.685571183881121	10.889555697821795	9.475212907660712	8.341952944364017	6.648941606991247	4.925164170309754	14.824023809003068	10.03018942443491	8.91656192650985	7.836260131249834	6.182867424079483	5.118653964142739	3.702836524214704	2.7019683584686818	6.475075534235681	12.232455538623855	21.175782595618244	3.949592595879832	6.749118855298947	10.636578850904618	2.302837167745215	0.174230856264669	1.079891712466481	0.3200083285868333	1.4760650296086577	0.10814354645876384	0.5497603341502282	0.14634112751897002	0	0.20412414523193154	0.14433756729740646	0.28331915952175496	0.7752167026313925	0	0.20412414523193154	0.14433756729740646	0.20421417820475316	0.4729377596195462	0	0	0	4	2	2	10	2	1	2210.1321398237433	2812.3293812086094	4439.241941985202	5228.3068071977095	4564.8330438610265	27.683387407899318	30.49482173093903	46.98937157264973	59.25875263136108	58.9225744041665	0.31238379142905925	-0.10756206942603218	-0.12020091641367273	0.11675543967401483	0.022424542523489886	3	4																														33.683003	59.80299699999997																		
draft_22951_00853																																																																																																																																																																																									11.993330554421961	14.00982021682562	-0.33703713585588035	0.06897726894589866	5.7943379507165576	9.657151264329817	0.125	1.538000000000001	266.3415207456161	0	3	2.78		18	12	21	0	38	0	0	-0.16920000000000052	0.028628640000000174	90.62600000000002	0	2	2	2	2	0	0	0	2	0	0	0	0.288405382186796	98	914	27	39.93797229643384	1.996898614821692	11.028797622820814	0	11.028797622820814	5.392317422778761		76.75999999999999	0.8333333333333334		0.45454545454545453	0.19999999999999996	3.22960644846157	3.723730502599522	0	6.604025658047673	13.36870434246942	0	4.301377940831627	0	0	0	0	0	0.09090909090909091	0.7302967433402213	0	1	0	0	0	0	0	0	0	0	2	0	0	0	0	8	0	0	0	2	4	0	0	0	2	0	0	0	0	0	0	2	0	0	0	0	0	0	0	0	0	0	0	0	0	0	0	0	0	0	0	0	0	0	0	0	0	0	0	0	0	0	0	0	0	0	0	0	0	0	0	0	0	0	0	0	0	0	0	0	0	0	0	16.3718820861678	7.8520408163265305	5.0578512396694215	0.125	1141.04	0.8	368	14.535169427003234	9.558550648063802	8.595632619748649	6.640739456250376	4.9928979659590595	3.9286747138353637	2.080733574043958	1.2859078353161417	11.667929882896177	6.367298274781421	4.621745976494126	2.958803841550237	1.7929098786784075	1.1535658220939495	0.457022862480595	0.22945261484575546	2.738769567651436	3.573387436081147	4.78709944284819	0.9862956898381403	1.021014821279003	1.0907497941129185	1.382088123313991	0	0.23570226039551587	0	0.5827235541465209	0	0.07453559924999299	0	0	0	0	0.16666666666666666	0.2628917115316043	0	0	0	0.05555555555555555	0.05985279273275698	0	0	0	12	2	2	0	0	0	1251.7979354364675	1397.9277561047923	1806.6421292464831	1703.946316078553	1356.785025796816	21.43992120510592	22.024708033998262	29.66181933180446	28.994183198165352	23.994183198165352	0.09760503568741458	8.312009899173415e-4	-0.044990754408335575	-0.00991786729426534	-0.02205349035930747	2	4																														19.677725999999996	44.56227399999999																		
draft_22951_00855																																																																																																																																																																																									11.996146224486253	15.999298952569884	-0.414222799459933	0.111657610815969	5.476805409486254	13.299961179119778	0.7142857142857143	0.4950000000000001	357.4441771031578	0	2	3.2199999999999998		8	12	31	1	53	0	0	0.8099999999999977	0.6560999999999964	100.18240000000002	0	6	1	2	1	0	1	1	4	0	0	0	0.20481866505807003	164	1356	60	55.12507674986081	2.120195259610031	14.593044600635997	11.034236691007063	3.5588079096289253	5.954196310386876		73.16000000000001	0.8333333333333334		0.45454545454545453	0	0	0	0	13.731417393170965	23.822904217167654	6.976407836806649	9.396102066235269	7.128699309114949	1	0.5313292845913056	0.9085602964160698	0	0	0	0	0	0	0	0	0	0	0	0	0	0	0	9	0	0	2	4	0	0	0	4	0	2	0	0	0	0	0	0	0	0	0	0	1	0	0	0	3	0	1	0	0	0	0	0	0	0	0	0	0	0	0	0	0	0	0	0	0	0	0	0	0	0	0	0	0	0	0	0	0	0	0	0	0	0	0	0	0	0	0	0	0	0	16.909469302809573	5.536332179930795	1.9702558001189767	0.7142857142857143	2714.05	0.8846153846153846	495	17.681433796945207	12.543478875583263	12.493921360498634	12.078350968872297	10.60373528414471	9.970384228455911	8.319764913685857	6.737330712813009	15.025165318280381	10.20916214180046	9.249805710060667	8.259175488279594	6.626043175528577	5.594612760455863	4.2367639237863255	3.2029892908433317	7.331318266000198	13.833334994103863	25.06093120056945	4.248775656006675	7.3606410845326575	11.86725671105301	2.5094811573096676	0.16098763771484473	1.221268608813061	0.3024624258760723	1.5797412574701486	0.09667458276674673	0.5890113248840945	0.1373140546138168	0	0.20412414523193154	0.21237894904138363	0.4562272565964262	1.3383674088567703	0	0.20412414523193154	0.17380034984684595	0.26687795440266376	0.6580916860339877	0	0	0	4	2	2	10	2	1	2327.198145705844	3029.467461674582	4960.895877821606	5790.9716766536385	5136.332634020549	29.457856443440264	33.15900568520416	53.317739481179984	67.58259701390662	65.25094231269675	0.4630986743028273	-0.1454151805667424	-0.18420931182561964	0.194555871743732	-0.11284082056952496	3	5																														33.412589	59.27141099999997																		
draft_22951_00868																																																																																																																																																				0	0	0	0	0	0	0	0	0	0	0	0	0	0	0	0	0	0	0	0																		11.66671363237608	15.999134701556278	-0.40200733781420955	0.3721617458347836	5.253515611219794	11.45267470767626	0.29411764705882354	1.4290000000000003	267.3230161226091	0	0	3		14	9	23	1	37	0	0	1.4217000000000002	2.0212308900000004	85.2361	0	4	2	1	2	0	0	0	4	0	0	0	0.1635932542253787	116	680	40	41.93624346438198	2.096812173219099	8.430630270478991	5.106801220756848	3.323829049722154	5.523561956057013		43.7	1		0.5	0	1.9477327181665274	1.9488175056291732	0	8.344246029174005	22.082218386260006	0	12.94860914777125	0	0	0.33333333333333337	0	0	0	0	0	0	0	0	0	0	0	0	0	0	1	0	3	0	0	5	1	0	0	0	7	0	0	0	0	0	0	0	0	0	0	0	0	1	0	0	0	2	0	0	0	0	0	0	0	0	0	0	0	0	0	0	0	0	0	0	0	0	0	0	0	0	0	0	0	0	0	0	0	0	0	0	0	0	0	0	0	0	0	0	0	0	0	13.648393194706994	5.0253061224489795	2.03698224852071	0.29411764705882354	1220.03	0.85	278	13.853006672199017	9.664703797946448	9.13756005353239	8.480303936886509	7.368037954400994	6.73809888254686	5.036909152889518	3.8957451828851593	11.427062745197274	7.02758459138839	5.796320610555605	4.721080157290302	3.6743535733098374	2.9594116446674237	1.9301050511894968	1.292887892643162	4.189489443543952	7.1694854372613115	11.875806906916687	1.9669593003122727	3.0190605134994706	4.367541669516549	1.4915756930523714	0	0.5436517128619158	0	0.8052744131562061	0	0.2096345072042266	0	0	0	0	0.22451341401773972	0.6180652193804875	0	0	0	0.10267997392195433	0.24296647487447975	0	0	0	7	5	1	3	0	0	1620.2506643065647	2010.3268865238947	3073.5689883878017	3358.0902103176572	2757.3779905629262	21.90891837235837	24.162729753806463	36.826913708071594	42.933474720745096	37.65727959551717	0.2193507651490621	-0.08912049245230755	-0.07055327399466955	0.058387268465331155	0.007973123696443409	2	3																														20.564518999999997	43.95948099999999																		
draft_22951_00902																																																																																																																																																																																									11.889999999999999	15.995928262428666	-0.2794666929331595	0.22839810964512855	4.66707461090392	10.196093441699954	0.29411764705882354	1.626	325.3657104584047	0	6	2.56		14	14	26	0	43	0	0	-0.6549000000000007	0.42889401000000094	95.3554	0	3	2	2	1	0	0	2	1	0	0	0	0.2920155880042949	124	1574	34	48.68308519557555	2.028461883148981	20.09644108361989	5.055218350953121	15.041222732666775	5.700439718141093		94.95	0.8571428571428571		0.46153846153846156	0.09090909090909091	2.2470038619469275	3.5509418715441097	0	5.525066182248268	13.544455089973294	0	6.980166484562536	0	0	0.16666666666666669	0	0	0	0	0	2.1725441223260153	0	0	0	0	0	0	0	0	2	0	2	0	1	4	1	0	0	3	2	2	0	0	0	0	0	2	1	0	0	2	0	0	0	0	0	0	2	0	0	0	0	0	0	0	0	0	0	0	0	0	0	0	0	0	0	0	0	0	0	0	0	0	0	0	0	0	0	0	0	0	0	0	0	0	0	0	0	0	0	0	0	18.781065088757398	8.589506172839506	4.601177003168854	0.29411764705882354	1473.07	0.8333333333333334	547	17.10408352775558	11.558550648063802	10.394430363983084	8.689584848277164	7.072696485368116	5.020638720227886	3.2024044156200153	2.1738857380588295	13.589238949438494	7.792444927492163	5.8229374778452465	4.149621994474298	2.7936604963854657	1.6141369828155783	0.824287952257094	0.43610489954063847	3.7416986072513203	5.861156200888692	6.696386737542508	1.481865083528323	1.8966209701719932	1.7648474742738052	1.5706968729118902	0	0.4122720718943456	0	0.7037622171832383	0	0.14422793828311545	0	0	0	0.17479246499677625	0.589058891605691	0.7898273453788912	0	0	0.06352486121839514	0.1814271568794505	0.20350872481443416	0	0	3	7	2	2	2	1	0	1476.9192593279572	1709.6358970832603	2342.9974352114723	2074.0617281964264	1594.0722803301553	27.348839577464297	28.381236155900766	39.93147227974415	37.931200390515826	30.350167541611196	0.4203864277186107	-0.11666559766385826	-0.13328064253551183	0.12806720688291617	-0.01674953220355271	3	7																														24.666932999999993	49.693066999999985																		
draft_22951_00919																																																																																																																																																																																									11.890000000000002	15.994918151321952	-0.3588219738667368	0.10073796506206174	5.4591508853657995	9.938586274162036	0.5	2.6750000000000003	191.2699317110998	0	0	2.56		8	7	15	0	31	0	0	1.4007999999999985	1.9622406399999959	61.641099999999994	0	2	1	1	1	0	0	0	2	0	0	0	0.1687847475625519	76	266	22	27.970816155591	1.9979154396850713	5.5803125773570255	2.5516917841255315	3.0286207932314944	4.906890595608519		32.26	1		0.5	0.944940787421155	3.1121648961697925	4.021949012004917	2.080083823051904	2.701599969404812	7.359966596276015	1.3374806099528442	3.965406456500188	1.6329931618554518	0	0	0	0	0	0	0	0	0	0	0	0	0	0	0	0	3	0	1	0	0	3	1	0	0	0	3	0	1	0	0	0	0	1	0	0	0	0	0	0	0	0	0	1	0	0	0	0	0	0	0	0	0	0	0	0	0	0	0	0	0	0	0	0	0	0	0	0	0	0	0	0	0	0	0	0	0	0	0	0	0	0	0	0	0	0	0	0	0	10.515555555555556	3.5387523629489603	2.020408163265306	0.5	842.02	0.7142857142857143	137	10.344934982691242	6.494800481421252	6.7856425020470965	4.871519541720131	4.329131358171326	3.4097746334227383	2.017692649714664	1.1932929505710455	8.963721453445011	5.095450818447848	4.8554208273763875	2.885495866632523	2.369187615277941	1.465006190301065	0.8248767153063912	0.377713378195329	2.854082190135406	4.995784211840733	7.494051038981145	1.5749765626417929	2.5772423580806616	3.1206357186740727	1.9506768289534882	0.25	0.24800564528543081	0	1.3716139821886026	0.17677669529663687	0.09589632904140988	0	0	0	0	0.11615390417644599	0.36157365018953813	0	0	0	0.049571779370225846	0.14071101138349426	0	0	0	5	1	3	1	2	0	966.3165023598636	1137.4056408242193	1654.2651113586433	1540.289539567384	1096.9869268613284	15.134449336817426	15.664455843493453	24.495093620167356	23.71619135087308	19.328639797758584	0.10578300731623427	-0.03555756357877714	-0.046375086909447395	0.0455057164102544	-0.006578576108442363	2	2																														19.244518999999997	34.357481																		
draft_22951_00937																																																																																																																																																																																									11.99340587658829	15.995921205975623	-0.3465046378249319	0.2788215607503306	4.545952773111226	8.933465640188112	0.36363636363636365	1.335	193.2427192342296	0	5	2.34		6	10	14	1	29	0	0	1.088699999999999	1.1852676899999977	58.84670000000001	0	1	1	1	1	0	0	0	1	0	0	0	0.2709332735382218	62	337	16	27.35153348563704	1.9536809632597887	7.8161439184901775	5.30545185871814	2.510692059772039	4.807354922057604		52.32	0.8		0.4444444444444444	0	1.2865969879228045	0.7211247851537042	0	7.76948053799506	7.746935680685355	0	1.6509636244473134	0	0	0	0.4999999999999999	0	0	0	0	0	0	0	0	0	0	0	0	0	1	0	2	0	0	5	1	0	0	1	1	0	0	0	1	0	0	0	0	0	0	0	0	0	0	0	0	0	1	1	0	0	0	0	0	0	0	0	0	0	0	0	0	0	0	0	0	0	0	0	0	0	0	0	0	0	0	0	0	0	0	0	0	0	0	0	0	0	0	0	0	0	0	12.071428571428571	6.477508650519031	4.38781163434903	0.36363636363636365	659.03	0.42857142857142855	191	10.38890505706126	6.736382105218448	5.48298100812964	4.145284685255716	2.9207927563160023	2.036040303304094	0.9216546439885754	0.597758698492898	8.272162027628204	4.6985239577534665	3.048264072800602	1.8877860211709674	1.2006575476462504	0.728919646815093	0.2944055025308573	0.16079630152914556	1.514013549071557	1.748763933132853	2.2068395080511687	0.45509391471750305	0.5146266988731159	0.51309524775236	0.6755286660229632	0	0.16666666666666666	0	0.28381478282798467	0	0.019641855032959652	0	0	0	0	0.10206207261596577	0.07216878364870323	0	0	0	0.032075014954979206	0.022680460581325723	0	0	1	5	1	2	2	0	0	691.1237846644822	743.0969080200731	891.9294464725346	805.1716038823548	625.0173644716342	15.908918372358373	15.16245786457814	19.103108833299533	18.26938105871137	14.494821730939034	0.31934691399563314	-0.16354633479785996	-0.02051954179618185	0.030309364140974453	-0.003120762411277838	1	3																														18.612104999999996	32.065895																		
draft_22951_00954																																																																																																																																																																																									11.850000000000001	15.996932809386118	-0.28057619845956777	0.28240506476176325	5.026096036234827	9.952489656508293	0.5	0.7709999999999997	316.3556170359759	0	5	2.4499999999999997		9	14	25	0	43	0	0	0.28540000000000143	0.08145316000000082	85.3404	0	3	1	3	1	0	0	1	2	0	0	0	0.28742363539658733	118	1285	33	46.825711071996565	2.035900481391155	20.250964532322214	7.6925813442916855	12.558383188030522	5.643856189774724		90.87	0.8571428571428571		0.46153846153846156	0	0	0	0	9.48107653629705	14.194048365060512	0	5.1330537040448005	0	0	0.6082201995573401	0	0	0	0	0	0.6850067105944414	0.6962383250419169	0	0	0	0	0	0	0	0	0	6	0	0	4	2	0	0	3	1	0	0	0	0	0	0	2	0	0	0	0	1	1	0	0	0	0	3	0	0	0	0	0	0	0	0	0	0	0	0	0	0	0	0	0	0	0	0	0	0	0	0	0	0	0	0	0	0	0	0	0	0	0	0	0	0	0	0	0	0	0	0	17.8112	8.392733564013842	4.545454545454546	0.5	1519.07	0.8695652173913043	495	16.2338400397525	11.147867045540842	9.88823500298299	8.042019067139451	7.010594338677139	5.221351918708693	2.9104581953294044	2.1220253064065036	12.825914364648547	7.983848167468018	5.996150773286064	4.3266922313491065	3.2057627262618693	2.186815380312009	1.019582908189643	0.6604726473627314	3.048064301702465	5.464259738697352	7.253776828987311	1.1153062042614081	1.6607321993203956	1.903770405220117	1.36539607439658	0	0.2944980504622902	0	0.54956153103661	0	0.07929943343451624	0	0	0	0.07856742013183861	0.4621754622138158	0.5397947821357517	0	0	0.03227486121839514	0.1947152592425801	0.14823306253571042	0	0	4	3	0	0	8	0	0	1389.9825010603715	1612.772455998954	2188.011558841003	2047.107472349796	1805.383228055999	26.763328311728756	27.491913330021706	38.89982997561251	37.89963318084717	36.84001226034023	0.6160522537542819	-0.3610094766744457	0.22567831501080501	-0.17617470451287995	-0.10980445173508621	2	7																														29.35813999999999	48.30185999999999																		
