id	bits.on
draft_22951_00001	10,15,19,20,21,22,31,32,284,286,293,309,315,366,391,392,412,426,457,541
draft_22951_00002	10,11,15,16,19,20,21,22,31,32,33,284,285,286,293,309,315,345,346,352,366,391,392,412,426,457,541,570,612
draft_22951_00003	10,11,15,19,20,21,31,32,284,285,286,293,309,315,333,345,346,349,352,366,375,391,392,412,426,457,541,614,657
draft_22951_00004	10,11,15,16,19,20,21,34,179,181,182,256,257,285,286,287,294,300,309,333,341,352,353,354,356,359,376,377,378,380,382,384,385,388,390,391,393,394,397,400,401,404,409,415,417,419,421,438,440,442,443,444,450,451,452,454,458,459,460,465,466,469,473,474,476,479,482,483,485,488,489,494,496,500,505,507,520,524,528,531,532,534,536,537,539,546,548,550,554,556,561,570,573,581,586,594,597,602,612,614,622,625,629,630,637,646,648,651,655,658,674,675
draft_22951_00005	10,15,16,19,20,144,146,147,256,257,285,286,287,300,301,309,352,353,359,360,376,380,381,390,391,393,394,395,397,399,400,401,404,407,419,421,423,439,441,443,444,451,452,453,454,462,468,473,485,487,488,489,495,505,507,516,518,519,520,523,537,561,567,573,597,603,636,645,646,648,655,660
draft_22951_00006	10,11,15,16,19,20,21,144,150,179,181,182,256,257,284,285,286,287,300,333,334,341,345,347,352,353,356,357,358,359,367,376,377,380,381,382,385,388,390,391,393,394,397,400,401,404,406,417,419,421,431,432,438,440,441,442,443,444,450,451,452,453,454,462,465,473,483,485,488,489,491,494,495,496,505,507,520,524,525,528,531,536,537,539,546,549,550,554,556,557,561,567,571,573,574,575,580,581,582,586,593,594,595,597,598,601,602,603,605,614,615,616,620,622,624,625,629,634,637,638,639,642,643,646,648,651,655,656,658,660,666,667,672,674,675,683,686,687,688,709
draft_22951_00007	10,15,19,20,31,284,285,286,293,300,309,315,333,345,346,349,352,366,394,412,426,457,529,644
draft_22951_00008	10,11,15,16,19,20,21,179,181,182,256,257,284,285,286,287,300,309,333,341,345,352,353,356,358,359,371,372,376,377,380,381,382,385,388,390,391,393,394,397,400,401,404,407,417,419,421,432,435,438,440,441,442,443,444,447,450,451,452,453,454,462,465,473,483,485,488,489,491,494,495,496,503,505,507,520,524,525,528,531,536,537,539,540,546,547,549,550,554,556,557,561,567,571,573,574,575,580,581,586,593,594,597,598,601,602,603,614,618,620,622,624,625,629,634,637,638,642,644,646,648,651,655,656,658,660,666,668,672,673,674,675,683,686,687,688
draft_22951_00009	10,15,16,19,20,144,146,147,284,285,286,287,300,309,345,346,347,352,353,366,367,376,391,393,394,407,421,452,529,541,560,561,567,568,570,572,612,637,644,646,647,655,660,664
draft_22951_00010	10,11,15,19,20,34,179,180,256,284,285,286,294,300,309,333,341,345,352,354,356,371,372,377,378,384,385,394,409,415,417,435,438,442,447,450,458,459,460,465,466,471,482,491,503,517,521,525,532,533,546,547,550,553,557,565,571,579,583,585,593,596,600,601,604,608,609,619,630,634,635,641,644,661,665,666,669,678,679,680,684,747,810
draft_22951_00011	10,11,12,15,16,19,20,21,31,144,146,147,151,153,154,284,285,286,287,293,309,315,333,345,346,352,353,366,391,392,411,412,421,426,440,444,452,457,536,541,580,593,614,646,647,657,686
draft_22951_00012	10,11,15,16,19,20,21,284,285,286,287,300,309,333,339,341,345,346,352,353,366,376,381,391,393,394,407,421,440,441,444,452,453,529,536,537,541,561,567,580,581,593,594,603,614,618,638,644,646,647,655,660,683,686,687,688
draft_22951_00013	10,11,15,16,19,20,179,181,182,256,257,284,285,286,287,300,333,345,346,352,353,356,359,366,371,372,373,374,376,377,380,382,385,388,390,391,393,394,397,400,401,404,417,419,421,435,436,440,442,443,444,446,447,448,450,451,452,454,465,473,483,485,488,489,492,494,496,503,505,507,517,520,522,524,528,529,531,536,539,540,541,546,547,550,554,556,561,573,577,581,586,594,597,602,614,622,625,629,637,644,646,647,648,651,655,658,673,674,675
draft_22951_00014	10,11,15,19,20,179,181,182,256,257,284,285,286,287,309,333,334,345,346,352,353,356,357,359,366,371,372,373,374,375,377,381,385,388,391,392,397,398,404,407,417,419,421,431,435,436,441,442,443,444,446,447,448,450,453,454,465,471,473,483,491,492,494,496,503,507,517,521,522,524,525,531,536,539,540,541,546,547,549,550,553,554,556,557,565,571,574,575,577,578,579,580,581,583,585,586,593,596,598,600,601,604,608,609,614,618,619,620,624,625,629,634,635,638,639,641,642,656,657,658,661,665,666,668,669,672,673,674,678,679,681,684,685,692,696,703,709,710
draft_22951_00015	10,11,12,15,16,19,20,21,284,285,286,287,300,309,333,340,342,345,346,347,352,353,366,367,375,376,391,393,394,407,421,440,444,452,529,541,561,567,568,572,583,593,614,618,637,638,639,640,644,646,647,648,655,657,660,664,680,681,682,683,684,690,691,692,702,703
draft_22951_00016	10,11,15,16,19,20,21,179,181,182,256,257,284,285,286,287,300,309,333,334,341,345,352,353,356,357,358,359,375,376,377,380,381,382,385,388,390,391,393,394,397,400,401,404,407,417,419,421,431,432,438,440,441,442,443,444,450,451,452,453,454,462,465,473,483,485,488,489,491,494,495,496,505,507,520,524,525,528,531,536,537,539,546,549,550,554,556,557,561,567,571,573,574,575,580,581,586,593,594,597,598,601,602,603,614,618,620,622,624,625,629,634,637,638,642,646,648,651,655,656,658,660,666,668,672,674,675,683,686,687,688,709
draft_22951_00017	10,11,12,15,19,20,21,34,144,146,147,179,180,256,284,285,286,287,294,309,333,341,345,352,353,354,356,371,372,377,378,384,385,391,392,409,415,417,421,435,438,440,442,444,447,450,452,458,459,460,465,466,471,482,491,496,503,517,521,525,532,533,536,546,547,550,553,557,565,571,579,580,583,585,586,593,596,600,601,604,608,609,614,619,629,634,635,641,646,651,657,658,661,665,666,669,678,679,680,684,686,688,726,789
draft_22951_00018	10,11,15,16,19,20,21,179,181,182,256,257,284,285,286,287,300,309,333,341,345,352,353,356,358,359,366,371,372,375,376,377,380,381,382,385,388,390,391,392,393,394,397,398,400,401,404,407,417,419,421,432,435,438,440,441,442,443,444,447,450,451,452,453,454,462,465,473,483,485,488,489,491,494,495,496,503,505,507,520,522,524,525,528,531,536,537,539,540,541,546,547,549,550,554,556,557,561,567,571,573,574,575,580,581,586,593,594,597,598,601,602,603,614,618,620,622,624,625,629,634,637,638,642,644,646,647,648,651,655,656,658,660,666,668,672,673,674,675,683,686,687,688
draft_22951_00019	10,11,15,16,19,20,21,179,181,182,256,257,284,285,286,287,300,309,333,334,345,346,352,353,356,357,359,366,371,373,374,376,377,380,381,382,385,388,390,391,392,393,394,397,398,400,401,404,407,417,419,421,431,436,440,441,442,443,444,446,447,448,450,451,452,453,454,465,473,483,485,488,489,492,494,496,505,507,520,522,524,528,531,536,537,539,541,546,550,554,556,561,567,573,577,581,586,589,594,597,602,603,614,622,625,629,637,646,647,648,651,655,657,658,660,673,674,675
draft_22951_00020	10,15,19,284,285,286,287,300,345,352,353,375,394,421,440,444,452,644
draft_22951_00021	10,11,12,15,16,17,19,20,21,31,32,34,144,146,147,179,181,182,256,257,258,259,284,285,286,287,294,300,309,315,333,334,341,345,346,347,352,353,354,356,357,358,359,360,366,367,369,371,373,374,375,376,377,379,380,384,385,388,390,391,392,394,397,398,404,408,412,413,417,419,422,426,431,432,436,438,439,442,443,446,447,448,450,451,454,457,465,473,474,475,476,481,483,485,488,490,491,492,496,501,505,507,508,509,520,522,524,525,531,532,534,539,540,541,546,550,556,557,561,571,573,577,583,586,587,593,594,597,600,602,614,622,629,635,637,638,642,655,656,657,658,661,666,669,675,679,681,683
draft_22951_00022	10,11,12,15,16,17,19,20,21,22,31,32,144,147,179,181,182,256,257,284,285,286,287,300,309,315,333,340,342,345,346,347,352,353,356,359,366,367,371,372,373,374,375,376,377,379,380,385,388,390,391,392,394,397,398,404,406,407,408,412,417,419,421,426,435,436,439,442,443,446,447,448,450,451,452,454,457,465,473,483,485,488,492,496,503,505,507,517,520,522,524,531,539,540,541,546,547,550,556,561,567,568,572,573,577,583,586,593,594,597,602,613,614,615,618,622,629,637,638,639,640,644,646,647,648,655,657,658,660,663,664,675,681,682,683,684,691,692,703
draft_22951_00023	10,11,15,16,19,20,144,146,147,256,257,284,285,286,287,300,309,333,341,345,346,352,353,356,358,359,366,371,373,374,376,377,380,381,388,390,391,393,394,397,400,401,404,407,417,419,421,432,436,438,441,442,443,444,446,447,448,450,451,452,453,454,462,473,483,485,486,488,489,492,494,495,496,500,503,505,507,520,522,524,528,529,536,537,539,540,541,546,547,548,549,554,561,567,570,573,574,581,586,597,603,612,614,618,625,637,639,644,646,647,655,658,660,668,673,674,675
draft_22951_00024	10,11,15,19,20,21,284,285,286,287,300,309,333,334,337,341,345,346,347,352,353,366,367,381,391,393,394,407,421,441,444,453,529,537,541,567,572,603,618,640,644,657,660
draft_22951_00025	10,11,15,19,20,21,34,179,181,182,284,285,286,287,294,309,345,346,347,350,352,353,354,366,367,369,391,392,406,409,415,458,459,460,466,541,567,615,616,657,660
draft_22951_00026	10,11,15,19,20,21,34,179,181,182,284,285,286,287,294,309,333,345,346,347,350,352,353,354,366,367,369,391,392,406,409,415,458,459,460,466,541,567,614,615,616,657,660
draft_22951_00027	10,11,15,19,20,284,285,286,287,309,345,346,352,353,366,375,381,391,392,407,421,441,444,453,537,541,567,603,660
draft_22951_00028	10,11,15,16,19,20,284,285,286,287,300,309,333,339,341,345,346,352,353,366,376,381,391,393,394,407,421,441,444,452,453,529,536,537,541,561,567,580,583,593,614,618,638,644,646,647,655,681,684,685,692,696,703
draft_22951_00029	10,11,12,15,16,19,20,21,22,31,144,147,179,181,182,256,257,284,285,286,287,300,309,315,333,334,340,342,345,346,347,352,353,356,357,359,366,367,371,372,373,374,377,385,388,391,392,394,397,398,404,406,407,408,412,417,419,421,426,431,435,436,440,442,443,444,446,447,448,450,452,454,457,465,471,473,483,491,492,494,496,503,507,517,521,522,524,525,531,536,539,540,541,546,547,550,553,554,556,557,565,567,568,571,572,577,578,579,580,581,583,585,586,593,594,596,598,600,601,604,608,609,613,614,615,618,619,624,625,629,634,635,638,639,640,641,657,658,660,661,663,664,665,666,669,672,673,674,678,679,681,682,683,684,685,691,692,696,703,709,710
draft_22951_00030	10,11,15,16,19,20,284,285,286,287,300,345,352,353,366,375,376,391,393,394,421,440,444,452,529,541,561,637,644,647,648,655
draft_22951_00031	10,15,16,144,146,147,256,257,284,286,300,301,366,374,376,380,390,391,394,395,397,399,400,404,419,423,448,451,454,468,485,487,488,489,492,497,505,518,520,522,523,529,541,561,573
draft_22951_00032	10,11,15,16,17,19,20,21,284,285,286,287,300,301,309,333,340,342,345,347,352,353,367,394,395,399,407,421,440,444,452,463,511,516,519,523,536,538,567,568,572,580,582,593,618,639,643,644,664,686,688
draft_22951_00033	10,11,12,15,16,19,20,21,34,179,181,182,284,285,286,287,294,309,345,346,347,350,352,353,354,366,367,369,391,392,407,409,415,458,459,460,466,541,567,570,572,612,657,660
draft_22951_00034	10,15,16,19,284,286,287,300,366,375,376,391,393,394,421,452,529,541,561,637,647
draft_22951_00035	10,11,15,16,19,20,179,181,182,256,257,284,285,286,287,309,333,341,345,346,352,353,356,358,359,366,371,372,373,374,376,377,380,381,385,388,390,391,397,404,407,417,419,421,432,435,436,438,441,442,443,444,446,447,448,450,451,453,454,462,465,473,483,485,488,491,492,494,495,496,503,505,507,517,520,522,524,525,531,536,537,539,540,541,546,547,549,550,554,556,557,561,567,571,573,574,575,577,580,586,593,594,597,598,601,602,603,614,618,620,622,624,629,634,637,638,642,655,656,658,660,666,668,672,673,675,683,686
draft_22951_00036	10,15,19,20,144,146,147,284,285,286,287,300,345,346,347,352,353,366,367,381,391,393,394,406,421,452,453,529,541,560,567,613,616,644,646,647,660
draft_22951_00037	10,15,16,144,146,147,256,257,284,285,286,300,301,345,346,352,359,366,371,373,374,377,388,399,417,419,423,436,443,446,447,448,450,478,486,497,500,503,516,517,523,540,547,548,570
draft_22951_00038	10,15,19,284,285,286,287,300,345,352,353,366,375,391,393,394,421,440,444,452,529,541,644,647
draft_22951_00039	10,11,15,16,19,20,21,284,285,286,287,300,309,333,339,341,345,346,352,353,366,376,381,391,394,407,419,421,441,444,451,453,454,488,536,537,567,580,581,618,638,639,682,687,688
draft_22951_00040	10,11,12,15,16,19,20,21,179,181,182,256,257,284,285,286,287,300,309,333,345,346,347,352,353,356,359,366,367,371,372,373,374,376,377,380,382,385,388,390,391,392,393,394,397,398,400,401,404,407,417,419,421,435,436,440,442,443,444,446,447,448,450,451,452,454,465,473,483,485,488,489,492,494,496,503,505,507,517,520,522,524,528,529,531,536,537,539,540,541,546,547,550,554,556,561,567,570,572,573,577,581,586,594,597,602,603,612,614,622,625,629,637,644,646,647,648,651,655,657,658,660,673,674,675
draft_22951_00041	10,15,16,17,144,146,147,256,257,284,285,286,300,301,345,352,359,360,375,376,380,390,399,419,423,439,443,451,487,516,518,523,540
draft_22951_00042	10,11,15,16,19,20,21,179,181,182,256,257,284,285,286,287,300,309,333,334,345,346,352,353,356,357,359,366,371,373,374,376,377,380,381,382,385,388,390,391,393,394,397,400,401,404,407,417,419,421,431,436,440,441,442,443,444,446,447,448,450,451,452,453,454,465,473,483,485,488,489,491,492,494,496,505,507,520,522,524,528,529,531,536,539,541,546,550,554,556,557,561,571,573,577,580,581,586,593,594,597,598,600,602,614,618,622,625,629,637,638,642,646,647,648,651,655,656,658,666,673,674,675,683,686,687,688,709
draft_22951_00043	10,11,15,16,19,34,284,285,286,287,294,300,301,345,352,353,366,375,376,391,393,394,395,399,421,422,440,444,452,509,511,512,516,518,519,523,529,541,561,636,644
draft_22951_00044	10,11,12,15,16,19,20,21,34,144,146,147,179,180,256,257,258,284,285,286,287,294,300,301,309,333,341,345,352,353,354,356,358,359,371,372,377,378,381,382,384,385,388,391,394,395,397,399,400,407,409,415,417,419,421,423,432,435,438,440,441,442,443,444,447,450,452,453,454,458,459,460,462,465,466,468,471,478,482,483,491,494,495,496,503,516,517,519,521,523,524,525,528,531,532,533,536,537,539,540,546,547,549,550,553,554,556,557,565,567,571,574,575,578,579,580,581,583,585,586,593,594,596,598,600,601,602,604,608,609,614,617,618,619,620,622,624,625,629,634,635,638,641,642,644,645,646,656,657,658,661,665,666,668,669,672,673,674,678,679,680,683,684,686,687,688,726,789
draft_22951_00045	10,11,15,19,20,21,179,180,256,284,285,286,287,300,309,333,334,342,345,352,353,356,357,371,372,382,383,385,394,407,417,421,431,435,440,442,444,447,452,465,471,491,494,499,521,525,536,542,543,545,549,550,553,554,557,565,568,571,574,575,576,579,580,583,585,591,593,596,598,600,604,607,608,609,618,619,620,624,632,634,635,638,640,641,642,652,654,656,661,664,665,668,669,672,673,678,679,680,681,683,684,685,687,689,690,691,692,693,694,700,702,705,706,709,710,711,715,736,741,762,778,799,804,825
draft_22951_00046	10,11,15,16,19,34,179,181,182,256,257,284,285,286,287,294,300,333,345,352,353,356,359,371,372,376,377,379,380,382,385,388,390,391,393,394,397,400,401,404,417,419,421,422,435,439,440,442,443,444,447,450,451,452,454,465,473,483,485,488,489,494,496,503,505,507,509,512,520,524,528,531,536,539,540,546,547,550,554,556,561,573,581,586,594,597,602,614,622,625,629,637,644,648,655,658,674,675
draft_22951_00047	10,15,19,284,285,286,287,300,333,345,352,353,375,394,421,440,444,452,536,644
draft_22951_00048	10,11,15,16,19,20,284,285,286,287,300,301,309,333,345,347,352,353,367,394,395,399,407,421,440,444,452,511,516,519,523,536,572,580,593,618,638,644,683,687
draft_22951_00049	10,11,15,19,20,144,145,284,285,286,287,300,309,333,334,336,339,340,341,342,345,346,347,352,353,366,367,394,407,529,567,568,572,583,593,618,638,639,640,644,664,680,681,682,683,684,690,691,692,702,704,709,710,711,841,843,848,862,867,869
draft_22951_00050	10,11,15,16,19,179,181,182,256,257,284,285,286,287,300,333,341,345,346,352,356,359,366,371,373,374,375,376,377,378,380,385,388,390,391,392,393,394,397,400,401,404,417,419,421,436,438,442,443,446,447,448,450,451,452,454,465,473,483,485,488,489,492,496,500,503,505,507,520,522,524,528,529,531,539,541,546,547,548,550,556,561,570,573,577,586,594,597,600,602,612,614,622,629,637,646,647,655,658,675
draft_22951_00051	10,11,15,16,17,19,144,146,147,256,257,284,285,286,287,300,301,345,346,352,359,360,366,375,376,380,390,391,393,394,395,397,399,400,401,404,419,421,423,439,443,451,452,454,468,473,485,487,488,489,505,507,516,518,519,520,523,529,540,541,561,570,573,597,612,636,644,645,646,648,655
draft_22951_00052	10,15,19,284,285,286,287,300,309,345,346,347,352,353,366,367,375,391,393,394,407,529,541,567,572,644,660
draft_22951_00053	10,11,15,16,19,20,144,146,147,179,181,182,256,257,258,259,284,285,286,287,300,333,341,345,346,352,353,356,358,359,366,371,372,373,374,376,377,378,380,382,385,387,388,390,391,393,394,397,400,401,404,417,419,421,432,435,436,438,440,442,443,444,446,447,448,450,451,452,454,465,471,473,483,485,486,488,489,491,492,494,495,496,500,503,505,507,517,520,521,522,524,525,528,529,531,536,537,539,540,541,546,547,548,550,553,554,556,557,561,565,570,571,573,577,578,579,580,581,583,585,586,593,594,596,597,598,601,602,603,604,608,609,612,614,619,622,624,625,629,634,635,637,641,644,646,647,655,657,658,661,665,666,669,672,674,675,678,679,684,685,696
draft_22951_00054	10,11,15,16,17,19,179,181,182,256,257,284,285,286,287,300,301,333,341,345,352,353,356,358,359,375,376,377,380,382,388,390,391,393,394,397,400,401,404,417,419,421,423,432,438,440,442,443,444,450,451,452,454,468,473,478,483,485,486,487,488,489,495,496,500,505,507,516,518,520,524,528,536,537,539,540,546,548,561,570,573,586,597,612,614,617,636,645,648,655,658,675
draft_22951_00055	10,11,15,16,19,179,181,182,256,257,284,285,286,287,300,333,345,352,353,356,359,360,371,372,375,376,377,379,380,382,385,388,390,391,393,394,397,400,401,404,417,419,421,435,439,440,442,443,444,447,450,451,452,454,465,473,483,485,488,489,494,496,503,505,507,520,524,528,531,536,539,540,546,547,550,554,556,561,573,581,586,594,597,602,614,622,625,629,637,644,646,648,655,657,658,674,675
draft_22951_00056	10,11,15,19,20,21,179,182,284,285,286,287,300,309,333,339,340,341,342,345,346,347,348,352,353,366,367,368,381,394,406,407,529,564,567,568,572,583,593,615,616,618,638,639,640,644,662,663,664,680,681,682,683,684,690,691,692,702,704
draft_22951_00057	10,15,19,20,284,285,286,287,300,309,333,340,342,345,346,347,352,353,366,367,394,407,529,567,568,572,618,639,644,664
draft_22951_00058	10,11,15,16,19,179,181,182,284,285,286,287,300,345,346,352,366,367,391,392,393,394,421,449,452,529,541,570,612,644,646,647,657
draft_22951_00059	10,11,15,19,179,181,182,284,285,286,287,300,309,333,340,342,345,346,347,352,353,366,367,391,393,394,407,529,541,572,583,593,614,618,639,644,657,684
draft_22951_00060	10,11,15,19,20,144,146,147,284,285,286,287,300,309,333,339,340,341,342,345,346,347,352,353,366,367,391,393,394,407,529,541,567,572,583,593,614,618,638,639,644,657,660,681,682,684,692
draft_22951_00061	10,11,15,19,20,284,285,286,287,300,309,333,334,337,341,345,347,352,353,367,394,407,567,572,618,640,644
draft_22951_00062	10,11,15,19,20,284,285,286,287,300,309,333,334,336,339,341,345,346,352,353,366,375,381,394,407,421,441,444,453,529,536,537,567,580,618,638,644,709
draft_22951_00063	10,11,15,19,20,284,285,286,287,300,333,340,342,345,347,352,353,367,375,394,406,421,440,444,452,463,536,538,567,606,616,644
draft_22951_00064	10,15,16,144,146,147,256,257,284,285,286,300,345,346,352,359,366,371,373,374,376,377,380,388,390,391,393,394,397,400,401,404,417,419,436,443,446,447,448,450,451,454,473,483,485,486,488,489,492,496,500,503,505,507,517,520,522,528,529,540,541,547,548,561,570,573,597,612,637,644,655,675
draft_22951_00065	10,11,15,16,19,179,181,182,256,257,284,285,286,287,300,333,341,345,346,352,356,358,359,366,371,372,373,374,375,376,377,380,385,388,390,391,393,394,397,400,401,404,417,419,421,432,435,436,438,442,443,446,447,448,450,451,452,454,465,473,483,485,488,489,491,492,496,503,505,507,517,520,522,524,525,528,531,539,540,541,546,547,550,556,557,561,571,573,577,586,593,594,597,600,601,602,614,622,629,634,637,644,646,647,655,658,666,675
draft_22951_00066	10,11,15,16,19,179,181,182,256,257,284,285,286,287,300,333,341,345,346,352,353,356,359,366,371,372,373,374,377,378,382,385,388,391,393,394,397,400,401,404,417,419,421,435,436,438,440,442,443,444,446,447,448,450,452,454,465,471,473,483,491,492,494,496,500,503,507,517,521,522,524,525,528,529,531,536,537,539,540,541,546,547,548,550,553,554,556,557,565,570,571,577,578,579,580,583,585,586,593,596,598,600,601,604,608,609,612,614,619,624,629,634,635,641,644,646,647,657,658,661,665,666,669,672,673,678,679,684,685,696
draft_22951_00067	10,11,15,144,149,150,284,285,286,300,333,345,346,352,366,391,393,394,417,435,442,447,465,517,525,529,541,600,644,657
draft_22951_00068	10,11,15,19,20,21,179,181,182,256,257,284,285,286,287,309,333,334,345,346,352,353,356,357,359,366,371,372,373,374,377,381,385,388,391,397,404,407,417,419,421,431,435,436,441,442,443,444,446,447,448,450,453,454,465,471,473,483,491,492,494,496,507,521,522,524,525,531,536,539,541,546,549,550,553,554,556,557,565,571,574,575,577,578,579,580,581,583,585,586,593,596,598,600,601,604,608,609,614,618,619,620,624,625,629,634,635,638,639,641,642,656,657,658,661,665,666,668,669,672,673,674,678,679,681,684,685,691,692,694,695,696,703,709,710
draft_22951_00069	10,11,15,19,20,144,146,147,284,285,286,287,309,333,334,336,345,346,352,353,366,375,381,391,392,407,421,440,441,444,452,453,536,541,580,581,593,614,618,638,639,646,647,657,683,686,687,688,709
draft_22951_00070	10,11,15,19,20,144,147,284,285,286,287,300,333,339,341,345,346,347,352,353,366,367,381,394,406,421,441,444,453,529,536,537,567,580,615,616,638,639,644,687
draft_22951_00071	10,11,15,19,20,21,179,181,182,256,257,284,285,286,287,309,333,341,345,352,353,356,358,359,371,372,377,381,385,388,391,397,404,407,417,419,421,432,435,438,441,442,443,444,447,450,453,454,462,465,471,473,483,491,494,495,496,503,507,517,521,524,525,531,536,537,539,540,546,547,549,550,553,554,556,557,565,567,571,574,575,577,578,579,580,583,585,586,593,596,598,600,601,603,604,608,609,614,618,619,620,624,629,634,635,638,641,642,656,657,658,660,661,665,666,668,669,672,673,678,679,680,681,684,685,689,690,693,699,705
draft_22951_00072	10,11,15,19,284,285,286,287,309,345,346,347,352,353,366,367,375,391,392,407,541,567,572,660
draft_22951_00073	10,11,15,19,20,284,285,286,287,300,309,333,342,345,346,352,353,366,381,394,407,421,433,441,444,453,529,536,537,580,583,593,618,638,681,684,685,687,688,692,696
draft_22951_00074	10,11,15,19,20,284,285,286,287,300,309,333,334,337,341,345,347,352,353,367,375,394,407,567,572,618,640,644
draft_22951_00075	10,11,15,16,19,20,179,184,185,284,285,286,287,301,309,333,341,345,352,353,366,375,381,391,407,419,421,432,440,441,443,444,452,453,462,468,516,519,536,539,540,541,580,583,593,614,618,638,645,647,681,684,685,692,694,695,696,703
draft_22951_00076	10,11,15,16,179,181,182,256,257,284,285,286,300,333,345,346,352,356,359,366,371,372,373,374,376,377,379,380,385,388,390,391,394,397,404,417,419,435,436,439,442,443,446,447,448,450,451,454,465,473,483,485,488,492,496,503,505,507,517,520,522,524,531,539,540,541,546,547,550,556,561,573,577,586,594,597,602,614,622,629,637,644,655,658,675
draft_22951_00077	10,11,15,16,19,20,179,181,182,284,285,286,287,345,346,352,366,367,391,392,421,449,452,541,570,612,646,647,657
draft_22951_00078	10,11,15,284,285,286,300,333,345,346,352,366,375,391,393,394,418,428,429,529,541
draft_22951_00079	10,11,12,15,16,19,20,179,181,182,256,257,284,285,286,287,300,301,333,334,345,346,352,353,356,357,359,366,371,372,373,374,375,377,385,388,391,394,395,397,399,404,417,419,421,431,435,436,440,442,443,444,446,447,448,450,452,454,465,471,473,483,491,492,494,496,503,507,511,516,517,519,521,522,523,524,525,531,536,539,540,541,546,547,550,553,554,556,557,565,571,578,579,580,583,585,586,593,596,598,600,601,604,608,609,614,619,624,629,634,635,641,644,657,658,661,665,666,669,672,673,678,679,684,686,709,711
draft_22951_00080	10,15,19,20,284,285,286,287,300,345,346,352,353,366,367,375,381,394,406,421,441,444,453,529,537,567,616
draft_22951_00081	10,11,15,16,144,146,147,256,257,284,285,286,345,346,352,359,366,371,373,374,375,376,377,380,388,390,391,392,397,398,404,417,419,436,443,446,447,448,450,451,454,473,483,485,486,488,492,496,500,503,505,507,517,520,522,540,541,547,548,561,570,573,597,612,637,655,675
draft_22951_00082	10,11,15,16,19,179,181,182,256,257,284,285,286,287,300,333,334,345,346,352,353,356,357,359,366,371,372,373,374,375,377,385,388,391,392,394,397,398,404,417,419,421,431,435,436,440,442,443,444,446,447,448,450,452,454,465,471,473,483,491,492,494,496,503,507,517,521,522,524,525,531,536,539,540,541,546,547,550,553,554,556,557,565,571,577,578,579,580,581,583,585,586,593,594,596,598,600,601,604,608,609,614,619,624,625,629,634,635,641,657,658,661,665,666,669,672,673,674,678,679,684,685,696,709,710
draft_22951_00083	10,11,15,19,284,285,286,287,300,309,333,340,342,345,346,347,352,353,366,367,375,394,407,529,572,593,618,639,644
draft_22951_00084	10,11,15,16,19,179,181,182,256,257,284,285,286,287,300,333,341,345,346,352,356,358,359,366,371,372,373,374,376,377,385,388,391,393,394,397,404,417,419,421,432,435,436,438,442,443,446,447,448,450,452,454,465,471,473,483,491,492,496,503,507,517,521,522,524,525,529,531,539,540,541,546,547,550,553,556,557,561,565,570,571,577,578,579,583,585,586,593,596,600,601,604,608,609,612,614,619,629,634,635,641,646,647,655,657,658,661,665,666,669,678,679,680,684
draft_22951_00085	10,11,15,19,20,144,146,147,284,285,286,287,345,346,347,352,353,366,367,375,381,391,392,406,421,452,453,541,567,613,616,646,647,660
draft_22951_00086	10,11,15,19,179,181,182,284,285,286,287,345,346,347,352,353,366,367,375,391,392,406,541,567,615,616,657,660
draft_22951_00087	10,11,15,16,17,19,20,179,181,182,186,188,189,256,257,258,259,284,285,286,287,300,301,333,341,345,346,352,353,356,358,359,366,371,373,374,377,378,382,385,387,388,391,394,395,397,399,400,404,417,419,421,423,432,436,438,440,442,443,444,446,447,448,450,452,454,465,468,471,473,478,483,486,491,492,494,495,496,500,503,507,511,516,517,519,521,522,523,524,525,528,531,536,537,539,540,541,546,547,548,550,553,554,556,557,565,570,571,578,580,581,586,593,594,598,601,602,603,608,612,614,617,622,624,625,629,634,645,657,658,666,672,674,686,688
draft_22951_00088	10,11,15,19,20,284,285,286,287,300,309,333,339,341,345,346,347,352,353,366,367,375,381,394,406,407,421,441,444,453,529,536,537,567,572,582,616,618,640,643,644
draft_22951_00089	10,11,15,284,285,286,333,345,346,352,366,375,391,392,418,428,429,541
draft_22951_00090	10,11,15,19,179,182,284,285,286,287,300,333,339,341,345,346,347,352,353,366,367,394,406,529,583,615,638,639,644,681
draft_22951_00091	10,15,16,17,179,181,182,256,257,286,300,376,380,390,391,394,397,404,419,451,454,485,488,505,520,561,573,637
draft_22951_00092	10,11,15,19,179,181,182,256,257,284,285,286,287,309,333,334,345,346,347,352,353,356,357,359,366,367,371,372,373,374,377,385,388,391,397,404,407,417,419,431,435,436,442,443,446,447,448,450,454,465,471,473,483,491,492,496,503,507,517,521,522,524,525,531,539,540,541,546,547,549,550,553,556,557,565,571,572,574,575,577,578,579,583,585,586,593,596,600,601,604,608,609,614,618,619,620,629,634,635,638,639,641,642,656,657,658,661,665,666,668,669,678,679,681,684,692,703,709,710
draft_22951_00093	10,11,15,16,19,20,179,180,256,284,285,286,287,300,309,333,334,341,345,352,353,356,357,371,372,377,378,381,385,394,407,417,421,431,435,438,441,442,444,447,450,453,465,471,491,494,503,521,525,536,546,547,549,550,553,554,557,565,571,574,575,579,580,583,585,593,594,596,598,600,601,602,604,608,609,618,619,620,624,634,635,638,641,642,644,656,661,665,666,668,669,672,673,678,679,680,681,683,684,685,686,689,690,693,699,705,709,710,711,738,750,801,813
draft_22951_00094	10,11,15,144,149,150,284,285,286,333,341,345,346,352,366,375,391,419,432,443,454,539,540,583,593,684
draft_22951_00095	10,11,12,15,19,20,179,181,182,256,257,284,285,286,287,309,333,334,335,341,345,346,347,352,353,356,358,359,366,367,371,372,373,374,377,385,388,391,397,404,407,417,419,432,435,436,438,442,443,446,447,448,450,454,465,471,473,483,491,492,496,503,507,517,521,522,524,525,531,539,540,541,546,547,550,553,556,557,565,571,572,577,578,579,583,585,586,593,596,600,601,604,608,609,614,618,619,629,634,635,638,639,640,641,642,656,657,658,661,665,666,669,678,679,680,681,684,689,690,698,699,709,710,712
draft_22951_00096	10,11,15,19,284,285,286,287,300,309,333,334,337,341,345,347,352,353,367,375,394,407,567,572,618,644
draft_22951_00097	10,11,15,16,19,20,179,181,182,256,257,284,285,286,287,300,309,333,340,342,345,346,347,352,353,356,359,366,367,371,372,373,374,376,377,379,380,385,388,390,391,392,394,397,398,404,407,417,419,421,435,436,439,442,443,446,447,448,450,451,452,454,465,473,483,485,488,492,496,503,505,507,517,520,522,524,531,539,540,541,546,547,550,556,561,567,568,572,573,577,586,594,597,602,614,618,622,629,637,639,644,646,647,648,655,657,658,660,664,675
draft_22951_00098	10,11,15,19,20,179,181,182,256,257,284,285,286,287,300,309,333,334,345,346,352,353,356,357,359,366,371,372,373,374,377,381,382,385,388,391,393,394,397,400,401,404,407,417,419,421,431,435,436,440,441,442,443,444,446,447,448,450,452,453,454,465,471,473,483,491,492,494,496,503,507,517,521,522,524,525,528,529,531,536,539,540,541,546,547,549,550,553,554,556,557,565,571,574,575,577,578,579,580,581,583,585,586,593,596,598,600,601,604,608,609,614,618,619,620,624,625,629,634,635,638,639,641,642,644,646,647,656,657,658,661,665,666,668,669,672,673,674,678,679,681,684,685,692,694,695,696,703,709,710
draft_22951_00099	10,11,15,16,179,180,256,284,285,286,300,333,341,345,352,356,371,372,377,378,385,394,417,435,438,442,447,450,465,471,491,503,517,521,525,546,547,550,553,557,565,571,579,583,585,593,596,600,601,604,608,609,619,634,635,641,644,661,665,666,669,678,679,680,684,729,792
draft_22951_00100	10,11,15,16,144,146,147,256,257,284,285,286,300,345,346,352,359,360,366,371,373,374,375,376,377,380,388,390,391,393,394,397,400,401,404,417,419,436,439,443,446,447,448,450,451,454,473,483,485,486,488,489,492,496,500,503,505,507,517,520,522,528,529,540,541,547,548,561,570,573,597,612,637,644,655,657,675
draft_22951_00101	10,11,15,16,179,181,182,256,257,284,285,286,301,333,345,346,352,356,359,366,371,372,373,374,377,385,388,417,419,423,435,436,442,443,446,447,448,450,465,468,471,478,491,497,503,516,517,521,524,525,531,539,540,546,547,550,553,556,557,565,571,577,593,600,601,608,617,634,645,666
draft_22951_00102	10,11,15,19,284,285,286,287,300,345,346,347,352,353,366,367,375,391,393,394,406,529,541,567,616,644,660
draft_22951_00103	10,15,16,34,284,286,294,300,369,375,376,394,413,419,451,479,489,490
draft_22951_00104	10,11,15,19,284,285,286,287,300,333,345,352,353,375,394,421,440,444,452,536,580,593,644
draft_22951_00105	10,15,19,20,284,285,286,287,300,345,347,353,367,375,381,394,406,421,452,453,560,613
draft_22951_00106	10,11,15,19,179,181,182,256,257,284,285,286,287,300,333,345,346,352,353,356,359,366,371,372,373,374,377,382,385,388,391,393,394,397,400,401,404,417,419,421,435,436,440,442,443,444,446,447,448,450,452,454,465,471,473,483,491,492,494,496,503,507,517,521,522,524,525,528,529,531,536,539,540,541,546,547,550,553,554,556,557,565,571,577,578,579,580,583,585,586,593,596,598,600,601,604,608,609,614,619,624,629,634,635,641,644,646,647,657,658,661,665,666,669,672,673,678,679,684,685,696
draft_22951_00107	10,15,284,285,286,300,333,345,346,352,366,375,394,529,644
draft_22951_00108	10,11,15,19,179,181,182,256,257,284,285,286,287,300,333,342,345,346,352,353,356,359,366,371,372,373,374,377,382,383,385,388,391,393,394,397,400,401,404,417,419,421,433,435,436,442,443,444,446,447,448,450,454,465,471,473,483,491,492,494,496,503,507,517,521,522,524,525,528,529,531,536,539,540,541,546,547,550,553,554,556,557,565,571,578,579,581,583,585,586,593,596,600,601,604,608,609,614,619,625,629,634,635,641,644,657,658,661,665,666,669,673,674,678,679,684
draft_22951_00109	10,11,15,284,285,286,300,345,346,352,366,375,391,393,394,529,541,644,657
draft_22951_00110	10,11,15,19,20,179,181,182,256,257,284,285,286,287,309,333,334,345,346,352,353,356,357,359,366,371,372,373,374,375,377,381,382,385,388,391,392,397,398,404,407,417,419,421,431,435,436,440,441,442,443,444,446,447,448,450,452,453,454,465,471,473,483,491,492,494,496,503,507,517,521,522,524,525,531,536,539,540,541,546,547,549,550,553,554,556,557,565,571,574,575,578,579,580,583,585,586,593,596,598,600,601,604,608,609,614,618,619,620,624,629,634,635,638,641,642,646,647,656,657,658,661,665,666,668,669,672,673,678,679,683,684,685,686,687,688,696,709,711
draft_22951_00111	10,15,16,34,144,149,150,284,285,286,294,300,345,346,350,352,354,366,369,376,391,394,413,419,451,454,476,488,490,508
draft_22951_00112	10,11,15,16,17,144,146,147,179,181,182,256,257,258,259,284,285,286,300,301,333,334,345,346,352,356,357,359,360,366,371,372,373,374,376,377,380,385,388,390,391,397,399,404,417,419,423,431,435,436,439,442,443,446,447,448,450,451,454,465,471,473,483,487,491,492,496,503,507,516,517,518,521,522,523,524,525,531,539,540,541,546,547,550,553,556,557,565,571,577,578,579,583,585,586,593,594,596,600,601,604,608,609,614,619,629,634,635,641,657,658,661,665,666,669,678,679,684,709,710
draft_22951_00113	10,11,12,15,16,19,20,21,34,179,180,181,182,186,256,257,258,284,285,286,287,294,309,333,334,341,345,352,353,354,356,357,358,359,366,371,372,375,376,377,378,380,382,384,385,386,387,388,390,391,392,397,398,404,409,415,417,419,421,431,432,435,438,440,442,443,444,447,450,451,452,454,458,459,460,465,466,471,473,482,483,485,488,491,494,496,503,505,507,517,520,521,522,524,525,531,532,533,536,539,540,541,546,547,550,553,554,556,557,561,565,571,573,577,579,580,581,583,585,586,593,594,596,597,598,600,601,602,604,608,609,614,619,622,624,625,629,634,635,637,641,646,647,648,651,655,658,661,665,666,669,672,673,674,675,678,679,680,684,685,689,693,705,709,710,711,726,737,759,789,800,822
draft_22951_00114	10,11,12,15,16,19,179,180,256,284,285,286,287,300,333,334,341,345,352,353,356,357,371,372,375,377,378,385,394,417,421,431,435,438,440,442,444,447,450,452,465,471,491,494,503,517,521,525,536,546,547,550,553,554,557,565,571,579,580,583,585,593,596,598,600,601,604,608,609,619,624,634,635,641,644,661,665,666,669,672,673,678,679,680,684,685,686,689,693,697,705,709,710,711,713,738,756,759,801,819,822
draft_22951_00115	10,11,15,16,19,20,21,179,181,182,256,257,284,285,286,287,300,309,333,334,345,346,352,353,356,357,359,366,371,373,374,375,376,377,380,381,382,385,388,390,391,392,393,394,397,398,400,401,404,407,417,419,421,431,436,440,441,442,443,444,446,447,448,450,451,452,453,454,465,473,483,485,488,489,491,492,494,496,505,507,520,522,524,528,529,531,536,539,541,546,550,554,556,557,561,571,573,577,580,581,586,593,594,597,598,600,602,614,618,622,625,629,637,638,642,646,647,648,651,655,656,658,666,673,674,675,683,686,687,688,709
draft_22951_00116	10,11,15,19,284,285,286,287,300,309,333,339,341,345,346,347,352,353,366,367,375,391,393,394,407,529,541,567,572,644,657,660
draft_22951_00117	10,11,15,16,179,181,182,256,257,284,285,286,300,333,341,345,346,352,356,359,366,371,372,373,374,376,377,378,379,380,385,388,391,394,397,404,417,419,435,436,438,439,442,443,446,447,448,450,451,454,465,471,473,483,485,488,491,492,496,500,503,507,517,521,522,524,525,531,539,540,541,546,547,548,550,553,556,557,561,565,570,571,577,578,579,583,585,586,593,596,600,601,604,608,609,612,614,619,629,634,635,641,644,655,657,658,661,665,666,669,675,678,679,684
draft_22951_00118	10,11,15,19,20,179,182,284,285,286,287,300,333,334,336,345,347,352,353,367,394,406,421,440,444,452,536,580,582,583,593,615,638,639,643,644,681,684,685,692,694,709,710
draft_22951_00119	10,11,12,15,19,20,179,180,181,182,186,256,257,258,284,285,286,287,309,333,334,341,345,352,353,356,357,358,359,371,372,375,377,378,381,385,386,387,388,391,397,404,407,417,419,421,431,432,435,438,441,442,443,444,447,450,453,454,462,465,471,473,483,491,494,495,496,503,507,517,521,524,525,531,536,537,539,540,546,547,549,550,553,554,556,557,565,567,571,574,575,577,578,579,580,583,585,586,593,596,598,600,601,603,604,608,609,614,618,619,620,624,629,634,635,638,641,642,656,657,658,660,661,665,666,668,669,672,673,678,679,680,681,684,685,689,690,693,697,698,699,700,705,709,710,711,713,759,822
draft_22951_00120	10,11,12,15,19,20,179,180,181,182,186,256,257,258,284,285,286,287,309,333,334,341,345,352,353,356,357,358,359,371,372,375,377,378,381,385,386,387,388,391,397,404,407,417,419,421,431,432,435,438,441,442,443,444,447,450,453,454,465,471,473,483,491,494,496,503,507,517,521,524,525,531,536,539,540,546,547,549,550,553,554,556,557,565,571,574,575,577,578,579,580,583,585,586,593,596,598,600,601,604,608,609,614,618,619,620,624,629,634,635,638,641,642,656,657,658,661,665,666,668,669,672,673,678,679,680,681,683,684,685,686,689,690,693,697,698,699,705,709,710,711,713,759,822
draft_22951_00121	10,11,15,16,17,19,20,21,179,181,182,256,257,284,285,286,287,300,301,309,333,345,346,352,353,359,366,376,377,379,380,381,382,388,390,391,393,394,395,397,399,400,401,404,407,417,419,421,423,439,440,441,443,444,450,451,452,453,454,468,473,478,483,485,486,487,488,489,495,496,500,505,507,516,518,519,520,523,528,529,536,537,541,548,561,570,573,581,597,603,612,614,617,618,636,639,644,645,646,648,651,655,657,675
draft_22951_00122	10,11,15,16,17,144,146,147,179,181,182,256,257,258,259,284,285,286,300,333,341,345,346,352,356,358,359,360,366,371,373,374,376,377,378,379,380,385,387,388,389,390,391,393,394,397,400,401,404,417,419,432,436,438,439,442,443,446,447,448,450,451,454,465,473,483,485,486,488,489,492,496,500,503,505,507,520,522,524,528,529,531,539,540,541,546,547,548,550,556,561,570,573,577,586,594,597,602,612,614,622,629,637,644,655,658,675
draft_22951_00123	10,11,12,15,16,19,20,179,181,182,256,257,284,285,286,287,300,333,334,345,346,352,353,356,357,359,366,371,372,373,374,375,376,377,385,388,391,393,394,397,404,417,419,421,431,435,436,440,442,443,444,446,447,448,450,452,454,465,471,473,483,491,492,496,503,507,517,521,522,524,525,529,531,539,540,541,546,547,550,553,556,557,561,565,571,578,579,583,585,586,593,596,600,601,604,608,609,614,619,629,634,635,637,641,644,646,647,648,655,657,658,661,665,666,669,678,679,684,709,711
draft_22951_00124	10,11,15,16,179,181,182,256,257,284,285,286,300,333,341,345,346,352,356,359,366,371,372,373,374,377,378,385,388,391,394,397,404,417,419,435,436,438,442,443,446,447,448,450,454,465,471,473,483,491,492,496,500,503,507,517,521,522,524,525,531,539,540,541,546,547,548,550,553,556,557,565,570,571,577,578,579,583,585,586,593,596,600,601,604,608,609,612,614,619,629,634,635,641,644,657,658,661,665,666,669,678,679,684
draft_22951_00125	10,11,15,144,146,147,284,285,286,333,345,346,352,366,375,391,392,541,593,614,657
draft_22951_00126	10,11,15,19,284,285,286,287,300,333,334,337,341,342,345,352,353,375,394,421,433,444,536,537,644,709
draft_22951_00127	10,11,12,15,16,19,20,179,180,256,284,285,286,287,300,333,334,341,345,346,352,353,356,357,366,371,372,377,378,385,391,393,394,417,421,431,435,438,440,442,444,447,450,452,465,471,491,494,496,503,517,521,525,529,536,537,541,546,547,550,553,554,557,565,570,571,579,580,583,585,586,593,596,598,600,601,603,604,608,609,612,614,619,624,629,634,635,641,644,657,658,661,665,666,669,672,673,678,679,680,684,685,689,693,696,705,708,709,710,711,717,780
draft_22951_00128	10,11,12,15,19,20,179,180,256,284,285,286,287,300,309,333,334,339,341,345,346,352,353,356,357,366,371,372,381,385,394,407,417,421,431,435,441,442,444,447,453,465,471,491,517,521,525,529,536,550,553,557,565,571,579,580,581,583,585,593,596,600,604,608,609,618,619,634,635,638,639,641,644,661,665,669,678,679,680,681,684,685,689,690,693,697,699,705,709,710,711
draft_22951_00129	10,11,15,19,20,179,181,182,256,257,284,285,286,287,309,333,341,345,347,352,353,356,358,359,367,371,372,377,385,388,391,397,404,407,417,419,432,435,438,442,443,447,450,454,462,465,471,473,483,491,496,503,507,517,521,524,525,531,539,540,546,547,549,550,553,556,557,565,567,571,572,574,575,577,578,579,583,585,586,593,596,600,601,604,608,609,614,618,619,620,629,634,635,638,641,642,656,657,658,660,661,665,666,668,669,678,679,680,681,684,689,690,699
draft_22951_00130	10,11,15,16,144,146,147,256,257,284,285,286,300,333,341,345,346,352,356,358,359,366,371,373,374,375,376,377,380,388,390,391,393,394,397,400,401,404,417,419,432,436,438,442,443,446,447,448,450,451,454,473,483,485,486,488,489,492,496,500,503,505,507,520,522,524,528,529,539,540,541,546,547,548,561,570,573,586,597,600,612,614,637,644,655,658,675
draft_22951_00131	10,11,15,16,19,20,179,181,182,256,257,284,285,286,287,300,333,345,352,353,356,359,360,371,372,375,376,377,379,380,382,385,388,390,391,393,394,397,400,401,404,417,419,421,435,439,440,442,443,444,447,450,451,452,454,465,473,483,485,488,489,494,496,503,505,507,520,524,528,531,536,539,540,546,547,550,554,556,561,573,581,586,594,597,602,614,622,625,629,637,644,646,648,655,657,658,674,675
draft_22951_00132	10,11,15,16,179,181,182,256,257,284,285,286,300,333,341,345,346,352,356,359,366,371,372,373,374,377,378,385,388,391,394,397,404,417,419,435,436,438,442,443,446,447,448,450,454,465,471,473,483,491,492,496,503,507,517,521,522,524,525,531,539,540,541,546,547,550,553,556,557,565,571,578,579,583,585,586,593,594,596,600,601,602,604,608,609,614,619,622,629,634,635,641,644,657,658,661,665,666,669,678,679,684
draft_22951_00133	10,11,15,19,284,285,286,287,300,333,345,346,347,352,353,366,367,375,394,406,529,639,644
draft_22951_00134	10,11,15,284,285,286,333,345,346,352,366,375,391,392,417,435,442,447,465,517,541,600
draft_22951_00135	10,11,15,16,144,146,147,179,180,256,257,258,284,285,286,300,301,333,334,341,345,346,352,356,357,358,359,366,371,372,373,374,377,378,385,386,387,388,394,395,399,400,417,419,423,431,432,435,436,438,442,443,446,447,448,450,465,468,471,478,491,497,503,516,517,521,523,524,525,528,531,539,540,546,547,550,553,556,557,565,571,577,579,583,585,593,594,596,600,601,602,604,608,609,617,619,622,634,635,641,644,645,661,665,666,669,678,679,680,684,689,709,710,711,729,738,759,792,801,822
draft_22951_00136	10,11,15,19,20,179,182,284,285,286,287,300,333,340,342,345,346,347,352,353,366,367,375,391,393,394,406,529,541,567,568,614,615,616,639,644,660,663
draft_22951_00137	10,11,12,15,19,20,34,179,180,284,285,286,294,300,309,333,339,341,345,346,350,352,354,366,369,391,393,394,409,415,458,459,460,466,529,541,583,593,614,644,657,680,684
draft_22951_00138	10,11,12,15,16,17,19,179,181,182,186,188,189,256,257,284,285,286,287,300,333,345,346,352,353,356,359,366,371,372,375,376,377,379,380,382,385,388,390,391,392,393,394,397,400,401,404,417,419,421,435,439,440,442,443,444,447,450,451,452,454,465,473,483,485,488,489,494,496,503,505,507,520,524,528,531,536,539,540,541,546,547,550,554,556,561,570,573,581,586,594,597,602,612,614,622,625,629,637,644,648,655,657,658,674,675
draft_22951_00139	10,11,15,16,179,181,182,256,257,284,285,286,300,333,345,346,352,356,359,366,371,372,373,374,376,377,380,385,388,390,391,394,397,404,417,419,435,436,442,443,446,447,448,450,451,454,465,473,483,485,488,492,496,503,505,507,517,520,522,524,531,539,540,541,546,547,550,556,561,573,577,586,594,597,600,602,614,622,629,637,655,658,675
draft_22951_00140	10,11,15,284,285,286,300,333,345,346,352,366,375,391,393,394,529,541,614,644
draft_22951_00141	10,11,15,16,179,180,256,284,285,286,300,333,341,345,352,356,371,372,377,378,385,394,417,435,438,442,447,450,465,471,491,503,517,521,525,546,547,550,553,557,565,571,579,583,585,593,594,596,600,601,602,604,608,609,619,634,635,641,644,661,665,666,669,678,679,680,684,750,813
draft_22951_00142	10,11,12,15,19,20,179,180,181,182,186,187,193,256,257,258,260,284,285,286,287,309,333,334,341,345,352,353,356,357,358,359,371,372,377,378,381,385,386,387,388,391,397,404,407,417,419,421,431,432,435,438,441,442,443,444,447,450,453,454,465,471,473,483,491,494,496,503,507,517,521,524,525,531,536,539,540,546,547,549,550,553,554,556,557,565,571,574,575,577,578,579,580,583,585,586,593,596,598,600,601,604,608,609,614,618,619,620,624,629,634,635,638,641,642,656,657,658,661,665,666,668,669,672,678,679,680,681,683,684,685,686,689,690,693,697,698,699,705,709,710,711,713,759,822
draft_22951_00143	10,11,15,284,285,286,333,339,341,345,346,352,366,375,391,392,541
draft_22951_00144	10,11,15,16,17,144,146,147,179,181,182,256,257,258,259,284,285,286,300,333,341,345,352,356,358,359,360,366,374,375,376,377,378,379,380,385,387,388,389,390,391,393,394,397,400,401,404,417,419,432,438,439,442,443,448,450,451,454,465,473,483,485,486,488,489,491,492,496,500,505,507,520,522,524,525,528,529,531,539,540,541,546,548,550,556,557,561,570,571,573,586,593,594,597,601,602,612,614,622,629,634,637,655,658,666,675
draft_22951_00145	10,11,12,15,19,20,21,179,181,182,256,257,284,285,286,287,309,333,334,336,341,345,346,352,353,356,358,359,366,371,372,373,374,377,381,385,388,391,397,404,407,417,419,421,432,435,436,438,441,442,443,444,446,447,448,450,453,454,465,471,473,483,491,492,496,503,507,517,521,522,524,525,531,536,539,540,541,546,547,550,553,556,557,565,571,577,578,579,580,583,585,586,593,596,600,601,604,608,609,614,618,619,629,634,635,638,641,657,658,661,665,666,669,678,679,680,681,683,684,685,686,689,690,691,693,694,695,697,698,699,705,709,710,711
draft_22951_00146	10,11,15,16,19,20,179,181,182,256,257,284,286,287,300,366,375,376,380,390,391,392,393,394,397,398,400,401,404,419,421,451,452,454,485,488,489,505,520,522,541,561,573,637,647,648,651
draft_22951_00147	10,11,15,16,179,181,182,256,257,284,285,286,345,346,352,359,366,371,373,374,377,388,391,397,404,417,419,436,443,446,447,448,450,454,473,483,486,492,496,500,503,507,517,522,540,541,547,548,570,578,612,657
draft_22951_00148	10,11,15,16,179,181,182,256,257,284,285,286,301,333,341,345,346,352,356,358,359,366,371,372,373,374,375,377,385,388,417,419,423,432,435,436,438,442,443,446,447,448,450,465,468,471,478,491,497,503,516,517,521,524,525,531,539,540,546,547,550,553,556,557,565,571,577,579,583,585,593,596,600,601,604,608,609,617,634,635,641,645,661,665,666,669,678,679,684
draft_22951_00149	10,11,12,15,19,20,284,285,286,287,300,333,334,337,341,342,345,346,352,353,366,375,391,393,394,421,433,444,529,536,537,541,603,614,644,657,709
draft_22951_00150	10,11,12,15,16,19,20,179,181,182,256,257,284,285,286,287,309,333,341,345,346,347,352,353,356,358,359,366,367,371,372,375,376,377,380,385,388,390,391,392,397,398,404,407,417,419,421,432,435,438,442,443,447,450,451,452,454,465,473,483,485,488,491,496,503,505,507,520,522,524,525,531,539,540,541,546,547,550,556,557,561,567,571,572,573,583,586,593,594,597,600,601,602,604,614,622,629,634,635,637,646,647,655,657,658,660,661,666,669,675,679
draft_22951_00151	10,11,15,16,19,20,179,180,256,284,285,286,287,300,309,333,334,341,345,352,353,356,357,371,372,377,378,381,385,394,407,417,421,431,435,438,441,442,444,447,450,453,465,471,491,494,503,517,521,525,536,546,547,548,549,550,553,554,557,565,570,571,574,575,579,580,583,585,593,596,598,600,601,604,608,609,618,619,620,624,634,635,638,641,642,644,656,661,665,666,668,669,672,673,678,679,680,681,683,684,685,686,689,690,692,693,696,699,704,705,708,709,710,711,717,738,771,780,801,834
draft_22951_00152	10,11,15,16,19,20,284,285,286,287,300,333,345,346,352,353,366,375,391,393,394,421,440,444,452,529,536,541,581,589,594,614,644,646,647,657
draft_22951_00153	10,11,15,179,181,182,284,285,286,333,345,346,352,366,375,391,392,541,583,593,614,657,684
draft_22951_00154	10,11,12,15,19,20,179,180,181,182,183,186,193,256,257,258,284,285,286,287,309,333,334,341,345,352,353,356,357,358,359,371,372,377,378,381,385,386,387,388,391,397,404,407,417,419,421,431,432,435,438,441,442,443,444,447,450,453,454,465,471,473,483,491,494,496,503,507,517,521,524,525,531,536,539,540,546,547,549,550,553,554,556,557,565,571,574,575,577,578,579,580,583,585,586,593,596,598,600,601,604,608,609,614,618,619,620,624,629,634,635,638,641,642,656,657,658,661,665,666,668,669,672,678,679,680,681,683,684,685,686,689,690,693,697,698,699,705,709,710,711,713,759,822
draft_22951_00155	10,11,15,144,146,147,284,285,286,300,333,339,341,345,346,352,366,375,391,393,394,529,541,583,593,614,644,657,684
draft_22951_00156	10,11,15,16,19,179,181,182,256,257,284,285,286,287,300,333,341,345,352,353,356,358,359,371,372,375,376,377,380,382,385,388,390,391,393,394,397,400,401,404,417,419,421,432,435,438,440,442,443,444,447,450,451,452,454,465,473,483,485,488,489,491,494,496,503,505,507,520,524,525,528,531,536,539,540,546,547,550,554,556,557,561,571,573,580,581,586,593,594,597,600,601,602,614,622,624,625,629,634,637,644,648,655,658,666,672,674,675
draft_22951_00157	10,11,12,15,19,20,179,180,256,284,285,286,287,300,309,333,334,342,345,352,353,356,357,371,372,382,383,385,394,407,417,421,431,435,440,442,444,447,452,471,491,499,517,521,525,536,542,543,549,553,557,565,571,574,575,579,580,583,585,591,593,596,598,600,604,607,608,609,618,619,620,635,638,641,642,644,652,656,661,665,668,669,678,679,680,681,684,685,689,690,693,697,705,709,710,711,715,778
draft_22951_00158	10,11,15,19,284,285,286,287,333,345,346,347,352,353,366,367,375,391,392,417,421,435,437,442,444,446,447,449,450,503,517,541,554,600,673,674
draft_22951_00159	10,11,15,16,34,144,149,150,284,285,286,294,300,345,346,352,366,369,375,376,391,393,394,413,419,451,454,476,488,490,520,529,541,570,597,612,644
draft_22951_00160	10,11,15,16,17,144,146,147,179,181,182,256,257,258,259,284,285,286,300,301,333,334,345,346,352,356,357,359,360,366,371,373,374,376,377,379,380,385,386,388,389,390,391,394,395,397,399,400,404,417,419,423,431,436,439,442,443,446,447,448,450,451,454,465,468,473,478,483,485,487,488,489,492,496,497,505,507,516,518,520,522,523,524,528,531,539,541,546,550,556,561,573,577,586,594,597,602,614,617,622,629,637,645,655,658,675
draft_22951_00161	10,15,16,284,285,286,300,345,346,352,366,394,529,570,644
draft_22951_00162	10,11,15,19,284,285,286,287,309,333,345,346,347,352,353,366,367,375,391,392,407,541,572,614,618,639,657
draft_22951_00163	10,11,12,15,16,19,20,179,181,182,256,257,284,285,286,287,300,309,333,334,337,341,345,346,347,352,353,356,359,366,367,371,373,374,375,376,377,378,380,382,385,388,390,391,393,394,397,400,401,404,407,417,419,421,436,438,440,442,443,444,446,447,448,450,451,452,454,465,473,483,485,488,489,492,494,496,500,503,505,507,520,522,524,528,529,531,536,537,539,541,546,547,548,550,554,556,561,567,570,572,573,577,581,586,594,597,602,603,612,614,618,622,625,629,637,644,646,647,648,651,655,657,658,660,673,674,675
draft_22951_00164	10,11,15,179,181,182,256,257,284,285,286,333,341,345,346,352,356,358,359,366,371,372,373,374,375,377,385,388,391,397,404,417,419,432,435,436,438,442,443,446,447,448,450,454,465,471,473,483,491,492,496,503,507,517,521,522,524,525,531,539,540,541,546,547,550,553,556,557,565,571,577,578,579,583,585,586,593,596,600,601,604,608,609,614,619,629,634,635,641,657,658,661,665,666,669,678,679,680,684
draft_22951_00165	10,11,12,15,19,20,179,181,182,256,257,284,285,286,287,309,333,334,341,345,346,352,353,356,357,358,359,366,371,372,373,374,375,377,381,385,388,391,397,404,407,417,419,421,431,432,435,436,438,441,442,443,444,446,447,448,450,453,454,465,471,473,483,491,492,494,496,503,507,517,521,522,524,525,531,536,539,540,541,546,547,549,550,553,554,556,557,565,571,574,575,578,579,580,583,585,586,593,596,598,600,601,604,608,609,614,618,619,620,624,629,634,635,638,641,642,656,657,658,661,665,666,668,669,672,673,678,679,680,681,683,684,685,686,689,690,693,697,698,699,705,709,710,711
draft_22951_00166	10,11,15,16,144,146,147,179,181,182,256,257,258,259,284,285,286,300,333,341,345,346,352,356,358,359,360,366,371,372,373,374,376,377,378,379,380,385,387,388,389,390,391,393,394,397,400,401,404,417,419,432,435,436,438,439,442,443,446,447,448,450,451,454,465,471,473,483,485,486,488,489,491,492,496,500,503,505,507,517,520,521,522,524,525,528,529,531,539,540,541,546,547,548,550,553,556,557,561,565,570,571,573,577,578,579,583,585,586,593,596,597,600,601,604,608,609,612,614,619,629,634,635,637,641,644,655,657,658,661,665,666,669,675,678,679,684
draft_22951_00167	10,11,12,15,16,17,19,20,21,144,146,147,151,154,179,181,182,256,257,258,259,284,285,286,287,300,309,333,340,341,342,345,346,347,352,353,356,358,359,360,366,367,376,377,378,379,380,382,385,387,388,389,390,391,392,393,394,397,398,400,401,404,406,407,417,419,421,432,438,439,440,442,443,444,450,451,452,454,465,473,483,485,486,488,489,494,495,496,500,505,507,520,522,524,528,531,536,537,539,541,546,548,550,554,556,561,568,570,572,573,581,583,586,593,594,597,602,603,612,613,614,615,618,622,625,629,637,638,639,640,646,647,648,655,657,658,663,664,674,675,681,683,684,691,692,703
draft_22951_00168	10,11,12,15,16,19,20,21,144,149,150,179,181,182,256,257,284,285,286,287,300,309,333,334,336,345,352,353,356,357,359,366,375,376,377,379,380,381,382,385,388,390,391,392,393,394,397,398,404,407,417,419,421,431,439,440,441,442,443,444,450,451,452,453,454,465,473,483,485,488,491,494,496,505,507,520,522,524,531,536,539,541,546,550,554,556,557,561,571,573,580,581,583,586,593,594,596,597,598,602,608,609,614,618,622,625,629,637,638,641,644,646,647,648,651,655,657,658,666,674,675,681,683,684,685,686,687,688,692,694,695,696,703,709,710,711,713
draft_22951_00169	10,11,12,15,16,19,20,179,180,256,284,285,286,287,300,309,333,334,339,341,342,345,346,352,353,356,357,366,371,372,375,382,383,385,391,393,394,407,417,421,431,435,440,442,444,447,452,471,491,499,517,521,525,529,536,537,541,542,543,549,553,557,565,570,571,574,575,579,580,583,585,591,593,596,600,603,604,607,608,609,612,614,618,619,620,635,638,641,642,644,646,647,652,656,657,661,665,668,669,678,679,680,681,684,685,689,690,693,697,699,705,709,710,711,715,778
draft_22951_00170	10,11,12,15,16,17,144,146,147,179,181,182,256,257,258,259,284,285,286,301,333,334,345,346,352,356,357,359,360,366,371,372,373,374,375,376,377,380,385,388,390,391,392,397,398,404,417,419,423,431,435,436,439,442,443,446,447,448,450,451,454,465,468,471,473,483,485,487,488,491,492,496,497,503,505,507,516,517,518,520,521,522,524,525,531,539,540,541,546,547,550,553,556,557,561,565,571,573,577,578,579,583,585,586,593,596,597,600,601,604,608,609,614,619,629,634,635,641,645,655,657,658,661,665,666,669,678,679,684,709,711
draft_22951_00171	10,11,15,16,144,146,147,256,257,284,285,286,300,333,345,346,352,359,360,366,371,373,374,375,376,377,380,388,390,391,393,394,397,400,401,404,417,419,436,439,443,446,447,448,450,451,454,473,483,485,486,488,489,492,496,500,503,505,507,517,520,522,528,529,539,540,541,547,548,561,570,573,597,612,614,637,644,655,657,675
draft_22951_00172	10,11,15,16,179,181,182,256,257,284,285,286,300,333,345,352,356,359,371,372,376,377,379,380,385,388,391,394,397,404,417,419,435,439,442,443,447,450,451,454,465,471,473,483,485,488,491,496,503,507,517,521,524,525,531,539,540,546,547,550,553,556,557,561,565,571,577,578,579,583,585,586,593,596,600,601,604,608,609,614,619,629,634,635,641,644,655,657,658,661,665,666,669,675,678,679,684
draft_22951_00173	10,11,12,15,16,17,19,20,144,146,147,179,181,182,256,257,258,259,284,285,286,287,300,301,333,341,345,347,352,353,356,358,359,367,371,372,375,376,377,380,382,385,388,390,391,393,394,395,397,399,400,404,406,417,419,421,423,432,435,438,440,442,443,444,447,450,451,452,454,462,465,468,473,478,483,485,487,488,489,491,494,496,503,505,507,516,518,519,520,523,524,525,531,536,539,540,546,547,549,550,554,556,557,561,567,571,573,574,575,580,581,586,593,594,595,597,600,601,602,605,614,616,617,620,622,624,625,629,634,636,637,638,642,644,645,648,655,656,658,660,666,667,672,674,675,683,687
draft_22951_00174	10,11,15,16,179,181,182,256,257,284,285,286,300,333,345,346,352,356,359,366,371,372,373,374,376,377,379,380,385,388,391,394,397,404,417,419,435,436,439,442,443,446,447,448,450,451,454,465,471,473,483,485,488,491,492,496,503,507,517,521,522,524,525,531,539,540,541,546,547,550,553,556,557,561,565,571,577,578,579,583,585,586,593,596,600,601,604,608,609,614,619,629,634,635,641,644,655,657,658,661,665,666,669,675,678,679,684
draft_22951_00175	10,11,15,16,179,181,182,284,285,286,345,346,352,366,375,391,392,541,570,612,657
draft_22951_00176	10,11,12,15,16,19,144,146,147,179,180,256,257,258,284,285,286,287,300,333,334,341,345,352,356,357,358,359,371,372,375,376,377,378,380,385,387,388,390,391,393,394,397,400,401,404,417,419,421,431,432,435,438,442,443,447,450,451,452,454,465,471,473,483,485,486,488,489,491,496,500,503,505,507,520,521,524,525,528,531,539,540,546,547,548,550,553,556,557,561,565,570,571,573,577,579,583,585,586,593,594,596,597,600,601,602,604,608,609,612,614,619,622,629,634,635,637,641,644,646,655,658,661,665,666,669,675,678,679,680,684,689,709,710,711,717,729,738,750,759,771,780,792,801,813,822,834
draft_22951_00177	10,11,12,15,19,20,179,180,181,182,186,256,257,258,284,285,286,287,309,333,334,341,345,352,353,356,357,358,359,371,372,375,377,378,381,385,386,387,388,391,397,404,407,417,419,421,431,432,435,438,441,442,443,444,447,450,453,454,465,471,473,483,491,494,496,503,507,517,521,524,525,531,536,539,540,546,547,549,550,553,554,556,557,565,571,574,575,577,578,579,580,583,585,586,593,596,598,600,601,604,608,609,614,618,619,620,624,629,634,635,638,641,642,656,657,658,661,665,666,668,669,672,673,678,679,680,681,683,684,685,686,689,690,693,697,698,699,700,705,709,710,711,713,717,735,759,780,798,822
draft_22951_00178	10,11,15,16,19,179,181,182,284,285,286,287,300,333,345,346,352,353,366,391,392,393,394,421,440,444,452,529,536,541,570,581,594,612,614,644,657
draft_22951_00179	10,11,15,16,179,181,182,256,257,284,285,286,300,333,341,345,346,352,356,359,366,371,372,373,374,376,377,378,379,380,385,388,391,394,397,404,417,419,435,436,438,439,442,443,446,447,448,450,451,454,465,471,473,483,485,488,491,492,496,500,503,507,517,521,522,524,525,531,539,540,541,546,547,548,550,553,556,557,561,565,570,571,577,578,579,583,585,586,593,596,600,601,604,608,609,612,614,619,629,634,635,641,644,655,657,658,661,665,666,669,675,678,679,684
draft_22951_00180	10,11,12,15,19,20,179,180,256,284,285,286,287,300,309,333,334,340,342,345,347,352,353,356,357,367,371,372,385,394,407,417,421,431,435,440,442,444,447,452,463,471,491,517,521,525,536,538,549,553,557,565,567,571,572,574,575,579,580,583,585,593,596,598,600,604,608,609,618,619,620,635,638,641,642,644,656,661,665,668,669,678,679,680,681,684,685,689,690,693,697,699,705,709,710,711
draft_22951_00181	10,11,12,15,19,20,21,179,180,256,284,285,286,287,300,309,333,334,339,341,345,346,352,353,356,357,366,371,372,381,385,391,393,394,407,417,421,431,435,441,442,444,447,453,465,471,491,517,521,525,529,536,537,541,550,553,557,565,567,571,579,580,581,583,585,593,596,600,603,604,608,609,614,618,619,629,634,635,638,639,641,644,657,660,661,665,669,678,679,680,682,684,687,688,689,709,710,711
draft_22951_00182	10,11,15,16,179,181,182,284,285,286,300,333,339,341,345,346,352,366,391,393,394,529,541,583,593,594,614,644,657,684
draft_22951_00183	10,11,15,16,19,20,179,181,182,256,257,284,285,286,287,300,333,341,345,346,352,353,356,359,366,371,373,374,375,376,377,378,380,382,385,388,390,391,392,393,394,397,400,401,404,417,419,421,436,438,440,442,443,444,446,447,448,450,451,452,454,465,473,483,485,488,489,492,494,496,500,503,505,507,520,522,524,528,529,531,536,537,539,541,546,547,548,550,554,556,561,570,573,577,581,586,594,597,602,603,612,614,622,625,629,637,646,647,648,651,655,658,673,674,675
draft_22951_00184	10,11,12,15,16,19,179,180,256,284,285,286,287,300,333,334,341,345,352,353,356,357,366,371,372,375,377,378,385,391,393,394,417,421,431,435,438,440,442,444,447,450,452,465,471,491,494,503,517,521,525,529,536,541,546,547,550,553,554,557,565,571,579,580,583,585,593,596,598,600,601,604,608,609,614,619,624,629,634,635,641,644,647,661,665,666,669,672,673,678,679,680,684,685,689,693,696,705,708,709,710,711,717,780
draft_22951_00185	10,11,15,19,284,285,286,287,300,309,333,345,346,347,352,353,366,367,394,407,529,572,583,593,618,638,644,680,681,684,690
draft_22951_00186	10,11,15,179,181,182,256,257,284,285,286,333,334,345,346,352,356,357,359,366,371,372,373,374,375,377,385,388,391,397,404,417,419,431,435,436,442,443,446,447,448,450,454,465,471,473,483,491,492,496,503,507,517,521,522,524,525,531,539,540,541,546,547,550,553,556,557,565,571,578,579,583,585,586,593,596,600,601,604,608,609,614,619,629,634,635,641,657,658,661,665,666,669,678,679,684,709,711
draft_22951_00187	10,11,15,19,284,285,286,287,300,333,334,337,341,342,345,352,353,375,394,421,433,444,536,580,581,583,593,644,709,710
draft_22951_00188	10,11,15,19,179,180,256,284,285,286,287,300,309,333,334,341,345,347,352,353,356,357,367,371,372,377,378,385,394,407,417,431,435,438,442,447,450,465,471,491,503,517,521,525,546,547,549,550,553,557,565,571,572,574,575,579,583,585,593,596,600,601,604,608,609,618,619,620,634,635,638,641,642,644,656,661,665,666,668,669,678,679,680,681,683,684,689,690,699,709,710,711,738,801
draft_22951_00189	10,11,12,15,16,19,144,146,147,179,180,256,257,258,284,285,286,287,300,333,334,341,345,346,352,356,357,358,359,366,371,372,376,377,378,380,385,387,388,390,391,393,394,397,400,401,404,417,419,421,431,432,435,438,442,443,447,450,451,452,454,465,471,473,483,485,486,488,489,491,496,500,503,505,507,517,520,521,524,525,528,529,531,539,540,546,547,548,550,553,556,557,561,565,570,571,573,577,579,583,585,586,593,596,597,600,601,604,608,609,612,614,619,629,634,635,637,641,644,646,655,658,661,665,666,669,675,678,679,680,684,689,709,710,711,717,738,771,780,801,834
draft_22951_00190	10,11,15,16,144,146,147,256,257,284,285,286,345,346,352,359,366,371,373,374,376,377,380,388,390,391,392,397,398,404,417,419,436,443,446,447,448,450,451,454,473,483,485,486,488,492,496,500,503,505,507,517,520,522,540,541,547,548,561,570,573,597,612,637,655,675
draft_22951_00191	10,11,15,16,17,19,179,181,182,284,285,286,287,300,345,346,347,352,353,366,367,376,391,392,394,406,419,451,454,488,489,520,541,561,567,597,615,616,655,657,660
draft_22951_00192	10,11,15,16,179,181,182,256,257,284,285,286,300,345,346,352,359,366,371,373,374,375,376,377,379,380,388,391,393,394,397,404,417,419,436,439,443,446,447,448,450,451,454,473,483,485,486,488,492,496,500,503,507,517,520,522,529,540,541,547,548,561,570,578,612,637,644,655,657,675
draft_22951_00193	10,11,12,15,19,20,21,179,180,256,284,285,286,287,300,309,333,334,339,341,345,346,352,353,356,357,366,371,372,381,385,394,407,417,421,431,435,441,442,444,447,453,465,471,491,494,517,521,525,529,536,549,550,553,554,557,565,571,574,575,579,580,581,583,585,593,596,598,600,604,608,609,618,619,620,624,634,635,638,639,641,642,644,656,661,665,668,669,672,673,678,679,680,681,684,685,689,690,693,697,698,699,700,705,709,710,711,714,777
draft_22951_00194	10,11,12,15,16,19,20,21,179,180,256,284,285,286,287,300,309,333,334,341,345,352,353,356,357,371,372,375,377,378,381,385,391,393,394,407,417,421,431,435,438,440,441,442,444,447,450,452,453,465,471,491,494,496,503,521,525,536,546,547,549,550,553,554,557,565,571,574,575,579,580,583,585,586,593,594,596,598,600,601,602,604,608,609,614,618,619,620,624,629,634,635,638,641,642,644,646,656,657,658,661,665,666,668,669,672,673,678,679,680,681,683,684,685,686,689,690,693,697,699,705,709,710,711,713,717,738,750,756,759,780,801,813,819,822
draft_22951_00195	10,11,15,19,20,284,285,286,287,300,345,346,347,352,353,366,367,375,381,394,406,421,441,444,453,529,537,567,615,616
draft_22951_00196	10,11,15,284,285,286,300,333,334,336,345,346,352,366,375,394,529,644
draft_22951_00197	10,11,15,19,284,285,286,287,300,333,334,337,341,342,345,346,352,353,366,375,391,393,394,421,433,444,529,537,541,603,614,644,657
draft_22951_00198	10,11,15,16,17,19,144,146,147,179,181,182,256,257,258,259,284,285,286,287,300,333,341,352,353,356,358,359,360,366,374,375,376,377,378,379,380,382,385,387,388,389,390,391,392,393,394,397,398,400,401,404,417,419,421,432,438,439,440,442,443,444,448,450,451,452,454,465,473,483,485,486,488,489,492,494,495,496,500,505,507,520,522,524,528,529,531,536,537,539,541,546,548,550,554,556,561,570,573,581,586,594,597,602,603,612,614,622,625,629,637,647,648,655,658,674,675
draft_22951_00199	10,11,15,19,284,285,286,287,300,309,333,340,342,345,346,347,352,353,366,367,375,391,393,394,407,529,541,567,572,593,614,618,644,657,660
draft_22951_00200	10,11,15,284,285,286,300,333,334,337,341,345,352,375,394,418,428,429,461,644
draft_22951_00201	10,11,15,16,179,181,182,284,285,286,300,345,346,352,366,391,393,394,529,541,570,612,644,657
draft_22951_00202	10,11,12,15,16,19,20,179,181,182,186,188,189,256,257,258,259,284,285,286,287,309,333,334,341,345,346,347,352,353,356,357,358,359,366,367,371,372,373,374,377,385,388,391,397,404,407,417,419,431,432,435,436,438,442,443,446,447,448,450,454,465,471,473,483,491,492,496,503,507,517,521,522,524,525,531,539,540,541,546,547,549,550,553,556,557,565,570,571,572,574,575,577,578,579,583,585,586,593,596,600,601,604,608,609,612,614,618,619,620,629,634,635,638,639,641,642,656,657,658,661,665,666,668,669,678,679,680,681,683,684,689,690,692,697,698,699,700,703,709,710,711
draft_22951_00203	10,11,15,16,144,146,147,256,257,284,285,286,333,341,345,346,352,356,358,359,366,371,373,374,375,376,377,380,388,390,391,392,397,398,404,417,418,419,428,429,432,436,438,442,443,446,447,448,450,451,454,461,473,483,485,486,488,492,496,500,503,505,507,520,522,524,539,540,541,546,547,548,561,570,573,586,597,612,614,637,655,658,675
draft_22951_00204	10,11,12,15,19,179,180,181,182,186,188,189,193,284,285,286,287,309,333,334,336,339,340,341,342,345,346,347,352,353,366,367,375,391,392,407,541,572,583,593,614,618,638,657,680,681,683,684,689,690,697,698,699,700,709,710,711,713,785,799,822
draft_22951_00205	10,11,12,15,16,19,20,179,180,256,284,285,286,287,300,309,333,341,342,345,352,353,356,371,372,375,377,378,382,383,385,391,393,394,407,417,421,435,438,440,442,444,447,450,452,465,471,491,496,499,503,517,521,525,542,543,544,546,547,549,550,553,557,565,567,571,574,575,579,583,585,586,588,591,593,594,596,600,601,602,604,607,608,609,614,618,619,620,629,634,635,638,641,642,644,646,652,656,657,658,660,661,665,666,668,669,678,679,680,681,683,684,690,722,750,764,785,813,827
draft_22951_00206	10,11,12,15,19,20,179,180,184,185,186,256,284,285,286,287,309,333,334,339,341,345,346,352,353,356,357,366,371,372,375,381,385,391,392,407,417,421,431,435,441,442,444,447,453,465,471,491,517,521,525,536,537,541,550,553,557,565,567,571,579,580,583,585,593,596,600,603,604,608,609,614,618,619,629,634,635,638,641,657,660,661,665,669,678,679,680,681,684,685,689,690,693,697,699,700,705,709,710,711,713,756,819
draft_22951_00207	10,11,15,16,19,20,21,144,146,147,284,285,286,287,309,345,346,347,352,353,366,367,375,376,391,392,407,421,440,444,452,541,561,567,568,570,572,612,637,646,647,648,651,655,657,660,664
draft_22951_00208	10,11,12,15,19,20,21,179,180,181,182,186,256,257,258,284,285,286,287,309,333,334,341,345,346,352,353,356,357,358,359,366,371,372,373,374,377,381,385,388,391,397,404,407,417,419,421,431,432,435,436,438,441,442,443,444,446,447,448,450,453,454,462,465,471,473,483,491,492,494,495,496,503,507,517,521,522,524,525,531,536,537,539,540,541,546,547,549,550,553,554,556,557,565,567,571,574,575,578,579,580,581,583,585,586,593,596,598,600,601,603,604,608,609,614,618,619,620,624,625,629,634,635,638,639,641,642,656,657,658,660,661,665,666,668,669,672,673,674,678,679,680,681,684,685,689,690,692,693,696,697,698,699,700,703,704,705,708,709,710,711,713
draft_22951_00209	10,11,15,16,179,181,182,284,285,286,300,345,346,352,366,391,392,393,394,529,541,570,612,644,657
draft_22951_00210	10,11,15,16,17,34,179,181,182,256,257,284,285,286,294,300,333,345,352,356,359,371,372,376,377,379,380,385,388,390,391,393,394,397,400,401,404,417,419,422,435,439,442,443,447,450,451,454,465,473,483,485,488,489,496,503,505,507,509,512,520,524,528,531,539,540,546,547,550,556,561,573,586,594,597,602,614,622,629,637,644,655,658,675
draft_22951_00211	10,11,15,19,284,285,286,287,309,333,334,335,345,346,347,352,353,366,367,375,391,392,407,541,572,614,618,639
draft_22951_00212	10,11,15,19,20,179,181,182,256,257,284,285,286,287,300,309,333,334,341,345,352,353,356,357,358,359,371,372,375,377,381,382,385,388,391,393,394,397,400,401,404,407,417,419,421,431,432,435,438,440,441,442,443,444,447,450,452,453,454,465,471,473,483,491,494,496,503,507,517,521,524,525,528,531,536,539,540,546,547,549,550,553,554,556,557,565,571,574,575,577,578,579,580,581,582,583,585,586,589,593,596,598,600,601,604,608,609,614,618,619,620,624,625,629,634,635,638,639,641,642,643,644,646,656,657,658,661,665,666,668,669,672,673,674,678,679,680,681,684,685,690,692,693,696,703,704,708,709,710
draft_22951_00213	10,11,15,16,179,181,182,256,257,284,285,286,300,333,334,345,346,352,356,357,359,366,371,372,373,374,377,385,388,391,394,397,404,417,419,431,435,436,442,443,446,447,448,450,454,465,471,473,483,491,492,496,503,507,517,521,522,524,525,529,531,539,540,541,546,547,550,553,556,557,565,571,578,579,583,585,586,593,596,600,601,604,608,609,614,619,629,634,635,641,657,658,661,665,666,669,678,679,684,709,711
draft_22951_00214	10,11,15,179,181,182,256,257,284,285,286,333,341,345,352,356,358,359,371,372,375,377,385,388,391,397,404,417,419,432,435,438,442,443,447,450,454,465,471,473,483,491,496,503,507,517,521,524,525,531,539,540,546,547,550,553,556,557,565,571,577,578,579,583,585,586,593,596,600,601,604,608,609,614,619,629,634,635,641,657,658,661,665,666,669,678,679,680,684,689
draft_22951_00215	10,11,15,19,20,179,181,182,256,257,284,285,286,287,309,333,341,342,345,346,352,353,356,358,359,366,371,372,373,374,375,377,382,383,385,388,391,392,397,398,404,407,417,419,421,432,433,435,436,438,442,443,444,446,447,448,450,454,462,463,465,471,473,483,491,492,494,496,498,499,503,507,517,521,522,524,525,531,536,538,539,540,541,542,544,546,547,549,550,553,554,556,557,565,567,571,574,575,578,579,580,581,583,585,586,588,591,593,596,601,604,607,608,609,614,618,619,620,624,625,629,634,635,638,641,642,652,656,657,658,660,661,665,666,668,669,672,673,674,678,679,680,683,684
draft_22951_00216	10,11,15,19,20,144,147,284,285,286,287,300,333,339,340,341,342,345,346,347,352,353,366,367,375,394,406,529,567,568,615,616,638,639,640,644,663
draft_22951_00217	10,11,15,16,179,181,182,284,285,286,300,333,339,341,345,346,352,366,375,391,393,394,529,541,570,612,614,644,657
draft_22951_00218	10,11,15,16,179,181,182,284,285,286,300,345,346,352,366,375,391,392,393,394,529,541,570,612,644,657
draft_22951_00219	10,11,15,284,285,286,345,346,352,366,375,391,392,541,657
draft_22951_00220	10,11,12,15,16,19,179,181,182,284,285,286,287,300,333,334,336,345,346,352,353,366,375,391,392,394,421,440,444,452,536,541,580,581,583,593,594,614,644,657,684,685,696,709,710
draft_22951_00221	10,11,15,16,284,286,300,366,375,376,391,392,394,419,451,489,520,541,561,637
draft_22951_00222	10,11,15,16,179,181,182,284,285,286,300,333,334,336,345,346,352,366,391,393,394,529,541,583,593,614,644,657,684,709,711
draft_22951_00223	10,15,16,34,35,286,294,300,376,391,393,394,422,509,512,561
draft_22951_00224	10,11,12,15,16,17,19,179,181,182,256,257,284,285,286,287,300,301,333,341,345,352,353,356,358,359,371,372,375,376,377,380,385,388,390,391,394,395,397,399,404,417,419,421,432,435,438,440,442,443,444,447,450,451,452,454,465,473,483,485,488,491,496,503,505,507,511,516,518,519,520,523,524,525,531,539,540,546,547,550,556,557,561,571,573,583,586,593,594,597,600,601,602,604,614,622,629,634,635,637,644,655,658,661,666,669,675,679
draft_22951_00225	10,11,15,16,19,179,181,182,256,257,284,285,286,287,300,333,345,346,352,353,356,359,366,371,372,373,374,375,376,377,379,380,385,388,391,393,394,397,404,417,419,421,435,436,439,440,442,443,444,446,447,448,450,451,452,454,465,471,473,483,485,488,491,492,496,503,507,517,520,521,522,524,525,531,539,540,541,546,547,550,553,556,557,561,565,571,577,578,579,583,585,586,593,596,597,600,601,604,608,609,614,619,629,634,635,637,641,644,646,648,655,657,658,661,665,666,669,675,678,679,684
draft_22951_00226	10,11,15,16,17,19,20,144,146,147,179,181,182,256,257,258,259,284,285,286,287,300,333,341,352,353,356,358,359,360,366,374,375,376,377,378,379,380,382,385,387,388,389,390,391,392,393,394,397,398,400,401,404,417,419,421,432,438,439,440,442,443,444,448,450,451,452,454,465,473,483,485,486,488,489,492,494,495,496,500,505,507,520,522,524,528,531,536,537,539,541,546,548,550,554,556,561,570,573,581,586,594,597,602,603,612,614,622,625,629,637,646,647,648,651,655,658,674,675
draft_22951_00227	10,11,15,16,284,285,286,300,345,346,352,366,375,391,392,394,529,541,570,612,644
draft_22951_00228	10,15,16,284,285,286,300,345,346,352,366,375,391,393,394,529,541,570,612,644
draft_22951_00229	10,11,15,16,284,285,286,300,345,346,352,366,375,391,393,394,529,541,570,612,644
draft_22951_00230	10,11,15,144,145,284,285,286,300,333,339,341,345,346,352,366,394,529,583,593,644,684
draft_22951_00231	10,11,15,16,179,180,256,284,285,286,300,333,334,341,345,352,356,357,371,372,375,377,378,385,394,417,431,435,438,442,447,450,465,471,491,503,517,521,525,546,547,550,553,557,565,571,579,583,585,593,594,596,600,601,602,604,608,609,619,634,635,641,644,661,665,666,669,678,679,680,684,689,709,710,711,750,759,813,822
draft_22951_00232	10,11,15,179,181,182,284,285,286,333,345,346,352,366,375,391,392,541,583,593,614,657,684
draft_22951_00233	10,11,15,16,19,20,34,144,146,147,284,285,286,287,294,300,333,339,341,345,346,352,353,366,375,376,391,392,393,394,421,422,440,444,452,509,512,529,536,537,541,561,570,580,583,593,603,612,614,637,644,647,648,655,684,685,686,695,696
draft_22951_00234	10,11,12,15,19,20,179,180,184,185,186,256,284,285,286,287,300,309,333,334,339,341,345,346,352,353,356,357,366,371,372,381,385,391,393,394,407,417,421,431,435,441,442,444,447,453,465,471,491,517,521,525,529,536,537,541,550,553,557,565,567,571,579,580,583,585,593,596,600,603,604,608,609,614,618,619,629,634,635,638,641,644,657,660,661,665,669,678,679,680,681,684,685,689,690,693,697,699,700,705,709,710,711,713,756,819
draft_22951_00235	10,11,15,16,179,181,182,256,257,284,285,286,300,333,345,346,352,356,359,366,371,372,373,374,375,376,377,379,380,385,388,391,393,394,397,404,417,419,435,436,439,442,443,446,447,448,450,451,454,465,471,473,483,485,488,491,492,496,503,507,517,520,521,522,524,525,529,531,539,540,541,546,547,550,553,556,557,561,565,571,577,578,579,583,585,586,593,596,600,601,604,608,609,614,619,629,634,635,637,641,644,655,657,658,661,665,666,669,675,678,679,684
draft_22951_00236	10,11,15,16,179,181,182,256,257,284,285,286,300,333,341,345,346,352,356,359,366,371,372,373,374,375,377,378,385,388,391,393,394,397,404,417,419,435,436,438,442,443,446,447,448,450,454,465,471,473,483,491,492,496,503,507,517,521,522,524,525,529,531,539,540,541,546,547,550,553,556,557,565,571,578,579,583,585,586,593,594,596,600,601,602,604,608,609,614,619,622,629,634,635,641,644,657,658,661,665,666,669,678,679,684
draft_22951_00237	10,11,12,15,16,19,179,181,182,284,285,286,287,300,333,339,341,345,346,352,353,366,375,391,393,394,421,440,444,452,529,541,583,593,594,614,644,646,647,657,680,684,689
draft_22951_00238	10,11,15,16,214,216,217,284,285,286,300,333,345,346,352,366,375,391,392,393,394,529,541,570,594,612,614,644,657
draft_22951_00239	10,11,12,15,16,34,179,181,182,256,257,284,285,286,294,300,333,341,345,346,352,354,356,358,359,366,371,372,373,374,377,385,388,391,394,397,404,417,419,422,432,435,436,438,442,443,446,447,448,450,454,465,471,473,483,491,492,496,503,507,512,517,521,522,524,525,531,539,540,541,546,547,550,553,556,557,565,571,577,578,579,583,585,586,593,596,600,601,604,608,609,614,619,629,634,635,641,644,657,658,661,665,666,669,678,679,680,684,689,697
draft_22951_00240	10,11,12,15,16,19,20,179,180,181,182,186,256,257,258,284,285,286,287,300,333,341,345,352,353,356,358,359,371,372,377,378,382,385,387,388,391,393,394,397,400,401,404,417,419,421,432,435,438,440,442,443,444,447,450,452,454,465,471,473,483,486,491,495,496,500,503,507,517,521,524,525,528,531,537,539,540,546,547,548,550,553,556,557,565,570,571,577,578,579,583,585,586,593,596,600,601,603,604,608,609,612,614,619,629,634,635,641,644,646,657,658,661,665,666,669,678,679,680,684,771,834
draft_22951_00241	10,11,12,15,16,19,179,180,256,284,285,286,287,300,333,334,339,341,345,346,352,353,356,357,366,371,372,385,394,417,421,431,435,440,442,444,447,452,465,471,491,517,521,525,529,536,537,550,553,557,565,570,571,579,580,583,585,593,596,598,600,604,608,609,619,634,635,641,644,661,665,669,678,679,680,684,685,689,693,697,705,709,710,711
draft_22951_00242	10,11,12,15,16,144,146,147,179,181,182,256,257,258,259,284,285,286,300,301,333,334,345,346,352,356,357,359,366,371,372,373,374,377,385,388,391,394,395,397,399,400,404,417,419,423,431,435,436,442,443,446,447,448,450,454,465,468,471,473,478,483,491,492,496,497,503,507,516,517,521,522,523,524,525,528,529,531,539,540,541,546,547,550,553,556,557,565,571,577,578,579,583,585,586,593,594,596,600,601,602,604,608,609,614,617,619,622,629,634,635,641,645,657,658,661,665,666,669,678,679,680,684,709,710,711,713
draft_22951_00243	10,11,15,16,284,285,286,300,333,339,341,345,346,352,366,375,391,392,394,529,541,570,612,614,644
draft_22951_00244	10,11,12,15,16,19,179,180,181,182,186,256,257,258,284,285,286,287,300,333,341,345,346,352,353,356,358,359,366,371,372,373,374,377,378,382,385,387,388,391,393,394,397,400,401,404,417,419,421,432,435,436,438,440,442,443,444,446,447,448,450,452,454,465,471,473,483,486,491,492,495,496,500,503,507,517,521,522,524,525,528,531,537,539,540,541,546,547,548,550,553,556,557,565,570,571,577,578,579,583,585,586,593,594,596,600,601,602,603,604,608,609,612,614,619,622,629,634,635,641,644,646,657,658,661,665,666,669,678,679,680,684,729,750,771,792,813,834
draft_22951_00245	10,11,12,13,15,19,20,21,22,144,150,179,180,181,182,183,186,189,190,193,200,207,256,284,285,286,287,309,333,334,335,336,339,340,341,342,345,346,347,348,352,353,356,357,366,367,368,371,372,375,381,382,383,385,391,392,406,407,417,421,431,435,441,442,444,447,453,463,471,477,491,499,517,521,525,536,538,541,542,543,545,549,553,557,564,565,566,568,571,572,574,575,579,580,582,583,585,590,593,595,596,600,604,605,606,607,608,609,611,614,615,618,619,620,621,627,631,633,635,638,640,641,642,643,652,656,657,661,662,663,664,665,667,668,669,678,679,680,681,682,683,684,685,687,689,690,691,692,693,694,697,698,699,700,701,702,703,704,706,709,710,711,712,713,715,736,756,757,762,777,778,780,798,799,801,819,820,822,825
draft_22951_00246	10,11,15,179,181,182,284,285,286,300,333,345,346,352,366,391,393,394,529,541,583,593,614,644,657,684
draft_22951_00247	10,11,12,15,19,20,144,146,147,179,180,256,284,285,286,287,309,333,334,339,341,345,346,352,353,356,357,366,371,372,381,385,391,392,407,417,421,431,435,441,442,444,447,453,465,471,491,517,521,525,536,537,541,550,553,557,565,567,571,579,580,583,585,593,596,600,603,604,608,609,614,618,619,629,634,635,638,641,657,660,661,665,669,678,679,680,681,684,685,689,692,696,703,709,710,711
draft_22951_00248	10,11,15,16,144,146,147,284,285,286,300,333,339,341,345,346,352,366,375,391,392,393,394,529,541,570,593,594,612,614,644,657
draft_22951_00249	10,11,15,179,181,182,284,285,286,333,345,346,352,366,375,391,392,541,583,593,614,657,684
draft_22951_00250	10,11,15,214,216,217,284,285,286,300,333,345,346,352,366,391,393,394,529,541,583,593,614,644,657,680,684
draft_22951_00251	10,11,15,19,20,179,181,182,284,285,286,287,300,333,334,336,345,346,352,353,366,367,375,381,391,393,394,406,421,440,441,444,452,453,529,536,541,580,581,582,583,589,593,614,638,639,643,644,646,647,657,681,684,685,692,696,703,709,710
draft_22951_00252	10,11,15,16,179,180,256,284,285,286,300,333,334,341,345,352,356,357,371,372,376,377,378,385,394,417,419,431,435,438,439,442,443,447,450,451,465,471,489,491,503,517,521,525,539,546,547,550,553,556,557,565,571,577,579,583,585,593,596,600,601,604,608,609,619,634,635,641,644,661,665,666,669,678,679,680,684,689,709,710,711,717,780
draft_22951_00253	10,11,15,16,179,181,182,284,285,286,300,333,339,341,345,346,352,366,375,391,393,394,529,541,570,612,614,644,657
draft_22951_00254	10,11,15,16,144,146,147,256,257,284,285,286,300,333,341,345,346,352,356,358,359,360,366,371,373,374,375,376,377,380,388,390,391,393,394,397,400,401,404,417,419,432,436,438,439,442,443,446,447,448,450,451,454,473,483,485,486,488,489,492,496,500,503,505,507,520,522,524,528,539,540,541,546,547,548,561,570,573,586,597,600,612,614,637,644,655,657,658,675
draft_22951_00255	10,11,15,19,179,180,256,284,285,286,287,300,309,333,334,341,345,347,352,353,356,357,367,371,372,377,378,385,394,407,417,431,435,438,442,447,450,465,471,491,503,517,521,525,546,547,549,550,553,557,565,571,572,574,575,579,583,585,593,596,600,601,604,608,609,618,619,620,634,635,638,639,641,642,644,656,661,665,666,668,669,678,679,680,681,684,689,690,699,709,710,711,759,822
draft_22951_00256	10,11,15,16,19,20,179,181,182,256,257,284,285,286,287,301,333,345,346,352,353,356,359,366,367,371,372,373,374,375,377,381,382,385,388,391,397,406,417,419,421,423,435,436,440,441,442,443,444,446,447,448,450,452,453,454,465,468,471,478,491,494,496,497,503,516,517,519,521,522,524,525,531,536,537,539,540,541,546,547,550,553,554,556,557,565,567,571,577,580,586,593,598,600,601,603,608,614,616,617,624,629,634,645,646,647,657,658,660,666,672,673,686
draft_22951_00257	10,11,15,16,144,146,147,256,257,284,285,286,300,333,334,336,345,346,352,359,360,366,371,373,374,375,376,377,380,388,390,391,393,394,397,400,401,404,417,419,436,439,443,446,447,448,450,451,454,473,483,485,486,488,489,492,496,500,503,505,507,517,520,522,528,529,539,540,541,547,548,561,570,573,597,612,614,637,644,655,657,675
draft_22951_00258	10,11,12,15,16,144,146,147,179,181,182,256,257,258,259,284,285,286,300,333,334,345,346,352,356,357,359,360,366,371,372,373,374,376,377,380,385,388,390,391,393,394,397,400,401,404,417,419,431,435,436,439,442,443,446,447,448,450,451,454,465,471,473,483,485,486,488,489,491,492,496,500,503,505,507,517,520,521,522,524,525,528,529,531,539,540,541,546,547,548,550,553,556,557,561,565,570,571,573,577,578,579,583,585,586,593,594,596,597,600,601,604,608,609,612,614,619,629,634,635,637,641,644,655,657,658,661,665,666,669,675,678,679,684,709,710
draft_22951_00259	10,11,12,15,19,20,179,180,256,284,285,286,287,300,309,333,341,342,345,352,353,356,371,372,375,377,378,382,383,385,391,393,394,407,417,421,435,438,440,442,444,447,450,452,465,471,491,496,499,503,517,521,525,542,543,546,547,549,550,553,557,565,571,574,575,579,583,585,586,591,593,596,600,601,604,607,608,609,614,618,619,620,629,634,635,638,641,642,644,646,652,656,657,658,661,665,666,668,669,678,679,680,681,683,684,690,722,785
draft_22951_00260	10,11,15,16,179,180,256,284,285,286,300,333,341,345,352,356,371,372,377,378,385,394,417,435,438,442,447,450,465,471,491,503,517,521,525,546,547,548,550,553,557,565,570,571,579,583,585,593,596,600,601,604,608,609,619,634,635,641,644,661,665,666,669,678,679,680,684,771,834
draft_22951_00261	10,11,15,179,181,182,256,257,284,285,286,333,334,341,345,346,352,356,357,358,359,366,371,372,373,374,375,377,385,388,391,397,404,417,419,431,432,435,436,438,442,443,446,447,448,450,454,465,471,473,483,491,492,496,503,507,517,521,522,524,525,531,539,540,541,546,547,550,553,556,557,565,571,577,578,579,583,585,586,593,596,600,601,604,608,609,614,619,629,634,635,641,657,658,661,665,666,669,678,679,680,684,709,710
draft_22951_00262	10,11,15,16,144,146,147,256,257,284,285,286,300,333,345,346,352,359,366,371,373,374,376,377,380,388,390,391,392,394,397,398,404,417,419,436,443,446,447,448,450,451,454,473,483,485,486,488,492,496,500,503,505,507,517,520,522,529,540,541,547,548,561,570,573,594,597,612,614,637,644,655,657,675
draft_22951_00263	10,11,12,15,19,179,181,182,284,285,286,287,333,342,345,346,352,353,366,375,391,392,421,433,444,536,541,581,583,593,614,657,684
draft_22951_00264	10,11,12,15,16,19,20,144,146,147,151,154,256,257,284,285,286,287,300,333,342,345,346,347,352,353,356,366,367,371,372,376,382,385,391,392,393,394,406,410,417,421,433,435,437,440,442,444,447,449,452,463,465,471,477,491,494,499,517,521,525,529,536,537,538,541,542,543,549,550,553,554,557,561,565,566,567,570,571,574,575,579,580,583,585,590,593,595,596,598,600,603,604,605,606,607,608,609,612,614,615,616,620,621,624,627,629,633,634,635,637,638,641,642,644,646,647,648,651,652,655,656,657,660,661,665,667,669,672,673,678,679,681,684,685,692,694,695,696,703
draft_22951_00265	10,11,15,16,179,181,182,284,285,286,300,345,346,352,366,375,391,392,393,394,529,541,570,612,644,657
draft_22951_00266	10,11,15,179,181,182,256,257,284,285,286,333,334,341,345,346,352,356,357,358,359,366,371,372,373,374,375,377,385,388,391,397,404,417,419,431,432,435,436,438,442,443,446,447,448,450,454,465,471,473,483,491,492,496,503,507,517,521,522,524,525,531,539,540,541,546,547,550,553,556,557,565,571,577,578,579,583,585,586,593,596,600,601,604,608,609,614,619,629,634,635,641,657,658,661,665,666,669,678,679,680,684,709,710,711
draft_22951_00267	10,11,12,15,19,20,179,180,181,182,186,256,284,285,286,287,300,309,333,334,337,341,345,346,352,353,356,357,366,371,372,381,385,391,393,394,407,417,421,431,435,441,442,444,447,453,465,471,491,517,521,525,529,536,537,541,550,553,557,565,567,571,579,580,583,585,593,596,598,600,603,604,608,609,614,618,619,629,634,635,638,641,642,644,656,657,660,661,665,669,678,679,680,681,684,685,689,690,693,697,698,699,705,709,710,711,713
draft_22951_00268	10,11,15,179,181,182,256,257,284,285,286,333,341,345,346,352,356,358,359,366,371,372,373,374,375,377,385,388,391,397,404,417,419,432,435,436,438,442,443,446,447,448,450,454,465,471,473,483,491,492,496,503,507,517,521,522,524,525,531,539,540,541,546,547,550,553,556,557,565,571,577,578,579,583,585,586,593,596,600,601,604,608,609,614,619,629,634,635,641,657,658,661,665,666,669,678,679,680,684,689
draft_22951_00269	10,11,12,15,19,20,179,181,182,256,257,284,285,286,287,309,333,334,345,346,352,353,356,357,359,366,371,372,373,374,377,381,385,388,391,397,404,407,417,419,421,431,435,436,441,442,443,444,446,447,448,450,453,454,465,471,473,483,491,492,496,503,507,517,521,522,524,525,531,536,539,540,541,546,547,550,553,556,557,565,571,578,579,580,583,585,586,593,596,600,601,604,608,609,614,618,619,629,634,635,638,641,657,658,661,665,666,669,678,679,680,681,684,685,689,690,693,699,700,705,709,710,711
draft_22951_00270	10,11,15,16,179,181,182,284,285,286,300,333,339,341,345,346,352,366,375,391,393,394,529,541,570,612,614,644,657
draft_22951_00271	10,11,15,16,19,284,285,286,287,300,333,334,336,339,341,345,346,352,353,366,375,394,421,440,444,452,529,536,537,570,580,583,593,644,684,685,709,710
draft_22951_00272	10,11,12,15,16,179,181,182,256,257,284,285,286,300,333,334,345,346,352,356,357,359,366,371,372,373,374,375,377,385,388,391,393,394,397,404,417,419,431,435,436,442,443,446,447,448,450,454,465,471,473,483,491,492,496,503,507,517,521,522,524,525,529,531,539,540,541,546,547,550,553,556,557,565,571,578,579,583,585,586,593,596,600,601,604,608,609,614,619,629,634,635,641,644,657,658,661,665,666,669,678,679,684,709,711
draft_22951_00273	10,11,15,284,285,286,300,333,345,346,352,366,375,394,529,593,644
draft_22951_00274	10,11,12,15,284,285,286,333,345,346,352,366,375,391,392,418,428,429,541,657
draft_22951_00275	10,11,15,16,19,144,147,149,150,151,256,257,284,285,286,287,300,333,342,345,346,347,352,353,356,366,367,371,372,376,382,385,391,393,394,406,410,417,419,421,433,435,437,439,442,443,444,447,449,451,454,462,465,471,477,488,491,494,499,517,520,521,525,529,536,537,539,541,542,543,549,550,553,554,556,557,565,566,567,570,571,574,575,577,579,580,583,585,590,593,595,596,597,598,600,603,604,605,607,608,609,612,614,615,616,620,621,624,627,629,633,634,635,638,641,642,644,652,656,657,660,661,665,667,669,672,673,678,679,681,684,685,692,696,703
draft_22951_00276	10,11,12,15,16,19,20,144,146,147,179,180,256,257,258,284,285,286,287,300,301,333,341,342,345,352,353,356,367,371,372,375,376,377,378,380,382,383,385,390,391,392,394,395,397,398,399,400,404,406,417,419,421,423,435,438,442,447,450,451,452,454,465,468,471,477,483,485,487,488,489,491,496,499,503,505,511,517,518,519,520,521,523,525,542,543,544,546,547,549,550,553,557,561,565,566,567,571,573,574,575,579,583,585,586,590,593,595,596,597,600,601,604,605,607,608,609,614,616,619,620,627,629,634,635,638,641,642,646,648,651,652,655,656,658,660,661,665,666,667,669,675,678,679,680,681,684,690,764,827
draft_22951_00277	10,11,12,15,19,144,146,147,284,285,286,287,333,334,335,345,346,347,352,353,366,367,375,391,392,421,437,444,449,536,541,581,593,614,657
draft_22951_00278	10,11,12,15,16,19,179,181,182,284,285,286,287,300,333,339,341,345,346,352,353,366,375,391,392,393,394,421,440,444,452,529,541,583,593,594,614,644,646,647,657,684
draft_22951_00279	10,11,12,15,16,19,144,146,147,179,181,182,256,257,284,285,286,287,333,341,345,346,352,353,356,358,359,366,371,372,373,374,377,385,388,391,392,397,404,417,419,421,432,435,436,438,440,442,443,444,446,447,448,450,452,454,465,471,473,483,491,492,496,503,507,517,521,522,524,525,531,536,539,540,541,546,547,550,553,556,557,565,571,577,578,579,580,583,585,586,593,594,596,600,601,604,608,609,614,619,629,634,635,641,646,647,657,658,661,665,666,669,678,679,680,684,686,689
draft_22951_00280	10,11,12,15,19,179,184,185,284,285,286,287,300,333,334,337,341,342,345,346,352,353,366,375,391,393,394,417,421,431,433,435,442,444,447,465,491,525,529,536,537,541,554,557,600,603,614,641,644,657,661,672,679,709
draft_22951_00281	10,11,15,16,19,144,146,147,179,181,182,256,257,258,259,284,285,286,287,301,333,334,345,346,352,353,356,357,359,366,367,371,372,373,374,377,385,388,391,397,404,406,410,417,419,421,423,431,435,436,440,442,443,444,446,447,448,449,450,452,454,465,468,471,473,483,491,492,493,494,496,497,503,507,516,517,519,521,522,524,525,531,536,539,540,541,546,547,549,550,553,554,556,557,565,571,574,575,577,578,579,580,581,583,585,586,593,594,595,596,598,600,601,604,605,608,609,613,614,619,620,624,625,629,634,635,638,639,641,642,645,656,657,658,661,665,666,667,669,672,673,674,678,679,681,684,685,692,696,703,709,710
draft_22951_00282	10,11,15,16,284,285,286,300,333,345,346,352,366,394,529,583,593,644,680,684
draft_22951_00283	10,11,15,19,284,285,286,287,300,333,334,337,341,345,352,353,375,391,393,394,418,421,428,429,440,444,452,461,644,646,657
draft_22951_00284	10,11,12,15,19,179,180,181,182,186,284,285,286,287,300,333,334,336,339,341,342,345,346,352,353,366,391,393,394,421,433,444,529,536,541,580,581,583,593,614,644,657,680,684,685,689,693,697,705,709,710,711,822
draft_22951_00285	10,11,15,179,181,182,256,257,284,285,286,333,334,341,345,346,352,356,357,358,359,366,371,372,373,374,375,377,385,388,391,397,404,417,419,431,432,435,436,438,442,443,446,447,448,450,454,465,471,473,483,491,492,496,503,507,517,521,522,524,525,531,539,540,541,546,547,550,553,556,557,565,571,578,579,583,585,586,593,596,600,601,604,608,609,614,619,629,634,635,641,657,658,661,665,666,669,678,679,680,684,709,710,711
draft_22951_00286	10,11,12,15,16,19,144,146,147,179,180,256,257,258,284,285,286,287,300,333,341,345,352,356,358,359,366,371,372,375,376,377,378,380,385,387,388,390,391,392,394,397,398,404,417,419,421,432,435,438,442,443,447,450,451,452,454,465,471,473,483,485,486,488,491,496,500,503,505,507,517,520,521,522,524,525,531,539,540,541,546,547,548,550,553,556,557,561,565,570,571,573,577,579,583,585,586,593,594,596,597,600,601,602,604,608,609,612,614,619,622,629,634,635,637,641,644,646,647,655,658,661,665,666,669,675,678,679,680,684,729,750,771,792,813,834
draft_22951_00287	10,11,12,15,16,179,181,182,256,257,284,285,286,300,333,341,345,346,352,356,358,359,366,371,372,373,374,377,385,388,391,394,397,404,417,419,432,435,436,438,442,443,446,447,448,450,454,465,471,473,483,491,492,496,503,507,517,521,522,524,525,529,531,539,540,541,546,547,550,553,556,557,565,571,577,578,579,583,585,586,593,596,600,601,604,608,609,614,619,629,634,635,641,644,657,658,661,665,666,669,678,679,680,684,689,697
draft_22951_00288	10,11,15,19,20,284,285,286,287,300,309,333,345,346,352,353,366,381,394,407,421,441,444,453,529,536,580,583,593,618,638,644,680,681,684,685,690,693
draft_22951_00289	10,11,12,15,16,19,20,179,181,182,186,188,189,284,285,286,287,345,346,347,352,353,366,367,391,392,406,541,567,570,612,615,616,657,660
draft_22951_00290	10,11,12,15,19,179,181,182,186,188,189,284,285,286,287,309,333,334,336,339,341,345,346,347,352,353,366,367,391,392,407,541,572,583,593,614,618,638,639,657,680,681,684,689,690,692,697,698,699,703,709,710,711
draft_22951_00291	10,11,15,16,179,181,182,256,257,284,285,286,333,345,346,352,356,359,366,371,372,373,374,375,376,377,379,380,385,388,391,392,397,404,417,419,435,436,439,442,443,446,447,448,450,451,454,465,471,473,483,485,488,491,492,496,503,507,517,520,521,522,524,525,531,539,540,541,546,547,550,553,556,557,561,565,571,577,578,579,583,585,586,593,596,600,601,604,608,609,614,619,629,634,635,637,641,655,657,658,661,665,666,669,675,678,679,684
draft_22951_00292	10,11,12,15,16,19,20,144,147,256,257,284,285,286,287,300,333,334,342,345,352,353,356,357,375,382,385,394,406,410,417,421,431,433,440,442,444,452,465,471,477,491,494,499,521,525,536,542,549,550,553,554,557,565,566,571,574,575,579,580,581,582,583,585,589,590,593,595,596,598,604,605,607,608,609,615,620,621,624,626,627,633,634,635,638,639,641,642,643,652,656,661,665,667,669,672,678,679,680,681,683,684,685,686,687,688,709,710,711,713
draft_22951_00293	10,11,15,179,181,182,256,257,284,285,286,333,334,345,346,352,356,357,359,366,371,372,373,374,375,377,385,388,391,397,404,417,419,431,435,436,442,443,446,447,448,450,454,465,471,473,483,491,492,496,503,507,517,521,522,524,525,531,539,540,541,546,547,550,553,556,557,565,571,578,579,583,585,586,593,596,600,601,604,608,609,614,619,629,634,635,641,657,658,661,665,666,669,678,679,684,709,710,711,713
draft_22951_00294	10,11,12,15,16,19,179,180,256,284,285,286,287,300,333,341,345,352,353,356,371,372,375,377,378,385,391,393,394,417,421,435,438,440,442,444,447,450,452,465,471,491,496,503,517,521,525,546,547,548,550,553,557,565,570,571,579,583,585,586,593,596,600,601,604,608,609,612,614,619,629,634,635,641,644,646,657,658,661,665,666,669,678,679,680,684,771,834
draft_22951_00295	10,11,12,15,19,179,181,182,256,257,284,285,286,287,333,341,342,345,352,353,356,358,359,366,371,372,375,377,382,383,385,388,391,392,397,398,404,417,419,421,432,433,435,438,442,443,444,447,450,454,465,471,473,483,491,494,496,503,507,521,522,524,525,531,536,539,540,541,546,547,550,553,554,556,557,565,571,578,579,580,581,583,585,586,593,596,600,601,604,608,609,614,619,624,625,629,634,635,641,657,658,661,665,666,669,672,674,678,679,680,684,689
draft_22951_00296	10,11,15,16,179,181,182,256,257,284,285,286,300,333,341,345,346,352,356,358,359,366,371,372,373,374,377,385,388,391,394,397,404,417,419,432,435,436,438,442,443,446,447,448,450,454,465,471,473,483,491,492,496,503,507,517,521,522,524,525,529,531,539,540,541,546,547,550,553,556,557,565,571,577,578,579,583,585,586,593,594,596,600,601,604,608,609,614,619,629,634,635,641,644,657,658,661,665,666,669,678,679,680,684,689
draft_22951_00297	10,11,12,15,16,19,20,179,180,181,182,186,256,284,285,286,287,300,333,334,341,345,346,352,353,356,357,366,371,372,377,378,385,391,392,393,394,417,421,431,435,438,440,442,444,447,450,452,465,471,491,494,503,517,521,525,529,536,537,541,546,547,550,553,554,557,565,570,571,579,580,581,583,585,593,594,596,598,600,601,603,604,608,609,612,614,619,624,625,629,634,635,641,644,646,647,657,661,665,666,669,672,673,674,678,679,680,684,685,689,693,705,709,710,711,759,822
draft_22951_00298	10,11,12,15,16,179,180,181,182,186,256,257,258,284,285,286,300,333,334,341,345,352,356,357,358,359,366,371,372,374,376,377,378,379,380,385,386,387,388,390,391,394,397,404,417,419,431,432,435,438,439,442,443,447,448,450,451,454,465,471,473,483,485,488,491,492,496,503,505,507,517,520,521,522,524,525,531,539,540,541,546,547,550,553,556,557,561,565,571,573,577,579,583,585,586,593,594,596,597,600,601,602,604,608,609,614,619,622,629,634,635,637,641,655,658,661,665,666,669,675,678,679,680,684,689,709,710,711,759,822
draft_22951_00299	10,15,16,144,146,147,256,257,284,285,286,300,301,333,345,346,352,356,359,366,371,372,373,374,377,385,388,394,395,399,400,417,419,423,435,436,442,443,446,447,448,450,465,468,478,497,503,516,517,523,524,528,529,531,539,540,546,547,550,556,577,594,600,602,617,622,644,645
draft_22951_00300	10,11,12,15,16,17,19,20,179,181,182,186,188,189,256,257,258,259,284,285,286,287,300,301,333,341,345,346,352,353,356,358,359,366,371,372,373,374,377,378,382,385,388,391,393,394,395,397,399,400,404,417,419,421,423,432,435,436,438,440,442,443,444,446,447,448,450,452,454,465,468,471,473,478,483,491,492,494,495,496,500,503,507,516,517,519,521,522,523,524,525,528,531,536,537,539,540,541,546,547,548,550,553,554,556,557,565,570,571,577,578,579,580,583,585,586,593,596,598,600,601,604,608,609,612,614,617,619,624,629,634,635,641,644,645,646,657,658,661,665,666,669,672,673,678,679,684,685,686,695,696
draft_22951_00301	10,11,12,15,16,17,144,146,147,151,153,154,179,180,256,257,258,259,260,284,285,286,300,333,341,345,352,356,358,359,366,371,372,374,376,377,378,380,385,387,388,390,391,393,394,397,400,401,404,417,419,432,435,438,442,443,447,448,450,451,454,465,471,473,483,485,486,488,489,491,492,496,500,503,505,507,517,520,521,522,524,525,528,529,531,539,540,541,546,547,548,550,553,556,557,561,565,570,571,573,577,579,583,585,586,593,594,596,597,601,602,604,608,609,612,614,619,622,629,634,635,637,641,644,655,658,661,665,666,669,675,678,679,680,684,729,750,771,792,813,834
draft_22951_00302	10,11,12,15,16,19,20,144,147,179,181,182,256,257,284,285,286,287,300,333,334,336,342,345,346,347,352,353,356,366,367,371,372,382,385,391,392,394,406,410,417,421,433,435,437,440,442,444,447,449,452,463,465,471,477,491,494,499,517,521,525,536,537,538,541,542,543,549,550,553,554,557,565,566,567,571,574,575,579,580,583,585,590,593,595,596,598,600,603,604,605,606,607,608,609,614,615,616,620,621,624,627,629,633,634,635,638,641,642,644,646,647,652,656,657,660,661,665,667,669,672,673,678,679,681,684,685,686,692,694,695,696,703,709,711
draft_22951_00303	10,11,15,16,179,180,256,284,285,286,300,333,334,341,345,352,356,357,371,372,375,377,378,385,394,417,431,435,438,442,447,450,465,471,491,503,517,521,525,546,547,550,553,557,565,571,579,583,585,593,594,596,600,601,602,604,608,609,619,634,635,641,644,661,665,666,669,678,679,680,684,689,709,710,711,717,750,759,780,813,822
draft_22951_00304	10,11,12,15,16,144,149,150,179,180,256,284,285,286,300,333,334,341,345,346,352,356,357,366,371,372,376,377,378,385,391,393,394,417,419,431,435,438,439,442,443,447,450,451,454,465,471,488,491,503,517,520,521,525,529,539,541,546,547,550,553,556,557,565,570,571,577,579,583,585,593,596,597,600,601,604,608,609,612,614,619,629,634,635,641,644,657,661,665,666,669,678,679,680,684,689,709,710,711,738,801
draft_22951_00305	10,11,15,19,284,285,286,287,300,333,345,352,353,375,394,421,440,444,452,536,580,583,593,644,684,685
draft_22951_00306	10,11,12,15,16,179,180,256,284,285,286,300,333,341,345,352,356,366,371,372,375,377,378,385,391,392,394,417,435,438,442,447,450,465,471,491,496,503,517,521,525,541,546,547,550,553,557,565,571,579,583,585,586,593,596,600,601,604,608,609,614,619,629,634,635,641,644,658,661,665,666,669,678,679,680,684,729,792
draft_22951_00307	10,11,12,15,16,19,179,180,256,284,285,286,287,300,333,334,341,345,352,353,356,357,366,371,372,375,377,378,385,391,392,394,417,421,431,435,438,440,442,444,447,450,452,465,471,491,494,503,517,521,525,536,541,546,547,550,553,554,557,565,571,579,580,583,585,593,596,598,600,601,604,608,609,614,619,624,629,634,635,641,644,647,661,665,666,669,672,673,678,679,680,684,685,689,693,696,705,708,709,710,711,717,780
draft_22951_00308	10,11,15,179,181,182,256,257,284,285,286,333,334,345,346,352,356,357,359,366,371,372,373,374,375,377,385,388,391,397,404,417,419,431,435,436,442,443,446,447,448,450,454,465,471,473,483,491,492,496,503,507,517,521,522,524,525,531,539,540,541,546,547,550,553,556,557,565,571,577,578,579,583,585,586,593,596,600,601,604,608,609,614,619,629,634,635,641,657,658,661,665,666,669,678,679,680,684,709,710,711
draft_22951_00309	10,11,15,16,179,181,182,284,285,286,300,333,339,341,345,346,352,366,391,393,394,529,541,570,583,593,612,614,644,657,680,684
draft_22951_00310	10,11,15,16,284,285,286,300,345,346,352,366,375,391,393,394,529,541,570,612,644,657
draft_22951_00311	10,11,15,179,181,182,256,257,284,285,286,333,334,345,346,352,356,357,359,366,371,372,373,374,375,377,385,388,391,397,404,417,419,431,435,436,442,443,446,447,448,450,454,465,471,473,483,491,492,496,507,521,522,524,525,531,539,541,546,550,553,556,557,565,571,577,578,579,583,585,586,593,596,600,601,604,608,609,614,619,629,634,635,641,657,658,661,665,666,669,678,679,684,709,710
draft_22951_00312	10,11,15,19,20,144,146,147,284,285,286,287,300,333,339,341,345,346,347,352,353,366,367,375,381,391,393,394,406,421,440,441,444,452,453,529,536,537,541,567,580,583,593,603,614,615,616,638,644,646,647,657,660,681,684,685,686,692,694,695,696
draft_22951_00313	10,11,12,15,16,19,20,116,117,284,285,286,287,300,333,339,341,345,346,352,353,366,375,391,392,393,394,421,440,444,452,529,537,541,570,594,603,612,614,644,646,647,657
draft_22951_00314	10,11,12,15,16,17,19,20,179,181,182,186,188,189,256,257,284,285,286,287,300,333,341,345,346,347,352,353,356,358,359,366,367,371,372,375,376,377,380,382,385,388,390,391,392,393,394,397,400,401,404,406,417,419,421,432,435,438,440,442,443,444,447,450,451,452,454,465,473,483,485,488,489,491,494,496,503,505,507,520,524,525,528,531,536,539,540,541,546,547,550,554,556,557,561,567,571,573,580,581,586,593,594,597,600,601,602,614,615,616,622,624,625,629,634,637,644,648,655,657,658,660,666,672,674,675
draft_22951_00315	10,11,15,16,179,181,182,256,257,284,285,286,333,341,345,346,352,356,358,359,366,371,372,373,374,375,376,377,380,385,388,390,391,397,404,417,419,432,435,436,438,442,443,446,447,448,450,451,454,465,473,483,485,488,491,492,496,503,505,507,517,520,522,524,525,531,539,540,541,546,547,550,556,557,561,571,573,577,586,593,594,597,600,601,602,614,622,629,634,637,655,658,666,675
draft_22951_00316	10,11,12,15,16,19,20,21,144,146,147,150,151,179,180,256,257,258,284,285,286,287,300,301,333,341,342,345,352,353,356,367,368,371,372,376,377,378,380,381,382,383,385,390,391,392,394,395,397,398,399,400,404,406,417,419,421,423,435,438,442,447,450,451,452,454,465,468,471,477,483,485,487,488,489,491,496,499,503,505,511,517,518,519,520,521,523,525,542,543,545,546,547,549,550,553,557,561,564,565,566,568,571,573,574,575,579,583,585,586,590,593,595,596,597,600,601,604,605,607,608,609,611,614,619,620,627,629,631,634,635,638,639,641,642,646,648,651,652,653,655,656,658,661,662,663,665,666,667,669,675,678,679,680,681,683,684,690,692,703,704,722,743,762,785,806,825
draft_22951_00317	10,11,12,15,16,284,285,286,345,346,352,366,375,391,392,541,570,612,657
draft_22951_00318	10,11,12,15,16,19,179,181,182,256,257,284,285,286,287,300,333,334,336,341,345,352,353,356,358,359,360,371,372,375,376,377,380,382,385,388,390,391,393,394,397,400,401,404,417,419,421,432,435,438,439,440,442,443,444,447,450,451,452,454,465,473,483,485,488,489,491,494,496,503,505,507,520,524,525,528,531,536,539,540,546,547,550,554,556,557,561,571,573,580,581,586,593,594,597,600,601,602,614,622,624,625,629,634,637,644,646,648,655,657,658,666,672,674,675
draft_22951_00319	10,11,12,15,16,19,20,21,179,180,256,284,285,286,287,300,309,333,341,345,352,353,356,371,372,375,377,378,381,385,391,393,394,407,417,421,435,438,440,441,442,444,447,450,452,453,465,471,491,496,503,517,521,525,536,546,547,550,553,557,565,571,579,580,583,585,586,593,596,600,601,604,608,609,614,618,619,629,634,635,638,641,644,646,657,658,661,665,666,669,678,679,680,683,684,686,687,688,729,792
draft_22951_00320	10,11,12,15,16,19,20,284,285,286,287,300,309,333,339,341,345,346,347,352,353,366,367,375,391,393,394,407,421,440,444,452,529,537,541,570,572,603,612,614,618,639,644,646,647,657
draft_22951_00321	10,11,15,19,20,144,146,147,284,285,286,287,333,345,346,352,353,366,367,375,381,391,392,406,421,440,441,444,452,453,536,537,541,567,580,593,603,614,616,646,647,657,660,686
draft_22951_00322	10,11,15,284,285,286,300,333,334,337,341,345,352,375,394,418,428,429,461,644,709
draft_22951_00323	10,11,12,15,19,116,117,179,181,182,256,257,284,285,286,287,333,334,336,342,345,346,352,353,356,359,366,371,372,373,374,377,385,388,391,392,397,398,404,417,419,421,433,435,436,442,443,444,446,447,448,450,454,465,471,473,483,491,492,496,503,507,517,521,522,524,525,531,536,537,539,540,541,546,547,550,553,556,557,565,571,577,578,579,580,583,585,586,593,596,600,601,603,604,608,609,614,619,629,634,635,641,657,658,661,665,666,669,678,679,684,709
draft_22951_00324	10,11,12,15,19,179,180,256,284,285,286,287,300,309,333,334,341,342,345,352,353,356,357,371,372,375,377,378,382,383,385,394,407,417,431,435,438,442,447,450,465,471,491,499,503,521,525,542,546,547,549,550,553,557,565,571,574,575,579,583,585,591,593,596,600,601,604,607,608,609,618,619,620,634,635,638,641,642,644,652,656,661,665,666,668,669,678,679,680,681,683,684,689,690,698,699,709,710,711,722,735,738,757,785,798,801,820
draft_22951_00325	10,11,15,16,17,144,149,150,179,181,182,256,257,284,285,286,300,345,346,352,359,366,371,373,374,376,377,379,380,388,391,393,394,397,404,417,419,436,439,443,446,447,448,450,451,454,473,483,485,486,488,492,496,500,503,507,517,520,522,529,540,541,547,548,561,570,578,597,612,637,644,655,657,675
draft_22951_00326	10,11,15,16,284,285,286,300,333,345,346,352,366,375,391,392,394,529,541,594,614,644,657
draft_22951_00327	10,11,12,15,16,19,179,180,181,182,186,256,257,258,284,285,286,287,300,333,334,341,345,346,352,353,356,357,358,359,366,371,372,373,374,375,377,378,385,386,387,388,391,393,394,397,404,417,419,421,431,432,435,436,438,440,442,443,444,446,447,448,450,452,454,465,471,473,483,491,492,496,503,507,517,521,522,524,525,531,539,540,541,546,547,550,553,556,557,565,571,577,578,579,583,585,586,593,594,596,600,601,602,604,608,609,614,619,622,629,634,635,641,644,646,657,658,661,665,666,669,678,679,680,684,689,697,709,710,711,750,759,813,822
draft_22951_00328	10,11,12,15,16,179,181,182,256,257,284,285,286,300,333,341,345,346,352,356,358,359,366,371,372,373,374,375,377,385,388,391,393,394,397,404,417,419,432,435,436,438,442,443,446,447,448,450,454,465,471,473,483,491,492,496,503,507,517,521,522,524,525,529,531,539,540,541,546,547,550,553,556,557,565,571,577,578,579,583,585,586,593,594,596,600,601,604,608,609,614,619,629,634,635,641,644,657,658,661,665,666,669,678,679,680,684,689
draft_22951_00329	10,11,12,15,16,19,20,21,144,146,147,256,257,284,285,286,287,300,301,333,334,345,347,352,353,356,357,359,367,375,376,377,379,380,381,382,385,388,391,394,395,397,399,400,406,417,419,421,423,431,439,440,441,442,443,444,450,451,452,453,454,465,468,478,487,488,494,496,516,518,519,523,524,528,531,536,539,546,549,550,554,556,561,574,581,582,586,589,594,595,602,605,614,615,617,622,625,629,636,639,643,645,646,648,655,657,658,667,674
draft_22951_00330	10,11,15,179,181,182,256,257,284,285,286,333,334,345,346,352,356,357,359,366,371,372,373,374,375,377,385,388,391,397,404,417,419,431,435,436,442,443,446,447,448,450,454,465,471,473,483,491,492,496,503,507,517,521,522,524,525,531,539,540,541,546,547,550,553,556,557,565,571,578,579,583,585,586,593,596,600,601,604,608,609,614,619,629,634,635,641,657,658,661,665,666,669,678,679,684,709,711
draft_22951_00331	10,11,12,15,16,17,19,179,181,182,186,188,189,256,257,258,259,284,285,286,287,300,301,333,334,345,346,352,356,357,359,366,371,372,373,374,376,377,379,380,385,388,390,391,394,395,397,399,400,404,417,419,421,423,431,435,436,439,442,443,446,447,448,450,451,452,454,465,468,471,473,478,483,485,486,487,488,489,491,492,496,497,500,503,505,507,516,517,518,519,520,521,522,523,524,525,531,539,540,541,546,547,548,550,553,556,557,561,565,570,571,573,577,578,579,583,585,586,593,594,596,597,600,601,604,608,609,612,614,617,619,629,634,635,641,645,646,648,655,657,658,661,665,666,669,675,678,679,684,709,710
draft_22951_00332	10,11,15,16,19,179,181,182,284,285,286,287,333,345,346,352,366,375,376,391,392,421,452,541,561,594,614,637,646,647,655
draft_22951_00333	10,11,15,16,179,181,182,284,285,286,300,333,339,341,345,346,352,366,375,391,392,393,394,529,541,570,612,644,657
draft_22951_00334	10,11,12,15,16,284,285,286,300,345,346,352,366,375,391,392,393,394,529,541,570,612,644,657
draft_22951_00335	10,11,15,16,144,148,179,181,182,256,257,284,285,286,300,333,334,341,345,346,352,356,357,358,359,366,371,373,374,376,377,380,385,388,390,391,394,397,404,417,419,431,432,436,438,442,443,446,447,448,450,451,454,465,473,483,485,488,491,492,496,505,507,520,522,524,525,531,539,540,541,546,550,556,557,561,571,573,577,583,586,593,594,596,597,600,601,602,609,614,622,629,634,635,637,641,655,658,661,666,669,675,679,680,684,709,710,711,864
draft_22951_00336	10,11,15,19,144,146,147,256,257,284,285,286,287,300,333,341,345,346,347,352,353,356,358,359,366,367,371,372,373,374,377,385,388,391,393,394,397,400,401,404,417,419,421,432,435,436,437,438,442,443,444,446,447,448,449,450,454,465,471,473,483,491,492,494,495,496,503,507,517,521,522,524,525,528,529,531,536,537,539,540,541,546,547,550,553,554,556,557,565,571,577,578,579,580,583,585,586,593,596,598,600,601,603,604,608,609,614,624,629,634,635,641,644,657,658,661,665,666,669,672,673,678,679,684,685,696
draft_22951_00337	10,11,15,179,181,182,256,257,284,285,286,333,341,345,346,352,356,358,359,366,371,372,373,374,377,385,388,391,397,404,417,419,432,435,436,438,442,443,446,447,448,450,454,465,471,473,483,491,492,496,503,507,517,521,522,524,525,531,539,540,541,546,547,550,553,556,557,565,571,577,578,579,583,585,586,593,596,600,601,604,608,609,614,619,629,634,635,641,657,658,661,665,666,669,678,679,680,684
draft_22951_00338	10,11,15,284,285,286,333,345,346,352,366,375,391,392,417,435,442,447,465,517,541,600,657
draft_22951_00339	10,11,15,284,285,286,300,333,334,336,339,341,345,346,352,366,375,394,529,644,709
draft_22951_00340	10,11,15,16,179,181,182,284,285,286,300,333,345,346,352,366,391,392,394,529,541,570,583,593,612,614,644,657,684
draft_22951_00341	10,11,15,16,34,144,146,147,256,257,284,285,286,294,300,301,345,346,352,359,360,366,375,376,380,390,391,392,394,395,397,398,399,400,404,419,422,423,439,443,451,454,468,473,485,487,488,489,505,507,509,512,516,518,520,522,523,540,541,561,573,597,645,655,657
draft_22951_00342	10,11,12,15,16,19,20,144,146,147,179,180,256,284,285,286,287,300,333,341,345,346,352,353,356,366,371,372,375,376,377,378,385,391,392,394,417,421,435,438,440,442,444,447,450,452,465,471,491,496,503,517,521,525,537,541,546,547,550,553,557,561,565,570,571,579,583,585,586,593,594,596,600,601,602,603,604,608,609,612,614,619,629,634,635,637,641,644,646,647,648,651,655,657,658,661,665,666,669,675,678,679,680,684,750,813
draft_22951_00343	10,11,12,15,16,19,20,179,181,182,284,285,286,287,300,333,334,336,345,346,352,353,366,375,376,391,392,393,394,421,440,444,452,529,536,541,561,580,581,583,593,594,614,637,644,646,647,655,657,684,685,696,709,710
draft_22951_00344	10,11,15,16,144,146,147,256,257,284,285,286,300,301,333,341,345,352,356,358,359,371,372,375,377,385,388,394,395,399,400,417,419,423,432,435,438,442,443,447,450,465,468,478,491,503,516,523,524,525,528,531,539,540,546,547,550,556,557,571,583,593,594,600,601,602,604,617,622,634,635,644,645,661,666,669,679
draft_22951_00345	10,11,15,16,284,285,286,300,333,345,346,352,366,375,391,393,394,529,541,570,612,614,644,657
draft_22951_00346	10,11,12,15,16,19,179,180,181,182,186,256,257,258,284,285,286,287,300,333,334,341,345,352,353,356,357,358,359,371,372,375,377,378,385,386,387,388,391,394,397,404,417,419,421,431,432,435,438,440,442,443,444,447,450,452,454,465,471,473,483,491,494,496,503,507,517,521,524,525,531,536,539,540,546,547,550,553,554,556,557,565,571,577,578,579,580,583,585,586,593,596,598,600,601,604,608,609,614,619,624,629,634,635,641,657,658,661,665,666,669,672,673,678,679,680,684,685,686,689,693,697,698,705,709,710,711,713,759,822
draft_22951_00347	10,11,12,15,179,180,256,284,285,286,333,341,345,352,356,366,371,372,375,377,378,385,391,392,417,435,438,442,447,450,465,471,491,496,503,517,521,525,541,546,547,550,553,557,565,571,579,583,585,586,593,596,600,601,604,608,609,614,619,629,634,635,641,658,661,665,666,669,678,679,680,684
draft_22951_00348	10,11,15,34,144,147,256,257,284,285,286,294,300,333,345,346,350,352,354,356,366,369,371,372,375,384,385,391,393,394,413,417,422,435,442,447,465,471,472,481,491,501,508,514,517,521,525,529,532,533,541,550,553,557,565,571,579,583,585,587,593,596,600,604,608,609,614,629,634,635,641,659,661,665,669,678,679,684
draft_22951_00349	10,11,12,15,16,19,179,181,182,186,188,189,284,285,286,287,300,333,334,336,345,346,352,353,366,375,391,392,393,394,421,440,444,452,529,541,583,593,614,644,646,647,657,680,684,709,710,711,713
draft_22951_00350	10,11,12,15,19,20,179,180,256,284,285,286,287,300,309,333,334,345,346,352,353,356,357,366,371,372,381,385,394,407,417,421,431,435,441,442,444,447,453,465,471,491,494,517,521,525,529,536,549,550,553,554,557,565,571,574,575,579,580,583,585,593,596,598,600,604,608,609,618,619,620,624,634,635,638,641,642,656,661,665,668,669,672,673,678,679,680,681,683,684,685,686,689,690,693,697,699,705,709,710,711,713,756,819
draft_22951_00351	10,11,15,16,179,180,284,285,286,300,333,339,341,345,346,352,366,394,529,570,583,593,644,680,684,834
draft_22951_00352	10,11,12,15,16,144,146,147,179,180,256,257,258,284,285,286,300,333,334,341,345,346,352,356,357,358,359,366,371,372,373,374,377,378,385,386,387,388,391,393,394,397,400,401,404,417,419,431,432,435,436,438,442,443,446,447,448,450,454,465,471,473,483,491,492,496,503,507,517,521,522,524,525,528,529,531,539,540,541,546,547,550,553,556,557,565,571,577,578,579,583,585,586,593,596,600,601,604,608,609,614,619,629,634,635,641,644,657,658,661,665,666,669,678,679,680,684,689,697,709,710,711,729,738,759,792,801,822
draft_22951_00353	10,11,12,15,16,144,146,147,179,181,182,256,257,284,285,286,333,341,345,346,352,356,358,359,366,371,372,373,374,377,385,388,391,392,397,404,417,419,432,435,436,438,442,443,446,447,448,450,454,465,471,473,483,491,492,496,503,507,517,521,522,524,525,531,539,540,541,546,547,550,553,556,557,565,570,571,577,578,579,583,585,586,593,596,600,601,604,608,609,612,614,619,629,634,635,641,657,658,661,665,666,669,678,679,680,684
draft_22951_00354	10,11,12,15,16,19,144,147,256,257,284,285,286,287,300,333,339,341,342,345,346,347,352,353,356,366,367,371,372,375,382,385,391,392,394,406,410,417,421,433,435,437,442,444,447,449,465,471,477,491,494,499,517,521,525,529,536,537,541,542,543,549,550,553,554,557,565,566,567,570,571,574,575,579,580,581,583,585,590,593,595,596,598,600,603,604,605,607,608,609,612,614,615,616,620,621,624,627,629,633,634,635,638,639,641,642,644,652,656,660,661,665,667,669,672,673,678,679,680,681,684,685,690,692,693,696,703,704,708
draft_22951_00355	10,11,12,15,19,20,179,181,182,284,285,286,287,333,345,346,352,353,366,367,375,381,391,392,406,421,441,444,453,536,541,581,583,593,614,639,657,684
draft_22951_00356	10,11,12,15,19,179,180,256,284,285,286,287,300,309,333,334,339,341,345,346,347,352,353,356,357,366,367,371,372,385,394,407,417,431,435,442,447,465,471,491,517,521,525,529,550,553,557,565,567,571,572,579,583,585,593,596,600,604,608,609,618,619,634,635,638,641,642,644,656,661,665,669,678,679,680,681,684,689,690,697,699,709,710,711
draft_22951_00357	10,11,12,15,16,34,144,149,150,179,180,284,285,286,294,300,333,339,341,345,346,350,352,354,366,369,375,376,391,393,394,413,419,451,454,476,488,490,508,520,529,541,583,593,597,614,644,680,684
draft_22951_00358	10,11,15,284,285,286,333,345,346,352,366,375,391,392,541,593,614
draft_22951_00359	10,11,12,15,16,284,285,286,300,333,345,346,352,366,375,391,393,394,529,541,583,593,614,644,680,684
draft_22951_00360	10,11,12,15,16,179,180,256,284,285,286,300,333,334,345,346,352,356,357,366,371,372,385,394,417,431,435,442,447,465,471,491,517,521,525,529,550,553,557,565,571,579,583,585,593,596,600,604,608,609,619,634,635,641,661,665,669,678,679,680,684,689,697,709,710,711,713,756,819
draft_22951_00361	10,11,12,15,16,17,179,181,182,186,188,189,256,257,258,259,284,285,286,300,333,341,345,346,352,356,358,359,366,371,372,373,374,376,377,379,380,385,388,390,391,393,394,397,404,417,419,432,435,436,438,439,442,443,446,447,448,450,451,454,465,471,473,483,485,488,491,492,496,503,505,507,517,520,521,522,524,525,529,531,539,540,541,546,547,550,553,556,557,561,565,571,573,577,578,579,583,585,586,593,594,596,597,600,601,602,604,608,609,614,619,622,629,634,635,637,641,644,655,657,658,661,665,666,669,675,678,679,680,684,689
draft_22951_00362	10,11,15,16,179,181,182,256,257,284,285,286,300,333,341,345,346,352,356,359,366,371,372,373,374,375,377,378,385,388,391,392,394,397,404,417,419,435,436,438,442,443,446,447,448,450,454,465,471,473,483,491,492,496,500,503,507,517,521,522,524,525,531,539,540,541,546,547,548,550,553,556,557,565,570,571,578,579,583,585,586,593,594,596,601,602,604,608,609,612,614,619,622,629,634,635,641,644,657,658,661,665,666,669,678,679,684
draft_22951_00363	10,11,12,15,16,17,19,34,179,180,256,284,285,286,287,294,300,301,333,341,345,352,356,371,372,376,377,378,385,391,393,394,395,399,417,421,422,435,438,442,447,450,452,465,471,491,496,503,509,511,512,517,518,519,521,523,525,546,547,550,553,557,561,565,571,579,583,585,586,593,596,600,601,604,608,609,614,619,629,634,635,636,641,644,655,658,661,665,666,669,675,678,679,680,684
draft_22951_00364	10,11,15,19,284,285,286,287,300,309,333,334,336,338,339,341,342,345,346,352,353,366,375,394,407,529,567,583,618,638,644,709,710
draft_22951_00365	10,11,12,15,16,179,180,256,284,285,286,300,333,334,345,346,352,356,357,366,371,372,385,394,417,431,435,442,447,465,471,491,517,521,525,529,550,553,557,565,571,579,583,585,593,596,600,604,608,609,619,634,635,641,661,665,669,678,679,680,684,689,698,709,710,711,735,798
draft_22951_00366	10,11,12,15,16,144,146,147,179,180,256,284,285,286,300,333,334,341,345,346,352,356,357,366,371,372,377,378,385,391,392,394,417,431,435,438,442,447,450,465,471,491,503,517,521,525,541,546,547,550,553,557,565,571,579,583,585,593,596,600,601,604,608,609,614,619,629,634,635,641,644,657,661,665,666,669,678,679,680,684,689,709,710,711,717,780
draft_22951_00367	10,11,15,16,284,285,286,345,346,352,366,375,391,392,541,570,612
draft_22951_00368	10,11,15,284,285,286,300,333,339,341,345,346,352,366,375,394,529,583,644
draft_22951_00369	10,11,12,15,16,284,285,286,300,333,339,341,345,346,352,366,375,391,392,394,529,541,583,593,614,644,657,684
draft_22951_00370	10,11,12,15,16,19,20,144,146,147,179,180,256,284,285,286,287,300,333,339,341,345,346,352,353,356,366,371,372,375,376,377,378,385,391,392,393,394,417,421,435,438,440,442,444,447,450,452,465,471,491,496,503,517,521,525,529,536,537,541,546,547,550,553,557,561,565,570,571,579,583,585,586,593,594,596,600,601,602,603,604,608,609,612,614,619,629,634,635,637,641,644,646,647,648,651,655,657,658,661,665,666,669,675,678,679,680,684,750,813
draft_22951_00371	10,11,12,15,16,179,180,181,182,186,256,257,258,284,285,286,300,333,334,341,345,346,352,356,357,358,359,366,371,372,373,374,377,378,385,386,387,388,391,394,397,404,417,419,431,432,435,436,438,442,443,446,447,448,450,454,465,471,473,483,491,492,496,503,507,517,521,522,524,525,529,531,539,540,541,546,547,550,553,556,557,565,571,577,578,579,583,585,586,593,596,600,601,604,608,609,614,619,629,634,635,641,657,658,661,665,666,669,678,679,680,684,689,697,698,709,710,711,717,735,759,780,798,822
draft_22951_00372	10,11,12,15,19,20,179,180,256,284,285,286,287,300,309,333,334,341,345,352,353,356,357,371,372,377,378,381,385,394,407,417,421,431,435,438,441,442,444,447,450,453,465,471,491,503,517,521,525,536,546,547,550,553,557,565,571,579,580,583,585,593,596,600,601,604,608,609,618,619,634,635,638,641,644,661,665,666,669,678,679,680,681,684,685,689,690,693,697,699,705,709,710,711,738,801
draft_22951_00373	10,11,15,16,34,35,284,285,286,294,300,352,354,366,375,391,393,394,422,509,512,529,541,570,612
draft_22951_00374	10,11,15,19,179,180,284,285,286,287,300,309,333,334,338,342,345,346,352,353,366,394,407,529,567,583,593,618,638,680,681,684,689,690,709,710,711
draft_22951_00375	10,11,12,15,16,17,19,20,144,146,147,179,180,256,257,258,284,285,286,287,300,301,333,341,345,352,356,366,371,372,375,376,377,378,380,385,390,391,392,394,397,398,404,417,419,421,423,435,438,442,447,450,451,452,454,465,468,471,483,485,487,488,491,496,497,503,505,517,518,519,520,521,522,525,541,546,547,550,553,557,561,565,571,573,579,583,585,586,593,594,596,597,600,601,602,604,608,609,614,619,629,634,635,637,641,644,646,647,648,651,655,658,661,665,666,669,675,678,679,680,684,750,813
draft_22951_00376	10,11,15,284,285,286,300,333,345,346,352,366,391,393,394,417,435,442,447,465,517,529,541,600,644,657
draft_22951_00377	10,11,12,15,19,20,179,180,256,284,285,286,287,300,309,333,334,336,339,341,345,346,352,353,356,357,366,371,372,375,381,385,394,407,417,421,431,435,441,442,444,447,453,471,491,517,521,525,529,536,537,553,557,565,567,571,579,580,583,585,593,596,600,604,608,609,618,619,635,638,641,644,661,665,669,678,679,680,681,684,685,689,690,693,697,698,699,705,709,710,711,713
draft_22951_00378	10,11,15,284,285,286,300,333,339,341,345,346,352,366,375,394,529,583,593,644
draft_22951_00379	10,11,15,16,144,146,147,179,180,256,257,258,284,285,286,300,333,341,345,352,356,358,359,366,371,372,374,376,377,378,380,385,387,388,390,391,393,394,397,400,401,404,417,419,432,435,438,442,443,447,448,450,451,454,465,471,473,483,485,486,488,489,491,492,496,500,503,505,507,517,520,521,522,524,525,528,529,531,539,540,541,546,547,548,550,553,556,557,561,565,570,571,573,577,579,583,585,586,593,596,597,600,601,604,608,609,612,614,619,629,634,635,637,641,644,655,658,661,665,666,669,675,678,679,680,684,771,834
draft_22951_00380	10,11,12,15,19,179,180,181,182,186,284,285,286,287,300,309,333,334,336,338,339,341,342,345,346,352,353,366,375,391,393,394,407,529,541,583,593,614,618,638,639,644,657,680,681,684,689,690,697,699,709,710,711,713,819,820
draft_22951_00381	10,11,12,15,16,19,20,144,146,147,179,181,182,256,257,284,285,286,287,333,341,345,346,352,353,356,358,359,366,371,372,375,376,377,380,382,385,388,390,391,392,397,398,404,417,419,421,432,435,438,440,442,443,444,447,450,451,452,454,465,473,483,485,488,491,494,496,503,505,507,520,522,524,525,531,536,539,540,541,546,547,550,554,556,557,561,571,573,580,581,586,593,594,597,600,601,602,614,622,624,625,629,634,637,646,647,648,651,655,657,658,666,672,674,675
draft_22951_00382	10,11,15,16,144,146,147,256,257,284,285,286,300,333,341,345,346,352,356,358,359,366,371,372,373,374,375,377,385,388,391,392,393,394,397,398,404,417,419,432,435,436,438,442,443,446,447,448,450,454,465,471,473,483,491,492,496,503,507,517,521,522,524,525,529,531,539,540,541,546,547,550,553,556,557,565,570,571,577,578,579,583,585,586,593,596,600,601,604,608,609,612,614,629,634,635,641,657,658,661,665,666,669,678,679,684
draft_22951_00383	10,11,15,284,285,286,300,333,345,346,352,366,375,391,393,394,529,541,593,614,644,657
draft_22951_00384	10,11,12,15,16,19,144,149,150,179,180,256,284,285,286,287,300,333,341,345,346,352,353,356,366,371,372,375,376,377,378,385,391,392,394,417,419,421,435,438,439,440,442,443,444,447,450,451,452,454,465,471,488,491,496,503,517,520,521,525,537,540,546,547,550,553,557,565,570,571,579,583,585,586,593,594,596,597,600,601,602,604,608,609,612,614,619,629,634,635,641,644,646,657,658,661,665,666,669,678,679,680,684,750,813
draft_22951_00385	10,11,12,15,284,285,286,333,334,337,339,341,345,346,352,366,375,391,392,541,657
draft_22951_00386	10,11,12,15,16,179,180,181,182,186,256,257,258,284,285,286,300,333,341,345,346,352,356,358,359,366,371,372,373,374,377,378,385,387,388,391,394,397,404,417,419,432,435,436,438,442,443,446,447,448,450,454,465,471,473,483,486,491,492,496,500,503,507,517,521,522,524,525,531,539,540,541,546,547,548,550,553,556,557,565,570,571,577,578,579,583,585,586,593,594,596,600,601,602,604,608,609,612,614,619,622,629,634,635,641,644,657,658,661,665,666,669,678,679,680,684,729,750,771,792,813,834
draft_22951_00387	10,11,12,15,16,19,179,181,182,256,257,284,285,286,287,300,333,334,341,345,346,352,353,356,357,358,359,366,371,372,373,374,375,377,385,388,391,394,397,404,417,419,421,431,432,435,436,438,440,442,443,444,446,447,448,450,452,454,465,471,473,483,491,492,494,496,503,507,517,521,522,524,525,531,536,539,540,541,546,547,550,553,554,556,557,565,571,578,579,580,583,585,586,593,596,598,600,601,604,608,609,614,619,624,629,634,635,641,657,658,661,665,666,669,672,673,678,679,680,684,685,686,689,693,697,698,705,709,710,711
draft_22951_00388	10,11,12,15,16,179,181,182,186,188,189,256,257,258,259,284,285,286,300,333,334,345,346,352,356,357,359,366,371,372,373,374,377,385,388,391,393,394,397,404,417,419,431,435,436,442,443,446,447,448,450,454,465,471,473,483,491,492,496,503,507,517,521,522,524,525,529,531,539,540,541,546,547,550,553,556,557,565,571,577,578,579,583,585,586,593,594,596,600,601,604,608,609,614,619,629,634,635,641,657,658,661,665,666,669,678,679,684,709,710
draft_22951_00389	10,11,12,15,16,19,179,180,181,182,186,284,285,286,287,300,333,334,336,339,341,345,346,352,353,366,375,391,392,393,394,421,440,444,452,529,541,583,593,594,614,644,646,647,657,680,684,689,697,709,710,711,822
draft_22951_00390	10,11,15,284,285,286,345,346,352,366,375,391,392,541,657
draft_22951_00391	10,11,15,19,20,179,181,182,284,285,286,287,300,333,334,335,345,352,353,375,391,393,394,421,440,444,452,536,580,583,593,614,644,646,651,657,684,685,695,696,709,711,712
draft_22951_00392	10,11,12,15,16,17,19,20,144,146,147,151,153,154,179,181,182,284,285,286,287,333,339,341,345,346,352,353,366,375,391,392,421,440,444,452,536,537,541,570,580,581,593,594,603,612,614,646,647,651,657,686,688
draft_22951_00393	10,11,15,284,285,286,300,333,339,341,345,346,352,366,375,391,393,394,529,541,644,657
draft_22951_00394	10,11,12,13,15,16,17,144,149,150,179,181,182,186,188,189,193,195,196,256,257,258,259,260,261,284,285,286,300,333,334,339,341,345,346,352,356,357,359,366,371,372,373,374,376,377,385,388,391,393,394,397,404,417,419,431,435,436,439,442,443,446,447,448,450,451,454,465,471,473,483,488,491,492,496,503,507,517,520,521,522,524,525,529,531,539,540,541,546,547,550,553,556,557,565,570,571,577,578,579,583,585,586,593,596,597,600,601,604,608,609,612,614,619,629,634,635,641,644,657,658,661,665,666,669,678,679,680,684,689,697,698,709,710,711
draft_22951_00395	10,11,12,15,16,17,144,146,147,179,180,181,182,186,256,257,258,259,260,284,285,286,300,333,341,345,346,352,356,358,359,366,371,372,373,374,376,377,378,380,385,387,388,390,391,393,394,397,400,401,404,417,419,432,435,436,438,442,443,446,447,448,450,451,454,465,471,473,483,485,486,488,491,492,496,500,503,505,507,517,520,521,522,524,525,528,529,531,539,540,541,546,547,548,550,553,556,557,561,565,570,571,573,577,578,579,583,585,586,593,594,596,597,601,602,604,608,609,612,614,619,622,629,634,635,637,641,644,655,657,658,661,665,666,669,675,678,679,680,684,729,750,771,792,813,834
draft_22951_00396	10,11,12,19,20,21,179,183,284,285,287,333,342,345,353,367,375,406,417,421,433,435,442,444,447,477,491,499,525,536,554,557,565,568,574,595,620,641,661,663,665,667,672,679
draft_22951_00397	10,11,12,15,16,179,180,284,285,286,300,333,339,341,345,346,352,366,375,391,393,394,529,541,570,583,593,612,614,644,680,684,834
draft_22951_00398	10,11,12,15,19,179,180,181,182,186,284,285,286,287,333,334,336,339,341,342,345,346,352,353,366,375,391,392,421,433,444,536,541,580,581,583,593,614,657,680,684,685,689,693,697,705,709,710,711,822
draft_22951_00399	10,15,16,17,179,181,182,256,257,284,286,300,366,374,376,380,390,391,394,397,404,419,448,451,454,485,488,492,505,520,522,541,561,573,637
draft_22951_00400	10,11,12,15,16,17,18,179,180,181,182,186,188,189,193,256,257,258,259,260,284,285,286,300,333,334,345,352,356,357,359,360,371,372,376,380,385,390,391,394,397,404,417,419,431,435,439,442,443,447,451,454,465,471,473,485,488,491,505,507,517,520,521,525,531,539,550,553,556,557,561,565,571,573,577,579,583,585,593,596,597,600,604,608,609,614,619,629,634,635,637,641,655,661,665,669,678,679,680,684,689,709,710,711,714,777
draft_22951_00401	10,11,12,15,16,284,285,286,300,333,339,341,345,346,352,366,375,391,393,394,529,541,570,612,644,657
draft_22951_00402	10,11,15,16,17,19,20,34,179,181,182,186,188,189,256,257,258,259,284,285,286,287,294,300,301,333,341,352,353,356,358,359,360,366,375,376,377,378,379,380,382,385,387,388,389,390,391,392,394,395,397,398,399,400,404,417,419,421,422,423,432,438,439,440,442,443,444,450,451,452,454,465,468,473,478,483,485,486,487,488,489,494,495,496,500,505,507,509,512,516,518,520,522,523,524,531,536,537,539,541,546,548,550,554,556,561,570,573,581,586,594,597,602,612,614,617,622,625,629,637,645,646,647,648,651,655,658,674,675
draft_22951_00403	10,11,15,16,17,34,179,181,182,284,285,286,294,300,345,346,350,352,354,366,369,376,391,392,394,413,419,451,454,488,489,508,520,541,561,597,655,657,659
draft_22951_00404	10,11,12,15,19,20,179,180,256,284,285,286,287,300,309,333,334,339,341,342,345,346,352,353,356,357,366,371,372,375,382,383,385,391,393,394,407,417,421,431,435,440,442,444,447,452,465,471,491,499,517,521,525,529,541,542,543,549,550,553,557,565,571,574,575,579,583,585,591,593,596,600,604,607,608,609,614,618,619,620,629,634,635,638,641,642,644,646,647,652,656,657,661,665,668,669,678,679,680,681,684,689,690,692,697,703,704,709,710,711,715,778
draft_22951_00405	10,11,12,15,16,284,285,286,345,346,352,366,375,391,392,541,570,612,657
draft_22951_00406	10,11,15,16,284,285,286,333,345,346,352,366,375,391,392,541,594,614
draft_22951_00407	10,11,12,15,16,179,180,284,285,286,300,333,334,336,337,341,345,352,375,394,583,593,644,680,684,689,697,698,709,710,711,713,777,780
draft_22951_00408	10,11,12,15,16,19,179,180,181,182,186,284,285,286,287,309,333,334,336,339,340,341,342,345,346,347,352,353,366,367,375,391,392,407,541,572,583,593,594,614,618,638,639,657,680,681,684,689,690,697,699,709,710,711,822
draft_22951_00409	10,11,12,15,16,179,181,182,186,188,189,256,257,284,285,286,300,333,334,339,341,345,346,352,356,357,359,366,371,372,373,374,375,377,385,388,391,392,393,394,397,404,417,419,431,435,436,442,443,446,447,448,450,454,465,471,473,483,491,492,496,503,507,517,521,522,524,525,529,531,539,540,541,546,547,550,553,556,557,565,571,577,578,579,583,585,586,593,594,596,600,601,604,608,609,614,619,629,634,635,641,644,657,658,661,665,666,669,678,679,684,709,710
draft_22951_00410	10,11,12,15,16,284,285,286,300,333,345,346,352,366,394,529,583,593,644,680,684,689,697
draft_22951_00411	10,11,12,15,19,20,179,180,256,284,285,286,287,300,309,333,334,340,342,345,346,347,352,353,356,357,366,367,371,372,375,382,383,385,391,393,394,407,417,431,435,442,447,471,491,499,517,521,525,529,541,542,543,549,553,557,565,567,571,572,574,575,579,583,585,591,593,596,600,604,607,608,609,614,618,619,620,635,638,641,642,644,652,656,660,661,665,668,669,678,679,680,681,682,684,689,690,692,697,699,700,703,709,710,711,736,799
draft_22951_00412	10,11,15,16,17,34,35,284,285,286,294,300,345,350,354,369,376,394,413,419,451,479,489,490,508,659
draft_22951_00413	10,11,12,15,16,17,19,20,179,181,182,256,257,284,285,286,287,300,333,345,352,353,356,359,371,372,375,376,377,379,380,385,388,390,391,393,394,397,404,417,419,421,435,439,440,442,443,444,447,450,451,452,454,465,473,483,485,488,496,503,505,507,520,524,531,539,540,546,547,550,556,561,573,586,594,597,602,614,622,629,637,644,646,648,655,657,658,675
draft_22951_00414	10,11,12,15,19,20,21,144,146,147,179,180,256,257,258,284,285,286,287,300,309,333,334,341,345,352,353,356,357,358,359,371,372,377,378,381,385,386,387,388,391,393,394,397,400,401,404,407,417,419,421,431,432,435,438,441,442,443,444,447,450,453,454,462,465,471,473,483,491,494,495,496,503,507,517,521,524,525,528,531,536,537,539,540,546,547,549,550,553,554,556,557,565,567,571,574,575,577,578,579,580,583,585,586,593,596,598,600,601,603,604,608,609,614,618,619,620,624,629,634,635,638,641,642,644,656,657,658,660,661,665,666,668,669,672,673,678,679,680,681,683,684,685,686,689,690,691,692,693,694,695,696,697,698,699,700,703,704,705,708,709,710,711,713,717,735,759,780,798,822
draft_22951_00415	10,11,12,15,16,17,19,179,181,182,256,257,284,285,286,287,300,333,334,335,345,352,359,360,366,375,376,380,390,391,392,394,397,398,404,419,421,439,443,451,452,454,473,485,488,505,507,520,522,539,541,561,573,597,614,637,646,647,648,655
draft_22951_00416	10,11,12,15,16,179,180,181,182,186,256,257,258,284,285,286,300,333,334,341,345,346,352,356,357,359,366,371,372,373,374,377,378,385,388,391,394,397,404,417,419,431,435,436,438,442,443,446,447,448,450,454,465,471,473,483,491,492,496,503,507,517,521,522,524,525,531,539,540,541,546,547,550,553,556,557,565,571,578,579,583,585,586,593,596,600,601,604,608,609,614,619,629,634,635,641,644,657,658,661,665,666,669,678,679,680,684,689,697,698,709,710,711,717,780
draft_22951_00417	10,11,12,15,16,179,180,256,284,285,286,300,333,334,341,345,346,352,356,357,366,371,372,375,377,378,385,391,392,394,417,431,435,438,442,447,450,465,471,491,496,503,517,521,525,529,541,546,547,550,553,557,565,571,579,583,585,586,593,596,600,601,604,608,609,614,619,629,634,635,641,644,658,661,665,666,669,678,679,680,684,689,697,709,710,711,717,780
draft_22951_00418	10,11,12,15,16,19,20,179,180,256,284,285,286,287,300,333,334,341,345,352,353,356,357,367,371,372,375,377,378,381,385,394,406,417,421,431,435,438,441,442,444,447,450,453,465,471,491,503,517,521,525,536,546,547,550,553,557,565,571,579,580,583,585,593,594,596,598,600,601,602,604,608,609,619,634,635,638,641,642,644,656,661,665,666,669,678,679,680,681,683,684,685,686,689,690,693,697,699,705,709,710,711,717,750,759,780,813,822
draft_22951_00419	10,11,12,15,16,17,19,179,180,186,187,256,258,284,285,286,287,300,333,341,345,352,356,371,372,376,377,378,385,391,393,394,417,421,435,438,442,447,450,452,465,471,491,496,503,517,521,525,546,547,550,553,557,561,565,571,579,583,585,586,593,596,600,601,604,608,609,614,619,629,634,635,637,641,644,646,655,658,661,665,666,669,675,678,679,680,684,729,792
draft_22951_00420	10,11,12,15,16,19,34,179,180,181,182,186,256,257,258,284,285,286,287,294,300,333,341,345,352,353,354,356,358,359,371,372,377,378,382,384,385,387,388,391,393,394,397,400,401,404,417,419,421,422,432,435,438,440,442,443,444,447,450,452,454,465,471,473,483,486,491,495,496,500,503,507,509,512,517,521,524,525,528,531,537,539,540,546,547,548,550,553,556,557,565,570,571,577,578,579,583,585,586,593,596,600,601,603,604,608,609,612,614,619,629,634,635,641,644,646,657,658,661,665,666,669,678,679,680,684,771,834
draft_22951_00421	10,11,12,15,19,179,180,284,285,286,287,300,309,333,339,341,345,346,347,352,353,366,367,391,393,394,407,529,541,567,572,583,593,614,644,657,660,680,684
draft_22951_00422	10,11,12,15,16,17,19,20,144,149,150,179,181,182,186,188,189,256,257,284,285,286,287,345,346,347,352,353,366,367,375,376,380,390,391,392,397,398,404,406,419,421,451,452,454,485,488,505,520,522,541,561,567,570,573,597,612,615,616,637,646,647,648,655,657,660
draft_22951_00423	10,11,15,19,20,284,285,286,287,300,333,345,346,352,353,366,367,375,381,394,406,421,441,444,453,529,536,580,583,593,638,644,680,681,684,685,690,693
draft_22951_00424	10,11,12,15,16,17,19,20,284,285,286,287,300,333,339,341,345,346,347,352,353,366,367,375,376,381,391,394,406,419,421,441,444,451,453,454,488,529,536,537,567,580,583,593,615,616,638,644,681,684,685,692,696
draft_22951_00425	10,11,12,15,19,20,34,179,180,186,187,256,258,284,285,286,294,300,309,333,341,345,352,354,356,371,372,377,378,384,385,391,393,394,409,415,417,435,438,442,447,450,458,459,460,465,466,471,482,491,496,503,517,521,525,532,533,546,547,550,553,557,565,571,578,579,583,585,586,593,596,600,601,604,608,609,614,619,629,634,635,641,644,657,658,661,665,666,669,678,679,680,684,726,789
draft_22951_00426	10,11,12,15,144,149,150,179,180,256,284,285,286,300,333,334,341,345,346,352,356,357,366,371,372,377,378,385,391,393,394,417,431,435,438,442,447,450,465,471,491,496,503,517,521,525,529,541,546,547,550,553,557,565,571,579,583,585,586,593,596,600,601,604,608,609,614,619,629,634,635,641,644,657,658,661,665,666,669,678,679,680,684,689,697,709,710,711,759,822
draft_22951_00427	10,11,12,15,16,144,146,147,179,180,256,257,258,284,285,286,333,341,345,352,356,358,359,366,371,372,374,375,376,377,378,380,385,387,388,390,391,392,397,398,404,417,419,432,435,438,442,443,447,448,450,451,454,465,471,473,483,485,486,488,491,492,496,500,503,505,507,517,520,521,522,524,525,531,539,540,541,546,547,548,550,553,556,557,561,565,570,571,573,577,579,583,585,586,593,596,597,600,601,604,608,609,612,614,619,629,634,635,637,641,655,658,661,665,666,669,675,678,679,680,684,771,834
draft_22951_00428	10,11,12,15,19,20,31,144,146,147,179,180,256,284,285,286,287,293,309,315,333,334,345,346,349,352,353,356,357,366,371,372,385,391,392,411,412,417,421,426,431,435,440,442,444,447,452,457,471,491,517,521,525,536,541,553,557,565,571,579,580,583,585,593,596,600,604,609,614,619,635,641,646,647,657,661,665,669,678,679,680,686,689,697,709,710,711
draft_22951_00429	10,11,15,16,19,179,180,256,284,285,286,287,300,333,341,345,352,356,371,372,376,377,378,385,391,393,394,417,421,435,438,442,447,450,452,465,471,491,496,503,517,521,525,546,547,550,553,557,561,565,571,579,583,585,586,593,596,600,601,604,608,609,614,619,629,634,635,641,644,646,655,658,661,665,666,669,675,678,679,680,684
draft_22951_00430	10,11,12,15,16,19,179,180,184,185,186,256,284,285,286,287,300,333,334,339,341,345,346,352,353,356,357,366,371,372,377,378,385,391,393,394,417,421,431,435,438,440,442,444,447,450,452,465,471,491,496,503,517,521,525,529,536,537,546,547,550,553,557,565,570,571,579,580,583,585,586,593,596,600,601,604,608,609,612,614,619,629,634,635,641,644,646,657,658,661,665,666,669,678,679,680,684,685,689,693,696,697,705,708,709,710,711,759,822
draft_22951_00431	10,11,12,15,16,284,285,286,300,333,339,341,345,346,352,366,375,391,393,394,529,541,594,614,644,657
draft_22951_00432	10,11,15,179,180,256,284,285,286,300,333,341,345,352,356,366,371,372,375,377,378,385,391,393,394,417,435,438,442,447,450,465,471,491,496,503,517,521,525,529,541,546,547,550,553,557,565,571,579,583,585,586,593,596,600,601,604,608,609,614,619,629,634,635,641,644,658,661,665,666,669,678,679,680,684
draft_22951_00433	10,11,12,15,179,180,181,182,186,256,257,258,284,285,286,333,334,341,345,346,352,356,357,358,359,366,371,372,373,374,377,378,385,386,387,388,391,397,404,417,419,431,432,435,436,438,442,443,446,447,448,450,454,465,471,473,483,491,492,496,503,507,517,521,522,524,525,531,539,540,541,546,547,550,553,556,557,565,571,577,578,579,583,585,586,593,596,600,601,604,608,609,614,619,629,634,635,641,657,658,661,665,666,669,678,679,680,684,689,697,709,710,711,759,822
draft_22951_00434	10,11,15,16,144,146,147,179,181,182,256,257,258,259,284,285,286,300,333,334,345,346,352,356,357,359,360,366,371,372,373,374,376,377,379,380,385,386,388,389,390,391,393,394,397,400,401,404,417,419,431,435,436,439,442,443,446,447,448,450,451,454,465,471,473,483,485,488,489,491,492,496,503,505,507,517,520,521,522,524,525,528,529,531,539,540,541,546,547,550,553,556,557,561,565,571,573,577,578,579,583,585,586,593,596,597,600,601,604,608,609,614,619,629,634,635,637,641,644,655,657,658,661,665,666,669,675,678,679,680,684,709,710,711
draft_22951_00435	10,11,12,15,19,20,144,150,179,180,256,284,285,286,287,300,333,334,341,345,347,352,353,356,357,367,371,372,377,378,381,385,394,406,417,421,431,435,438,441,442,444,447,450,453,465,471,491,494,503,517,521,525,536,546,547,549,550,553,554,557,565,571,574,575,579,580,583,585,593,595,596,598,600,601,604,605,608,609,615,619,620,624,634,635,638,641,642,644,656,661,665,666,667,669,672,673,678,679,680,681,683,684,685,687,689,690,692,693,696,697,699,704,705,708,709,710,711,713,717,738,756,780,801,819
draft_22951_00436	10,11,12,15,16,19,20,284,285,286,287,300,333,334,335,339,341,345,346,352,353,366,375,391,393,394,421,440,444,452,529,541,570,593,612,614,644,646,647,657,709,712
draft_22951_00437	10,11,12,15,19,144,148,179,180,256,284,285,286,287,300,309,333,334,339,340,341,342,345,346,347,352,353,356,357,366,367,371,372,385,394,407,417,431,435,442,447,465,471,491,517,521,525,529,550,553,557,565,567,571,572,579,583,585,593,596,600,604,608,609,618,619,634,635,638,641,642,644,656,661,665,669,678,679,680,681,684,689,690,692,697,699,709,710,711,713,756,819,841,843,861,864,869
draft_22951_00438	10,11,12,13,15,16,17,19,20,179,181,182,186,188,189,193,195,196,284,285,286,287,300,333,334,337,341,345,346,352,353,366,391,392,393,394,421,440,444,452,529,536,537,541,570,580,583,593,594,603,612,614,644,646,647,657,684,686,709,711
draft_22951_00439	10,11,12,15,16,17,19,179,181,182,186,188,189,256,257,258,259,284,285,286,287,300,333,341,345,346,352,353,356,358,359,366,371,372,373,374,377,378,385,388,391,393,394,397,404,417,419,421,432,435,436,438,440,442,443,444,446,447,448,450,452,454,465,471,473,483,486,491,492,494,495,496,500,503,507,517,521,522,524,525,531,536,537,539,540,541,546,547,548,550,553,554,556,557,565,570,571,577,578,579,581,583,585,586,593,594,596,600,601,603,604,608,609,612,614,619,625,629,634,635,641,644,646,657,658,661,665,666,669,673,674,678,679,684
draft_22951_00440	10,11,12,15,16,179,181,182,186,188,189,256,257,258,259,284,285,286,333,334,345,346,352,356,357,359,366,371,372,373,374,377,385,388,391,397,404,417,419,431,435,436,442,443,446,447,448,450,454,465,471,473,483,491,492,496,503,507,517,521,522,524,525,531,539,540,541,546,547,550,553,556,557,565,571,578,579,583,585,586,593,596,600,601,604,608,609,614,619,629,634,635,641,657,658,661,665,666,669,678,679,680,684,689,697,698,709,710,711
draft_22951_00441	10,11,15,16,179,181,182,256,257,284,285,286,333,341,345,346,352,356,359,366,371,372,373,374,375,377,378,385,388,391,392,397,404,417,419,435,436,438,442,443,446,447,448,450,454,465,471,473,483,491,492,496,503,507,517,521,522,524,525,531,539,540,541,546,547,550,553,556,557,565,571,578,579,583,585,586,593,594,596,600,601,602,604,608,609,614,619,622,629,634,635,641,657,658,661,665,666,669,678,679,684
draft_22951_00442	10,11,12,15,16,19,20,21,179,180,256,284,285,286,287,300,301,333,334,342,345,346,352,353,356,357,366,367,371,372,375,382,383,385,391,393,394,395,399,406,417,421,431,435,440,442,444,447,452,465,471,477,491,494,499,511,516,517,519,521,523,525,529,536,537,541,542,543,545,549,550,553,554,557,565,566,568,570,571,574,575,579,580,583,585,590,593,595,596,598,600,603,604,605,607,608,609,612,614,619,620,624,627,629,631,634,635,638,641,642,644,646,647,652,656,657,661,663,665,667,669,672,673,678,679,680,681,683,684,685,687,689,690,692,693,694,700,703,705,706,709,710,711,715,736,762,778,799,825
draft_22951_00443	10,11,12,15,16,19,179,183,284,285,286,287,300,333,334,335,341,342,345,346,352,353,366,375,391,392,393,394,417,421,433,435,438,442,444,447,450,491,503,525,529,536,541,554,557,570,580,583,593,600,612,614,641,644,657,661,672,674,679,680,684,685,696,709,710,711,712
draft_22951_00444	10,11,15,19,179,181,182,284,285,286,287,333,345,346,352,353,366,375,391,392,421,440,444,452,536,541,580,583,593,614,646,647,657,684,685,696
draft_22951_00445	10,11,15,284,285,286,300,333,345,346,352,366,375,391,393,394,529,541,593,614,644
draft_22951_00446	10,11,12,15,16,19,144,147,179,181,182,256,257,284,285,286,287,300,333,342,345,346,347,352,353,356,366,367,371,372,382,385,391,392,393,394,406,410,417,421,433,435,437,442,444,447,449,465,471,477,491,494,499,517,521,525,529,536,537,541,542,543,549,550,553,554,557,565,566,567,570,571,574,575,579,580,583,585,590,593,595,596,598,600,603,604,605,607,608,609,612,614,615,616,620,621,624,627,629,633,634,635,638,641,642,644,652,656,657,660,661,665,667,669,672,673,678,679,681,684,685,692,696,703
draft_22951_00447	10,11,12,15,16,19,20,179,180,181,182,186,256,257,258,284,285,286,287,309,333,334,341,345,346,352,353,356,357,358,359,366,371,372,374,376,377,378,380,381,382,385,386,387,388,390,391,392,397,398,404,407,417,419,421,431,432,435,438,440,441,442,443,444,447,448,450,451,452,453,454,465,471,473,483,485,488,491,492,494,496,503,505,507,517,520,521,522,524,525,531,536,537,539,540,541,546,547,550,553,554,556,557,561,565,567,571,573,577,579,580,581,583,585,586,593,594,596,597,598,600,601,602,603,604,608,609,614,619,622,624,625,629,634,635,637,641,646,647,648,655,657,658,660,661,665,666,669,672,673,674,675,678,679,680,684,685,689,693,705,709,710,711,759,822
draft_22951_00448	10,11,12,15,16,19,179,181,182,284,285,286,287,300,333,334,336,345,346,347,352,353,366,367,375,391,392,393,394,406,529,541,567,570,612,614,615,616,644,657,660
draft_22951_00449	10,11,12,15,16,19,20,179,181,182,284,285,286,287,333,339,341,345,346,347,352,353,366,367,375,381,391,392,406,421,441,444,453,536,541,570,580,581,593,612,614,615,638,639,657,683,686
draft_22951_00450	10,11,12,13,15,16,17,179,181,182,186,188,189,193,195,196,256,257,258,259,284,285,286,333,334,341,345,346,352,356,357,358,359,366,371,372,373,374,377,385,388,391,392,397,404,417,419,431,432,435,436,438,442,443,446,447,448,450,454,465,471,473,483,491,492,496,503,507,517,521,522,524,525,531,539,540,541,546,547,550,553,556,557,565,570,571,577,578,579,583,585,586,593,596,600,601,604,608,609,612,614,619,629,634,635,641,657,658,661,665,666,669,678,679,680,684,709,711
draft_22951_00451	10,11,12,15,16,19,144,146,147,179,180,256,284,285,286,287,300,333,341,345,346,352,353,356,366,371,372,377,378,385,391,392,394,417,421,435,438,440,442,444,447,450,452,465,471,491,496,503,517,521,525,536,541,546,547,550,553,557,565,571,579,580,583,585,586,593,596,600,601,604,608,609,614,619,629,634,635,641,644,646,647,657,658,661,665,666,669,678,679,680,684,686,729,792
draft_22951_00452	10,11,12,15,16,179,180,181,182,186,256,257,258,284,285,286,300,333,334,341,345,346,352,356,357,358,359,366,371,372,373,374,377,378,385,386,387,388,391,394,397,404,417,419,431,432,435,436,438,442,443,446,447,448,450,454,465,471,473,483,491,492,496,503,507,517,521,522,524,525,531,539,540,541,546,547,550,553,556,557,565,571,577,578,579,583,585,586,593,594,596,600,601,602,604,608,609,614,619,622,629,634,635,641,644,657,658,661,665,666,669,678,679,680,684,689,697,709,710,711,759,822
draft_22951_00453	10,11,12,15,16,19,179,181,182,284,285,286,287,300,309,333,334,336,340,342,345,346,347,352,353,366,367,375,391,392,394,407,529,541,567,572,583,593,594,614,644,657,660,684,709,710
draft_22951_00454	10,11,12,13,15,16,17,19,20,179,181,182,186,188,189,284,285,286,287,300,301,333,334,337,341,345,352,353,375,391,393,394,395,399,419,421,432,440,443,444,452,468,516,519,537,539,540,570,583,593,614,644,645,657,680,684,689,698,709,710
draft_22951_00455	10,11,15,16,179,180,256,284,285,286,300,333,334,341,345,352,356,357,371,372,375,377,378,385,394,417,431,435,438,442,447,450,465,471,491,503,517,521,525,546,547,548,550,553,557,565,570,571,579,583,585,593,596,600,601,604,608,609,619,634,635,641,644,661,665,666,669,678,679,680,684,689,709,710,711,738,759,771,801,822,834
draft_22951_00456	10,11,12,15,16,17,144,146,147,151,153,154,179,180,256,257,258,259,260,284,285,286,300,333,341,345,352,356,358,359,360,371,372,375,376,377,378,380,385,387,388,390,391,393,394,397,400,401,404,417,419,432,435,438,439,442,443,447,450,451,454,465,471,473,483,485,486,488,489,491,496,500,503,505,507,517,520,521,524,525,528,531,539,540,546,547,548,550,553,556,557,561,565,570,571,573,577,579,583,585,586,593,594,596,597,601,602,604,608,609,612,614,619,622,629,634,635,637,641,644,655,657,658,661,665,666,669,675,678,679,680,684,729,750,771,792,813,834
draft_22951_00457	10,11,12,15,16,179,181,182,284,285,286,300,333,334,337,341,345,346,352,366,391,393,394,417,435,442,447,491,517,529,541,557,570,583,593,600,612,614,641,644,657,709,711
draft_22951_00458	10,11,12,15,16,19,179,180,181,182,186,256,284,285,286,287,300,333,341,345,346,347,352,353,356,366,367,371,372,377,378,385,391,392,394,406,417,435,438,442,447,450,465,471,491,496,503,517,521,525,541,546,547,548,550,553,557,565,567,570,571,579,583,585,586,593,594,596,600,601,602,604,608,609,612,614,615,616,619,629,634,635,641,644,657,658,660,661,665,666,669,678,679,680,684,729,750,771,792,813,834
draft_22951_00459	10,11,12,15,16,17,179,181,182,186,188,189,193,195,196,256,257,258,259,284,285,286,333,341,345,346,352,356,359,366,371,372,373,374,377,378,385,388,391,392,397,404,417,419,435,436,438,442,443,446,447,448,450,454,465,471,473,483,491,492,496,500,503,507,517,521,522,524,525,531,539,540,541,546,547,548,550,553,556,557,565,570,571,577,578,579,583,585,586,593,596,600,601,604,608,609,612,614,619,629,634,635,641,657,658,661,665,666,669,678,679,684
draft_22951_00460	10,11,12,15,16,179,180,181,182,186,256,257,258,284,285,286,300,333,341,345,352,356,358,359,371,372,375,377,378,385,387,388,391,394,397,404,417,419,432,435,438,442,443,447,450,454,465,471,473,483,486,491,496,500,503,507,517,521,524,525,531,539,540,546,547,548,550,553,556,557,565,570,571,577,578,579,583,585,586,593,594,596,600,601,602,604,608,609,612,614,619,622,629,634,635,641,644,657,658,661,665,666,669,678,679,680,684,729,750,771,792,813,834
draft_22951_00461	10,11,12,15,16,19,20,179,180,184,185,186,256,284,285,286,287,300,333,339,341,345,346,352,353,356,366,371,372,375,377,378,385,391,393,394,417,421,435,438,440,442,444,447,450,452,465,471,491,496,503,517,521,525,529,536,537,541,546,547,548,550,553,557,565,570,571,579,580,581,583,585,586,593,594,596,600,601,603,604,608,609,612,614,619,629,634,635,641,644,646,647,657,658,661,665,666,669,678,679,680,684,686,688,771,834
draft_22951_00462	10,11,12,15,16,19,20,179,184,185,284,285,286,287,300,333,334,339,341,342,345,346,352,353,366,375,376,391,393,394,417,421,431,433,438,442,444,450,452,465,491,525,529,536,541,554,557,561,580,581,583,593,614,637,641,644,646,647,655,661,672,674,679,680,685
draft_22951_00463	10,11,12,15,16,19,20,21,144,147,179,181,182,186,188,189,256,257,284,285,286,287,300,333,334,336,342,345,346,347,352,353,356,366,367,371,372,382,385,391,392,393,394,406,410,417,421,433,435,437,440,442,444,447,449,452,463,465,471,477,491,494,499,517,521,525,529,536,537,538,541,542,543,549,550,553,554,557,565,566,567,570,571,574,575,579,580,581,583,585,589,590,593,594,595,596,598,600,603,604,605,606,607,608,609,612,614,615,616,620,621,624,627,629,633,634,635,638,641,642,644,646,647,652,656,657,660,661,665,667,669,672,673,678,679,681,684,685,692,694,695,696,703,709,710
draft_22951_00464	10,11,12,15,19,20,179,180,256,284,285,286,287,300,309,333,334,341,345,352,353,356,357,371,372,375,377,378,381,385,394,407,417,421,431,435,438,441,442,444,447,450,453,465,471,491,494,503,517,521,525,536,546,547,549,550,553,554,557,565,571,574,575,579,580,583,585,593,596,598,600,601,604,608,609,618,619,620,624,634,635,638,641,642,644,656,661,665,666,668,669,672,673,678,679,680,681,683,684,685,686,689,690,693,697,699,705,709,710,711,713,717,738,756,780,801,819
draft_22951_00465	10,11,12,15,19,179,180,256,284,285,286,287,300,333,334,342,345,346,352,353,356,357,366,371,372,385,394,417,421,431,433,435,442,444,447,471,491,494,517,521,525,529,536,537,553,554,557,565,571,579,580,583,585,593,596,598,600,604,608,609,619,624,635,641,661,665,669,672,673,678,679,680,684,685,689,693,697,705,709,710,711
draft_22951_00466	10,11,12,15,16,284,285,286,300,333,345,346,352,366,375,391,392,393,394,529,541,594,614,644,657
draft_22951_00467	10,11,12,15,16,19,20,144,146,147,179,180,256,284,285,286,287,300,333,334,341,345,346,352,353,356,357,366,371,372,377,378,385,391,392,393,394,417,421,431,435,438,440,442,444,447,450,452,465,471,491,494,496,503,517,521,525,536,537,541,546,547,550,553,554,557,565,570,571,579,580,581,583,585,586,593,594,596,598,600,601,603,604,608,609,612,614,619,624,625,629,634,635,641,644,646,657,658,661,665,666,669,672,673,674,678,679,680,684,685,689,693,705,709,710,711,759,822
draft_22951_00468	10,11,12,15,16,144,146,147,179,180,256,257,258,284,285,286,300,333,341,345,352,356,358,359,360,371,372,375,376,377,378,380,385,387,388,390,391,393,394,397,400,401,404,417,419,432,435,438,439,442,443,447,450,451,454,465,471,473,483,485,486,488,489,491,496,500,503,505,507,517,520,521,524,525,528,531,539,540,546,547,548,550,553,556,557,561,565,570,571,573,577,579,583,585,586,593,596,597,600,601,604,608,609,612,614,619,629,634,635,637,641,644,655,657,658,661,665,666,669,675,678,679,680,684,771,834
draft_22951_00469	10,11,12,15,16,284,285,286,300,333,345,346,352,366,391,393,394,529,541,583,593,614,644,657,680,684
draft_22951_00470	10,11,12,15,16,19,144,146,147,284,285,286,287,300,333,334,336,345,346,347,352,353,366,367,375,391,392,394,406,529,541,593,594,614,639,644,657,709
draft_22951_00471	10,11,15,228,230,231,284,285,286,300,333,345,346,352,366,391,393,394,529,541,583,593,614,644,657,680,684,689
draft_22951_00472	10,11,12,15,16,179,181,182,186,188,189,256,257,258,259,284,285,286,333,334,345,346,352,356,357,359,366,371,372,373,374,377,385,388,391,397,404,417,419,431,435,436,442,443,446,447,448,450,454,465,471,473,483,491,492,496,503,507,517,521,522,524,525,531,539,540,541,546,547,550,553,556,557,565,571,578,579,583,585,586,593,596,600,601,604,608,609,614,619,629,634,635,641,657,658,661,665,666,669,678,679,680,684,689,697,698,709,710,711
draft_22951_00473	10,11,15,16,17,19,179,180,256,284,285,286,287,300,301,309,333,341,342,345,352,353,356,371,372,376,377,378,382,383,385,394,407,417,419,423,435,438,442,447,450,451,465,471,489,491,499,503,517,521,525,542,543,546,547,549,550,553,557,565,571,574,575,579,583,585,591,593,596,600,601,604,607,608,609,618,619,620,634,635,638,641,642,652,656,661,665,666,668,669,678,679,680,681,683,684,690,722,785
draft_22951_00474	10,11,15,16,19,144,146,147,179,183,256,257,284,285,286,287,300,301,333,334,341,345,352,353,356,357,358,359,377,382,385,388,394,395,399,400,417,419,421,423,431,432,438,440,442,443,444,450,452,465,468,478,491,494,511,516,519,523,524,525,528,531,536,539,540,546,550,554,556,557,571,580,581,583,593,594,596,601,602,609,617,622,624,625,634,635,641,644,645,661,666,669,672,674,679,680,684,685,689,693,705,709,710,711,822
draft_22951_00475	10,11,12,15,19,20,179,180,256,284,285,286,287,300,309,333,334,345,346,352,353,356,357,366,371,372,381,385,391,393,394,407,417,421,431,435,440,441,442,444,447,452,453,465,471,491,494,517,521,525,529,536,537,541,550,553,554,557,565,567,571,579,580,583,585,593,596,598,600,603,604,608,609,614,619,624,629,634,635,641,646,647,657,660,661,665,669,672,673,678,679,680,684,685,689,693,705,709,710,711
draft_22951_00476	10,11,15,16,179,181,182,284,285,286,300,333,345,346,352,366,391,392,393,394,417,435,442,447,465,517,529,541,570,600,612,644,657
draft_22951_00477	10,11,12,15,16,19,20,179,180,181,182,186,256,257,258,284,285,286,287,300,309,333,334,341,345,346,347,352,353,356,357,358,359,366,367,371,372,376,377,378,380,382,385,386,387,388,390,391,392,393,394,397,398,400,401,404,407,417,419,421,431,432,435,438,440,442,443,444,447,450,451,452,454,465,471,473,483,485,488,489,491,494,496,503,505,507,517,520,521,522,524,525,528,531,536,539,540,541,546,547,550,553,554,556,557,561,565,567,571,572,573,577,579,580,581,583,585,586,593,594,596,597,598,600,601,602,604,608,609,614,619,622,624,625,629,634,635,637,641,644,646,647,648,651,655,657,658,660,661,665,666,669,672,673,674,675,678,679,680,684,685,689,693,705,709,710,711,759,822
draft_22951_00478	10,11,12,15,19,179,180,184,185,186,256,284,285,286,287,300,309,333,334,339,341,345,346,347,352,353,356,357,366,367,371,372,385,391,393,394,407,417,431,435,442,447,465,471,491,517,521,525,529,541,550,553,557,565,567,571,572,579,583,585,593,596,600,604,608,609,614,618,619,629,634,635,638,641,644,657,660,661,665,669,678,679,680,681,684,689,690,697,699,700,709,710,711,713,756,819
draft_22951_00479	10,11,12,15,16,19,179,181,182,284,285,286,287,345,346,352,366,375,376,391,392,421,452,541,561,570,612,637,646,647,655,657
draft_22951_00480	10,11,12,15,16,179,180,284,285,286,300,333,334,335,339,341,345,346,352,366,375,394,529,583,593,644,680,684,689,698,709,710,711,712,798,801
draft_22951_00481	10,11,12,15,144,146,147,284,285,286,333,345,346,352,366,375,391,392,541,583,593,614,657,684
draft_22951_00482	10,11,12,15,16,19,20,179,180,181,182,186,256,257,258,284,285,286,287,300,333,334,341,345,346,352,353,356,357,358,359,366,371,372,373,374,375,377,378,385,388,391,393,394,397,404,417,419,421,431,432,435,436,438,440,442,443,444,446,447,448,450,452,454,465,471,473,483,491,492,494,496,503,507,517,521,522,524,525,529,531,536,539,540,541,546,547,550,553,554,556,557,565,570,571,577,578,579,580,583,585,586,593,596,598,600,601,604,608,609,612,614,619,624,629,634,635,641,644,646,647,657,658,661,665,666,669,672,673,678,679,680,684,685,689,693,696,705,708,709,710,711,717,780
draft_22951_00483	10,11,12,15,19,20,179,180,181,182,186,256,257,258,284,285,286,287,309,333,334,341,345,346,352,353,356,357,358,359,366,371,372,373,374,375,377,378,381,385,386,387,388,391,392,397,398,404,407,417,419,421,431,432,435,436,438,441,442,443,444,446,447,448,450,453,454,465,471,473,483,491,492,496,503,507,517,521,522,524,525,531,536,539,540,541,546,547,550,553,556,557,565,571,577,578,579,581,583,585,586,593,596,600,601,604,608,609,614,618,619,629,634,635,639,641,657,658,661,665,666,669,678,679,680,684,689,697,698,709,710,711,713,759,822
draft_22951_00484	10,11,12,15,16,19,34,179,181,182,284,285,286,287,294,300,333,334,336,345,346,352,353,366,375,376,391,392,393,394,421,422,440,444,452,509,512,529,536,541,561,580,581,583,593,594,614,637,644,655,657,684,685,696,709,710
draft_22951_00485	10,11,12,15,19,20,144,146,147,256,257,284,285,286,287,300,333,334,341,345,347,352,353,356,357,358,359,367,375,377,385,388,391,393,394,397,400,401,404,417,419,421,431,432,437,438,442,443,444,449,450,454,465,471,473,483,491,494,496,507,521,524,525,528,531,536,539,540,546,550,553,554,556,557,565,571,578,579,580,581,583,585,586,593,596,598,601,604,608,609,614,624,625,629,634,635,641,644,657,658,661,665,666,669,672,674,678,679,680,684,685,686,688,709,710,711,713
draft_22951_00486	10,11,15,16,284,285,286,300,333,345,346,352,366,391,393,394,529,541,570,594,612,614,644,657
draft_22951_00487	10,11,15,16,179,180,256,284,285,286,300,333,334,341,345,352,356,357,371,372,375,377,378,385,394,417,431,435,438,442,447,450,465,471,491,503,517,521,525,546,547,548,550,553,557,565,570,571,579,583,585,593,596,600,601,604,608,609,619,634,635,641,644,661,665,666,669,678,679,680,684,689,709,710,711,717,738,771,780,801,834
draft_22951_00488	10,11,12,15,16,17,19,20,144,146,147,179,181,182,256,257,284,285,286,287,300,333,345,346,352,366,367,375,376,380,390,391,392,393,394,397,400,401,404,406,419,421,451,452,454,485,488,489,505,520,541,561,573,593,597,614,637,648,655,657
draft_22951_00489	10,11,12,15,179,180,256,284,285,286,300,333,334,345,346,352,356,357,366,371,372,375,385,391,393,394,417,431,435,442,447,465,471,491,517,521,525,529,541,550,553,557,565,571,579,583,585,593,596,600,604,608,609,614,619,629,634,635,641,661,665,669,678,679,680,684,689,709,710,711
draft_22951_00490	10,11,15,16,179,181,182,256,257,284,285,286,333,341,345,346,352,356,358,359,366,371,373,374,375,377,388,391,397,404,417,419,432,436,438,442,443,446,447,448,450,454,473,483,486,492,496,500,503,507,522,524,539,540,541,546,547,548,570,578,586,600,612,614,657,658
draft_22951_00491	10,11,12,15,16,17,19,20,179,181,182,186,188,189,256,257,258,259,284,285,286,287,300,333,334,345,346,352,353,356,357,359,366,371,372,373,374,376,377,385,388,391,393,394,397,404,417,419,421,431,435,436,440,442,443,444,446,447,448,450,451,452,454,465,471,473,483,488,491,492,494,496,503,507,517,520,521,522,524,525,529,531,536,539,540,541,546,547,550,553,554,556,557,565,571,577,578,579,580,581,583,585,586,593,594,596,597,598,600,601,604,608,609,614,619,624,625,629,634,635,641,647,657,658,661,665,666,669,672,673,674,678,679,684,685,696,709,710
draft_22951_00492	10,11,15,16,34,179,181,182,284,285,286,294,300,333,345,346,352,366,375,376,391,392,393,394,422,509,512,529,541,561,593,614,637,655
draft_22951_00493	10,11,12,15,16,179,181,182,186,188,189,256,257,284,285,286,300,333,334,337,339,341,345,346,352,356,357,359,366,371,372,373,374,375,377,385,388,391,393,394,397,404,417,419,431,435,436,442,443,446,447,448,450,454,465,471,473,483,491,492,496,503,507,517,521,522,524,525,529,531,539,540,541,546,547,550,553,556,557,565,571,578,579,583,585,586,593,594,596,600,601,604,608,609,614,619,629,634,635,641,644,657,658,661,665,666,669,678,679,680,684,689,698,709,710,711
draft_22951_00494	10,11,12,15,16,19,179,180,256,284,285,286,287,300,333,341,345,346,352,353,356,366,371,372,377,378,385,391,393,394,417,421,435,438,440,442,444,447,450,452,465,471,491,496,503,517,521,525,529,537,546,547,550,553,557,565,570,571,579,583,585,586,593,596,600,601,604,608,609,612,614,619,629,634,635,641,644,646,657,658,661,665,666,669,678,679,680,684
draft_22951_00495	10,11,15,16,284,285,286,300,333,345,346,352,366,375,391,392,394,529,541,594,614,644,657
draft_22951_00496	10,11,12,15,144,145,284,285,286,300,333,339,341,345,346,352,366,391,393,394,417,435,442,447,465,517,529,541,583,593,600,614,644,657,684
draft_22951_00497	10,11,15,179,180,284,285,286,300,333,339,341,345,346,352,366,375,391,393,394,529,541,583,593,614,644,680,684
draft_22951_00498	10,11,15,16,19,284,286,287,366,375,376,391,392,421,452,541,561,637,647
draft_22951_00499	10,11,12,15,16,19,179,180,181,182,186,256,257,258,284,285,286,287,300,333,334,341,345,346,352,353,356,357,358,359,366,371,372,374,376,377,378,380,382,385,386,387,388,390,391,392,394,397,398,404,417,419,421,431,432,435,438,440,442,443,444,447,448,450,451,452,454,465,471,473,483,485,488,491,492,494,496,503,505,507,517,520,521,522,524,525,529,531,536,539,540,541,546,547,550,553,554,556,557,561,565,570,571,573,577,579,580,581,583,585,586,593,594,596,597,598,600,601,602,604,608,609,612,614,619,622,624,625,629,634,635,637,641,644,646,647,648,655,657,658,661,665,666,669,672,673,674,675,678,679,680,684,685,689,693,705,709,710,711,759,822
draft_22951_00500	10,11,12,15,179,181,182,256,257,284,285,286,333,334,341,345,352,356,357,358,359,371,372,375,377,385,388,391,397,404,417,419,431,432,435,438,442,443,447,450,454,465,471,473,483,491,496,503,507,521,524,525,531,539,540,546,547,550,553,556,557,565,571,578,579,583,585,586,593,596,600,601,604,608,609,614,619,629,634,635,641,657,658,661,665,666,669,678,679,680,684,689,709,710,711
draft_22951_00501	10,11,12,15,16,284,285,286,300,333,334,337,341,345,346,352,366,375,391,393,394,529,541,570,612,644,657
draft_22951_00502	10,11,15,34,144,147,256,257,284,285,286,294,300,333,345,346,350,352,354,356,366,369,371,372,384,385,394,413,417,422,435,442,447,471,472,481,491,501,508,514,517,521,525,529,532,533,553,557,565,571,579,583,585,587,593,596,600,604,608,609,635,641,644,659,661,665,669,678,679,680,684
draft_22951_00503	10,11,15,19,179,181,182,284,285,286,287,333,345,346,352,366,367,391,392,421,449,452,541,583,593,614,646,647,657,684
draft_22951_00504	10,11,15,16,284,285,286,300,345,346,352,366,375,391,392,393,394,529,541,570,612,644,657
draft_22951_00505	10,11,12,15,19,20,21,144,146,147,179,180,256,257,258,284,285,286,287,300,309,333,334,341,345,352,353,356,357,358,359,371,372,377,378,381,385,386,387,388,391,393,394,397,400,401,404,407,417,419,421,431,432,435,438,441,442,443,444,447,450,453,454,462,465,471,473,483,491,494,495,496,503,507,517,521,524,525,528,531,536,537,539,540,546,547,549,550,553,554,556,557,565,567,571,574,575,577,578,579,580,583,585,586,593,596,598,600,601,603,604,608,609,614,618,619,620,624,629,634,635,638,641,642,644,656,657,658,660,661,665,666,668,669,672,673,678,679,680,681,683,684,685,686,689,690,691,692,693,694,695,696,697,698,699,700,703,704,705,708,709,710,711,713,714,738,759,777,801,822
draft_22951_00506	10,11,12,13,15,16,17,19,20,179,181,182,186,188,189,284,285,286,287,300,333,334,337,339,341,345,346,352,353,366,375,391,393,394,421,440,444,452,529,537,541,570,583,593,594,603,612,614,644,646,647,657,680,684,689,698,709,710
draft_22951_00507	10,11,12,15,19,20,144,147,179,181,182,284,285,286,287,333,342,345,346,347,352,353,366,367,368,375,381,391,392,406,417,435,442,447,465,477,499,525,541,564,568,574,583,593,595,600,611,614,620,657,662,663,667,684
draft_22951_00508	10,11,12,15,19,20,179,181,182,284,285,286,287,300,333,334,336,345,346,352,353,366,367,375,381,391,393,394,406,421,441,444,453,529,536,541,580,583,593,614,638,644,657,680,681,684,685,689,690,692,693,696,699,703,705,709,710,711
draft_22951_00509	10,11,12,15,16,17,19,20,144,146,147,179,181,182,256,257,258,259,284,285,286,287,333,341,352,353,356,358,359,360,366,374,375,376,377,378,379,380,382,385,387,388,389,390,391,392,397,398,404,417,419,421,432,438,439,440,442,443,444,448,450,451,452,454,465,473,483,485,486,488,492,494,495,496,500,505,507,520,522,524,531,536,537,539,541,546,548,550,554,556,561,570,573,581,586,594,597,602,603,612,614,622,625,629,637,646,647,648,651,655,658,674,675
draft_22951_00510	10,11,15,16,179,181,182,256,257,284,285,286,333,341,345,346,352,356,358,359,366,371,373,374,375,377,388,391,397,404,417,419,432,436,438,442,443,446,447,448,450,454,473,483,486,492,496,500,503,507,522,524,539,540,541,546,547,548,570,578,586,600,612,614,657,658
draft_22951_00511	10,11,12,15,16,284,285,286,300,333,345,346,352,366,375,391,392,393,394,529,541,594,614,644,657
draft_22951_00512	10,11,15,16,17,284,285,286,300,345,346,352,366,391,393,394,529,541,570,612,644,657
draft_22951_00513	10,11,12,15,19,20,144,146,147,179,180,256,284,285,286,287,309,333,334,345,346,352,353,356,357,366,371,372,381,385,391,392,407,417,421,431,435,441,442,444,447,453,465,471,491,494,517,521,525,536,541,549,550,553,554,557,565,571,574,575,579,580,583,585,593,596,598,600,604,608,609,614,618,619,620,624,629,634,635,638,641,642,656,657,661,665,668,669,672,673,678,679,680,681,683,684,685,686,689,690,693,697,699,705,709,710,711,713,756,819
draft_22951_00514	10,11,15,16,144,146,147,256,257,284,285,286,333,345,346,352,359,366,371,373,374,375,376,377,380,388,390,391,392,397,398,404,417,419,436,443,446,447,448,450,451,454,473,483,485,486,488,492,496,500,503,505,507,517,520,522,540,541,547,548,561,570,573,593,597,612,614,637,655,657,675
draft_22951_00515	10,11,12,15,284,285,286,333,339,341,345,346,352,366,375,391,392,541,657
draft_22951_00516	10,11,12,15,16,17,19,20,21,144,146,147,179,180,181,182,186,256,257,258,259,260,284,285,286,287,301,309,333,341,345,346,352,353,356,358,359,366,371,372,376,377,378,380,381,382,385,387,388,390,391,392,397,398,404,407,417,419,421,423,432,435,438,440,441,442,443,444,447,450,451,452,453,454,465,468,471,473,478,483,485,486,487,488,491,495,496,500,503,505,507,516,517,518,520,521,522,524,525,531,536,537,539,540,541,546,547,548,550,553,556,557,561,565,567,570,571,573,577,579,580,583,585,586,593,596,597,600,601,603,604,608,609,612,614,617,618,619,629,634,635,637,638,641,645,648,655,657,658,660,661,665,666,669,675,678,679,680,681,683,684,685,686,692,694,695,696,703,771,834
draft_22951_00517	10,11,15,16,179,181,182,256,257,284,285,286,333,341,345,352,356,358,359,366,371,372,374,375,376,377,380,385,388,390,391,397,404,417,419,432,435,438,442,443,447,448,450,451,454,465,473,483,485,488,491,492,496,503,505,507,520,522,524,525,531,539,540,541,546,547,550,556,557,561,571,573,583,586,593,594,597,600,601,602,604,614,622,629,634,635,637,655,658,661,666,669,675,679
draft_22951_00518	10,11,12,15,16,19,179,180,181,182,186,284,285,286,287,333,334,336,339,341,342,345,346,352,353,366,375,391,392,421,433,444,536,541,580,581,583,593,594,614,657,680,684,685,689,693,697,705,709,710,711,822
draft_22951_00519	10,11,12,15,16,17,19,20,179,180,181,182,186,188,189,193,256,257,258,284,285,286,287,301,333,334,341,345,346,352,353,356,357,358,359,366,371,372,375,377,382,385,386,388,391,392,397,417,419,421,423,431,432,435,438,440,442,443,444,447,450,452,454,465,468,471,478,491,494,495,496,497,516,517,519,521,522,524,525,531,536,537,539,541,546,550,553,554,556,557,565,570,571,577,579,580,583,585,586,593,596,598,600,601,604,608,609,612,614,617,619,624,629,634,635,641,645,646,647,657,658,661,665,666,669,672,673,678,679,680,684,685,686,689,693,695,696,697,705,709,710,711,713,756,819
draft_22951_00520	10,11,12,13,15,16,19,20,21,34,130,132,133,144,146,147,179,180,256,284,285,286,287,294,300,309,333,334,339,341,342,345,346,350,352,353,354,356,357,366,369,371,372,375,381,382,383,385,391,392,393,394,407,413,417,421,431,435,440,441,442,444,447,452,453,465,471,490,491,499,508,517,521,525,529,536,537,541,542,543,549,550,553,557,565,567,570,571,574,575,579,580,581,583,585,587,591,593,596,598,600,603,604,607,608,609,612,614,618,619,620,634,635,638,641,642,644,646,647,652,656,657,659,660,661,665,668,669,678,679,680,681,684,685,689,690,692,693,697,704,705,709,710,711,715,778
draft_22951_00521	10,11,12,15,179,180,256,284,285,286,333,334,345,346,352,356,357,366,371,372,375,385,391,392,417,431,435,442,447,465,471,491,517,521,525,541,550,553,557,565,571,579,583,585,593,596,600,604,608,609,614,619,629,634,635,641,661,665,669,678,679,680,684,689,709,710,711
draft_22951_00522	10,11,12,15,16,19,179,180,181,182,186,256,284,285,286,287,300,333,341,345,346,347,352,353,356,366,367,371,372,377,378,385,391,392,394,406,417,435,438,442,447,450,465,471,491,496,503,517,521,525,541,546,547,550,553,557,565,567,571,579,583,585,586,593,594,596,600,601,602,604,608,609,614,615,616,619,629,634,635,641,644,657,658,660,661,665,666,669,678,679,680,684,750,813
draft_22951_00523	10,11,12,15,16,19,144,149,150,179,180,256,284,285,286,287,300,333,334,339,341,345,346,352,353,356,357,366,371,372,375,377,378,385,391,392,394,417,421,431,435,438,440,442,444,447,450,452,465,471,491,496,503,517,521,525,541,546,547,550,553,557,565,571,579,583,585,586,593,596,600,601,604,608,609,614,619,629,634,635,641,644,646,647,657,658,661,665,666,669,678,679,680,684,689,697,709,710,711,729,738,759,792,801,822
draft_22951_00524	10,11,12,15,16,179,180,256,284,285,286,300,301,333,334,345,346,352,356,357,366,371,372,375,385,391,392,399,417,431,435,442,447,465,471,491,516,517,521,523,525,541,550,553,557,565,571,579,583,585,593,596,600,604,608,609,614,619,629,634,635,641,661,665,669,678,679,680,684,689,709,710,711
draft_22951_00525	10,11,12,15,144,146,147,284,285,286,333,345,346,352,366,375,391,392,541,593,614,657
draft_22951_00526	10,11,12,15,16,144,146,147,179,180,256,257,258,284,285,286,300,333,334,341,345,346,352,356,357,358,359,366,371,372,373,374,377,378,385,386,387,388,391,393,394,397,400,401,404,417,419,431,432,435,436,438,442,443,446,447,448,450,454,465,471,473,483,491,492,496,503,507,517,521,522,524,525,528,529,531,539,540,541,546,547,550,553,556,557,565,571,577,578,579,583,585,586,593,594,596,600,601,602,604,608,609,614,619,622,629,634,635,641,644,657,658,661,665,666,669,678,679,680,684,689,697,709,710,711,717,750,759,780,813,822
draft_22951_00527	10,11,12,15,179,180,284,285,286,333,339,341,345,346,352,366,375,391,392,541,583,593,614,680,684
draft_22951_00528	10,11,12,15,16,284,285,286,300,333,345,346,352,366,394,529,583,593,644,680,684,689,697
draft_22951_00529	10,11,12,15,19,179,181,182,284,285,286,287,300,333,334,336,342,345,346,352,353,366,375,391,393,394,421,433,444,529,536,541,580,583,593,614,644,657,680,684,686,689,709,710,711
draft_22951_00530	10,11,12,15,19,20,179,180,256,284,285,286,287,300,309,333,334,341,345,352,353,356,357,371,372,375,377,378,381,385,394,407,417,421,431,435,438,441,442,444,447,450,453,465,471,491,503,517,521,525,536,546,547,550,553,557,565,571,579,580,583,585,593,596,600,601,604,608,609,618,619,634,635,638,641,644,661,665,666,669,678,679,680,681,684,685,689,690,693,697,698,699,705,709,710,711,714,738,759,777,801,822
draft_22951_00531	10,11,12,13,15,16,19,20,21,284,285,286,287,300,309,333,345,346,352,353,366,381,391,393,394,407,421,440,441,444,452,453,529,536,541,580,583,593,614,618,638,644,646,647,657,680,683,684,685,686,689,693,697,705
draft_22951_00532	10,11,12,15,16,19,179,180,184,185,186,256,284,285,286,287,300,333,334,336,341,345,346,352,353,356,357,366,371,372,375,377,378,385,391,392,394,417,421,431,435,438,440,442,444,447,450,452,465,471,491,496,503,517,521,525,529,536,541,546,547,550,553,557,565,571,579,580,583,585,586,593,596,600,601,604,608,609,614,619,629,634,635,641,644,646,647,657,658,661,665,666,669,678,679,680,684,685,686,689,693,696,697,698,705,708,709,710,711,713,759,822
draft_22951_00533	10,11,15,16,179,181,182,256,257,284,285,286,333,341,345,346,352,356,358,359,366,371,373,374,375,377,388,391,397,404,417,419,432,436,438,442,443,446,447,448,450,454,473,483,486,492,496,500,503,507,517,522,524,525,539,540,541,546,547,548,570,578,586,612,614,657,658
draft_22951_00534	10,11,15,179,180,256,284,285,286,300,333,334,341,345,352,356,357,371,372,375,377,378,385,394,417,431,435,438,442,447,450,465,471,491,503,517,521,525,546,547,550,553,557,565,571,579,583,585,593,596,600,601,604,608,609,619,634,635,641,644,661,665,666,669,678,679,680,684,689,709,710,711,759,822
draft_22951_00535	10,11,15,19,179,180,256,284,285,286,287,300,333,341,342,345,352,353,356,367,371,372,375,377,378,382,383,385,394,406,417,435,438,442,447,450,465,471,477,491,499,503,517,521,525,542,543,546,547,549,550,553,557,565,566,571,574,575,579,583,585,590,593,595,596,600,601,604,605,607,608,609,619,620,627,634,635,638,641,642,644,652,656,661,665,666,667,669,678,679,680,681,683,684,690,722,785
draft_22951_00536	10,11,12,15,19,179,180,256,284,285,286,287,300,309,333,334,341,342,345,346,352,353,356,357,366,371,372,375,377,378,382,383,385,391,393,394,407,417,431,435,438,442,447,450,465,471,491,496,499,503,517,521,525,529,541,542,543,544,546,547,549,550,553,557,565,567,571,574,575,579,583,585,586,588,591,593,596,600,601,604,607,608,609,614,618,619,620,629,634,635,638,641,642,644,652,656,657,658,660,661,665,666,668,669,678,679,680,681,684,689,690,709,710,711,715,738,764,778,801,827
draft_22951_00537	10,11,15,179,180,256,284,285,286,300,333,334,345,346,352,356,357,366,371,372,385,394,417,431,435,442,447,465,471,491,517,521,525,529,550,553,557,565,571,579,583,585,593,596,600,604,608,609,619,634,635,641,661,665,669,678,679,680,684,689,709,710,711
draft_22951_00538	10,11,12,15,16,284,285,286,300,333,345,346,352,366,375,391,392,393,394,529,541,583,593,614,644,657,680,684
draft_22951_00539	10,11,12,15,16,34,144,147,179,181,182,256,257,284,285,286,294,300,333,345,346,350,352,354,356,366,369,371,372,384,385,391,392,393,394,413,417,422,435,442,447,465,471,472,481,491,501,508,514,517,521,525,529,532,533,541,550,553,557,565,570,571,579,583,585,587,593,596,600,604,608,609,612,614,629,634,635,641,644,657,659,661,665,669,678,679,684
draft_22951_00540	10,11,12,15,16,17,284,285,286,345,346,352,366,375,391,392,541,570,612,657
draft_22951_00541	10,11,12,15,179,180,184,185,186,256,284,285,286,300,333,334,341,345,346,352,356,357,366,371,372,377,378,385,391,393,394,417,431,435,438,442,447,450,465,471,491,496,503,517,521,525,529,541,546,547,550,553,557,565,571,579,583,585,586,593,596,600,601,604,608,609,614,619,629,634,635,641,644,657,658,661,665,666,669,678,679,680,684,689,697,709,710,711,759,822
draft_22951_00542	10,11,12,15,19,179,180,256,284,285,286,287,300,309,333,334,345,346,347,352,353,356,357,366,367,371,372,385,391,393,394,407,417,431,435,442,447,465,471,491,517,521,525,529,541,550,553,557,565,571,572,579,583,585,593,596,600,604,608,609,614,618,619,629,634,635,638,641,644,657,661,665,669,678,679,680,683,684,689,709,710,711
draft_22951_00543	10,11,12,13,15,16,17,19,20,179,180,181,182,186,188,189,193,256,284,285,286,287,300,333,334,337,339,341,345,346,352,353,356,357,366,371,372,375,385,391,393,394,417,421,431,435,440,442,444,447,452,465,471,491,494,517,521,525,529,536,541,550,553,554,557,565,571,579,580,583,585,593,594,596,598,600,604,608,609,614,619,624,629,634,635,641,644,646,647,657,661,665,669,672,673,678,679,680,684,685,686,688,689,693,697,698,705,709,710,711,713,756,819
draft_22951_00544	10,11,12,15,179,180,256,284,285,286,333,334,341,345,352,356,357,366,371,372,375,377,378,385,391,392,417,431,435,438,442,447,450,465,471,491,496,503,517,521,525,541,546,547,550,553,557,565,571,579,583,585,586,593,596,600,601,604,608,609,614,619,629,634,635,641,658,661,665,666,669,678,679,680,684,689,709,710,711,759,822
draft_22951_00545	10,11,15,179,180,256,284,285,286,300,333,334,341,345,352,356,357,371,372,375,377,378,385,394,417,431,435,438,442,447,450,465,471,491,503,517,521,525,546,547,550,553,557,565,571,579,583,585,593,596,600,601,604,608,609,619,634,635,641,644,661,665,666,669,678,679,680,684,689,709,710,711,717,780
draft_22951_00546	10,11,12,15,19,20,179,180,256,284,285,286,287,300,333,334,339,341,345,346,352,353,356,357,366,367,371,372,375,381,385,394,406,417,421,431,435,441,442,444,447,453,465,471,491,517,521,525,529,536,537,550,553,557,565,567,571,579,580,583,585,593,596,598,600,604,608,609,616,619,634,635,638,641,642,656,661,665,669,678,679,680,681,684,685,689,690,693,697,699,705,709,710,711
draft_22951_00547	10,11,12,15,19,20,179,180,256,284,285,286,287,300,309,333,334,337,340,341,342,345,346,347,352,353,356,357,366,367,371,372,375,382,383,385,391,393,394,407,417,431,435,442,447,471,491,499,517,521,525,529,541,542,543,549,553,557,565,567,571,572,574,575,576,579,583,585,591,593,596,600,604,607,608,609,614,618,619,620,635,638,640,641,642,644,652,656,657,660,661,665,668,669,678,679,680,681,684,689,690,691,697,698,699,702,709,710,711,715,735,757,778,798,820
draft_22951_00548	10,11,15,179,180,284,285,286,300,333,339,341,345,346,352,366,394,529,583,593,644,680,684
draft_22951_00549	10,11,12,15,19,179,181,182,284,285,286,287,333,334,336,339,341,342,345,346,352,353,366,375,391,392,421,433,444,536,541,580,581,583,593,614,657,680,684,709,710,711
draft_22951_00550	10,11,12,15,16,19,20,144,146,147,151,153,154,179,180,256,284,285,286,287,300,333,341,345,346,352,353,356,366,371,372,377,378,385,391,392,394,417,421,435,438,440,442,444,447,450,452,465,471,491,496,503,517,521,525,536,541,546,547,548,550,553,557,565,570,571,579,580,583,585,586,593,594,596,600,601,602,604,608,609,612,614,619,629,634,635,641,644,646,647,657,658,661,665,666,669,678,679,680,684,686,729,750,771,792,813,834
draft_22951_00551	10,11,12,15,19,284,285,286,287,300,309,333,334,338,339,341,342,345,346,352,353,366,375,394,407,529,583,593,618,638,644,680,681,684,689,690,692,698,704,709,710
draft_22951_00552	10,11,12,15,16,19,144,146,147,179,180,256,257,258,284,285,286,287,300,333,341,345,346,352,356,358,359,366,371,372,375,376,377,378,380,385,387,388,390,391,392,393,394,397,398,400,401,404,417,419,421,432,435,438,442,443,447,450,451,452,454,465,471,473,483,485,486,488,489,491,496,500,503,505,507,517,520,521,522,524,525,528,529,531,539,540,541,546,547,548,550,553,556,557,561,565,570,571,573,577,579,583,585,586,593,594,596,597,600,601,604,608,609,612,614,619,629,634,635,637,641,644,646,647,655,657,658,661,665,666,669,675,678,679,680,684,771,834
draft_22951_00553	10,11,12,15,19,20,144,147,284,285,286,287,333,334,338,342,345,346,352,353,366,367,368,375,381,391,392,406,417,435,442,447,465,477,491,499,525,541,557,564,568,574,595,611,620,661,662,663,667,679
draft_22951_00554	10,11,12,15,16,144,146,147,179,181,182,256,257,284,285,286,333,341,345,346,352,356,359,366,371,372,373,374,377,378,385,388,391,392,397,404,417,419,435,436,438,442,443,446,447,448,450,454,465,471,473,483,491,492,496,503,507,517,521,522,524,525,531,539,540,541,546,547,550,553,556,557,565,571,578,579,583,585,586,593,594,596,600,601,602,604,608,609,614,619,622,629,634,635,641,657,658,661,665,666,669,678,679,684
draft_22951_00555	10,11,12,15,16,19,20,179,180,181,182,186,256,257,258,284,285,286,287,300,333,334,341,345,346,352,353,356,357,358,359,366,371,372,375,376,377,378,380,382,385,386,387,388,390,391,392,394,397,398,404,417,419,421,431,432,435,438,440,442,443,444,447,450,451,452,454,465,471,473,483,485,488,491,494,496,503,505,507,517,520,521,522,524,525,529,531,536,539,540,541,546,547,550,553,554,556,557,561,565,570,571,573,577,579,580,581,583,585,586,593,594,596,597,598,600,601,602,604,608,609,612,614,619,622,624,625,629,634,635,637,641,644,646,647,648,651,655,657,658,661,665,666,669,672,673,674,675,678,679,680,684,685,689,693,705,709,710,711,759,822
draft_22951_00556	10,11,12,15,144,149,150,179,180,256,284,285,286,300,333,334,339,341,345,346,352,356,357,366,371,372,375,377,378,385,391,393,394,417,431,435,438,442,447,450,465,471,491,496,503,517,521,525,529,541,546,547,550,553,557,565,571,579,583,585,586,593,596,600,601,604,608,609,614,619,629,634,635,641,644,657,658,661,665,666,669,678,679,680,684,689,697,709,710,711,759,822
draft_22951_00557	10,11,12,15,16,19,20,144,149,150,179,180,256,284,285,286,287,300,301,333,334,339,341,345,346,352,353,356,357,366,371,372,375,377,378,385,391,393,394,417,421,423,431,435,438,440,442,444,447,450,452,465,471,491,496,503,517,521,525,536,537,546,547,550,553,557,565,570,571,579,580,583,585,586,593,594,596,598,600,601,604,608,609,612,614,619,629,634,635,641,644,646,657,658,661,665,666,669,678,679,680,684,685,686,689,693,697,705,709,710,711,759,822
draft_22951_00558	10,11,15,19,144,146,147,256,257,284,285,286,287,300,333,334,342,345,346,352,353,356,357,359,366,371,373,374,375,377,385,388,391,393,394,397,400,401,404,417,419,421,431,433,436,442,443,444,446,447,448,450,454,465,471,473,483,491,492,494,496,507,521,522,524,525,528,529,531,536,539,541,546,550,553,554,556,557,565,571,578,580,581,583,586,593,596,598,600,601,608,609,614,624,625,629,634,635,641,657,658,661,666,669,672,673,674,679,684,686,709,710,711,713
draft_22951_00559	10,11,12,15,16,144,146,147,179,180,256,257,258,284,285,286,300,333,334,341,345,346,352,356,357,358,359,366,371,372,373,374,375,377,378,385,386,387,388,391,392,393,394,397,400,401,404,417,419,431,432,435,436,438,442,443,446,447,448,450,454,465,471,473,483,491,492,496,503,507,517,521,522,524,525,528,529,531,539,540,541,546,547,550,553,556,557,565,571,577,578,579,583,585,586,593,594,596,600,601,604,608,609,614,619,629,634,635,641,644,657,658,661,665,666,669,678,679,680,684,689,697,698,709,710,711,713,759,822
draft_22951_00560	10,11,12,15,16,19,20,34,144,146,147,151,154,284,285,286,287,294,300,309,333,339,341,345,346,350,352,353,354,366,369,376,381,391,393,394,407,413,421,441,444,452,453,508,529,536,541,561,570,580,583,587,593,612,614,618,637,638,644,646,647,655,659,680,681,684,685,689,690,693,697,699,705
draft_22951_00561	10,11,12,15,179,180,181,182,186,256,257,258,284,285,286,333,334,345,346,352,356,357,359,366,371,372,373,374,377,385,386,388,391,392,397,398,404,417,419,431,435,436,442,443,446,447,448,450,454,465,471,473,483,491,492,496,503,507,517,521,522,524,525,531,539,540,541,546,547,550,553,556,557,565,571,577,578,579,583,585,586,593,596,600,601,604,608,609,614,619,629,634,635,641,657,658,661,665,666,669,678,679,680,684,689,697,709,710,711,713,756,819
draft_22951_00562	10,11,12,15,16,19,20,179,180,181,182,186,256,257,258,284,285,286,287,309,333,334,341,345,346,352,353,356,357,358,359,366,371,372,373,374,377,378,381,385,387,388,391,397,404,407,417,419,421,431,432,435,436,438,441,442,443,444,446,447,448,450,453,454,465,471,473,483,486,491,492,494,496,500,503,507,517,521,522,524,525,531,536,539,540,541,546,547,548,549,550,553,554,556,557,565,570,571,574,575,577,578,579,580,583,585,586,593,596,598,600,601,604,608,609,612,614,618,619,620,624,629,634,635,638,641,642,656,657,658,661,665,666,668,669,672,673,678,679,680,681,683,684,685,686,689,690,692,693,696,699,703,704,705,708,709,710,711,717,738,771,780,801,834
draft_22951_00563	10,11,12,15,179,180,256,284,285,286,300,333,334,345,346,352,356,357,366,371,372,375,385,391,393,394,417,431,435,442,447,465,471,491,517,521,525,529,541,550,553,557,565,571,579,583,585,593,596,600,604,608,609,614,619,629,634,635,641,644,657,661,665,669,678,679,680,684,689,709,710,711
draft_22951_00564	10,11,12,15,179,180,256,284,285,286,300,333,341,345,346,352,356,366,371,372,375,377,378,385,391,393,394,417,435,438,442,447,450,465,471,491,496,503,517,521,525,529,541,546,547,550,553,557,565,571,579,583,585,586,593,596,600,601,604,608,609,614,619,629,634,635,641,644,657,658,661,665,666,669,678,679,680,684
draft_22951_00565	10,11,12,15,19,20,179,180,256,284,285,286,287,309,333,341,342,345,352,353,356,366,371,372,375,377,378,382,383,385,391,392,407,417,421,435,438,440,442,444,447,450,452,465,471,491,496,499,503,517,521,525,541,542,543,546,547,549,550,553,557,565,571,574,575,579,583,585,586,591,593,596,600,601,604,607,608,609,614,618,619,620,629,634,635,638,641,642,646,647,652,656,657,658,661,665,666,668,669,678,679,680,681,683,684,690,722,785
draft_22951_00566	10,11,12,13,15,16,17,179,181,182,186,188,189,193,195,196,256,257,258,259,284,285,286,333,334,341,345,346,352,356,357,358,359,366,371,372,373,374,375,377,385,388,391,392,397,404,417,419,431,432,435,436,438,442,443,446,447,448,450,454,465,471,473,483,491,492,496,503,507,517,521,522,524,525,531,539,540,541,546,547,550,553,556,557,565,570,571,577,578,579,583,585,586,593,596,600,601,604,608,609,612,614,619,629,634,635,641,657,658,661,665,666,669,678,679,680,684,709,710,711
draft_22951_00567	10,11,12,15,19,20,21,179,180,256,284,285,286,287,300,309,333,334,341,345,346,352,353,356,357,366,371,372,377,378,381,385,391,393,394,407,417,421,431,435,438,441,442,444,447,450,453,465,471,491,494,496,503,517,521,525,529,536,541,546,547,549,550,553,554,557,565,571,574,575,579,580,581,583,585,586,593,596,598,600,601,604,608,609,614,618,619,620,624,625,629,634,635,638,639,641,642,644,656,657,658,661,665,666,668,669,672,673,674,678,679,680,681,683,684,685,686,689,690,693,699,700,705,709,710,711,714,738,759,777,801,822
draft_22951_00568	10,11,15,16,144,146,147,179,180,256,257,258,284,285,286,300,333,341,345,352,356,358,359,371,372,376,377,378,380,385,387,388,390,391,393,394,397,400,401,404,417,419,432,435,438,442,443,447,450,451,454,465,471,473,483,485,486,488,489,491,496,500,503,505,507,517,520,521,524,525,528,531,539,540,546,547,548,550,553,556,557,561,565,570,571,573,577,579,583,585,586,593,596,597,600,601,604,608,609,612,614,619,629,634,635,637,641,644,655,658,661,665,666,669,675,678,679,680,684,771,834
draft_22951_00569	10,11,12,15,19,144,146,147,179,180,256,284,285,286,287,309,333,334,345,346,347,352,353,356,357,366,367,371,372,385,391,392,407,417,431,435,442,447,465,471,491,517,521,525,541,549,550,553,557,565,571,572,574,575,579,583,585,593,596,600,604,608,609,614,618,619,620,629,634,635,638,641,642,656,657,661,665,668,669,678,679,680,681,683,684,689,690,697,699,709,710,711,713,756,819
draft_22951_00570	10,11,12,15,16,19,20,179,180,181,182,186,256,284,285,286,287,300,333,334,339,341,342,345,346,352,353,356,357,366,367,371,372,375,382,383,385,391,392,394,406,417,431,435,442,447,465,471,477,491,499,517,521,525,529,541,542,543,545,549,550,553,557,565,566,568,571,574,575,579,583,585,590,593,594,595,596,600,604,605,607,608,609,614,619,620,627,629,631,634,635,638,641,642,644,652,656,657,661,663,665,667,669,678,679,680,681,683,684,689,690,692,700,703,709,710,711,715,736,762,778,799,825
draft_22951_00571	10,11,12,15,19,20,144,146,147,179,180,256,284,285,286,287,309,333,341,342,345,346,352,353,356,366,371,372,377,378,382,383,385,391,392,407,417,421,435,438,440,442,444,447,450,452,465,471,491,496,499,503,517,521,525,536,541,542,543,546,547,549,550,553,557,565,571,574,575,579,580,583,585,586,591,593,596,600,601,604,607,608,609,614,618,619,620,629,634,635,638,641,642,646,647,652,656,657,658,661,665,666,668,669,678,679,680,681,683,684,686,690,722,785
draft_22951_00572	10,11,12,13,15,16,17,19,179,181,182,186,188,189,284,285,286,287,300,333,334,337,339,341,345,346,352,353,366,375,391,393,394,421,440,444,452,529,537,541,570,583,593,594,603,612,614,644,646,647,657,680,684,689,698,709,710
draft_22951_00573	10,11,12,15,16,19,20,179,180,181,182,186,256,257,258,284,285,286,287,300,301,309,333,334,341,345,346,347,352,353,356,357,358,359,366,367,371,372,375,377,382,385,386,388,391,393,394,397,407,417,419,421,423,431,432,435,438,440,442,443,444,447,450,452,454,465,468,471,478,491,494,496,497,516,517,519,521,522,524,525,529,531,536,537,539,540,541,546,550,553,554,556,557,565,567,570,571,572,577,579,580,583,585,586,593,596,598,600,601,603,604,608,609,612,614,617,619,624,629,634,635,641,644,645,646,647,657,658,660,661,665,666,669,672,673,678,679,680,684,685,686,689,693,697,705,709,710,711,713,756,819
draft_22951_00574	10,11,12,15,16,179,181,182,256,257,284,285,286,333,341,345,352,356,358,359,375,377,388,391,397,404,417,419,432,438,442,443,450,454,473,483,486,496,500,507,524,525,539,540,546,548,570,578,586,612,614,657,658
draft_22951_00575	10,11,12,15,19,20,144,149,150,179,180,256,284,285,286,287,300,309,333,334,336,341,345,352,353,356,357,371,372,377,378,381,385,391,393,394,407,417,421,431,435,438,440,441,442,444,447,450,452,453,465,471,491,496,503,517,521,525,536,546,547,550,553,557,565,571,579,580,583,585,586,593,596,598,600,601,604,608,609,614,618,619,629,634,635,638,641,644,646,657,658,661,665,666,669,678,679,680,681,683,684,685,686,687,688,689,690,692,693,696,697,698,699,703,704,705,708,709,710,711,713,759,822
draft_22951_00576	10,11,12,15,19,179,180,256,284,285,286,287,300,309,333,334,345,346,347,352,353,356,357,366,367,371,372,385,391,393,394,407,417,431,435,442,447,465,471,491,517,521,525,529,541,550,553,557,565,567,571,572,579,583,585,593,596,600,604,608,609,614,619,629,634,635,641,644,657,660,661,665,669,678,679,680,684,689,709,710,711
draft_22951_00577	10,11,12,15,19,20,144,149,150,179,180,256,284,285,286,287,300,333,334,341,342,345,352,353,356,357,367,371,372,375,377,378,382,383,385,391,393,394,406,417,421,431,435,438,440,442,444,447,450,452,465,471,477,491,496,499,503,521,525,536,542,543,545,546,547,549,550,553,557,565,566,568,571,574,575,579,580,583,585,586,590,593,595,596,598,600,601,604,605,607,608,609,614,619,620,627,629,631,634,635,638,639,641,642,644,646,652,653,656,657,658,661,663,665,666,667,669,678,679,680,681,683,684,685,686,689,690,692,693,694,697,699,700,703,704,705,706,709,710,711,715,722,736,743,759,762,778,785,799,806,822,825
draft_22951_00578	10,11,12,15,16,179,180,181,182,186,256,257,258,284,285,286,333,334,341,345,346,352,356,357,358,359,366,371,372,373,374,376,377,378,380,385,386,387,388,390,391,397,404,417,419,431,432,435,436,438,442,443,446,447,448,450,451,454,465,471,473,483,485,488,491,492,496,503,505,507,517,520,521,522,524,525,531,539,540,541,546,547,550,553,556,557,561,565,571,573,577,579,583,585,586,593,594,596,597,600,601,602,604,608,609,614,619,622,629,634,635,637,641,655,658,661,665,666,669,675,678,679,680,684,689,709,710,711,759,822
draft_22951_00579	10,11,12,15,284,285,286,333,345,346,352,366,375,391,392,541,593,614,657
draft_22951_00580	10,11,12,15,16,17,284,285,286,300,333,345,346,352,366,391,393,394,529,541,570,594,612,614,644,657
draft_22951_00581	10,11,15,179,181,182,256,257,284,285,286,333,341,345,346,352,356,358,359,366,371,372,373,374,377,385,388,391,397,404,417,418,419,428,429,432,435,436,438,442,443,446,447,448,450,454,461,465,471,473,483,491,492,496,503,507,517,521,522,524,525,531,539,540,541,546,547,550,553,556,557,565,571,577,578,579,583,585,586,593,596,600,601,604,608,609,614,619,629,634,635,641,657,658,661,665,666,669,678,679,680,684
draft_22951_00582	10,11,12,15,16,19,179,180,256,284,285,286,287,300,333,334,341,345,346,352,353,356,357,366,371,372,375,377,378,385,391,392,393,394,417,421,431,435,438,440,442,444,447,450,452,465,471,491,494,503,517,521,525,529,536,541,546,547,550,553,554,557,565,570,571,579,580,583,585,593,596,598,600,601,604,608,609,612,614,619,624,629,634,635,641,644,646,647,657,661,665,666,669,672,673,678,679,680,684,685,689,693,696,705,708,709,710,711,717,780
draft_22951_00583	10,11,12,15,16,19,20,179,180,256,284,285,286,287,300,309,333,341,345,346,352,353,356,366,371,372,376,377,378,381,385,391,393,394,407,417,421,435,438,441,442,444,447,450,452,453,465,471,491,496,503,517,521,525,529,537,541,546,547,550,553,557,561,565,567,571,579,583,585,586,593,596,600,601,603,604,608,609,614,619,629,634,635,637,641,644,646,647,655,658,660,661,665,666,669,675,678,679,680,684
draft_22951_00584	10,11,12,15,16,144,146,147,179,180,256,257,258,284,285,286,300,333,334,341,345,352,356,357,358,359,366,371,372,374,375,376,377,378,380,385,387,388,390,391,393,394,397,400,401,404,417,419,431,432,435,438,442,443,447,448,450,451,454,465,471,473,483,485,486,488,489,491,492,496,500,503,505,507,517,520,521,522,524,525,528,529,531,539,540,541,546,547,548,550,553,556,557,561,565,570,571,573,577,579,583,585,586,593,596,597,600,601,604,608,609,612,614,619,629,634,635,637,641,644,655,658,661,665,666,669,675,678,679,680,684,689,709,710,711,717,738,771,780,801,834
draft_22951_00585	10,11,12,15,16,19,20,284,285,286,287,300,309,333,334,336,339,341,345,346,352,353,366,375,381,391,393,394,407,421,440,441,444,452,453,529,536,537,541,567,570,580,583,593,603,612,614,618,638,644,646,647,657,660,681,685,709,710
draft_22951_00586	10,11,12,15,16,19,20,21,179,180,181,182,186,256,257,258,284,285,286,287,300,309,333,334,337,341,342,345,346,347,352,353,356,357,358,359,366,367,371,372,375,377,378,382,383,385,386,387,388,391,393,394,397,400,401,404,407,417,419,421,431,432,435,436,438,440,442,443,444,447,448,450,452,454,465,471,473,483,491,494,496,499,503,507,517,521,524,525,528,531,536,539,540,542,546,547,549,550,553,554,556,557,565,567,571,572,574,575,577,578,579,580,582,583,585,586,591,593,596,598,600,601,604,607,608,609,614,618,619,620,624,626,629,634,635,638,639,640,641,642,643,644,646,652,653,656,657,658,661,665,666,668,669,672,678,679,680,681,684,685,689,690,693,696,697,698,699,705,708,709,710,711,717,735,759,780,798,822
draft_22951_00587	10,11,12,15,16,19,20,144,146,147,151,154,179,180,256,257,258,259,260,284,285,286,287,300,333,341,342,345,347,352,353,356,358,359,367,371,372,376,377,378,380,382,385,387,388,390,391,393,394,397,400,401,404,406,410,417,419,421,432,433,435,437,438,440,442,443,444,447,449,450,451,452,454,463,465,471,473,477,483,485,486,488,489,491,494,496,499,500,503,505,507,517,520,521,524,525,528,531,536,537,538,539,540,542,543,546,547,548,549,550,553,554,556,557,561,565,566,567,570,571,573,574,575,577,579,580,583,585,586,590,593,594,595,596,597,598,600,601,602,603,604,605,606,607,608,609,612,614,615,616,619,620,621,622,624,627,629,633,634,635,637,638,641,642,644,646,652,655,656,657,658,660,661,665,666,667,669,672,673,675,678,679,680,681,684,685,692,694,695,696,703,729,750,771,792,813,834
draft_22951_00588	10,11,12,15,16,19,179,180,256,284,285,286,287,300,333,341,345,352,353,356,371,372,375,377,378,385,391,393,394,417,421,435,438,440,442,444,447,450,452,465,471,491,496,503,517,521,525,536,546,547,550,553,557,565,571,579,580,583,585,586,593,596,600,601,604,608,609,614,619,629,634,635,641,644,646,657,658,661,665,666,669,678,679,680,684,729,792
draft_22951_00589	10,11,12,15,16,19,179,180,181,182,186,256,257,258,284,285,286,287,300,333,334,341,345,346,352,353,356,357,359,366,371,372,373,374,375,377,378,385,388,391,393,394,397,404,417,419,421,431,435,436,438,440,442,443,444,446,447,448,450,452,454,465,471,473,483,491,492,496,503,507,517,521,522,524,525,531,539,540,541,546,547,550,553,556,557,565,571,578,579,583,585,586,593,596,600,601,604,608,609,614,619,629,634,635,641,644,646,657,658,661,665,666,669,678,679,680,684,689,697,698,709,710,711,717,780
draft_22951_00590	10,11,12,15,19,20,284,285,286,287,300,309,333,334,336,339,341,345,346,352,353,366,375,381,391,393,394,407,421,440,441,444,452,453,529,536,537,541,567,580,583,593,603,614,618,638,644,646,647,657,660,681,685,709,711
draft_22951_00591	10,11,12,13,15,16,179,180,256,284,285,286,300,333,334,341,345,346,352,356,357,366,371,372,375,377,378,385,391,392,393,394,417,431,435,438,442,447,450,465,471,491,496,503,517,521,525,529,541,546,547,550,553,557,565,571,579,583,585,586,593,594,596,600,601,604,608,609,614,619,629,634,635,641,644,657,658,661,665,666,669,678,679,680,684,689,709,710,711,717,780
draft_22951_00592	10,11,12,13,15,16,19,20,179,180,181,182,186,188,189,193,256,284,285,286,287,300,333,334,337,341,345,346,352,353,356,357,366,371,372,385,391,392,394,417,421,431,435,440,442,444,447,452,465,471,491,494,517,521,525,536,537,541,550,553,554,557,565,570,571,579,580,583,585,593,594,596,598,600,603,604,608,609,612,614,619,624,629,634,635,641,646,647,657,661,665,669,672,673,678,679,680,684,685,686,689,693,705,709,710,711
draft_22951_00593	10,11,12,15,179,180,284,285,286,300,333,334,337,341,345,352,394,418,428,429,461,583,593,644,680,684,689,709,710,711
draft_22951_00594	10,11,12,15,19,179,180,181,182,186,256,257,258,284,285,286,287,333,334,341,342,345,352,353,356,357,358,359,367,371,372,375,377,378,382,383,385,386,387,388,391,397,404,406,417,419,431,432,435,438,442,443,447,450,454,462,465,471,473,477,483,491,496,498,499,503,507,517,521,524,525,531,539,540,542,543,544,546,547,549,550,553,556,557,565,566,567,571,574,575,577,578,579,583,585,586,590,593,595,596,600,601,604,605,607,608,609,614,616,619,620,627,629,634,635,638,641,642,652,656,657,658,660,661,665,666,667,669,678,679,680,681,684,689,690,697,699,700,709,710,711,736,759,764,799,822,827
draft_22951_00595	10,11,15,284,285,286,300,333,334,336,339,341,345,346,352,366,375,394,529,583,593,644,709,710
draft_22951_00596	10,11,12,15,16,179,181,182,186,188,189,256,257,258,259,284,285,286,333,341,345,346,352,356,358,359,366,371,372,373,374,375,377,385,388,391,392,397,404,417,419,432,435,436,438,442,443,446,447,448,450,454,465,471,473,483,491,492,496,503,507,517,521,522,524,525,531,539,540,541,546,547,550,553,556,557,565,570,571,577,578,579,583,585,586,593,594,596,600,601,604,608,609,612,614,619,629,634,635,641,657,658,661,665,666,669,678,679,680,684,689
draft_22951_00597	10,11,15,16,19,179,180,284,285,286,287,300,333,339,341,345,346,352,366,376,391,393,394,421,452,529,541,561,583,593,614,644,646,647,655,680,684
draft_22951_00598	10,11,12,15,16,17,19,20,144,146,147,179,181,182,256,257,258,259,284,285,286,287,333,341,345,346,352,353,356,358,359,360,366,374,375,376,377,378,379,380,382,385,387,388,389,390,391,392,397,398,404,417,419,421,432,438,439,440,442,443,444,448,450,451,452,454,465,473,483,485,486,488,492,494,495,496,500,505,507,520,522,524,531,536,537,539,541,546,548,550,554,556,561,570,573,581,586,594,597,602,603,612,614,622,625,629,637,646,647,648,651,655,657,658,674,675
draft_22951_00599	10,11,12,15,16,17,19,20,144,146,147,179,180,181,182,186,256,257,258,259,260,284,285,286,287,300,333,341,342,345,352,353,356,358,359,371,372,376,377,378,380,382,383,385,387,388,390,391,392,394,397,398,404,405,406,410,417,419,421,432,433,435,438,442,443,444,447,450,451,452,454,462,465,471,473,477,483,485,488,491,493,494,495,496,498,499,503,505,507,517,520,521,524,525,531,536,537,539,540,542,543,544,546,547,549,550,553,554,556,557,561,565,566,567,571,573,574,575,577,579,580,583,585,586,590,593,595,596,597,598,600,601,603,604,605,607,608,609,613,614,616,619,620,624,627,629,634,635,637,638,641,642,646,648,651,652,655,656,658,660,661,665,666,667,669,672,673,675,678,679,680,681,684,685,690,693,764,827
draft_22951_00600	10,11,12,15,16,19,144,149,150,179,180,256,284,285,286,287,300,333,334,339,341,345,346,352,353,356,357,366,371,372,377,378,385,391,393,394,417,421,431,435,438,440,442,444,447,450,452,465,471,491,496,503,517,521,525,529,536,537,546,547,550,553,557,565,570,571,579,580,583,585,586,593,594,596,598,600,601,604,608,609,612,614,619,629,634,635,641,644,646,657,658,661,665,666,669,678,679,680,684,685,686,689,693,697,705,709,710,711,759,822
draft_22951_00601	10,11,12,15,16,19,20,144,146,147,179,180,256,257,258,284,285,286,287,300,333,334,339,341,345,346,352,353,356,357,358,359,366,371,372,373,374,375,377,378,385,386,387,388,391,393,394,397,400,401,404,417,419,421,431,432,435,436,438,440,442,443,444,446,447,448,450,452,454,465,471,473,483,491,492,496,503,507,517,521,522,524,525,528,529,531,536,537,539,540,541,546,547,550,553,556,557,565,570,571,577,578,579,580,583,585,586,593,596,600,601,603,604,608,609,612,614,619,629,634,635,641,644,646,647,657,658,661,665,666,669,678,679,680,684,685,689,693,696,697,698,705,709,710,711,713,759,822
draft_22951_00602	10,11,12,15,16,19,20,179,181,182,256,257,284,285,286,287,300,333,334,341,345,346,352,353,356,357,358,359,366,367,371,372,375,377,378,381,382,385,388,391,392,394,397,398,404,406,417,419,421,431,432,435,438,440,441,442,443,444,447,450,452,453,454,465,471,473,483,491,494,496,500,503,507,521,522,524,525,531,536,537,539,540,541,546,547,548,550,553,554,556,557,565,567,570,571,578,579,580,583,585,586,593,596,598,600,601,603,604,608,609,612,614,616,619,624,629,634,635,641,646,647,657,658,660,661,665,666,669,672,678,679,680,684,685,693,696,708,709,710,711
draft_22951_00603	10,11,12,15,16,19,144,146,147,179,180,256,257,258,284,285,286,287,300,333,334,341,345,346,352,356,357,358,359,366,371,372,375,376,377,378,380,385,387,388,390,391,392,393,394,397,398,404,417,419,421,431,432,435,438,442,443,447,450,451,452,454,465,471,473,483,485,486,488,491,496,500,503,505,507,517,520,521,522,524,525,529,531,539,540,541,546,547,548,550,553,556,557,561,565,570,571,573,577,579,583,585,586,593,596,597,600,601,604,608,609,612,614,619,629,634,635,637,641,644,646,647,655,657,658,661,665,666,669,675,678,679,680,684,689,709,710,711,717,738,771,780,801,834
draft_22951_00604	10,11,12,13,15,16,19,20,179,180,181,182,186,256,257,258,284,285,286,287,300,309,333,334,339,340,341,342,345,346,347,352,353,356,357,358,359,366,367,371,372,375,377,378,382,383,385,386,387,388,391,393,394,397,400,401,404,407,417,419,421,431,432,435,438,440,442,443,444,447,450,452,454,462,465,471,473,483,491,494,496,498,499,503,507,517,521,524,525,528,529,531,536,539,540,541,542,543,544,546,547,549,550,553,554,556,557,565,567,571,572,574,575,577,578,579,580,583,585,586,588,591,593,596,598,600,601,604,607,608,609,614,618,619,620,624,629,634,635,638,641,642,644,646,652,656,657,658,660,661,665,666,668,669,672,673,678,679,680,681,683,684,685,689,690,691,693,696,697,698,699,700,702,705,708,709,710,711,713,715,736,738,756,759,764,778,799,801,819,822,827
draft_22951_00605	10,11,12,13,15,16,17,19,20,21,22,144,147,179,180,182,186,284,285,286,287,300,309,333,334,338,339,340,341,342,345,346,347,348,352,353,366,367,368,375,376,381,391,393,394,406,407,419,421,437,444,449,451,454,463,488,529,536,538,541,564,567,568,572,580,582,583,593,594,611,614,615,616,618,638,639,640,643,644,660,662,663,664,680,681,682,683,684,687,690,691,692,701,702,703,704,709,711,783,785,804,806,813,825,827
draft_22951_00606	10,11,12,15,179,180,256,284,285,286,300,333,334,345,346,352,356,357,366,371,372,375,385,394,417,431,435,442,447,465,471,491,517,521,525,529,550,553,557,565,571,579,583,585,593,596,600,604,608,609,619,634,635,641,661,665,669,678,679,680,684,689,697,709,710,711,713,756,819
draft_22951_00607	10,11,12,15,16,17,284,285,286,300,333,339,341,345,346,352,366,375,391,392,393,394,529,541,570,612,644,657
draft_22951_00608	10,11,12,15,19,179,180,181,182,186,256,284,285,286,287,333,334,336,345,346,347,352,353,356,357,366,367,371,372,385,391,392,417,421,431,435,437,442,444,447,449,465,471,491,517,521,525,536,541,550,553,557,565,571,579,580,583,585,593,596,600,604,608,609,614,619,629,634,635,641,657,661,665,669,678,679,680,684,686,689,709,710,711
draft_22951_00609	10,11,12,15,144,148,179,180,256,284,285,286,300,333,334,339,341,345,346,352,356,357,366,371,372,385,394,417,431,435,442,447,465,471,491,517,521,525,529,550,553,557,565,571,579,583,585,593,596,600,604,608,609,619,634,635,641,644,661,665,669,678,679,680,684,689,697,709,710,711,713,756,819,843,861,864
draft_22951_00610	10,11,15,214,215,284,285,286,300,333,339,341,345,346,352,366,394,529,583,593,644,680,684,689
draft_22951_00611	10,11,15,19,144,146,147,284,285,286,287,333,345,346,352,353,366,391,392,417,421,440,444,446,447,450,452,503,517,536,541,580,593,614,646,647,657,686
draft_22951_00612	10,11,12,15,16,19,179,180,256,284,285,286,287,300,333,341,345,346,352,356,366,371,372,375,376,377,378,385,391,392,393,394,417,421,435,438,442,447,450,452,465,471,491,496,503,517,521,525,529,541,546,547,550,553,557,561,565,570,571,579,583,585,586,593,596,600,601,604,608,609,612,614,619,629,634,635,641,644,646,647,655,657,658,661,665,666,669,678,679,680,684
draft_22951_00613	10,11,12,15,16,19,20,144,146,147,284,285,286,287,300,309,333,334,336,339,341,345,346,352,353,366,375,381,391,393,394,407,421,440,441,444,452,453,529,536,537,541,567,570,580,583,593,603,612,614,618,638,644,646,647,657,660,681,684,685,696,709,711
draft_22951_00614	10,11,12,15,19,20,179,180,182,186,256,284,285,286,287,300,333,334,341,345,347,348,352,353,356,357,367,368,371,372,377,378,381,385,394,406,417,431,435,438,442,447,450,465,471,491,503,517,521,525,546,547,549,550,553,557,564,565,571,574,575,579,583,585,593,595,596,600,601,604,605,608,609,611,615,619,620,634,635,638,640,641,642,644,656,661,662,665,666,667,669,678,679,680,681,683,684,689,690,699,709,710,711,738,801
draft_22951_00615	10,11,12,15,16,17,179,181,182,186,188,189,256,257,258,259,284,285,286,300,333,334,341,345,346,352,356,357,358,359,366,371,372,373,374,375,376,377,380,385,388,390,391,393,394,397,404,417,419,431,432,435,436,438,442,443,446,447,448,450,451,454,465,471,473,483,485,488,491,492,496,503,505,507,517,520,521,522,524,525,531,539,540,541,546,547,550,553,556,557,561,565,571,573,577,578,579,583,585,586,593,594,596,597,600,601,602,604,608,609,614,619,622,629,634,635,637,641,655,657,658,661,665,666,669,675,678,679,684,709,710
draft_22951_00616	10,11,12,15,16,179,180,181,182,186,256,257,258,284,285,286,300,333,334,341,345,346,352,356,357,358,359,366,371,372,373,374,377,385,386,388,391,394,397,404,417,419,431,432,435,436,438,442,443,446,447,448,450,454,465,471,473,483,491,492,496,503,507,517,521,522,524,525,529,531,539,540,541,546,547,550,553,556,557,565,570,571,577,578,579,583,585,586,593,596,600,601,604,608,609,612,614,619,629,634,635,641,657,658,661,665,666,669,678,679,680,684,689,697,709,710,711,713,756,819
draft_22951_00617	10,11,12,15,16,19,144,145,179,180,256,284,285,286,287,300,333,334,341,345,346,352,353,356,357,366,371,372,377,378,385,391,393,394,417,421,431,435,438,440,442,444,446,447,450,452,465,471,491,494,503,517,521,525,529,536,541,546,547,550,553,554,557,565,571,579,580,583,585,593,596,598,600,601,604,608,609,614,619,624,629,634,635,641,644,647,661,665,666,669,672,673,678,679,680,684,685,689,693,696,705,708,709,710,711,717,780
draft_22951_00618	10,11,12,15,179,180,181,182,186,256,257,258,284,285,286,333,334,341,345,346,352,356,357,358,359,366,371,372,373,374,375,377,378,385,386,387,388,391,392,397,398,404,417,419,431,432,435,436,438,442,443,446,447,448,450,454,465,471,473,483,491,492,496,503,507,517,521,522,524,525,531,539,540,541,546,547,550,553,556,557,565,571,577,578,579,583,585,586,593,596,600,601,604,608,609,614,619,629,634,635,641,657,658,661,665,666,669,678,679,680,684,689,697,698,709,710,711,714,738,759,777,801,822
draft_22951_00619	10,11,12,15,16,144,146,147,179,180,256,257,258,284,285,286,300,333,341,345,352,356,358,359,360,371,372,375,376,377,378,380,385,387,388,390,391,393,394,397,400,401,404,417,419,432,435,438,439,442,443,447,450,451,454,465,471,473,483,485,486,488,489,491,496,500,503,505,507,517,520,521,524,525,528,531,539,540,546,547,548,550,553,556,557,561,565,570,571,573,577,579,583,585,586,593,596,597,600,601,604,608,609,612,614,619,629,634,635,637,641,644,655,657,658,661,665,666,669,675,678,679,680,684,771,834
draft_22951_00620	10,11,12,13,15,16,17,19,20,179,180,181,182,186,187,188,189,193,200,256,284,285,286,287,300,333,334,339,341,345,346,352,353,356,357,366,371,372,385,391,392,393,394,417,421,431,435,440,442,444,447,452,465,471,491,517,521,525,529,536,537,541,550,553,557,565,570,571,579,580,581,583,585,593,594,596,600,603,604,608,609,612,614,619,629,634,635,641,644,646,647,657,661,665,669,678,679,680,684,686,688,689,709,710,711,834
draft_22951_00621	10,11,12,15,19,179,180,181,182,186,256,284,285,286,287,309,333,341,342,345,346,352,353,356,366,371,372,377,378,382,383,385,391,392,407,417,435,438,442,447,450,465,471,491,496,499,503,517,521,525,541,542,543,544,546,547,549,550,553,557,565,567,571,574,575,579,583,585,586,588,591,593,596,600,601,604,607,608,609,614,618,619,620,629,634,635,638,641,642,652,656,657,658,660,661,665,666,668,669,678,679,680,681,684,690,764,827
draft_22951_00622	10,11,12,15,16,19,179,180,181,182,186,187,193,256,257,258,260,284,285,286,287,300,333,334,341,345,352,353,356,357,358,359,371,372,375,377,378,385,386,387,388,391,393,394,397,404,417,419,421,431,432,435,438,440,442,443,444,447,450,452,454,465,471,473,483,491,496,503,507,517,521,524,525,531,539,540,546,547,550,553,556,557,565,571,577,578,579,583,585,586,593,594,596,600,601,602,604,608,609,614,619,622,629,634,635,641,644,646,657,658,661,665,666,669,678,679,680,684,689,697,698,709,710,711,759,822
draft_22951_00623	10,11,12,15,16,17,19,179,181,182,186,188,189,256,257,258,259,284,285,286,287,300,301,333,334,341,345,346,352,353,356,357,358,359,366,371,372,373,374,377,385,388,391,394,395,397,399,404,417,419,421,431,432,435,436,438,440,442,443,444,446,447,448,450,452,454,465,468,471,473,483,491,492,494,495,496,503,507,516,517,519,521,522,524,525,531,536,537,539,540,541,546,547,550,553,554,556,557,565,570,571,577,578,579,580,583,585,586,593,596,598,600,601,603,604,608,609,612,614,619,624,629,634,635,641,645,657,658,661,665,666,669,672,673,678,679,680,684,685,693,709,710
draft_22951_00624	10,11,15,19,179,180,284,285,286,287,300,333,334,336,345,352,353,394,421,440,444,452,536,580,583,593,644,680,684,685,689,693,705,709,710,711
draft_22951_00625	10,11,12,15,19,20,179,180,256,284,285,286,287,300,333,334,342,345,346,352,353,356,357,366,367,371,372,375,382,383,385,391,393,394,406,417,431,435,442,447,465,471,477,491,499,517,521,525,529,541,542,543,545,549,550,553,557,565,566,568,571,574,575,579,583,585,590,593,595,596,600,604,605,607,608,609,614,619,620,627,629,631,634,635,638,639,641,642,652,656,661,663,665,667,669,678,679,680,681,683,684,689,690,699,700,709,710,711,736,757,762,799,820,825
draft_22951_00626	10,11,12,15,179,180,256,284,285,286,300,333,334,345,346,352,356,357,366,371,372,375,385,394,417,431,435,442,447,465,471,491,517,521,525,529,550,553,557,565,571,579,583,585,593,596,600,604,608,609,619,634,635,641,661,665,669,678,679,680,684,689,698,709,710,711,735,798
draft_22951_00627	10,11,12,13,15,16,19,144,149,150,179,180,181,182,186,188,189,193,256,284,285,286,287,333,334,336,339,341,345,346,352,353,356,357,366,371,372,375,377,378,385,391,392,417,421,431,435,438,440,442,444,447,450,452,465,471,491,496,503,517,521,525,537,541,546,547,550,553,557,565,570,571,579,583,585,586,593,594,596,600,601,603,604,608,609,612,614,619,629,634,635,641,646,647,657,658,661,665,666,669,678,679,680,684,689,697,698,709,710,711,713,717,735,759,780,798,822
draft_22951_00628	10,11,12,15,179,180,256,284,285,286,300,333,334,345,346,352,356,357,366,371,372,375,385,394,417,431,435,442,447,465,471,491,517,521,525,529,550,553,557,565,571,579,583,585,593,596,600,604,608,609,619,634,635,641,661,665,669,678,679,680,684,689,709,710,711,714,777
draft_22951_00629	10,11,12,15,179,180,256,284,285,286,300,333,334,339,341,345,346,352,356,357,366,371,372,375,385,391,393,394,417,431,435,442,447,465,471,491,517,521,525,529,541,550,553,557,565,571,579,583,585,593,596,600,604,608,609,614,619,629,634,635,641,644,661,665,669,678,679,680,684,689,697,709,710,711
draft_22951_00630	10,11,12,15,16,19,179,180,256,284,285,286,287,300,333,334,341,345,352,353,356,357,371,372,375,377,378,385,391,393,394,417,421,431,435,438,440,442,444,447,450,452,465,471,491,496,503,521,525,546,547,548,550,553,557,565,570,571,579,583,585,586,593,596,600,601,604,608,609,612,614,619,629,634,635,641,644,646,657,658,661,665,666,669,678,679,680,684,689,698,709,710,711,717,735,738,759,771,780,798,801,822,834
draft_22951_00631	10,11,12,15,19,20,179,180,256,284,285,286,287,300,309,333,334,341,345,352,353,356,357,371,372,375,377,378,381,385,391,393,394,407,417,421,431,435,438,440,441,442,444,447,450,452,453,465,471,491,496,503,517,521,525,536,546,547,550,553,557,565,571,579,580,583,585,586,593,596,600,601,604,608,609,614,618,619,629,634,635,638,641,644,646,657,658,661,665,666,669,678,679,680,681,684,685,689,690,693,697,699,705,709,710,711,717,780
draft_22951_00632	10,11,12,15,16,19,20,179,180,256,284,285,286,287,300,309,333,341,345,346,347,352,353,356,366,367,371,372,375,376,377,378,385,391,392,393,394,407,417,421,435,438,442,447,450,452,465,471,491,496,503,517,521,525,541,546,547,550,553,557,561,565,567,571,572,579,583,585,586,593,596,600,601,604,608,609,614,619,629,634,635,637,641,644,646,647,655,658,660,661,665,666,669,675,678,679,680,684
draft_22951_00633	10,11,12,15,179,180,284,285,286,300,333,339,341,345,346,352,366,391,393,394,417,435,442,447,465,517,529,541,583,593,600,614,644,657,680,684
draft_22951_00634	10,11,12,15,16,17,144,146,147,151,153,154,256,257,258,259,284,285,286,300,301,333,334,341,345,346,352,356,357,358,359,366,371,372,373,374,375,377,385,388,391,394,395,397,399,400,417,419,423,431,432,435,436,438,442,443,446,447,448,450,454,465,468,471,478,491,492,496,497,503,516,517,521,522,523,524,525,528,531,539,540,541,546,547,550,553,556,557,565,571,577,579,583,585,586,593,594,596,600,601,602,608,609,614,617,619,622,629,634,635,641,644,645,657,658,661,665,666,669,678,679,684,709,710
draft_22951_00635	10,11,12,15,16,19,144,147,179,181,182,256,257,284,285,286,287,300,333,334,336,339,341,342,345,346,347,352,353,356,366,367,371,372,375,382,385,391,392,393,394,406,410,417,421,433,435,437,442,444,447,449,465,471,477,491,494,499,517,521,525,529,536,537,541,542,543,549,550,553,554,557,565,566,567,570,571,574,575,579,580,583,585,590,593,595,596,598,600,603,604,605,607,608,609,612,614,615,616,620,621,624,627,629,633,634,635,638,641,642,644,652,656,657,660,661,665,667,669,672,673,678,679,681,684,685,692,696,703,709
draft_22951_00636	10,11,12,15,16,19,20,179,181,182,184,185,186,284,285,286,287,300,333,334,336,345,346,352,353,366,367,375,376,381,391,392,393,394,406,419,421,440,441,444,451,452,453,454,488,520,536,541,561,580,581,583,593,594,597,614,637,638,644,648,655,657,683,684,686,687,688,709
draft_22951_00637	10,11,12,15,19,20,179,181,182,284,285,286,287,300,333,339,341,345,346,347,352,353,366,367,375,381,391,393,394,406,421,441,444,453,529,536,537,541,567,580,583,593,603,614,615,616,638,644,657,660,680,681,684,685,690,693
draft_22951_00638	10,11,12,15,16,17,19,144,146,147,179,180,181,182,186,256,284,285,286,287,300,301,333,341,345,346,352,356,366,371,372,375,376,377,378,385,391,392,393,394,395,399,417,421,435,438,442,447,450,452,465,471,478,491,496,503,516,517,518,519,521,523,525,541,546,547,550,553,557,561,565,571,579,583,585,586,593,594,596,600,601,604,608,609,614,619,629,634,635,636,637,641,644,646,648,655,657,658,661,665,666,669,675,678,679,680,684
draft_22951_00639	10,11,12,15,19,144,147,256,257,284,285,286,287,333,334,342,345,346,347,352,353,356,357,366,367,371,372,375,382,385,391,392,406,410,417,421,431,433,435,437,442,444,447,449,471,477,491,494,499,517,521,525,536,541,542,543,549,553,554,557,565,566,571,574,575,579,580,581,583,585,590,593,595,596,598,600,604,605,607,608,609,614,615,620,621,624,627,633,635,638,639,641,642,652,656,661,665,667,669,672,673,678,679,680,681,684,685,690,693,709,710,711
draft_22951_00640	10,11,12,15,16,17,179,180,181,182,186,256,257,258,284,285,286,300,333,334,345,352,356,357,359,360,371,372,376,380,385,390,391,394,397,404,417,419,431,435,439,442,443,447,451,454,471,473,485,488,491,505,507,517,520,521,525,539,540,553,557,561,565,571,573,579,583,585,593,596,597,600,604,608,609,614,619,635,637,641,655,661,665,669,678,679,680,684,689,697,709,710,711
draft_22951_00641	10,11,12,15,179,180,256,284,285,286,300,333,334,345,346,352,356,357,366,371,372,375,385,391,393,394,417,431,435,442,447,471,491,517,521,525,529,541,553,557,565,571,579,583,585,593,596,600,604,608,609,614,619,635,641,644,661,665,669,678,679,680,684,689,697,709,710,711
draft_22951_00642	10,11,12,15,284,285,286,333,345,346,352,366,391,392,417,435,442,447,465,517,541,600,657
draft_22951_00643	10,11,12,15,16,179,180,256,284,285,286,300,333,334,341,345,352,356,357,371,372,375,377,378,385,394,417,431,435,438,442,447,450,465,471,491,503,521,525,546,547,548,550,553,557,565,570,571,579,583,585,593,596,600,601,604,608,609,619,634,635,641,644,661,665,666,669,678,679,680,684,689,697,709,710,711,713,717,738,756,771,780,801,819,834
draft_22951_00644	10,11,12,13,15,16,17,19,144,149,150,151,156,157,179,180,186,187,256,258,284,285,286,287,300,333,334,341,345,346,352,356,357,366,371,372,376,377,378,385,391,393,394,417,419,421,431,435,438,439,442,443,447,450,451,452,454,465,471,488,491,496,503,517,520,521,525,529,539,541,546,547,550,553,556,557,561,565,570,571,577,579,583,585,586,593,596,597,600,601,604,608,609,612,614,619,629,634,635,637,641,644,646,655,657,658,661,665,666,669,675,678,679,680,684,689,709,710,711,738,801
draft_22951_00645	10,11,12,13,15,16,17,19,20,179,180,186,187,193,194,256,258,260,284,285,286,287,300,333,334,341,345,352,353,356,357,371,372,377,378,385,391,393,394,417,421,431,435,438,440,442,444,447,450,452,465,471,491,494,496,503,517,521,525,536,546,547,550,553,554,557,565,571,579,580,583,585,586,593,596,598,600,601,604,608,609,614,619,624,629,634,635,641,644,646,657,658,661,665,666,669,672,673,678,679,680,684,685,689,693,695,696,698,705,709,710,711,729,735,792,798
draft_22951_00646	10,11,12,15,16,19,20,179,180,181,182,186,256,284,285,286,287,300,333,341,342,345,346,347,352,353,356,366,367,371,372,375,377,378,382,383,385,391,392,394,406,417,435,438,442,447,450,465,471,477,491,496,499,503,521,525,541,542,543,545,546,547,548,549,550,553,557,565,566,567,568,570,571,574,575,579,583,585,586,590,593,595,596,601,604,605,607,608,609,612,614,615,616,619,620,627,629,631,634,635,638,639,641,642,644,652,653,656,657,658,660,661,663,665,666,667,669,678,679,680,681,683,684,690,692,703,704,722,743,762,771,785,806,825,834
draft_22951_00647	10,11,12,15,19,20,179,180,256,284,285,286,287,300,309,333,334,339,341,345,346,352,353,356,357,366,371,372,375,381,385,391,393,394,407,417,421,431,435,440,441,442,444,447,452,453,465,471,491,494,517,521,525,529,536,537,541,550,553,554,557,565,567,571,579,580,583,585,593,596,598,600,603,604,608,609,614,618,619,624,629,634,635,641,644,646,647,657,660,661,665,669,672,673,678,679,680,684,685,689,693,705,709,710,711
draft_22951_00648	10,11,15,16,34,144,145,284,285,286,294,300,301,333,341,345,352,376,394,395,399,419,422,432,443,468,512,518,539,540,583,636,645
draft_22951_00649	10,11,12,15,16,179,180,181,182,186,256,284,285,286,300,333,341,345,346,352,356,366,371,372,377,378,385,391,392,393,394,417,435,438,442,447,450,465,471,491,496,503,517,521,525,529,541,546,547,550,553,557,565,570,571,579,583,585,586,593,596,600,601,604,608,609,612,614,619,629,634,635,641,644,657,658,661,665,666,669,678,679,680,684
draft_22951_00650	10,11,12,15,19,20,179,181,182,284,285,286,287,300,333,334,336,337,341,345,352,353,367,375,381,391,393,394,406,421,441,444,453,536,580,583,593,614,638,644,657,680,681,684,685,689,690,692,693,696,698,700,703,704,708,709,710,711
draft_22951_00651	10,11,15,179,180,256,284,285,286,300,333,334,341,345,352,356,357,371,372,375,377,378,385,394,417,431,435,438,442,447,450,465,471,491,503,517,521,525,546,547,550,553,557,565,571,579,583,585,593,596,600,601,604,608,609,619,634,635,641,644,661,665,666,669,678,679,680,684,689,709,710,711,738,801
draft_22951_00652	10,11,12,15,179,180,256,284,285,286,300,333,334,345,346,352,356,357,366,371,372,375,385,391,393,394,417,431,435,442,447,465,471,491,517,521,525,529,541,550,553,557,565,571,579,583,585,593,596,600,604,608,609,614,619,629,634,635,641,661,665,669,678,679,680,684,689,698,709,710,711,735,798
draft_22951_00653	10,11,12,13,15,16,19,20,179,181,182,183,186,284,285,286,287,300,309,333,334,335,341,342,345,346,352,353,366,375,391,392,393,394,407,417,419,421,431,432,433,442,443,444,454,491,499,525,529,536,539,540,541,554,556,557,570,580,583,612,618,638,641,644,657,661,672,679,680,681,685,689,690,694,697,698,699,709,710,711,712
draft_22951_00654	10,11,12,13,15,16,19,144,146,147,179,180,181,182,186,284,285,286,287,300,333,334,337,339,341,345,346,352,353,366,375,376,391,392,393,394,421,440,444,452,537,541,561,570,583,593,594,603,612,614,637,644,646,647,648,655,657,680,684,689,698,709,710
draft_22951_00655	10,11,15,16,17,179,181,182,256,257,284,286,300,366,375,376,380,390,391,392,394,397,404,419,451,454,485,488,505,520,541,561,573,637
draft_22951_00656	10,11,12,15,16,19,144,146,147,179,180,181,182,186,256,257,258,284,285,286,287,300,333,334,339,341,345,346,352,356,357,358,359,366,371,372,373,374,376,377,380,385,388,390,391,392,393,394,397,398,400,401,404,417,419,421,431,432,435,436,438,442,443,446,447,448,450,451,452,454,465,471,473,483,485,486,488,489,491,492,496,500,503,505,507,517,520,521,522,524,525,528,529,531,539,540,541,546,547,548,550,553,556,557,561,565,570,571,573,577,579,583,585,586,593,594,596,597,600,604,608,609,612,614,619,629,634,635,637,641,644,646,647,655,657,658,661,665,666,669,675,678,679,680,684,689,697,709,710,711
draft_22951_00657	10,11,12,15,16,19,179,180,181,182,186,188,189,193,256,257,258,259,260,284,285,286,287,333,334,341,345,346,352,353,356,357,358,359,366,371,372,373,374,376,377,378,380,382,385,386,387,388,390,391,392,397,398,404,417,419,421,431,432,435,436,438,440,442,443,444,446,447,448,450,451,452,454,465,471,473,483,485,488,491,492,494,496,503,505,507,517,520,521,522,524,525,531,536,539,540,541,546,547,550,553,554,556,557,561,565,571,573,577,578,579,580,581,583,585,586,593,594,596,597,598,600,601,602,604,608,609,614,619,622,624,625,629,634,635,637,641,646,647,648,655,657,658,661,665,666,669,672,673,674,675,678,679,680,684,685,689,693,705,709,710,711,759,822
draft_22951_00658	10,11,12,15,284,285,286,300,333,334,336,345,346,352,366,375,391,393,394,529,541,614,644,657
draft_22951_00659	10,11,12,15,179,180,256,284,285,286,300,333,339,341,345,346,352,356,366,371,372,375,377,378,385,391,393,394,417,435,438,442,447,450,465,471,491,496,503,517,521,525,529,541,546,547,550,553,557,565,571,579,583,585,586,593,596,600,601,604,608,609,614,619,629,634,635,641,644,657,658,661,665,666,669,678,679,680,684
draft_22951_00660	10,11,12,15,19,179,180,184,185,186,256,284,285,286,287,300,309,333,334,336,337,341,342,345,352,353,356,357,371,372,375,377,378,382,383,385,391,393,394,407,417,431,435,438,442,447,450,465,471,491,496,499,503,517,521,525,542,543,546,547,549,550,553,557,565,571,574,575,579,583,585,586,591,593,596,600,601,604,607,608,609,614,618,619,620,629,634,635,638,641,642,644,652,656,657,658,661,665,666,668,669,678,679,680,681,683,684,689,690,697,698,699,700,709,710,711,713,722,736,759,785,799,822
draft_22951_00661	10,11,12,15,179,180,256,284,285,286,300,333,334,341,345,352,356,357,371,372,375,377,378,385,394,417,431,435,438,442,447,450,465,471,491,503,517,521,525,546,547,550,553,557,565,571,579,583,585,593,596,600,601,604,608,609,619,634,635,641,644,661,665,666,669,678,679,680,684,689,697,709,710,711,713,738,756,759,801,819,822
draft_22951_00662	10,11,12,15,16,19,20,144,146,147,179,180,256,257,258,284,285,286,287,300,301,309,333,334,341,345,352,353,356,357,358,359,371,372,375,377,378,381,382,385,388,391,394,395,397,399,400,407,417,419,421,423,431,432,435,438,440,441,442,443,444,447,450,452,453,454,465,468,471,478,483,491,494,496,503,516,517,519,521,523,524,525,528,531,536,539,540,546,547,549,550,553,554,556,557,565,571,574,575,578,579,580,581,583,585,586,593,594,596,598,600,601,602,604,608,609,614,617,618,619,620,622,624,625,629,634,635,638,641,642,644,645,646,656,657,658,661,665,666,668,669,672,673,674,678,679,680,681,684,685,689,690,692,693,696,699,703,704,705,708,709,710,711,717,780
draft_22951_00663	10,11,12,15,16,17,144,146,147,179,181,182,256,257,258,259,284,285,286,300,301,333,341,345,352,356,358,359,360,371,372,375,376,377,380,385,388,390,391,393,394,395,397,399,400,404,417,419,423,432,435,438,439,442,443,447,450,451,454,465,468,473,483,485,487,488,489,491,496,503,505,507,516,518,520,523,524,525,531,539,540,546,547,550,556,557,561,571,573,583,586,593,594,597,600,601,602,604,614,622,629,634,635,636,637,644,645,655,658,661,666,669,675,679
draft_22951_00664	10,11,12,15,16,17,19,179,180,186,187,256,258,284,285,286,287,300,333,341,345,352,356,371,372,376,377,378,385,391,393,394,417,421,435,438,442,447,450,452,465,471,491,496,503,517,521,525,546,547,548,550,553,557,561,565,570,571,579,583,585,586,593,596,600,601,604,608,609,612,614,619,629,634,635,637,641,644,646,655,658,661,665,666,669,675,678,679,680,684,771,834
draft_22951_00665	10,11,12,15,284,285,286,300,333,334,335,341,345,352,375,394,419,432,443,539,583,709,710,712
draft_22951_00666	10,11,12,15,19,20,179,180,284,285,286,287,300,309,333,334,336,345,346,352,353,366,381,391,393,394,407,421,440,441,444,452,453,529,536,537,541,567,580,583,593,603,614,644,646,647,657,660,680,684,685,689,693,705,709,710,711
draft_22951_00667	10,11,12,15,16,19,20,144,149,150,179,180,181,182,186,256,284,285,286,287,300,333,334,345,346,352,353,356,357,366,371,372,385,391,392,393,394,417,421,431,435,440,442,444,447,452,465,471,491,494,517,521,525,529,536,541,550,553,554,557,565,570,571,579,580,583,585,593,596,598,600,604,608,609,612,614,619,624,629,634,635,641,644,646,647,651,657,661,665,669,672,673,678,679,680,684,685,686,688,689,693,697,705,709,710,711,713,756,819
draft_22951_00668	10,11,12,15,16,34,179,180,181,182,186,284,285,286,294,300,333,339,341,345,346,352,366,376,391,392,393,394,422,509,512,529,541,561,583,593,614,637,655,680,684
draft_22951_00669	10,11,12,15,19,179,180,256,284,285,286,287,300,333,342,345,346,347,352,353,356,366,367,371,372,375,382,383,385,391,393,394,406,417,435,442,447,471,477,491,499,517,521,525,529,541,542,543,549,553,557,565,566,567,571,574,575,579,583,585,590,595,596,600,604,605,607,609,615,616,619,620,621,627,633,635,638,641,642,644,652,656,660,661,665,667,669,678,679,680,681,690
draft_22951_00670	10,11,15,179,180,284,285,286,300,333,334,336,345,346,352,366,394,529,583,593,644,680,684,689,709,710,711
draft_22951_00671	10,11,12,15,16,144,146,147,179,180,256,257,258,284,285,286,300,333,334,341,345,346,352,356,357,358,359,366,371,372,373,374,377,378,385,386,387,388,391,393,394,397,400,401,404,417,419,431,432,435,436,438,442,443,446,447,448,450,454,465,471,473,483,491,492,496,500,503,507,517,521,522,524,525,528,529,531,539,540,541,546,547,548,550,553,556,557,565,570,571,577,578,579,583,585,586,593,596,600,601,604,608,609,612,614,619,629,634,635,641,644,657,658,661,665,666,669,678,679,680,684,689,697,709,710,711,738,759,771,801,822,834
draft_22951_00672	10,11,12,15,19,144,147,179,180,256,257,258,284,285,286,287,300,333,334,342,345,346,352,353,356,357,366,371,372,382,383,385,386,394,406,410,417,421,431,433,435,442,444,447,465,471,477,491,494,499,517,521,525,529,536,537,542,543,549,550,553,554,557,565,566,567,571,574,575,579,580,583,585,590,593,595,596,598,600,604,605,607,608,609,615,616,619,620,621,624,627,633,634,635,638,641,642,652,656,661,665,667,669,672,673,678,679,680,681,684,685,689,690,692,693,696,697,699,705,709,710,711,757,820
draft_22951_00673	10,11,12,13,15,16,19,20,21,144,146,147,179,180,256,284,285,286,287,300,309,333,334,339,341,345,346,352,353,356,357,366,371,372,381,385,391,392,393,394,407,417,421,431,435,440,441,442,444,447,452,453,471,491,517,521,525,529,536,537,541,553,557,565,567,570,571,579,580,583,585,593,596,600,603,604,609,612,614,618,619,635,638,641,644,646,647,657,660,661,665,669,678,679,680,681,684,685,689,690,692,693,696,697,699,700,703,705,709,710,711
draft_22951_00674	10,11,15,16,179,181,182,256,257,284,285,286,333,341,345,346,352,356,358,359,366,371,373,374,375,377,388,391,397,404,417,419,432,436,438,442,443,446,447,448,450,454,473,483,486,491,492,496,500,503,507,517,522,524,539,540,541,546,547,548,557,570,571,578,586,593,600,612,614,657,658,666
draft_22951_00675	10,11,12,15,16,19,20,179,180,181,182,186,188,189,193,256,257,258,259,260,284,285,286,287,300,333,334,341,345,346,352,353,356,357,358,359,366,371,372,373,374,376,377,378,380,382,385,386,387,388,390,391,392,393,394,397,398,400,401,404,417,419,421,431,432,435,436,438,440,442,443,444,446,447,448,450,451,452,454,465,471,473,483,485,488,489,491,492,494,496,500,503,505,507,517,520,521,522,524,525,528,531,536,539,540,541,546,547,548,550,553,554,556,557,561,565,570,571,573,577,578,579,580,581,583,585,586,593,594,596,597,598,600,601,602,604,608,609,612,614,619,622,624,625,629,634,635,637,641,644,646,648,651,655,657,658,661,665,666,669,672,673,674,675,678,679,680,684,685,689,693,705,709,710,711,759,822
draft_22951_00676	10,11,12,15,19,20,179,181,182,284,285,286,287,333,345,346,347,348,352,353,366,367,368,375,381,391,392,406,541,564,567,583,593,611,614,615,616,657,660,662,684
draft_22951_00677	10,11,12,15,179,180,256,284,285,286,333,334,341,345,352,356,357,366,371,372,375,377,378,385,391,392,417,431,435,438,442,447,450,465,471,491,496,503,517,521,525,541,546,547,550,553,557,565,571,579,583,585,586,593,596,600,601,604,608,609,614,619,629,634,635,641,658,661,665,666,669,678,679,680,684,689,709,710,711,717,780
draft_22951_00678	10,11,12,15,16,17,18,179,181,182,184,185,186,256,257,284,285,286,300,301,345,346,352,366,375,376,380,390,391,392,394,397,399,404,419,436,443,448,451,454,468,485,488,505,518,520,523,540,541,561,573,597,637,645,655,657
draft_22951_00679	10,11,12,13,15,16,179,180,181,182,186,256,284,285,286,300,333,334,337,339,341,345,346,352,356,357,366,371,372,375,377,378,385,391,392,393,394,417,431,435,438,442,447,450,465,471,491,496,503,517,521,525,529,541,546,547,550,553,557,565,571,579,583,585,586,593,594,596,600,601,604,608,609,614,619,629,634,635,641,644,657,658,661,665,666,669,678,679,680,684,689,698,709,710,711,717,780
draft_22951_00680	10,11,12,15,16,19,20,21,144,147,151,154,256,257,258,259,284,285,286,287,300,301,333,342,345,346,347,352,353,356,366,367,371,372,382,385,391,393,394,395,399,406,410,417,419,421,433,435,436,437,440,442,443,444,447,448,449,452,462,463,465,468,471,477,491,494,499,516,517,519,521,525,529,536,537,538,539,541,542,543,549,550,553,554,556,557,565,566,567,570,571,574,575,577,579,580,583,585,590,593,595,596,598,600,603,604,605,606,607,608,609,612,614,615,616,620,621,624,627,629,633,634,635,638,641,642,644,645,646,647,652,656,657,660,661,665,667,669,672,673,678,679,681,684,685,692,694,695,696,703
draft_22951_00681	10,11,12,15,16,19,20,179,180,181,182,186,256,257,258,284,285,286,287,300,333,334,341,345,352,353,356,357,358,359,371,372,375,377,378,382,385,387,388,391,393,394,397,400,401,404,417,419,421,431,432,435,438,440,442,443,444,447,450,452,454,465,471,473,483,486,491,495,496,500,503,507,517,521,524,525,528,531,537,539,540,546,547,548,550,553,556,557,565,570,571,577,578,579,583,585,586,593,596,600,601,603,604,608,609,612,614,619,629,634,635,641,644,646,657,658,661,665,666,669,678,679,680,684,689,697,709,710,711,713,717,738,756,759,771,780,801,819,822,834
draft_22951_00682	10,11,12,15,19,20,179,180,256,284,285,286,287,300,333,342,345,346,347,352,353,356,366,367,371,372,375,382,383,385,394,406,417,435,442,447,471,477,491,499,517,521,525,529,542,543,549,553,557,565,566,567,571,574,575,576,579,583,585,590,595,596,600,604,605,607,609,615,616,619,620,621,627,633,635,638,640,641,642,644,652,654,656,661,665,667,669,678,679,680,681,690,691,701,702,741,804
draft_22951_00683	10,11,12,15,19,20,21,144,146,147,179,180,256,257,258,284,285,286,287,300,309,333,334,341,345,352,353,356,357,358,359,371,372,375,377,378,381,385,386,387,388,391,393,394,397,400,401,404,407,417,419,421,431,432,435,438,441,442,443,444,447,450,453,454,465,471,473,483,491,494,496,503,507,517,521,524,525,528,531,536,539,540,546,547,549,550,553,554,556,557,565,571,574,575,577,578,579,580,583,585,586,593,596,598,600,601,604,608,609,614,618,619,620,624,629,634,635,638,641,642,644,656,657,658,661,665,666,668,669,672,673,678,679,680,681,683,684,685,686,689,690,692,693,696,697,698,699,700,703,704,705,708,709,710,711,713,717,735,759,780,798,822
draft_22951_00684	10,11,12,15,16,34,179,180,256,284,285,286,294,300,333,341,345,346,352,356,366,371,372,375,376,377,378,385,391,393,394,417,422,435,438,442,447,450,465,471,491,496,503,509,512,517,521,525,529,541,546,547,548,550,553,557,561,565,570,571,579,583,585,586,593,596,600,601,604,608,609,612,614,619,629,634,635,637,641,644,655,658,661,665,666,669,675,678,679,680,684,771,834
draft_22951_00685	10,11,12,15,16,19,179,181,182,186,188,189,256,257,258,259,284,285,286,287,300,333,341,345,346,352,353,356,358,359,366,371,372,373,374,377,378,385,388,391,393,394,397,404,417,419,421,432,435,436,438,440,442,443,444,446,447,448,450,452,454,465,471,473,483,491,492,494,495,496,500,503,507,517,521,522,524,525,531,536,537,539,540,541,546,547,548,550,553,554,556,557,565,570,571,577,578,579,580,583,585,586,593,596,598,600,601,603,604,608,609,612,614,619,624,629,634,635,641,644,646,657,658,661,665,666,669,672,673,678,679,680,684,685,693
draft_22951_00686	10,11,12,15,16,19,20,179,180,181,182,186,256,284,285,286,287,300,333,342,345,346,347,352,353,356,366,367,371,372,375,382,383,385,391,392,393,394,406,417,435,442,447,471,477,491,499,517,521,525,529,541,542,543,545,549,553,557,565,566,567,568,570,571,574,575,579,583,585,590,595,596,600,604,605,607,609,612,615,616,619,620,621,627,631,633,635,638,641,642,644,652,656,657,660,661,663,665,667,669,678,679,680,681,690,762,825
draft_22951_00687	10,11,12,15,16,17,144,146,147,151,153,154,179,180,256,257,258,259,260,284,285,286,300,301,333,334,341,345,346,352,356,357,358,359,360,366,371,372,373,374,375,376,377,378,380,385,387,388,390,391,393,394,397,400,401,404,417,419,423,431,432,435,436,438,439,442,443,446,447,448,450,451,454,465,468,471,473,478,483,485,486,488,489,491,496,497,500,503,505,507,516,517,520,521,522,524,525,528,531,539,540,541,546,547,548,550,553,556,557,561,565,570,571,573,577,579,583,585,586,593,594,596,597,600,601,602,604,608,609,612,614,617,619,622,629,634,635,637,641,644,645,655,657,658,661,665,666,669,675,678,679,680,684,709,771,834
draft_22951_00688	10,11,12,15,16,19,20,179,180,181,182,186,188,189,193,256,257,258,259,260,284,285,286,287,309,333,334,341,345,346,352,353,356,357,358,359,366,371,372,373,374,377,378,381,385,386,387,388,391,397,404,407,417,419,421,431,432,435,436,438,441,442,443,444,446,447,448,450,453,454,465,471,473,483,491,492,494,496,503,507,517,521,522,524,525,531,536,539,540,541,546,547,549,550,553,554,556,557,565,571,574,575,577,578,579,580,583,585,586,593,596,598,600,601,604,608,609,614,618,619,620,624,629,634,635,638,641,642,656,657,658,661,665,666,668,669,672,673,678,679,680,681,683,684,685,686,689,690,693,697,698,699,700,705,709,710,711,713,759,822
draft_22951_00689	10,11,12,15,16,19,20,21,179,180,256,284,285,286,287,300,309,333,334,337,341,345,347,352,353,356,367,371,372,377,378,385,391,393,394,407,417,421,435,438,440,442,444,447,450,452,465,471,491,496,503,517,521,525,537,546,547,550,553,557,565,567,570,571,572,579,583,585,586,593,596,600,601,603,604,608,609,612,614,618,619,629,634,635,640,641,644,646,657,658,660,661,665,666,669,678,679,680,684
draft_22951_00690	10,11,12,15,16,19,20,179,180,256,284,285,286,287,300,309,333,334,341,342,345,346,352,353,356,357,366,371,372,375,377,378,382,383,385,391,392,393,394,407,417,421,431,435,438,440,442,444,447,450,452,465,471,491,496,499,517,521,525,537,541,542,543,546,549,550,553,557,565,570,571,574,575,579,583,585,586,591,593,596,600,601,603,604,607,608,609,612,614,618,619,620,629,634,635,638,639,641,642,644,646,652,653,656,657,658,661,665,666,668,669,678,679,680,681,684,689,690,692,698,699,703,704,709,710,711,715,735,743,757,759,778,798,806,820,822
draft_22951_00691	10,11,12,15,284,285,286,300,333,339,341,345,346,352,366,375,391,393,394,529,541,614,644,657
draft_22951_00692	10,11,12,15,284,285,286,333,345,346,352,366,375,391,392,541,614,657
draft_22951_00693	10,11,12,13,15,19,20,21,144,150,179,180,181,182,183,186,187,193,200,256,284,285,286,287,309,333,334,335,338,339,340,341,342,345,346,347,352,353,356,357,366,367,371,372,382,383,385,391,392,406,407,417,421,431,433,435,442,444,447,463,465,471,477,491,499,517,521,525,536,538,541,542,543,545,549,553,557,565,566,567,568,571,574,575,579,580,583,585,590,591,593,595,596,600,604,605,606,607,608,609,614,615,618,619,620,621,627,631,632,633,635,638,640,641,642,652,656,657,660,661,663,664,665,667,668,669,678,679,680,681,682,683,684,685,687,689,690,691,692,693,694,696,697,698,699,700,701,702,703,704,705,706,708,709,710,711,712,713,715,736,756,757,762,777,778,780,798,799,801,804,819,820,822,825,827
draft_22951_00694	10,11,12,13,15,19,20,144,150,179,180,181,182,183,186,190,193,200,256,284,285,286,287,309,333,334,335,336,339,340,341,342,345,346,347,352,353,356,357,366,367,371,372,382,383,385,391,392,406,407,417,431,435,442,447,465,471,477,491,499,517,521,525,541,542,543,545,549,553,557,565,566,568,571,572,574,575,579,583,585,590,591,593,595,596,600,604,605,607,608,609,614,615,618,619,620,621,627,631,632,633,635,638,641,642,652,656,657,661,663,664,665,667,668,669,678,679,680,681,683,684,689,690,691,692,697,698,699,700,702,703,704,709,710,711,712,713,715,736,756,757,762,777,778,780,798,799,801,819,820,822,825
draft_22951_00695	10,11,12,15,16,144,146,147,179,180,181,182,186,256,257,258,259,260,284,285,286,300,333,334,341,345,346,352,356,357,358,359,360,366,371,372,373,374,376,377,378,380,385,387,388,390,391,393,394,397,400,401,404,417,419,431,432,435,436,438,439,442,443,446,447,448,450,451,454,465,471,473,483,485,486,488,489,491,492,496,500,503,505,507,517,520,521,522,524,525,528,531,539,540,541,546,547,548,550,553,556,557,561,565,570,571,573,577,578,579,583,585,586,593,594,596,597,600,601,604,608,609,612,614,619,629,634,635,637,641,644,655,657,658,661,665,666,669,675,678,679,680,684,709,710,771,834
draft_22951_00696	10,11,12,13,15,16,17,19,20,179,180,181,182,184,185,186,193,256,257,258,284,285,286,287,300,333,334,339,341,345,346,352,353,356,357,359,366,371,372,375,376,377,379,380,382,385,388,390,391,392,393,394,397,398,400,401,404,417,419,421,431,435,439,440,442,443,444,447,450,451,452,454,465,471,473,483,485,488,489,491,494,496,505,507,517,520,521,522,524,525,528,529,531,536,539,541,546,550,553,554,556,557,561,565,571,573,579,581,583,585,586,593,594,596,597,600,602,604,608,609,614,619,622,625,629,634,635,637,641,646,647,648,651,655,657,658,661,665,669,674,675,678,679,680,684,689,709,710,711
draft_22951_00697	10,11,12,15,19,179,184,185,284,285,286,287,333,334,335,337,341,342,345,346,352,353,366,375,391,392,417,421,431,433,435,442,444,447,465,491,525,537,541,554,557,593,600,603,614,657,661,672,679,709,712
draft_22951_00698	10,11,12,15,179,180,256,284,285,286,300,333,334,341,345,352,356,357,366,371,372,375,377,378,385,391,393,394,417,431,435,438,442,447,450,465,471,491,496,503,517,521,525,529,541,546,547,550,553,557,565,571,579,583,585,586,593,596,600,601,604,608,609,614,619,629,634,635,641,644,658,661,665,666,669,678,679,680,684,689,709,710,711,759,822
draft_22951_00699	10,11,12,15,19,179,180,256,284,285,286,287,300,333,342,345,346,347,352,353,356,366,367,371,372,382,383,385,394,406,417,435,442,447,471,477,491,499,517,521,525,529,542,543,549,553,557,565,566,571,574,575,579,583,585,590,595,596,600,604,605,607,609,615,619,620,621,627,633,635,638,639,641,642,644,652,656,661,665,667,669,678,679,680,681,690
draft_22951_00700	10,11,12,15,16,17,34,144,147,148,151,179,181,182,256,257,258,259,284,285,286,294,300,301,333,334,345,352,354,356,357,359,366,374,376,377,379,380,384,385,386,388,390,391,394,397,399,404,413,417,419,422,431,439,442,443,448,450,451,454,465,471,472,473,474,476,478,481,483,485,488,489,490,491,492,496,501,505,507,508,509,516,518,520,521,522,523,524,525,531,532,539,541,546,550,553,556,557,561,565,571,573,579,583,585,586,587,593,594,596,597,601,602,604,608,609,614,622,629,630,634,635,637,641,655,658,659,661,665,666,669,675,678,679,680,684,689,698,709,710,711,713,863
draft_22951_00701	10,11,12,19,20,21,144,148,179,180,183,186,256,284,285,287,309,333,334,338,342,345,353,356,357,371,372,385,407,417,421,431,433,435,442,444,447,463,471,491,494,499,517,521,525,536,538,553,554,557,565,571,574,579,580,582,583,585,589,596,598,600,604,609,618,619,620,624,635,638,641,642,643,656,661,665,668,669,672,673,678,679,680,681,685,688,689,690,693,694,697,698,699,705,706,709,710,711,713,756,819,840,841,861
draft_22951_00702	10,11,12,15,16,17,144,146,147,151,153,154,256,257,258,259,284,285,286,300,301,333,334,341,345,346,352,356,357,358,359,366,371,372,373,374,375,377,385,388,391,394,395,397,399,400,417,419,423,431,432,435,436,438,442,443,446,447,448,450,454,465,468,471,478,491,492,496,497,503,516,517,521,522,523,524,525,528,531,539,540,541,546,547,550,553,556,557,565,571,577,579,583,585,586,593,594,596,601,602,608,609,614,617,619,622,629,634,635,641,644,645,657,658,661,665,666,669,678,679,680,684,709,710,711
draft_22951_00703	10,11,12,15,16,19,20,144,146,147,179,180,256,257,258,284,285,286,287,300,301,333,334,341,345,347,352,353,356,357,358,359,367,371,372,375,377,378,382,385,388,391,394,395,397,399,400,417,419,421,423,431,432,435,437,438,440,442,443,444,447,449,450,452,454,465,468,471,478,483,491,494,496,503,516,517,519,521,523,524,525,528,531,536,539,540,546,547,550,553,554,556,557,565,571,578,579,580,581,583,585,586,589,593,594,596,600,601,602,604,608,609,614,617,619,622,624,625,629,634,635,641,644,645,646,657,658,661,665,666,669,672,674,678,679,680,684,709
draft_22951_00704	10,11,12,15,19,20,144,149,150,179,180,256,284,285,286,287,300,309,333,334,336,341,345,347,352,353,356,357,367,371,372,377,378,385,391,393,394,407,417,421,431,435,438,440,442,444,447,450,452,465,471,491,496,503,517,521,525,536,546,547,550,553,557,565,571,572,579,580,583,585,586,593,596,598,600,601,604,608,609,614,618,619,629,634,635,638,641,644,646,657,658,661,665,666,669,678,679,680,681,684,685,686,689,690,692,693,694,697,698,699,700,703,705,709,710,711,713,759,822
draft_22951_00705	10,11,12,15,19,20,179,180,256,284,285,286,287,300,333,334,342,345,346,352,353,356,357,366,367,371,372,375,382,383,385,394,406,417,431,435,442,447,471,477,491,499,521,525,529,542,543,545,549,553,557,565,566,568,571,574,575,576,579,583,585,590,593,595,596,600,604,605,607,608,609,619,620,627,631,635,638,640,641,642,644,652,654,656,661,663,665,667,669,678,679,680,681,684,689,690,691,692,697,699,700,701,702,709,710,711,715,736,741,762,778,799,804,825
draft_22951_00706	10,11,12,15,19,144,149,150,179,180,256,284,285,286,287,309,333,334,335,341,345,346,347,352,353,356,357,366,367,371,372,375,385,391,407,417,419,431,432,435,442,443,447,454,471,491,517,521,525,539,553,556,557,565,571,572,577,579,583,585,593,596,600,604,609,618,619,635,638,641,661,665,669,678,679,680,681,684,689,690,697,698,699,700,709,710,711,712
draft_22951_00707	10,11,12,15,16,19,20,21,144,147,284,285,286,287,333,340,342,345,347,352,353,366,367,375,381,391,392,406,421,440,444,452,463,536,538,541,564,567,568,580,582,593,606,611,614,615,616,639,643,647,660,662,663,686,688
draft_22951_00708	10,11,12,13,15,16,17,19,20,179,180,256,284,285,286,287,300,333,341,345,346,352,353,356,366,371,372,375,377,378,385,391,393,394,417,421,435,438,440,442,444,447,450,452,465,471,491,496,503,517,521,525,529,537,541,546,547,550,553,557,565,570,571,579,583,585,586,593,596,600,601,603,604,608,609,612,614,619,629,634,635,641,644,646,657,658,661,665,666,669,678,679,680,684,729,792
draft_22951_00709	10,11,12,13,15,16,17,19,20,179,180,181,182,184,185,186,193,256,257,258,284,285,286,287,300,333,334,339,341,345,346,352,353,356,357,359,366,371,372,375,376,377,378,379,380,382,385,388,390,391,392,393,394,397,398,400,401,404,417,419,421,431,435,438,439,440,442,443,444,447,450,451,452,454,465,471,473,483,485,488,489,491,494,496,503,505,507,517,520,521,524,525,528,529,531,536,539,541,546,547,550,553,554,556,557,561,565,571,573,578,579,581,583,585,586,593,594,596,597,600,601,602,604,608,609,614,619,622,625,629,634,635,637,641,646,648,651,655,657,658,661,665,666,669,674,675,678,679,680,684,689,697,709,710,711,713,717,738,756,780,801,819
draft_22951_00710	10,11,12,15,16,284,285,286,300,333,345,346,352,366,394,529,583,593,644,680,684,689,697
draft_22951_00711	10,11,12,15,179,180,256,284,285,286,333,334,341,345,352,356,357,366,371,372,375,377,378,385,391,392,417,431,435,438,442,447,450,465,471,491,496,503,517,521,525,541,546,547,550,553,557,565,571,579,583,585,586,593,596,600,601,604,608,609,614,619,629,634,635,641,658,661,665,666,669,678,679,680,684,689,709,710,711,738,801
draft_22951_00712	10,11,12,15,16,19,179,181,182,186,188,189,284,285,286,287,300,333,334,336,345,346,352,353,366,375,391,392,393,394,421,440,444,452,529,536,541,580,581,583,593,594,614,644,646,647,657,684,685,696,709,710,711
draft_22951_00713	10,11,12,15,16,17,19,179,180,181,182,186,256,257,284,285,286,287,300,301,333,339,341,345,346,352,356,358,359,366,375,376,377,379,380,388,390,391,393,394,395,397,399,400,404,417,419,421,423,432,438,439,442,443,450,451,452,454,468,473,478,483,485,486,487,488,489,496,500,505,507,516,518,519,520,523,524,529,539,540,541,546,548,561,570,573,583,586,593,597,612,614,617,637,644,645,646,648,655,657,658,675,680,684
draft_22951_00714	10,11,12,15,16,34,179,180,181,182,186,256,284,285,286,294,300,333,334,345,346,352,356,357,366,371,372,376,385,391,392,393,394,417,422,431,435,442,447,465,471,491,509,512,517,521,525,529,541,550,553,557,561,565,571,579,583,585,593,596,600,604,608,609,614,619,629,634,635,637,641,655,661,665,669,678,679,680,684,689,709,710,711
draft_22951_00715	10,11,12,15,16,19,179,180,186,187,256,258,284,285,286,287,300,333,334,341,345,352,353,356,357,371,372,375,377,378,385,391,393,394,417,421,431,435,438,440,442,444,447,450,452,465,471,491,494,496,503,517,521,525,536,546,547,550,553,554,557,565,571,579,580,583,585,586,593,594,596,598,600,601,602,604,608,609,614,619,624,629,634,635,641,644,646,657,658,661,665,666,669,672,673,678,679,680,684,685,689,693,705,709,710,711,717,750,759,780,813,822
draft_22951_00716	10,11,12,15,16,19,20,179,181,182,186,188,189,256,257,284,285,286,287,300,333,334,339,341,345,346,352,353,356,357,359,366,371,372,373,374,375,377,385,388,391,392,393,394,397,404,417,419,421,431,435,436,440,442,443,444,446,447,448,450,452,454,465,471,473,483,491,492,494,496,503,507,517,521,522,524,525,529,531,536,537,539,540,541,546,547,550,553,554,556,557,565,570,571,577,578,579,580,581,583,585,586,593,594,596,598,600,601,603,604,608,609,612,614,619,624,625,629,634,635,641,644,646,647,657,658,661,665,666,669,672,673,674,678,679,684,685,696,709,710
draft_22951_00717	10,11,12,13,15,16,17,19,20,179,180,181,182,186,188,189,193,256,284,285,286,287,300,333,334,336,345,346,352,353,356,357,366,371,372,375,376,385,391,392,393,394,417,421,431,435,440,442,444,447,452,471,491,517,521,525,529,536,541,553,557,561,565,571,579,581,583,585,593,594,596,600,604,608,609,614,619,635,637,641,644,646,647,648,651,655,657,661,665,669,678,679,680,684,689,697,709,710,711
draft_22951_00718	10,11,12,15,179,180,256,284,285,286,300,333,334,341,345,352,356,357,371,372,375,377,378,385,394,417,431,435,438,442,447,450,465,471,491,503,521,525,546,547,550,553,557,565,571,579,583,585,593,596,600,601,604,608,609,619,634,635,641,644,661,665,666,669,678,679,680,684,689,698,709,710,711,735,738,798,801
draft_22951_00719	10,11,12,15,16,19,179,180,181,182,186,256,257,258,284,285,286,287,300,301,333,334,345,346,352,353,356,357,359,366,371,372,373,374,377,385,388,391,394,395,397,399,404,417,419,421,431,435,436,440,442,443,444,446,447,448,450,452,454,465,468,471,473,483,491,492,494,496,503,507,516,517,519,521,522,524,525,531,536,539,540,541,546,547,550,553,554,556,557,565,571,577,578,579,580,583,585,586,593,596,598,600,601,604,608,609,614,619,624,629,634,635,641,645,657,658,661,665,666,669,672,673,678,679,680,684,685,689,693,705,709,710,711
draft_22951_00720	10,11,12,15,16,19,179,180,181,182,186,256,257,258,284,285,286,287,300,333,341,345,346,352,353,356,358,359,366,371,372,373,374,377,378,385,387,388,391,394,397,404,417,419,421,432,435,436,438,440,442,443,444,446,447,448,450,452,454,465,471,473,483,486,491,492,494,495,496,500,503,507,517,521,522,524,525,531,536,537,539,540,541,546,547,548,550,553,554,556,557,565,570,571,577,578,579,581,583,585,586,593,594,596,600,601,603,604,608,609,612,614,619,625,629,634,635,641,657,658,661,665,666,669,673,674,678,679,680,684,771,834
draft_22951_00721	10,11,15,16,34,179,180,256,284,285,286,294,300,301,333,341,345,352,356,371,372,376,377,378,385,391,393,394,395,399,417,422,435,438,442,447,450,465,471,491,496,503,509,511,512,517,518,521,523,525,546,547,550,553,557,561,565,571,579,583,585,586,593,596,600,601,604,608,609,614,619,629,634,635,636,641,644,655,658,661,665,666,669,675,678,679,680,684
draft_22951_00722	10,11,12,15,16,17,19,179,180,181,182,186,188,189,193,256,257,258,259,260,284,285,286,287,301,333,334,341,345,346,352,353,356,357,358,359,366,371,372,373,374,377,378,382,385,386,387,388,391,397,404,417,419,421,423,431,432,435,436,438,440,442,443,444,446,447,448,450,452,454,465,471,473,478,483,491,492,494,496,497,503,507,516,517,519,521,522,524,525,531,536,539,540,541,546,547,550,553,554,556,557,565,571,577,578,579,580,581,583,585,586,593,594,596,598,600,601,602,604,608,609,614,619,622,624,625,629,634,635,641,646,647,657,658,661,665,666,669,672,673,674,678,679,680,684,685,689,693,705,709,710,711,759,822
draft_22951_00723	10,11,12,15,179,180,256,284,285,286,300,333,334,341,345,352,356,357,371,372,377,378,385,394,417,431,435,438,442,447,450,465,471,491,503,517,521,525,546,547,550,553,557,565,571,579,583,585,593,596,600,601,604,608,609,619,634,635,641,644,661,665,666,669,678,679,680,684,689,709,710,711,717,780
draft_22951_00724	10,11,15,19,284,285,286,287,300,333,345,352,353,375,394,421,440,444,452,536,580,583,593,644,680,684,685,693
draft_22951_00725	10,11,12,15,16,144,146,147,179,181,182,256,257,258,259,284,285,286,333,334,345,346,352,356,357,359,366,371,372,373,374,377,385,388,391,392,397,398,404,417,419,431,435,436,442,443,446,447,448,450,454,465,471,473,483,491,492,496,503,507,517,521,522,524,525,531,539,540,541,546,547,550,553,556,557,565,571,577,578,579,583,585,586,593,594,596,600,601,604,608,609,614,619,629,634,635,641,657,658,661,665,666,669,678,679,684,709,710
draft_22951_00726	10,11,12,13,15,19,20,21,179,180,183,186,256,284,285,286,287,300,309,333,334,337,340,341,342,345,346,347,352,353,356,357,366,367,371,372,375,382,383,385,391,393,394,406,407,417,431,435,442,447,471,477,491,499,517,521,525,529,541,542,543,549,553,557,565,566,567,568,571,572,574,575,579,583,585,590,595,596,600,604,605,607,609,614,615,618,619,620,621,627,633,635,638,639,641,642,644,652,656,657,660,661,663,664,665,667,669,678,679,680,681,682,689,690,691,697,699,700,701,702,709,710,711,713,736,756,757,778,799,819,820,825
draft_22951_00727	10,11,12,15,179,180,256,284,285,286,333,334,345,346,352,356,357,366,371,372,375,385,391,392,417,431,435,442,447,465,471,491,517,521,525,541,550,553,557,565,571,579,583,585,593,596,600,604,608,609,614,619,629,634,635,641,657,661,665,669,678,679,680,684,689,709,710,711
draft_22951_00728	10,11,12,15,16,144,146,147,179,180,256,257,258,284,285,286,300,333,334,341,345,352,356,357,358,359,360,371,372,375,376,377,378,380,385,387,388,390,391,393,394,397,400,401,404,417,419,431,432,435,438,439,442,443,447,450,451,454,465,471,473,483,485,486,488,489,491,496,500,503,505,507,517,520,521,524,525,528,531,539,540,546,547,548,550,553,556,557,561,565,570,571,573,577,579,583,585,586,593,596,597,600,601,604,608,609,612,614,619,629,634,635,637,641,644,655,657,658,661,665,666,669,675,678,679,680,684,689,709,710,711,717,738,771,780,801,834
draft_22951_00729	10,11,12,15,16,144,146,147,179,180,256,257,258,284,285,286,300,333,334,341,345,352,356,357,358,359,366,371,372,375,377,378,385,386,387,388,391,392,394,397,398,404,417,419,431,432,435,438,442,443,447,450,454,465,471,473,483,491,496,503,507,517,521,522,524,525,531,539,540,541,546,547,550,553,556,557,565,571,577,578,579,583,585,586,593,596,600,601,604,608,609,614,619,629,634,635,641,644,657,658,661,665,666,669,678,679,680,684,689,697,709,710,711,729,738,759,792,801,822
draft_22951_00730	10,11,12,15,16,19,20,21,144,146,147,151,153,154,179,180,256,284,285,286,287,309,333,334,341,345,346,352,353,356,357,366,371,372,377,378,381,385,391,392,407,417,421,431,435,438,440,441,442,444,447,450,452,453,465,471,491,494,496,503,521,525,536,541,546,547,549,550,553,554,557,565,571,574,575,579,580,583,585,586,593,594,596,598,600,601,602,604,608,609,614,618,619,620,624,629,634,635,638,641,642,646,647,656,657,658,661,665,666,668,669,672,673,678,679,680,681,683,684,685,686,689,690,693,699,705,709,710,711,738,750,801,813
draft_22951_00731	10,11,12,15,16,19,179,180,181,182,186,256,284,285,286,287,300,333,334,341,345,346,352,353,356,357,366,371,372,375,377,378,385,391,392,393,394,417,421,431,435,438,440,442,444,447,450,452,465,471,491,496,503,517,521,525,536,541,546,547,550,553,557,565,570,571,579,581,583,585,586,593,594,596,600,601,604,608,609,612,614,619,629,634,635,641,644,646,657,658,661,665,666,669,678,679,680,684,689,709,710,711,717,780
draft_22951_00732	10,11,12,15,16,179,180,181,182,186,187,193,256,257,258,260,284,285,286,300,333,334,341,345,352,356,357,358,359,371,372,377,378,385,386,387,388,391,394,397,404,417,419,431,432,435,438,442,443,447,450,454,465,471,473,483,491,496,500,503,507,517,521,524,525,531,539,540,546,547,548,550,553,556,557,565,570,571,577,578,579,583,585,586,593,596,600,601,604,608,609,612,614,619,629,634,635,641,644,657,658,661,665,666,669,678,679,680,684,689,697,698,709,710,711,738,759,771,801,822,834
draft_22951_00733	10,11,12,13,15,16,17,19,20,179,180,181,182,186,188,189,193,256,257,258,284,285,286,287,300,301,333,334,337,339,341,345,346,352,353,356,357,358,359,366,371,372,375,377,382,385,386,388,391,393,394,397,417,419,421,423,431,432,435,438,440,442,443,444,447,450,452,454,465,468,471,478,491,494,496,497,516,517,519,521,522,524,525,529,531,536,537,539,540,541,546,550,553,554,556,557,565,570,571,577,579,580,583,585,586,593,594,596,598,600,601,603,604,608,609,612,614,617,619,624,629,634,635,641,644,645,646,647,657,658,661,665,666,669,672,673,678,679,680,684,685,686,689,693,697,698,705,709,710,711,713,756,819
draft_22951_00734	10,11,12,15,19,20,179,180,256,284,285,286,287,300,333,334,341,342,345,352,353,356,357,371,372,375,377,378,385,391,393,394,417,421,431,433,435,438,440,442,444,447,450,452,465,471,491,494,496,503,517,521,525,536,546,547,550,553,554,557,565,571,579,580,583,585,586,593,596,598,600,601,604,608,609,614,619,624,629,634,635,641,644,646,657,658,661,665,666,669,672,673,678,679,680,684,685,686,689,693,697,705,709,710,711,738,801
draft_22951_00735	10,11,12,15,144,148,179,180,256,284,285,286,300,333,334,341,345,352,356,357,371,372,377,378,385,394,417,431,435,438,442,447,450,465,471,491,503,517,521,525,546,547,550,553,557,565,571,579,583,585,593,596,600,601,604,608,609,619,634,635,641,644,661,665,666,669,678,679,680,684,689,697,709,710,711,713,717,738,756,780,801,819,861
draft_22951_00736	10,11,12,15,19,20,179,180,181,182,186,256,284,285,286,287,309,333,334,336,345,346,352,353,356,357,366,371,372,381,385,391,392,407,417,421,431,435,441,442,444,447,453,471,491,517,521,525,536,541,553,557,565,571,579,580,581,583,585,593,596,600,604,608,609,614,618,619,635,638,639,641,657,661,665,669,678,679,680,681,684,685,689,692,696,697,703,709,710,711
draft_22951_00737	10,11,12,15,19,179,180,181,182,186,256,257,258,284,285,286,287,333,334,341,342,345,346,352,353,356,357,358,359,366,371,372,373,374,375,377,385,388,391,392,397,398,404,417,419,421,431,432,433,435,436,438,442,443,444,446,447,448,450,454,465,471,473,483,491,492,494,496,503,507,517,521,522,524,525,531,536,537,539,540,541,546,547,550,553,554,556,557,565,571,577,578,579,580,583,585,586,593,596,598,600,601,603,604,608,609,614,619,624,629,634,635,641,657,658,661,665,666,669,672,673,678,679,680,684,685,689,693,697,705,709,710,711
draft_22951_00738	10,11,12,15,19,20,179,180,256,284,285,286,287,333,334,345,346,347,352,353,356,357,366,367,371,372,375,381,385,391,392,406,417,421,431,435,441,442,444,447,453,471,491,494,517,521,525,536,541,549,553,554,557,565,567,571,574,575,579,580,583,585,595,596,598,600,604,605,609,615,616,619,620,624,635,638,641,642,656,660,661,665,667,669,672,673,678,679,680,681,685,689,690,693,699,705,709,710,711
draft_22951_00739	10,11,12,15,16,19,20,179,180,182,186,256,257,258,284,285,286,287,300,333,334,341,342,345,346,352,353,356,357,366,371,372,375,377,378,381,382,383,385,386,391,392,393,394,406,410,417,421,431,433,435,438,441,442,444,447,450,453,465,471,477,491,494,496,499,517,521,525,529,536,537,541,542,543,544,546,548,549,550,553,554,557,565,566,567,570,571,574,575,579,580,581,583,585,586,590,593,595,596,598,600,601,604,605,607,608,609,612,614,615,616,619,620,621,623,624,625,627,629,633,634,635,638,639,641,642,644,652,653,656,657,658,661,665,666,667,669,672,673,674,678,679,680,681,683,684,685,686,689,690,693,694,695,697,699,705,706,707,709,710,711,757,820
draft_22951_00740	10,11,12,15,16,17,179,180,181,182,186,188,189,193,256,257,258,259,260,284,285,286,300,301,333,334,345,346,352,356,357,359,366,371,372,373,374,376,377,379,380,385,386,388,391,394,395,397,399,404,417,419,423,431,435,436,439,442,443,446,447,448,450,451,454,465,468,471,473,478,483,487,491,492,496,497,503,507,516,517,518,521,522,524,525,531,539,540,541,546,547,550,553,556,557,565,571,577,578,579,583,585,586,593,596,600,601,604,608,609,614,617,619,629,634,635,636,641,645,657,658,661,665,666,669,678,679,680,684,689,697,709,710,711,713,756,819
draft_22951_00741	10,11,12,15,19,179,180,256,284,285,286,287,300,309,333,334,339,340,341,342,345,346,347,352,353,356,357,366,367,371,372,375,385,391,393,394,407,417,431,435,442,447,471,491,517,521,525,529,541,549,553,557,565,567,571,572,574,575,579,583,585,593,596,600,604,608,609,614,618,619,620,635,638,641,642,644,656,660,661,665,668,669,678,679,680,681,684,689,690,697,699,709,710,711
draft_22951_00742	10,11,12,15,16,19,179,180,256,284,285,286,287,300,333,341,345,352,356,366,371,372,375,376,377,378,385,391,392,393,394,417,421,435,438,442,447,450,452,465,471,491,496,503,517,521,525,541,546,547,550,553,557,561,565,571,579,583,585,586,593,596,600,601,604,608,609,614,619,629,634,635,637,641,644,646,647,655,658,661,665,666,669,675,678,679,680,684
draft_22951_00743	10,11,12,15,16,144,146,147,179,180,181,182,186,256,257,258,259,260,284,285,286,333,334,345,346,352,356,357,359,366,371,372,373,374,376,377,379,380,385,386,388,390,391,392,397,398,404,417,419,431,435,436,439,442,443,446,447,448,450,451,454,465,471,473,483,485,486,488,491,492,496,500,503,505,507,517,520,521,522,524,525,531,539,540,541,546,547,548,550,553,556,557,561,565,570,571,573,577,578,579,583,585,586,593,596,597,600,601,604,608,609,612,614,619,629,634,635,637,641,655,657,658,661,665,666,669,675,678,679,680,684,689,697,709,710,711,713,756,819
draft_22951_00744	10,11,12,13,15,16,17,19,20,179,180,181,182,186,188,189,193,256,257,258,259,260,284,285,286,287,300,301,333,334,341,345,346,352,353,356,357,358,359,366,371,372,373,374,375,377,382,385,386,388,391,393,394,397,404,417,419,421,423,431,432,435,436,438,440,442,443,444,446,447,448,450,452,454,465,468,471,473,478,483,491,492,494,496,497,503,507,516,517,519,521,522,524,525,529,531,536,537,539,540,541,546,547,550,553,554,556,557,565,570,571,577,578,579,580,583,585,586,593,596,598,600,601,603,604,608,609,612,614,617,619,624,629,634,635,641,644,645,646,647,657,658,661,665,666,669,672,673,678,679,680,684,685,686,689,693,697,705,709,710,711,713,756,819
draft_22951_00745	10,11,12,13,15,19,20,21,116,117,144,150,179,180,181,182,183,186,187,193,200,256,284,285,286,287,309,333,334,335,336,338,339,340,341,342,345,346,347,352,353,356,357,366,367,371,372,382,383,385,391,392,406,407,417,421,431,433,435,442,444,447,463,471,477,491,499,517,521,525,536,538,541,542,543,545,549,553,557,565,566,567,568,571,574,575,579,580,583,585,590,591,593,595,596,600,604,605,606,607,608,609,614,615,618,619,620,621,627,631,632,633,635,638,640,641,642,652,656,657,660,661,663,664,665,667,668,669,678,679,680,681,682,683,684,685,687,689,690,691,692,693,694,696,697,698,699,700,701,702,703,704,705,706,708,709,710,711,712,713,715,736,756,757,762,777,778,780,798,799,801,804,819,820,822,825,827
draft_22951_00746	10,11,12,15,19,20,21,179,180,256,284,285,286,287,300,309,333,334,339,341,345,346,347,352,353,356,357,366,367,371,372,381,385,394,406,407,417,421,431,435,441,442,444,447,453,471,491,517,521,525,529,536,537,549,553,557,565,567,571,574,575,579,580,583,585,593,595,596,600,604,605,609,615,618,619,620,635,638,641,642,644,656,661,665,667,669,678,679,680,681,683,685,686,689,690,691,694,695,699,701,709,710,711
draft_22951_00747	10,11,12,15,16,179,180,181,182,186,187,193,256,257,258,260,284,285,286,300,333,334,341,345,352,356,357,358,359,371,372,377,378,385,386,387,388,391,394,397,404,417,419,431,432,435,438,442,443,447,450,454,465,471,473,483,491,496,503,507,517,521,524,525,531,539,540,546,547,550,553,556,557,565,571,577,578,579,583,585,586,593,594,596,600,601,602,604,608,609,614,619,622,629,634,635,641,657,658,661,665,666,669,678,679,680,684,689,697,698,709,710,711,759,822
draft_22951_00748	10,11,12,15,16,17,19,20,179,180,184,185,186,191,192,193,256,284,285,286,287,300,333,341,345,352,353,356,358,359,360,366,371,372,375,376,377,378,380,382,385,387,388,390,391,392,393,394,397,398,400,401,404,417,419,421,432,435,438,439,440,442,443,444,447,450,451,452,454,465,471,473,483,485,486,488,489,491,495,496,500,503,505,507,517,520,521,522,524,525,528,531,536,537,539,540,541,546,547,548,550,553,556,557,561,565,570,571,573,577,578,579,581,583,585,586,593,594,596,597,600,601,603,604,608,609,612,614,619,629,634,635,637,641,646,648,651,655,657,658,661,665,666,669,675,678,679,680,684,771,834
draft_22951_00749	10,11,15,19,179,180,284,285,286,287,300,333,339,341,345,346,352,366,367,391,393,394,421,449,452,529,541,583,593,614,644,646,647,680,684
draft_22951_00750	10,11,12,15,179,180,256,284,285,286,300,333,334,341,345,346,352,356,357,366,371,372,375,377,378,385,391,393,394,417,431,435,438,442,447,450,465,471,491,496,503,517,521,525,529,541,546,547,550,553,557,565,571,579,583,585,586,593,596,600,601,604,608,609,614,619,629,634,635,641,644,657,658,661,665,666,669,678,679,680,684,689,709,710,711,738,801
draft_22951_00751	10,11,12,15,19,179,180,256,284,285,286,287,309,333,334,338,342,345,346,352,353,356,357,366,371,372,375,385,391,392,407,417,431,435,442,447,471,491,517,521,525,541,553,557,565,571,579,583,585,593,596,600,604,609,614,618,619,635,638,639,641,642,656,661,665,669,678,679,680,681,684,689,690,697,698,699,709,710,711
draft_22951_00752	10,11,12,15,284,285,286,300,333,345,346,352,366,375,391,393,394,529,541,593,614,644,657
draft_22951_00753	10,11,12,15,16,179,180,256,284,285,286,300,333,334,341,345,346,352,356,357,366,371,372,375,377,378,385,391,392,394,417,431,435,438,442,447,450,465,471,491,496,503,517,521,525,529,541,546,547,550,553,557,565,571,579,583,585,586,593,596,600,601,604,608,609,614,619,629,634,635,641,644,657,658,661,665,666,669,678,679,680,684,689,697,709,710,711,717,780
draft_22951_00754	10,11,12,13,15,16,17,19,20,21,22,179,180,182,186,189,193,196,200,284,285,286,287,300,309,333,339,340,341,342,345,346,347,348,352,353,366,367,368,375,381,391,393,394,406,407,529,541,564,567,568,572,583,593,594,611,614,615,616,618,638,639,640,644,660,662,663,664,680,681,682,683,684,689,690,691,692,697,699,701,702,704,785,804,806,813,825,827
draft_22951_00755	10,11,12,13,15,19,20,21,144,150,179,180,181,182,183,186,187,193,200,256,284,285,286,287,309,333,334,335,338,339,340,341,342,345,346,347,352,353,356,357,366,367,371,372,375,382,383,385,391,392,406,407,417,421,431,433,435,442,444,447,463,471,477,491,499,517,521,525,536,538,541,542,543,545,549,553,557,565,566,567,568,571,574,575,579,580,583,585,590,593,595,596,600,604,605,606,607,608,609,614,615,618,619,620,621,627,631,633,635,638,640,641,642,652,656,657,660,661,663,665,667,669,678,679,680,681,682,683,684,685,687,689,690,691,692,693,694,696,697,698,699,700,701,702,703,704,705,706,708,709,710,711,712,713,715,736,756,757,762,777,778,780,798,799,801,804,819,820,822,825,827
draft_22951_00756	10,11,12,15,19,144,148,179,180,181,182,183,186,193,256,257,258,284,285,286,287,309,333,334,336,338,341,342,345,346,352,353,356,357,358,359,366,371,372,373,374,377,385,388,391,397,404,407,417,419,431,432,435,436,438,442,443,446,447,448,450,454,462,465,471,473,483,491,492,496,503,507,517,521,522,524,525,531,539,540,541,546,547,549,550,553,556,557,565,567,571,574,575,577,578,579,583,585,586,593,596,600,601,604,608,609,614,618,619,620,629,634,635,638,641,642,656,657,658,660,661,665,666,668,669,678,679,680,681,684,689,690,697,698,699,700,709,710,711,713,756,780,798,799,819,822,827,840,841,861,862
draft_22951_00757	10,11,12,13,15,16,19,20,179,180,184,185,186,256,284,285,286,287,300,309,333,334,337,340,341,342,345,346,347,352,353,356,357,366,367,371,372,375,377,378,382,383,385,391,393,394,406,407,417,421,431,435,438,440,442,444,447,450,452,465,471,477,491,496,499,503,517,521,525,529,536,541,542,543,546,547,549,550,553,557,565,566,567,568,571,572,574,575,579,580,583,585,586,590,593,595,596,600,601,604,605,607,608,609,614,615,619,620,621,627,629,633,634,635,638,639,641,642,644,646,652,653,656,657,658,660,661,663,664,665,666,667,669,678,679,680,681,684,685,689,690,692,693,694,696,697,699,703,704,705,706,708,709,710,711,743,757,759,806,820,822
draft_22951_00758	10,11,12,13,15,16,19,20,179,180,181,182,186,188,189,193,284,285,286,287,300,333,334,336,337,341,345,346,352,353,366,391,392,394,421,440,444,452,536,537,541,570,580,583,593,594,603,612,614,646,647,657,680,684,685,686,689,693,705,709,710,711
draft_22951_00759	10,11,12,15,19,179,180,256,284,285,286,287,300,333,334,339,341,342,345,346,352,353,356,357,366,371,372,375,385,391,393,394,417,421,431,433,435,442,444,447,471,491,494,517,521,525,529,536,537,541,553,554,557,565,571,579,580,583,585,593,596,598,600,603,604,608,609,614,619,624,635,641,644,661,665,669,672,673,678,679,680,684,685,689,693,697,705,709,710,711
draft_22951_00760	10,11,12,15,16,19,20,179,180,256,284,285,286,287,300,333,334,341,345,346,347,352,353,356,357,366,367,371,372,375,377,378,381,385,391,392,394,406,417,421,431,435,438,441,442,444,447,450,453,465,471,491,494,503,517,521,525,536,541,546,547,549,550,553,554,557,565,567,571,574,575,579,580,583,585,593,595,596,598,600,601,604,605,608,609,615,616,619,620,624,634,635,638,641,642,644,656,657,660,661,665,666,667,669,672,673,678,679,680,681,684,685,689,690,692,693,696,699,704,705,708,709,710,711,717,780
draft_22951_00761	10,11,15,19,20,144,146,147,256,257,284,285,286,287,309,333,339,341,345,346,352,353,356,359,366,371,372,373,374,375,377,381,385,388,391,392,397,398,404,407,417,419,421,435,436,441,442,443,444,446,447,448,450,453,454,465,471,473,483,491,492,496,503,507,517,521,522,524,525,531,536,537,539,540,541,546,547,550,553,556,557,565,567,571,577,578,586,593,600,601,603,608,614,618,629,634,657,658,660,666
draft_22951_00762	10,11,12,15,19,20,21,179,180,256,284,285,286,287,300,333,341,342,345,352,353,356,367,371,372,375,377,378,382,383,385,391,393,394,406,417,421,435,438,440,442,444,447,450,452,465,471,477,491,496,499,503,521,525,542,543,545,546,547,549,550,553,557,565,566,568,571,574,575,576,579,583,585,586,590,593,595,596,600,601,604,605,607,608,609,614,619,620,627,629,631,634,635,638,639,640,641,642,644,646,652,653,654,656,657,658,661,663,665,666,667,669,678,679,680,681,683,684,690,691,692,701,702,703,704,722,741,743,762,785,804,806,825
draft_22951_00763	10,11,12,15,16,19,179,180,181,182,186,256,257,258,284,285,286,287,300,333,334,341,345,352,353,356,357,358,359,371,372,375,377,378,382,385,386,387,388,391,393,394,397,400,401,404,417,419,421,431,432,435,438,440,442,443,444,447,450,452,454,465,471,473,483,491,494,496,503,507,517,521,524,525,528,531,536,539,540,546,547,550,553,554,556,557,565,571,577,578,579,580,583,585,586,593,594,596,598,600,601,602,604,608,609,614,619,622,624,629,634,635,641,644,646,657,658,661,665,666,669,672,678,679,680,684,685,689,693,696,697,698,705,708,709,710,711,713,717,735,750,759,780,798,813,822
draft_22951_00764	10,11,12,15,16,179,180,181,182,186,188,189,193,256,257,258,259,260,284,285,286,333,334,341,345,346,352,356,357,358,359,366,371,372,373,374,375,377,378,385,386,387,388,391,397,404,417,419,431,432,435,436,438,442,443,446,447,448,450,454,465,471,473,483,486,491,492,496,500,503,507,517,521,522,524,525,531,539,540,541,546,547,548,550,553,556,557,565,570,571,577,578,579,583,585,586,593,596,600,601,604,608,609,612,614,619,629,634,635,641,657,658,661,665,666,669,678,679,680,684,689,697,698,709,710,711,713,714,738,759,771,777,801,822,834
draft_22951_00765	10,11,12,15,19,179,180,181,182,186,256,257,258,284,285,286,287,333,334,339,341,342,345,346,352,353,356,357,359,366,371,372,373,374,375,377,385,388,391,392,397,398,404,417,419,421,431,433,435,436,442,443,444,446,447,448,450,454,465,471,473,483,491,492,494,496,503,507,517,521,522,524,525,531,536,537,539,540,541,546,547,550,553,554,556,557,565,571,577,578,579,580,583,585,586,593,596,598,600,601,603,604,608,609,614,619,624,629,634,635,641,657,658,661,665,666,669,672,673,678,679,680,684,685,689,693,697,705,709,710,711
draft_22951_00766	10,11,12,15,144,148,179,180,256,284,285,286,300,333,334,341,345,352,356,357,371,372,377,378,385,394,417,431,435,438,442,447,450,465,471,491,503,517,521,525,546,547,550,553,557,565,571,579,583,585,593,596,600,601,604,608,609,619,634,635,641,644,661,665,666,669,678,679,680,684,689,697,709,710,711,713,738,756,759,801,819,822,861
draft_22951_00767	10,11,12,13,15,16,19,20,179,180,256,284,285,286,287,333,342,345,346,347,352,353,356,366,367,371,372,375,382,383,385,391,392,406,417,435,442,447,471,477,491,499,517,521,525,541,542,543,545,549,553,557,565,566,567,568,571,574,575,576,579,583,585,590,595,596,600,604,605,607,609,615,616,619,620,621,627,631,633,635,638,640,641,642,652,654,656,657,660,661,663,665,667,669,678,679,680,681,690,691,701,702,741,762,804,825
draft_22951_00768	10,11,12,15,16,17,19,20,21,179,181,182,256,257,284,285,286,287,300,301,333,345,346,347,352,353,359,366,367,375,376,377,379,380,381,382,388,390,391,393,394,395,397,399,400,401,404,406,417,419,421,423,439,440,441,443,444,450,451,452,453,454,468,473,478,483,485,486,487,488,489,495,496,500,505,507,516,518,519,520,523,528,529,536,537,541,548,561,570,573,581,597,603,612,614,615,617,636,639,644,645,646,648,651,655,657,675
draft_22951_00769	10,11,12,15,19,179,181,182,284,285,286,287,333,334,336,337,339,341,342,345,346,352,353,366,375,391,392,421,433,444,536,541,580,581,583,593,614,657,680,684,709,710,711
draft_22951_00770	10,11,12,13,15,16,19,179,180,183,184,185,186,193,256,284,285,286,287,300,333,334,335,341,342,345,346,352,353,356,357,366,371,372,375,376,385,391,392,393,394,417,421,431,433,435,438,442,444,447,450,465,471,491,517,521,525,529,536,541,550,553,554,557,561,565,571,579,580,581,583,585,593,596,600,604,608,609,614,619,629,634,635,637,641,644,655,657,661,665,669,672,674,678,679,680,684,685,689,696,709,710,711,712
draft_22951_00771	10,11,12,15,19,179,180,256,284,285,286,287,300,309,333,334,342,345,346,352,353,356,357,366,371,372,375,382,383,385,391,393,394,407,417,431,435,442,447,471,491,499,517,521,525,529,541,542,543,549,553,557,565,571,574,575,579,583,585,591,593,596,600,604,607,609,614,618,619,620,635,638,641,642,644,652,656,661,665,668,669,678,679,680,681,684,689,690,692,697,698,699,703,709,710,711,715,735,757,778,798,820
draft_22951_00772	10,11,12,15,19,20,179,180,181,182,186,256,257,258,284,285,286,287,300,309,333,334,341,342,345,352,353,356,357,358,359,371,372,377,378,382,383,385,386,387,388,391,393,394,397,400,401,404,407,417,419,421,431,432,435,438,440,442,443,444,447,450,452,454,465,471,473,483,491,494,496,499,503,507,517,521,524,525,528,531,536,539,540,542,543,546,547,549,550,553,554,556,557,565,571,574,575,577,578,579,580,582,583,585,586,591,593,596,598,600,601,604,607,608,609,614,618,619,620,624,626,629,634,635,638,639,641,642,643,644,646,652,653,656,657,658,661,665,666,668,669,672,678,679,680,681,684,685,689,690,693,696,697,699,705,708,709,710,711,759,822
draft_22951_00773	10,11,12,15,19,179,180,184,185,186,256,284,285,286,287,300,333,334,341,342,345,346,352,353,356,357,366,367,371,372,375,377,378,382,383,385,391,393,394,406,417,431,435,438,442,447,450,465,471,477,491,496,499,517,521,525,529,541,542,543,544,546,549,550,553,557,565,566,567,571,574,575,579,583,585,586,590,593,595,596,600,601,604,605,607,608,609,614,616,619,620,627,629,634,635,638,641,642,644,652,656,657,658,660,661,665,666,667,669,678,679,680,681,684,689,690,697,699,700,709,710,711,736,759,764,799,822,827
draft_22951_00774	10,11,12,15,16,17,144,146,147,179,180,256,257,258,284,285,286,300,301,333,334,345,352,356,357,359,360,371,372,376,380,385,390,399,417,419,423,431,435,439,442,443,447,451,471,487,491,516,517,518,521,523,525,539,540,553,557,565,571,579,583,585,593,596,600,604,608,609,619,635,641,661,665,669,678,679,680,684,689,697,709,710,711
draft_22951_00775	10,11,12,15,19,20,21,179,181,182,256,257,284,285,286,287,333,341,345,352,353,356,358,359,367,371,372,375,377,381,385,388,391,397,404,406,417,419,421,432,435,438,441,442,443,444,447,450,453,454,462,465,471,473,483,491,494,495,496,503,507,517,521,524,525,531,536,537,539,540,546,547,549,550,553,554,556,557,565,567,571,574,575,577,578,579,580,583,585,586,593,595,596,598,600,601,603,604,605,608,609,614,616,619,620,624,629,634,635,638,641,642,656,657,658,660,661,665,666,667,669,672,673,678,679,680,681,684,685,689,690,693,699,705
draft_22951_00776	10,11,12,15,16,179,180,181,182,186,256,257,258,284,285,286,300,333,334,341,345,346,352,356,357,359,366,371,372,373,374,377,378,385,388,391,392,394,397,398,404,417,419,431,435,436,438,442,443,446,447,448,450,454,465,471,473,483,491,492,496,503,507,517,521,522,524,525,531,539,540,541,546,547,550,553,556,557,565,571,578,579,583,585,586,593,594,596,600,601,602,604,608,609,614,619,622,629,634,635,641,644,657,658,661,665,666,669,678,679,680,684,689,709,710,711
draft_22951_00777	10,11,12,15,19,20,21,144,146,147,179,180,256,257,258,284,285,286,287,300,309,333,334,336,341,345,346,352,353,356,357,358,359,366,371,372,373,374,377,378,381,385,386,387,388,391,393,394,397,400,401,404,407,417,419,421,431,432,435,436,438,441,442,443,444,446,447,448,450,453,454,465,471,473,483,491,492,496,503,507,517,521,522,524,525,528,529,531,536,539,540,541,546,547,550,553,556,557,565,571,577,578,579,580,583,585,586,593,596,598,600,601,604,608,609,614,618,619,629,634,635,638,641,642,644,656,657,658,661,665,666,669,678,679,680,681,682,683,684,685,686,687,688,689,690,692,693,696,697,698,699,700,703,704,705,708,709,710,711,713,759,822
draft_22951_00778	10,11,12,15,19,144,146,147,179,180,256,257,258,284,285,286,287,300,309,333,334,341,345,346,347,352,353,356,357,358,359,366,367,371,372,373,374,377,378,385,386,387,388,391,393,394,397,400,401,404,407,417,419,431,432,435,436,438,442,443,446,447,448,450,454,465,471,473,483,491,492,496,503,507,517,521,522,524,525,528,529,531,539,540,541,546,547,549,550,553,556,557,565,571,572,574,575,577,578,579,583,585,586,593,596,600,601,604,608,609,614,618,619,620,629,634,635,638,641,642,644,656,657,658,661,665,666,668,669,678,679,680,681,683,684,689,690,697,698,699,700,709,710,711,714,738,759,777,801,822
draft_22951_00779	10,11,12,15,34,144,147,256,257,284,285,286,294,300,333,334,337,341,345,346,352,354,356,366,371,372,375,384,385,391,393,394,413,417,422,435,442,447,465,471,472,481,491,501,508,514,517,521,525,529,532,533,541,550,553,557,565,571,579,583,585,587,593,596,600,604,608,609,614,629,634,635,641,644,657,659,661,665,669,678,679,680,684
draft_22951_00780	10,11,12,13,15,16,19,179,180,181,182,186,256,284,285,286,287,300,333,334,337,339,341,345,346,352,353,356,357,366,371,372,375,385,391,393,394,417,421,431,435,440,442,444,447,452,465,471,491,494,517,521,525,529,536,541,550,553,554,557,565,571,579,580,583,585,593,594,596,598,600,604,608,609,614,619,624,629,634,635,641,644,646,647,657,661,665,669,672,673,678,679,680,684,685,689,693,697,698,705,709,710,711,713,756,819
draft_22951_00781	10,11,12,15,179,180,256,284,285,286,300,333,334,341,345,346,352,356,357,366,371,372,375,377,378,385,391,393,394,417,431,435,438,442,447,450,465,471,491,496,503,517,521,525,529,541,546,547,550,553,557,565,571,579,583,585,586,593,596,600,601,604,608,609,614,619,629,634,635,641,644,657,658,661,665,666,669,678,679,680,684,689,709,710,711,759,822
draft_22951_00782	10,11,12,13,15,19,20,21,116,119,144,146,147,179,180,181,182,186,256,284,285,286,287,309,333,334,336,339,340,341,342,345,346,347,352,353,356,357,366,367,371,372,375,381,385,391,392,406,407,417,421,431,435,441,442,444,447,453,471,491,517,521,525,536,541,553,557,565,567,571,572,579,580,582,583,585,593,596,598,600,604,609,614,615,616,618,619,635,638,639,640,641,642,643,656,657,660,661,665,669,678,679,680,681,682,684,685,689,690,691,693,697,698,699,701,702,705,709,710,711,713
draft_22951_00783	10,11,12,15,16,19,20,144,146,147,179,180,256,257,258,284,285,286,287,300,333,341,345,346,347,352,353,356,358,359,366,367,371,372,375,376,377,378,380,385,387,388,390,391,392,393,394,397,398,404,406,417,419,421,432,435,438,440,442,443,444,447,450,451,452,454,465,471,473,483,485,486,488,491,496,500,503,505,507,517,520,521,522,524,525,529,531,537,539,540,541,546,547,548,550,553,556,557,561,565,567,570,571,573,577,579,583,585,586,593,596,597,600,601,603,604,608,609,612,614,616,619,629,634,635,637,641,644,646,647,655,657,658,660,661,665,666,669,675,678,679,680,684,771,834
draft_22951_00784	10,11,12,15,16,17,19,20,179,180,181,182,186,256,257,258,284,285,286,287,300,301,333,334,341,345,346,352,353,356,357,358,359,366,371,372,375,376,377,378,380,382,385,388,390,391,392,393,394,395,397,399,400,401,404,417,419,421,423,431,432,435,436,438,440,442,443,444,447,448,450,451,452,454,465,468,471,473,478,483,485,486,487,488,489,491,495,496,500,503,505,507,516,517,518,519,520,521,523,524,525,528,536,537,539,540,541,546,547,548,550,553,556,557,561,565,570,571,573,577,579,580,581,583,585,586,593,594,596,597,598,600,601,604,608,609,612,614,617,619,629,634,635,636,641,644,645,646,648,651,655,658,661,665,666,669,675,678,679,680,684,686,688,689,709,710,711,717,780
draft_22951_00785	10,11,12,15,284,285,286,333,345,346,352,366,375,391,392,541,583,593,614,680,684
draft_22951_00786	10,11,12,15,19,20,144,146,147,179,183,256,257,284,285,286,287,300,333,334,341,342,345,352,353,356,357,358,359,375,377,385,388,391,393,394,397,400,401,404,417,419,421,431,432,433,438,442,443,444,450,454,465,471,473,483,491,494,495,496,507,521,524,525,528,531,536,537,539,540,546,550,553,554,556,557,565,571,578,579,580,581,583,585,586,593,596,598,601,603,604,608,609,614,624,625,629,634,635,641,644,657,658,661,665,666,669,672,674,678,679,680,684,685,686,689,693,695,696,697,698,705,707,708,709,710,711,713,822
draft_22951_00787	10,11,12,15,19,20,144,149,150,179,180,256,284,285,286,287,309,333,334,341,345,346,352,353,356,357,366,371,372,375,377,378,381,385,391,392,407,417,421,431,435,438,440,441,442,444,447,450,452,453,465,471,491,494,496,503,517,521,525,536,541,546,547,549,550,553,554,557,565,571,574,575,579,580,583,585,586,593,596,598,600,601,604,608,609,614,618,619,620,624,629,634,635,638,641,642,646,647,656,657,658,661,665,666,668,669,672,673,678,679,680,681,684,685,689,690,692,693,696,697,698,699,703,704,705,708,709,710,711,717,735,759,780,798,822
draft_22951_00788	10,11,12,15,16,179,180,181,182,186,256,257,258,284,285,286,300,301,333,334,341,345,346,352,356,357,358,359,366,371,372,373,374,377,378,385,386,387,388,391,394,395,397,399,404,417,419,431,432,435,436,438,442,443,446,447,448,450,454,465,471,473,478,483,491,492,496,503,507,511,516,517,521,522,523,524,525,531,539,540,541,546,547,550,553,556,557,565,571,577,578,579,583,585,586,593,594,596,600,601,602,604,608,609,614,619,622,629,634,635,641,644,657,658,661,665,666,669,678,679,680,684,689,697,709,710,711,750,759,813,822
draft_22951_00789	10,11,12,13,15,19,20,179,180,186,187,256,258,284,285,286,287,300,309,333,334,339,340,341,342,345,346,347,352,353,356,357,366,367,371,372,375,382,383,385,391,393,394,407,417,431,435,442,447,471,491,499,517,521,525,529,541,542,543,549,553,557,565,567,571,572,574,575,579,583,585,591,593,596,600,604,607,608,609,614,618,619,620,635,638,641,642,644,652,656,657,660,661,665,668,669,678,679,680,681,684,689,690,691,697,699,702,709,710,711,715,778
draft_22951_00790	10,11,12,15,16,17,19,144,146,147,179,180,181,182,186,256,257,258,284,285,286,287,300,333,341,345,346,352,356,358,359,366,371,372,375,376,377,378,380,385,387,388,390,391,392,394,397,398,404,417,419,421,432,435,438,442,443,447,450,451,452,454,465,471,473,483,485,486,488,491,496,500,503,505,507,520,521,522,524,525,531,539,540,541,546,547,548,550,553,556,557,561,565,570,571,573,577,579,583,585,586,593,594,596,597,601,602,604,608,609,612,614,619,622,629,634,635,637,641,644,646,647,655,657,658,661,665,666,669,675,678,679,680,684,729,750,771,792,813,834
draft_22951_00791	10,11,12,15,16,144,146,147,179,180,256,257,258,284,285,286,301,333,341,345,352,356,359,360,366,371,372,374,375,376,377,378,380,385,390,391,392,397,398,404,417,419,423,435,438,439,442,443,447,448,450,451,454,465,468,471,473,483,485,487,488,491,492,496,497,503,505,507,516,517,518,520,521,522,525,540,541,546,547,550,553,557,561,565,571,573,579,583,585,586,593,596,597,600,601,604,608,609,614,619,629,634,635,641,645,655,657,658,661,665,666,669,675,678,679,680,684
draft_22951_00792	10,11,12,15,16,19,20,21,179,180,181,182,186,256,257,258,284,285,286,287,309,333,334,341,345,352,353,356,357,358,359,366,371,372,375,376,377,378,380,381,382,385,386,387,388,390,391,392,397,398,404,407,417,419,421,431,432,435,438,440,441,442,443,444,447,450,451,452,453,454,465,471,473,483,485,488,491,494,496,503,505,507,517,520,521,522,524,525,531,536,539,540,541,546,547,549,550,553,554,556,557,561,565,571,573,574,575,577,579,580,581,583,585,586,593,594,596,597,598,600,601,602,604,608,609,614,618,619,620,622,624,625,629,634,635,637,638,641,642,646,647,648,651,655,656,658,661,665,666,668,669,672,673,674,675,678,679,680,681,684,685,689,690,692,693,694,695,696,698,699,703,704,705,708,709,710,711,717,735,759,780,798,822
draft_22951_00793	10,11,12,15,19,20,179,180,256,284,285,286,287,300,309,333,334,336,339,341,345,346,352,353,356,357,366,371,372,375,381,385,391,393,394,407,417,421,431,435,441,442,444,447,453,465,471,491,517,521,525,529,536,541,550,553,557,565,571,579,580,581,583,585,593,596,600,604,608,609,614,618,619,629,634,635,638,639,641,644,657,661,665,669,678,679,680,681,684,685,689,690,693,697,699,705,709,710,711
draft_22951_00794	10,11,12,15,19,144,149,150,179,180,256,284,285,286,287,300,333,334,341,345,352,353,356,357,371,372,377,378,385,391,393,394,417,421,431,435,438,440,442,444,447,450,452,465,471,491,496,503,517,521,525,536,546,547,550,553,557,565,571,579,580,583,585,586,593,596,598,600,601,604,608,609,614,619,629,634,635,641,644,646,657,658,661,665,666,669,678,679,680,684,685,686,689,693,697,705,709,710,711,759,822
draft_22951_00795	10,11,12,15,16,144,146,147,179,180,256,257,258,284,285,286,333,334,341,345,346,352,356,357,359,366,371,372,373,374,375,376,377,378,380,385,388,390,391,392,397,398,404,417,419,431,435,436,438,442,443,446,447,448,450,451,454,465,471,473,483,485,486,488,491,492,496,500,503,505,507,517,520,521,522,525,540,541,546,547,548,550,553,557,561,565,570,571,573,578,579,583,585,586,593,596,597,600,601,604,608,609,612,614,619,629,634,635,637,641,655,657,658,661,665,666,669,675,678,679,680,684,689,709,710,711,717,780
draft_22951_00796	10,11,12,15,16,19,20,179,180,256,284,285,286,287,300,301,333,334,342,345,352,353,356,357,367,371,372,375,382,383,385,394,395,399,406,417,421,431,435,440,442,444,447,452,465,471,477,491,494,499,511,516,517,519,521,523,525,536,542,549,550,553,554,557,565,566,571,574,575,579,580,582,583,585,590,593,595,596,598,600,604,605,607,608,609,619,620,624,626,627,634,635,638,639,641,642,643,652,656,661,665,667,669,672,673,678,679,680,681,684,685,689,690,693,698,699,705,709,710,711,735,757,798,820
draft_22951_00797	10,11,12,13,15,16,19,179,180,184,185,186,187,193,256,258,284,285,286,287,300,333,334,345,346,352,353,356,357,366,371,372,375,385,391,392,393,394,417,421,431,435,440,442,444,447,452,465,471,491,494,517,521,525,529,536,541,550,553,554,557,565,571,579,580,583,585,593,596,598,600,604,608,609,614,619,624,629,634,635,641,644,646,647,657,661,665,669,672,673,678,679,680,684,685,689,693,697,705,709,710,711,713,714,756,777,819
draft_22951_00798	10,11,12,13,15,16,19,179,180,183,184,185,186,193,256,284,285,286,287,300,333,334,335,339,341,342,345,346,352,353,356,357,366,371,372,375,385,391,393,394,417,421,431,433,435,438,442,444,447,450,465,471,491,503,517,521,525,529,536,541,550,553,554,557,565,570,571,579,580,583,585,593,596,600,604,608,609,612,614,619,629,634,635,641,644,657,661,665,669,672,674,678,679,680,684,685,689,696,697,709,710,711,712,713,756,819
draft_22951_00799	10,11,12,15,284,285,286,333,345,346,352,366,375,391,392,541,583,593,614,680,684
draft_22951_00800	10,11,12,15,19,144,145,147,151,256,257,284,285,286,287,300,333,339,341,342,345,346,352,353,356,366,371,372,375,382,385,391,393,394,406,410,417,421,433,435,442,444,447,465,471,477,491,494,499,517,521,525,529,536,537,541,542,543,549,550,553,554,557,565,566,567,571,574,575,579,580,583,585,590,593,595,596,598,600,603,604,605,607,608,609,614,615,616,620,621,624,627,629,633,634,635,638,641,642,644,652,656,657,660,661,665,667,669,672,673,678,679,680,681,684,685,692,696,703
draft_22951_00801	10,11,12,13,15,19,20,21,144,146,147,179,180,181,182,186,256,284,285,286,287,309,333,334,336,339,340,341,342,345,346,347,352,353,356,357,366,367,371,372,375,381,385,391,392,406,407,417,421,431,435,441,442,444,447,453,471,491,494,517,521,525,536,541,549,553,554,557,565,571,574,575,579,580,581,582,583,585,593,595,596,598,600,604,605,609,614,615,618,619,620,624,635,638,639,640,641,642,643,656,657,661,665,667,669,672,673,678,679,680,681,684,685,689,690,692,693,696,697,698,699,703,704,705,708,709,710,711
draft_22951_00802	10,11,12,15,16,144,149,150,179,180,256,284,285,286,300,333,334,341,345,346,352,356,357,366,371,372,377,378,385,391,392,394,417,431,435,438,442,447,450,465,471,491,496,503,517,521,525,529,541,546,547,550,553,557,565,571,579,583,585,586,593,594,596,600,601,604,608,609,614,619,629,634,635,641,644,657,658,661,665,666,669,678,679,680,684,689,697,709,710,711,759,822
draft_22951_00803	10,11,12,15,16,19,20,144,146,147,179,180,284,285,286,287,300,333,339,341,345,346,352,353,366,375,376,391,392,393,394,421,440,444,452,529,536,537,541,561,570,580,581,583,593,594,603,612,614,637,644,646,647,648,651,655,657,680,684,686,688
draft_22951_00804	10,11,12,13,15,16,19,179,180,183,186,256,284,285,286,287,300,333,334,336,341,342,345,346,352,353,356,357,366,371,372,375,385,391,392,393,394,417,421,431,433,435,438,442,444,447,450,471,491,503,517,521,525,529,536,541,553,554,557,565,570,571,579,580,583,585,593,596,600,604,609,612,614,619,635,641,644,657,661,665,669,672,674,678,679,680,684,685,689,693,696,697,698,705,709,710,711,713
draft_22951_00805	10,11,12,13,15,16,179,180,181,182,186,188,189,193,256,257,258,259,260,284,285,286,300,333,334,341,345,346,352,356,357,358,359,366,371,372,373,374,375,376,377,378,379,380,385,386,387,388,391,393,394,397,404,417,419,431,432,435,436,438,439,442,443,446,447,448,450,451,454,465,471,473,483,485,488,491,492,496,503,507,517,520,521,522,524,525,529,531,539,540,541,546,547,550,553,556,557,561,565,571,577,578,579,583,585,586,593,594,596,597,600,601,604,608,609,614,619,629,634,635,637,641,655,657,658,661,665,666,669,675,678,679,680,684,689,697,698,709,710,711,714,738,759,777,801,822
draft_22951_00806	10,11,12,13,15,16,19,20,179,180,181,182,186,284,285,286,287,300,333,334,337,339,340,341,342,345,346,347,352,353,366,367,375,381,391,393,394,406,421,441,444,453,529,537,541,567,583,593,594,603,614,615,616,638,644,657,660,680,681,684,689,690,698,709,710
draft_22951_00807	10,11,12,15,16,17,19,20,21,179,181,182,256,257,284,285,286,287,300,301,333,339,340,341,342,345,346,347,352,353,359,366,367,375,376,377,379,380,381,382,388,390,391,393,394,395,397,399,400,401,404,406,417,419,421,423,439,440,441,443,444,450,451,452,453,454,468,473,478,483,485,486,487,488,489,495,496,500,505,507,516,518,519,520,523,528,529,536,537,541,548,561,567,570,573,597,603,612,615,616,617,636,644,645,646,648,651,655,657,660,675
draft_22951_00808	10,11,12,15,16,34,144,147,179,184,185,256,257,284,285,286,294,333,345,346,350,352,354,356,366,369,371,372,375,376,384,385,391,392,413,417,419,422,435,439,442,443,447,451,454,465,471,472,481,488,491,501,508,514,517,520,521,525,532,533,540,541,553,556,557,565,571,579,583,585,587,594,596,597,600,604,609,614,635,641,657,659,661,665,669,678,679
draft_22951_00809	10,11,12,13,15,16,19,20,21,144,146,147,284,285,286,287,300,309,333,334,336,339,341,345,346,352,353,366,375,381,391,392,393,394,407,421,440,441,444,452,453,529,536,537,541,567,570,580,583,593,603,612,614,618,638,644,646,647,657,660,681,684,685,696,709,711
draft_22951_00810	10,11,12,13,15,16,144,148,179,180,181,182,186,188,189,193,256,257,258,259,260,284,285,286,300,333,334,341,345,346,352,356,357,358,359,366,371,372,373,374,377,378,385,386,387,388,391,393,394,397,404,417,419,431,432,435,436,438,442,443,446,447,448,450,454,465,471,473,483,491,492,496,503,507,517,521,522,524,525,529,531,539,540,541,546,547,550,553,556,557,565,571,577,578,579,583,585,586,593,594,596,600,601,602,604,608,609,614,619,622,629,634,635,641,657,658,661,665,666,669,678,679,680,684,689,697,698,709,710,711,759,822,864
draft_22951_00811	10,11,12,15,19,20,21,34,179,180,183,186,187,193,256,258,284,285,286,287,294,300,309,333,334,341,342,345,352,353,354,356,357,371,372,377,378,384,385,394,409,415,417,421,431,433,435,438,442,444,447,450,458,459,460,465,466,471,482,491,494,517,521,525,532,533,534,536,546,550,553,554,557,565,571,579,580,581,583,585,593,596,598,600,601,604,608,609,619,624,625,634,635,641,661,665,666,669,672,673,674,678,679,680,684,685,686,688,689,693,697,698,705,709,710,711,713,716,737,738,756,759,768,777,779,798,800,801,819,822,831
draft_22951_00812	10,11,12,13,15,19,20,179,180,181,182,183,186,187,193,200,256,284,285,286,287,300,309,333,334,335,338,339,341,342,345,346,352,353,356,357,366,371,372,382,383,385,391,393,394,407,417,431,435,442,447,471,491,499,517,521,525,529,541,542,543,549,553,557,565,567,571,574,575,579,583,585,591,593,596,600,604,607,608,609,614,618,619,620,635,638,641,642,644,652,656,657,660,661,665,668,669,678,679,680,681,683,684,689,690,691,697,698,699,700,702,709,710,711,712,713,715,736,756,777,778,780,798,799,801,819,820,822,827
draft_22951_00813	10,11,12,15,19,179,180,256,284,285,286,287,300,333,334,341,342,345,352,353,356,357,367,371,372,375,377,378,382,383,385,394,406,417,431,435,438,442,447,450,465,471,477,491,499,503,517,521,525,542,543,546,547,549,550,553,557,565,566,571,574,575,579,583,585,590,593,595,596,601,604,605,607,608,609,619,620,627,634,635,638,641,642,644,652,656,661,665,666,667,669,678,679,680,681,683,684,689,690,697,699,700,709,710,711,713,722,736,738,756,757,759,785,799,801,819,820,822
draft_22951_00814	10,11,12,13,15,16,19,20,144,146,147,179,180,181,182,186,256,257,258,284,285,286,287,300,333,334,341,345,346,352,353,356,357,359,366,371,372,373,374,376,377,378,379,380,385,388,391,392,393,394,397,404,417,419,421,431,435,436,438,439,440,442,443,444,446,447,448,450,451,452,454,465,471,473,483,485,488,491,492,494,496,503,507,517,520,521,522,524,525,531,536,539,540,541,546,547,550,553,554,556,557,561,565,571,577,578,579,580,583,585,586,593,596,597,598,600,601,604,608,609,614,619,624,629,634,635,637,641,644,646,648,651,655,657,658,661,665,666,669,672,673,675,678,679,680,684,685,686,688,689,693,705,709,710,711,738,801
draft_22951_00815	10,11,12,15,179,180,256,284,285,286,333,334,345,346,352,356,357,366,371,372,375,385,391,392,417,431,435,442,447,465,471,491,517,521,525,541,550,553,557,565,571,579,583,585,593,596,600,604,608,609,614,619,629,634,635,641,661,665,669,678,679,680,684,689,709,710,711,714,777
draft_22951_00816	10,11,12,15,16,19,20,179,181,182,284,285,286,287,300,333,334,336,337,339,341,345,346,352,353,366,375,391,393,394,421,440,444,452,529,537,541,570,583,593,594,603,612,614,644,646,647,657,680,684,689,698,709,710
draft_22951_00817	10,11,12,15,284,285,286,333,345,346,352,366,375,391,392,541,593,614,657
draft_22951_00818	10,11,12,15,16,179,180,181,182,186,256,257,258,284,285,286,300,333,334,345,346,352,356,357,359,366,371,372,373,374,376,377,379,380,385,388,391,393,394,397,404,417,419,431,435,436,439,442,443,446,447,448,450,451,454,465,471,473,483,485,488,491,492,496,503,507,517,520,521,522,524,525,529,531,539,540,541,546,547,550,553,556,557,561,565,571,577,578,579,583,585,586,593,596,597,600,601,604,608,609,614,619,629,634,635,637,641,644,655,657,658,661,665,666,669,675,678,679,680,684,689,709,710,711
draft_22951_00819	10,11,12,13,15,19,20,144,150,179,180,181,182,183,186,187,193,200,256,284,285,286,287,333,334,335,336,339,340,341,342,345,346,347,352,353,356,357,366,367,371,372,375,382,383,385,391,392,406,417,421,431,433,435,442,444,447,463,471,477,491,499,517,521,525,536,538,541,542,543,545,549,553,557,565,566,568,571,574,575,579,580,583,585,590,593,595,596,600,604,605,606,607,608,609,614,615,619,620,621,627,631,633,635,638,641,642,652,656,657,661,663,665,667,669,678,679,680,681,683,684,685,689,690,691,692,693,694,696,697,698,699,700,701,702,703,704,705,706,708,709,710,711,712,713,715,736,756,757,762,777,778,780,798,799,801,819,820,822,825
draft_22951_00820	10,11,12,13,15,16,19,20,144,146,147,149,150,151,153,154,158,179,180,256,284,285,286,287,300,333,334,336,337,339,341,345,346,352,353,356,357,366,371,372,375,377,378,385,391,392,393,394,417,421,431,435,438,440,442,444,447,450,452,465,471,491,496,503,517,521,525,529,536,537,541,546,547,550,553,557,565,570,571,579,580,581,583,585,586,593,594,596,598,600,601,603,604,608,609,612,614,619,629,634,635,641,644,646,647,651,657,658,661,665,666,669,678,679,680,684,685,686,688,689,693,695,696,697,698,705,708,709,710,711,713,759,822
draft_22951_00821	10,11,12,15,16,19,179,180,256,284,285,286,287,300,333,334,336,341,345,346,352,353,356,357,366,371,372,375,377,378,385,391,393,394,417,421,431,435,438,440,442,444,447,450,452,465,471,491,496,503,517,521,525,529,537,546,547,550,553,557,565,570,571,579,583,585,586,593,596,600,601,604,608,609,612,614,619,629,634,635,641,644,646,657,658,661,665,666,669,678,679,680,684,689,697,698,709,710,711,713,759,822
draft_22951_00822	10,11,12,13,15,16,17,19,20,144,145,179,180,181,182,184,185,186,193,256,257,258,284,285,286,287,300,333,334,339,341,345,346,352,353,356,357,359,366,371,372,376,377,379,380,382,385,388,390,391,392,393,394,397,398,400,401,404,417,419,421,431,435,439,440,442,443,444,447,450,451,452,454,465,471,473,483,485,488,489,491,494,496,505,507,517,520,521,522,524,525,528,529,531,536,539,541,546,550,553,554,556,557,561,565,571,573,579,581,583,585,586,593,594,596,597,600,602,604,608,609,614,619,622,625,629,635,637,641,646,647,648,651,655,657,658,661,665,669,674,675,678,679,680,684,689,697,709,710,711
draft_22951_00823	10,11,12,15,16,17,19,20,179,181,182,186,188,189,256,257,258,259,284,285,286,287,300,301,333,341,345,346,352,353,356,358,359,366,371,372,373,374,377,385,388,391,394,395,397,399,404,417,419,421,432,435,436,438,440,442,443,444,446,447,448,450,452,454,465,468,471,473,483,491,492,494,495,496,503,507,516,517,519,521,522,524,525,531,536,537,539,540,541,546,547,550,553,554,556,557,565,570,571,577,578,579,580,583,585,586,593,596,598,600,601,603,604,608,609,612,614,619,624,629,634,635,641,645,657,658,661,665,666,669,672,673,678,679,680,684,685,693
draft_22951_00824	10,11,12,15,19,179,180,256,284,285,286,287,300,309,333,334,341,342,345,352,353,356,357,371,372,375,377,378,382,383,385,394,407,417,431,435,438,442,447,450,465,471,491,499,503,517,521,525,542,543,544,546,547,549,550,553,557,565,567,571,574,575,579,583,585,588,591,593,596,600,601,604,607,608,609,618,619,620,634,635,638,641,642,644,652,656,661,665,666,668,669,678,679,680,681,684,689,690,697,699,709,710,711,715,738,764,778,801,827
draft_22951_00825	10,11,12,15,19,144,147,179,180,184,185,186,256,257,258,284,285,286,287,300,333,334,339,341,342,345,346,347,352,353,356,357,366,367,371,372,382,385,391,393,394,406,410,417,421,431,433,435,437,442,444,447,449,465,471,477,491,494,499,517,521,525,529,536,537,541,542,543,549,550,553,554,557,565,566,567,571,574,575,579,580,583,585,590,593,595,596,598,600,603,604,605,607,608,609,614,615,616,619,620,621,624,627,629,633,634,635,638,641,642,644,652,656,657,660,661,665,667,669,672,673,678,679,680,681,684,685,689,690,692,693,696,697,698,699,703,704,705,708,709,710,711,713,756,819
draft_22951_00826	10,11,12,13,15,16,17,19,20,179,180,181,182,186,187,188,189,193,200,256,257,258,260,284,285,286,287,301,333,334,341,345,346,352,353,356,357,358,359,366,371,372,375,377,378,382,385,386,388,391,392,397,417,419,421,423,431,432,435,438,440,442,443,444,447,450,452,454,465,468,471,478,483,491,494,496,503,516,517,519,521,524,525,531,536,539,540,541,546,547,550,553,554,556,557,565,570,571,577,578,579,580,583,585,586,593,596,598,600,601,604,608,609,612,614,617,619,624,629,634,635,641,645,646,647,657,658,661,665,666,669,672,673,678,679,680,684,685,686,689,693,696,697,705,708,709,710,711,713,717,756,780,819
draft_22951_00827	10,11,12,15,179,180,181,182,186,256,257,258,284,285,286,333,334,341,345,352,356,357,358,359,371,372,375,377,378,385,386,387,388,391,397,404,417,419,431,432,435,438,442,443,447,450,454,465,471,473,483,491,496,503,507,517,521,524,525,531,539,540,546,547,550,553,556,557,565,571,577,578,579,583,585,586,593,596,600,601,604,608,609,614,619,629,634,635,641,657,658,661,665,666,669,678,679,680,684,689,697,698,709,710,711,713,735,759,798,822
draft_22951_00828	10,11,12,15,19,20,144,146,147,256,257,284,285,286,287,333,334,341,342,345,352,353,356,357,358,359,366,375,377,385,388,391,392,397,398,404,417,419,421,431,432,433,438,442,443,444,450,454,465,471,473,483,491,494,496,507,521,522,524,525,531,536,539,540,541,546,550,553,554,556,557,565,571,578,579,580,581,583,585,586,593,596,598,601,604,608,609,614,624,625,629,634,635,641,657,658,661,665,666,669,672,674,678,679,680,684,685,686,688,709,710,711,713
draft_22951_00829	10,11,12,15,19,20,144,149,150,179,180,256,284,285,286,287,300,333,334,336,341,345,347,352,353,356,357,367,371,372,377,378,385,391,393,394,417,421,431,435,437,438,440,442,444,447,449,450,452,465,471,491,496,503,517,521,525,536,546,547,550,553,557,565,571,579,580,581,583,585,586,589,593,596,598,600,601,604,608,609,614,619,629,634,635,641,644,646,657,658,661,665,666,669,678,679,680,684,685,686,689,693,697,698,705,709,710,711,713,759,822
draft_22951_00830	10,11,12,15,16,19,20,179,180,181,182,186,256,257,258,284,285,286,287,300,333,334,341,345,346,352,353,356,357,358,359,366,371,372,377,378,385,386,387,388,391,393,394,397,404,417,419,421,431,432,435,438,440,442,443,444,447,450,452,454,465,471,473,483,491,494,495,496,503,507,517,521,524,525,529,531,536,537,539,540,541,546,547,550,553,554,556,557,565,570,571,577,578,579,580,583,585,586,593,596,598,600,601,603,604,608,609,612,614,619,624,629,634,635,641,644,646,647,657,658,661,665,666,669,672,673,678,679,680,684,685,689,693,697,705,709,710,711,759,822
draft_22951_00831	10,11,12,15,16,19,20,179,180,256,284,285,286,287,300,301,309,333,334,345,346,347,352,353,356,357,366,367,371,372,375,376,385,394,395,399,407,417,419,421,431,435,436,442,443,447,448,452,468,471,491,518,519,521,525,539,549,553,556,557,565,571,572,574,575,577,579,583,585,596,600,604,609,618,619,620,635,636,638,641,642,645,656,661,665,668,669,678,679,680,681,689,690,697,698,699,700,709,710,711,713,714,735,756,777,798,819
draft_22951_00832	10,11,12,15,34,179,180,256,284,285,286,294,300,333,345,346,350,352,354,356,366,369,371,372,384,385,394,413,417,435,442,447,471,491,501,508,517,521,525,529,532,533,553,557,565,571,579,583,585,587,596,600,604,609,619,635,641,644,659,661,665,669,678,679,680
draft_22951_00833	10,11,12,15,16,179,180,181,182,186,256,284,285,286,300,333,334,336,339,341,345,346,352,356,366,371,372,375,377,378,385,391,392,393,394,417,435,438,442,447,450,465,471,491,496,503,517,521,525,529,541,546,547,550,553,557,565,571,579,583,585,586,593,594,596,600,601,604,608,609,614,619,629,634,635,641,644,657,658,661,665,666,669,678,679,680,684,709,710
draft_22951_00834	10,11,12,15,16,179,180,181,182,186,188,189,193,256,257,258,259,260,284,285,286,333,334,341,345,352,356,357,358,359,371,372,375,377,378,385,386,387,388,391,397,404,417,419,431,432,435,438,442,443,447,450,454,465,471,473,483,486,491,496,500,503,507,517,521,524,525,531,539,540,546,547,548,550,553,556,557,565,570,571,577,578,579,583,585,586,593,596,600,601,604,608,609,612,614,619,629,634,635,641,657,658,661,665,666,669,678,679,680,684,689,697,698,709,710,711,714,738,759,771,777,801,822,834
draft_22951_00835	10,11,12,13,15,19,20,130,131,179,180,181,182,183,186,187,193,200,256,284,285,286,287,309,333,334,335,336,338,339,340,341,342,345,346,347,352,353,356,357,366,367,371,372,382,383,385,391,392,407,417,431,435,442,447,471,491,499,517,521,525,541,542,543,549,553,557,565,567,571,572,574,575,579,583,585,591,593,596,600,604,607,608,609,614,618,619,620,635,638,640,641,642,652,656,657,660,661,665,668,669,678,679,680,681,683,684,689,690,691,697,698,699,700,702,709,710,711,712,713,715,736,756,777,778,780,798,799,801,804,819,820,822,827
draft_22951_00836	10,11,12,15,16,19,20,144,146,147,179,180,256,284,285,286,287,300,333,334,339,341,342,345,346,352,353,356,357,366,371,372,375,385,391,392,394,417,421,431,433,435,438,440,442,444,447,450,452,465,471,491,517,521,525,536,537,541,550,553,554,557,565,571,579,580,581,583,585,593,596,600,603,604,608,609,614,619,629,634,635,641,644,646,647,657,661,665,669,672,674,678,679,680,684,685,686,689,693,697,705,709,710,711
draft_22951_00837	10,11,15,19,284,285,286,287,300,333,345,346,352,366,367,375,391,393,394,421,449,452,529,541,583,593,614,644,646,647,684
draft_22951_00838	10,11,12,15,16,17,19,20,179,180,181,182,186,256,257,258,284,285,286,287,300,333,334,342,345,346,352,353,356,357,359,366,367,371,372,373,374,375,376,377,379,380,382,383,385,388,390,391,394,397,404,406,417,419,431,435,436,439,442,443,446,447,448,450,451,454,465,471,473,477,483,485,488,491,492,496,499,505,507,520,521,522,524,525,531,539,541,542,543,545,546,549,550,553,556,557,561,565,566,568,571,573,574,575,576,577,579,583,585,586,590,593,594,595,596,597,600,602,604,605,607,609,614,619,620,622,627,629,631,635,637,638,640,641,642,652,654,655,656,658,661,663,665,666,667,669,675,678,679,680,681,684,689,690,691,697,698,699,700,701,702,709,710,711,715,736,741,762,778,799,804,825
draft_22951_00839	10,11,12,15,16,19,20,21,144,149,150,179,180,256,284,285,286,287,300,333,334,341,342,345,352,353,356,357,367,371,372,375,382,383,385,391,393,394,406,417,421,431,435,438,440,442,444,447,450,452,465,471,477,491,499,517,521,525,536,537,542,543,545,549,553,554,557,565,566,568,570,571,574,575,579,580,583,585,590,593,595,596,598,600,604,605,607,608,609,612,614,619,620,627,631,635,638,641,642,646,651,652,656,657,661,663,665,667,669,672,674,678,679,680,681,684,685,689,690,692,693,694,697,699,700,703,705,706,709,710,711,715,736,762,778,799,825
draft_22951_00840	10,11,12,15,16,19,179,180,184,185,186,256,284,285,286,287,300,333,334,341,345,352,353,356,357,371,372,375,377,378,385,391,393,394,417,421,431,435,438,440,442,444,447,450,452,465,471,491,496,503,521,525,536,546,547,548,550,553,557,565,570,571,579,580,583,585,586,593,596,600,601,604,608,609,612,614,619,629,634,635,641,644,646,657,658,661,665,666,669,678,679,680,684,685,689,693,696,697,698,705,708,709,710,711,717,735,738,759,771,780,798,801,822,834
draft_22951_00841	10,11,12,15,19,20,179,180,256,284,285,286,287,309,333,334,341,345,352,353,356,357,366,371,372,375,377,378,381,385,391,392,407,417,421,431,435,438,441,442,444,447,450,453,465,471,491,494,496,503,517,521,525,536,541,546,547,549,550,553,554,557,565,571,574,575,579,580,583,585,586,593,596,598,600,601,604,608,609,614,618,619,620,624,629,634,635,638,641,642,656,658,661,665,666,668,669,672,673,678,679,680,681,683,684,685,686,689,690,693,699,705,709,710,711,738,801
draft_22951_00842	10,11,12,15,16,17,179,180,181,182,186,188,189,193,256,257,258,259,260,284,285,286,300,333,334,341,345,352,356,357,358,359,360,371,372,376,377,378,379,380,385,387,388,389,390,391,394,397,404,417,419,431,432,435,438,439,442,443,447,450,451,454,465,471,473,483,485,486,488,491,496,500,505,507,517,520,521,524,525,531,539,546,548,550,553,556,557,561,565,570,571,573,577,578,579,583,585,586,593,594,596,597,600,602,604,608,609,612,614,619,622,629,634,635,637,641,655,657,658,661,665,666,669,675,678,679,680,684,689,697,709,710,711
draft_22951_00843	10,11,12,15,16,179,180,181,182,186,256,257,258,284,285,286,300,333,334,341,345,346,352,356,357,359,366,371,372,373,374,377,378,385,388,391,394,397,404,417,419,431,435,436,438,442,443,446,447,448,450,454,465,471,473,483,491,492,496,503,507,517,521,522,524,525,531,539,540,541,546,547,550,553,556,557,565,571,578,579,583,585,586,593,596,600,601,604,608,609,614,619,629,634,635,641,644,657,658,661,665,666,669,678,679,680,684,689,697,698,709,710,711,717,780
draft_22951_00844	10,11,12,15,16,17,19,20,179,181,182,186,188,189,256,257,258,259,284,285,286,287,300,333,341,345,346,352,353,356,358,359,366,371,372,373,374,377,385,388,391,393,394,397,404,417,419,421,432,435,436,438,440,442,443,444,446,447,448,450,452,454,465,471,473,483,491,492,494,495,496,503,507,517,521,522,524,525,529,531,536,537,539,540,541,546,547,550,553,554,556,557,565,570,571,577,578,579,580,583,585,586,593,596,598,600,601,603,604,608,609,612,614,619,624,629,634,635,641,644,646,647,657,658,661,665,666,669,672,673,678,679,680,684,685,693
draft_22951_00845	10,11,12,13,15,16,144,146,147,179,180,183,186,256,257,258,284,285,286,300,333,334,341,345,346,352,356,357,358,359,366,371,372,375,377,378,385,386,387,388,391,392,393,394,397,400,401,404,417,419,431,432,435,438,442,443,447,450,454,465,471,473,483,491,496,503,507,517,521,524,525,528,529,531,539,540,541,546,547,550,553,556,557,565,571,577,578,579,583,585,586,593,594,596,600,601,604,608,609,614,619,629,634,635,641,644,657,658,661,665,666,669,678,679,680,684,689,697,698,709,710,711,713,717,735,759,780,798,822
draft_22951_00846	10,11,12,15,16,19,20,179,180,181,182,186,256,257,258,284,285,286,287,300,333,334,341,345,352,353,356,357,359,371,372,375,376,377,378,379,380,382,385,388,390,391,393,394,397,400,401,404,417,419,421,431,435,438,439,440,442,443,444,447,450,451,452,454,465,471,473,483,485,488,489,491,494,496,503,505,507,517,520,521,524,525,528,531,536,539,540,546,547,550,553,554,556,557,561,565,571,573,578,579,581,583,585,586,593,594,596,597,600,601,602,604,608,609,614,619,622,625,629,634,635,637,641,644,646,648,651,655,657,658,661,665,666,669,674,675,678,679,680,684,689,697,709,710,711,713,738,756,759,801,819,822
draft_22951_00847	10,11,12,15,16,19,20,144,146,147,179,180,181,182,186,256,284,285,286,287,300,333,334,338,342,345,346,352,353,356,357,366,371,372,381,385,391,392,393,394,406,417,421,431,435,442,447,452,453,471,491,517,521,525,529,541,553,557,560,565,567,571,579,583,585,593,596,600,604,608,609,613,614,616,619,635,639,641,646,647,657,660,661,665,669,678,679,680,684,689,697,709,710,711
draft_22951_00848	10,11,12,15,19,20,179,180,256,284,285,286,287,300,309,333,341,345,352,353,356,371,372,377,378,381,385,391,393,394,407,417,421,435,438,440,441,442,444,447,450,452,453,465,471,491,496,503,517,521,525,536,546,547,550,553,557,565,571,579,580,583,585,586,593,596,600,601,604,608,609,614,618,619,629,634,635,638,641,644,646,657,658,661,665,666,669,678,679,680,681,684,685,692,694,695,696,703
draft_22951_00849	10,11,12,15,16,17,19,179,180,181,182,186,256,284,285,286,287,300,333,341,345,346,352,356,366,371,372,375,376,377,378,385,391,392,394,417,421,435,438,442,447,450,452,465,471,491,496,503,517,521,525,541,546,547,550,553,557,561,565,570,571,579,583,585,586,593,596,600,601,604,608,609,612,614,619,629,634,635,637,641,644,646,647,655,657,658,661,665,666,669,678,679,680,684,729,792
draft_22951_00850	10,11,12,15,19,179,180,181,182,186,256,257,258,284,285,286,287,333,334,341,345,346,347,352,353,356,357,358,359,366,367,371,372,373,374,377,378,385,386,387,388,391,397,404,417,419,421,431,432,435,436,437,438,442,443,444,446,447,448,449,450,454,465,471,473,483,491,492,494,496,503,507,517,521,522,524,525,531,536,539,540,541,546,547,550,553,554,556,557,565,571,577,578,579,580,583,585,586,593,596,598,600,601,604,608,609,614,619,624,629,634,635,641,657,658,661,665,666,669,672,673,678,679,680,684,685,686,689,693,697,705,709,710,711,713,738,756,759,801,819,822
draft_22951_00851	10,11,12,15,16,34,144,146,147,149,150,151,179,180,256,284,285,286,294,333,334,339,341,345,346,350,352,354,356,357,366,369,371,372,376,385,391,392,413,417,419,431,435,442,447,451,454,465,471,476,488,490,491,508,517,520,521,525,541,550,553,557,565,570,571,579,583,585,593,596,597,600,604,608,609,612,614,619,634,635,641,657,661,665,669,678,679,680,684,689,697,709,710,711
draft_22951_00852	10,11,12,13,15,16,19,144,149,150,179,180,181,182,186,256,284,285,286,287,333,334,339,341,345,346,352,353,356,357,366,371,372,375,377,378,385,391,392,417,421,431,435,438,440,442,444,447,450,452,465,471,491,496,503,517,521,525,537,541,546,547,550,553,557,565,570,571,579,583,585,586,593,596,600,601,603,604,608,609,612,614,619,629,634,635,641,646,647,657,658,661,665,666,669,678,679,680,684,689,697,709,710,711,759,822
draft_22951_00853	10,11,12,13,15,16,17,179,180,186,187,256,258,284,285,286,300,301,333,334,341,345,352,356,357,371,372,375,377,378,385,394,417,419,431,432,435,438,442,443,447,450,465,471,491,503,517,521,525,539,540,546,547,550,553,556,557,565,571,577,579,583,585,593,596,600,601,604,608,609,619,634,635,641,644,661,665,666,669,678,679,680,684,689,697,709,710,711,738,801
draft_22951_00854	10,11,12,15,16,19,20,179,184,185,284,285,286,287,300,333,334,336,339,341,345,346,347,352,353,366,367,375,376,381,391,393,394,406,419,421,432,441,443,444,452,453,454,529,536,539,540,541,561,580,581,583,593,614,615,638,639,644,646,647,655,709,711
draft_22951_00855	10,11,12,13,15,19,20,21,130,131,144,150,179,180,181,182,183,186,187,193,200,256,284,285,286,287,309,333,334,335,336,338,339,340,341,342,345,346,347,352,353,356,357,366,367,371,372,382,383,385,391,392,406,407,417,431,435,442,447,471,477,491,499,517,521,525,541,542,543,545,549,553,557,565,566,567,568,571,572,574,575,579,583,585,590,591,593,595,596,600,604,605,607,608,609,614,615,618,619,620,621,627,631,632,633,635,638,640,641,642,652,656,657,660,661,663,664,665,667,668,669,678,679,680,681,682,683,684,689,690,691,692,697,698,699,700,701,702,703,704,709,710,711,712,713,715,736,756,757,762,777,778,780,783,798,799,801,804,819,820,822,825,827
draft_22951_00856	10,11,12,15,16,19,20,144,146,147,179,180,256,257,258,284,285,286,287,300,309,333,334,339,340,341,342,345,346,347,352,353,356,357,358,359,366,367,371,372,373,374,375,377,378,382,383,385,386,387,388,391,393,394,397,400,401,404,406,407,417,419,431,432,435,436,438,442,443,446,447,448,450,454,465,471,473,477,483,491,492,496,499,503,507,517,521,522,524,525,528,529,531,539,540,541,542,543,546,547,549,550,553,556,557,565,566,567,568,571,572,574,575,577,578,579,583,585,586,590,593,595,596,600,601,604,605,607,608,609,614,615,619,620,621,627,629,633,634,635,638,639,641,642,644,652,653,656,657,658,660,661,663,664,665,666,667,669,678,679,680,681,683,684,689,690,692,697,699,703,704,709,710,711,743,757,759,806,820,822
draft_22951_00857	10,11,12,15,16,19,20,179,181,182,186,188,189,256,257,258,259,284,285,286,287,309,333,334,341,342,345,346,352,353,356,357,358,359,360,366,371,372,373,374,375,376,377,379,380,382,383,385,388,389,390,391,392,397,398,404,405,407,417,419,421,431,432,435,436,438,439,440,442,443,444,446,447,448,450,451,452,454,462,465,471,473,483,485,488,491,492,494,496,498,499,503,505,507,517,520,521,522,524,525,531,536,539,540,541,542,543,544,546,547,549,550,553,554,556,557,561,565,567,571,573,574,575,577,578,579,580,581,583,585,586,588,591,593,594,596,597,600,601,602,604,607,608,609,614,618,619,620,622,624,625,629,634,635,637,638,641,642,646,647,648,652,655,656,657,658,660,661,665,666,668,669,672,674,675,678,679,683,684,709,711
draft_22951_00858	10,11,12,15,16,19,179,180,181,182,186,256,257,258,284,285,286,287,300,301,333,334,341,345,346,352,353,356,357,359,366,371,372,373,374,375,377,385,388,391,392,394,395,397,398,399,404,417,419,421,431,432,435,436,440,442,443,444,446,447,448,450,452,454,465,468,471,473,483,491,492,496,503,507,516,517,519,521,522,524,525,531,537,539,540,541,546,547,550,553,556,557,565,570,571,577,578,579,583,585,586,593,596,600,601,603,604,608,609,612,614,619,629,634,635,641,644,645,657,658,661,665,666,669,678,679,680,684,689,697,709,710,711
draft_22951_00859	10,11,12,15,179,181,182,284,285,286,300,333,334,337,341,345,346,352,366,391,393,394,417,435,442,447,491,517,529,541,557,583,593,600,614,641,644,657,680,684,689,709,710,711
draft_22951_00860	10,11,12,15,16,34,144,146,147,179,180,256,257,284,285,286,294,300,301,333,334,336,345,352,359,360,376,380,390,391,394,395,397,399,400,404,419,422,423,439,443,451,454,468,473,485,487,488,489,505,507,509,511,512,516,518,520,523,539,540,561,573,583,593,597,614,644,645,655,680,684,689,709,710,711
draft_22951_00861	10,11,12,15,16,17,19,144,146,147,179,180,181,182,186,256,257,258,259,260,284,285,286,287,300,301,333,341,345,346,352,353,356,358,359,366,371,372,373,374,377,378,382,385,387,388,391,397,399,417,419,421,423,432,435,436,438,440,442,443,444,446,447,448,450,452,454,465,468,471,478,483,486,491,494,495,496,497,500,503,516,517,519,521,523,524,525,531,536,537,539,540,546,547,548,550,553,554,556,557,565,570,571,577,578,579,580,581,583,585,586,593,594,596,598,600,601,602,604,608,609,612,614,617,619,622,624,625,629,634,635,641,645,646,657,658,661,665,666,669,672,674,678,679,680,684,686
draft_22951_00862	10,11,12,15,16,19,179,180,256,284,285,286,287,300,333,334,341,345,346,352,353,356,357,366,371,372,375,377,378,385,391,393,394,417,421,431,435,438,440,442,444,447,450,452,465,471,491,496,517,521,525,529,537,541,546,550,553,557,565,570,571,579,583,585,586,593,596,600,601,603,604,608,609,612,614,619,629,634,635,641,644,646,657,658,661,665,666,669,678,679,680,684,689,698,709,710,711,735,759,798,822
draft_22951_00863	10,11,12,13,15,19,20,144,147,179,180,181,182,186,187,193,194,200,284,285,286,287,309,333,334,335,336,339,340,341,342,345,346,347,352,353,366,367,375,391,392,406,407,541,568,572,583,593,614,615,618,638,657,663,664,680,681,683,684,689,690,691,692,697,698,699,700,701,702,703,704,709,710,711,712,713,777,778,780,798,799,801,819,820,822,825
draft_22951_00864	10,11,12,13,15,16,19,179,180,181,182,186,284,285,286,287,300,333,334,337,339,341,345,346,352,366,375,376,391,393,394,421,452,529,541,561,583,593,594,614,637,644,646,647,655,657,680,684,689,698,709,710
draft_22951_00865	10,11,12,13,15,16,179,184,185,284,285,286,300,333,334,337,339,341,345,346,352,366,375,391,393,394,417,431,435,442,447,465,491,517,525,529,541,557,583,593,600,614,641,644,657,661,679,680,684,689,697,698,709,710,711
draft_22951_00866	10,11,12,15,19,179,180,256,284,285,286,287,300,309,333,334,338,341,342,345,352,353,356,357,371,372,375,377,378,385,394,407,417,431,435,438,442,447,450,465,471,491,503,517,521,525,546,547,549,550,553,557,565,571,574,575,579,583,585,593,596,600,601,604,608,609,618,619,620,634,635,638,639,641,642,644,656,661,665,666,668,669,678,679,680,681,684,689,690,697,698,699,709,710,711,713,759,822
draft_22951_00867	10,11,12,15,16,17,19,144,146,147,179,181,182,186,188,189,256,257,258,259,260,261,284,285,286,287,302,333,334,341,345,346,352,353,356,357,358,359,360,366,371,372,373,374,376,377,380,385,388,390,391,396,397,404,417,419,421,424,431,432,435,436,438,439,440,442,443,444,446,447,448,450,451,452,454,455,462,465,471,473,483,485,486,488,491,492,494,495,496,500,503,505,507,515,517,520,521,522,524,525,531,536,537,539,540,541,546,547,548,549,550,553,554,556,557,561,565,567,570,571,573,574,577,578,579,581,583,585,586,593,594,596,597,600,601,603,604,608,609,612,614,619,625,629,634,635,639,641,646,648,655,657,658,660,661,665,666,669,673,674,678,679,684,709,711
draft_22951_00868	10,11,12,13,15,19,20,179,180,183,184,185,186,187,193,200,256,258,284,285,286,287,309,333,334,339,341,342,345,346,352,353,356,357,366,371,372,375,382,383,385,391,392,407,417,431,435,442,447,465,471,491,499,517,521,525,541,542,543,545,549,550,553,557,565,568,571,574,575,579,583,585,591,593,596,600,604,607,608,609,614,618,619,620,629,632,634,635,638,641,642,652,656,657,661,664,665,668,669,678,679,680,681,684,689,690,692,697,698,699,700,703,704,709,710,711,713,715,735,736,756,757,762,777,778,780,798,799,801,819,820,822,825
draft_22951_00869	10,11,12,15,19,144,147,179,184,185,256,257,284,285,286,287,333,334,342,345,346,347,352,353,356,366,367,371,372,375,382,385,391,392,406,410,417,421,431,433,435,437,442,444,447,449,465,471,477,491,494,499,517,521,525,536,541,542,543,549,553,554,557,565,566,571,574,575,579,580,583,585,590,593,595,596,598,600,604,605,607,609,614,615,620,621,624,627,633,635,638,641,642,652,656,657,661,665,667,669,672,673,678,679,681,685
draft_22951_00870	10,11,12,15,16,17,144,146,147,179,180,181,182,186,256,257,258,259,260,284,285,286,300,333,341,345,352,356,358,359,360,366,371,372,374,376,377,378,379,380,385,387,388,389,390,391,393,394,397,400,401,404,417,419,432,435,438,439,442,443,447,448,450,451,454,465,471,473,483,485,486,488,489,491,492,496,500,503,505,507,517,520,521,522,524,525,528,529,531,539,541,546,547,548,550,553,556,557,561,565,570,571,573,578,579,583,585,586,593,594,596,597,600,601,602,604,608,609,612,614,619,622,629,634,635,637,641,644,655,657,658,661,665,666,669,675,678,679,680,684
draft_22951_00871	10,11,15,16,34,179,181,182,256,257,284,285,286,294,300,333,341,345,352,356,358,359,371,372,375,376,377,379,380,385,388,391,393,394,397,404,417,419,422,432,435,438,439,442,443,447,450,451,454,465,471,473,483,485,488,491,496,503,507,509,512,517,520,521,524,525,531,539,540,546,547,550,553,556,557,561,565,571,577,578,579,583,585,586,593,596,600,601,604,608,609,614,619,629,634,635,637,641,644,655,657,658,661,665,666,669,675,678,679,680,684
draft_22951_00872	10,11,12,15,16,19,20,179,180,181,182,186,189,193,256,257,258,284,285,286,287,300,333,334,342,345,346,352,353,356,357,366,371,372,375,381,382,383,385,386,391,392,393,394,406,410,417,421,431,433,435,441,442,444,447,453,465,471,477,491,494,499,517,521,525,529,536,541,542,543,549,550,553,554,557,565,566,570,571,574,575,579,580,583,585,590,593,595,596,598,600,604,605,607,608,609,612,614,615,619,620,621,623,624,627,629,633,634,635,638,641,642,644,652,656,657,661,665,667,669,672,673,678,679,680,681,683,684,685,686,689,690,693,694,695,697,698,699,700,705,706,707,709,710,711,713,714,736,757,777,799,820
draft_22951_00873	10,11,12,13,15,16,17,19,20,144,146,147,151,153,154,179,180,181,182,186,256,257,258,284,285,286,287,300,333,339,341,345,346,352,353,356,358,359,366,371,372,375,376,377,378,380,385,387,388,390,391,392,393,394,397,398,400,401,404,417,419,421,432,435,438,440,442,443,444,447,450,451,452,454,465,471,473,483,485,486,488,489,491,496,500,503,505,507,517,520,521,522,524,525,528,531,536,537,539,540,541,546,547,548,550,553,556,557,561,565,570,571,573,577,579,580,581,583,585,586,593,594,596,597,600,601,603,604,608,609,612,614,619,629,634,635,637,641,644,646,647,651,655,657,658,661,665,666,669,675,678,679,680,684,686,688,771,834
draft_22951_00874	10,11,12,15,179,180,256,284,285,286,300,333,334,337,341,345,352,356,357,371,372,375,385,394,417,431,435,442,447,471,491,517,521,525,553,557,565,571,579,583,585,593,596,600,604,608,609,619,635,641,644,661,665,669,678,679,680,684,689,697,698,709,710,711
draft_22951_00875	10,11,12,15,16,17,34,179,180,181,182,186,256,257,258,284,285,286,294,300,333,341,345,352,356,358,359,366,371,372,375,376,377,378,385,387,388,391,392,393,394,397,404,417,419,422,432,435,438,442,443,447,450,454,465,471,473,483,486,491,496,500,503,507,509,512,517,521,524,525,531,539,540,541,546,547,548,550,553,556,557,561,565,570,571,577,578,579,583,585,586,593,594,596,600,601,602,604,608,609,612,614,619,622,629,634,635,637,641,644,655,657,658,661,665,666,669,675,678,679,680,684,729,750,771,792,813,834
draft_22951_00876	10,11,12,15,16,19,179,180,181,182,186,256,257,258,284,285,286,287,300,333,334,341,345,352,356,357,358,359,371,372,375,376,377,378,385,388,391,393,394,397,404,417,419,421,431,432,435,438,442,443,447,450,452,454,465,471,473,483,491,496,500,503,507,517,521,524,525,531,539,540,546,547,548,550,553,556,557,561,565,570,571,578,579,583,585,586,593,596,600,601,604,608,609,612,614,619,629,634,635,637,641,644,646,655,657,658,661,665,666,669,675,678,679,680,684,689,709,710,711
draft_22951_00877	10,11,12,13,15,16,179,180,186,187,193,194,256,258,260,284,285,286,300,333,334,341,345,346,352,356,357,366,371,372,375,377,378,385,386,391,392,394,417,431,435,438,442,447,450,465,471,491,503,517,521,525,541,546,547,550,553,557,565,571,579,583,585,593,594,596,600,601,604,608,609,614,619,629,634,635,641,644,661,665,666,669,678,679,680,684,689,697,698,709,710,711,713,714,717,735,738,756,759,777,780,798,801,819,822
draft_22951_00878	10,11,12,15,16,34,144,146,147,179,180,256,257,258,284,285,286,294,300,333,334,341,345,350,352,354,356,357,358,359,369,371,372,375,376,377,380,384,385,388,391,394,397,404,413,417,419,422,431,432,435,438,442,443,447,450,451,454,465,471,473,474,475,476,481,483,485,488,490,491,496,501,503,507,508,509,512,521,525,531,532,534,539,540,547,550,553,556,557,561,565,571,579,583,585,587,593,596,600,604,608,609,614,619,629,634,635,641,655,661,665,669,675,678,679,680,684,689,697,698,709,710,711,713,714,735,756,777,798,819
draft_22951_00879	10,11,12,15,19,179,180,181,182,186,256,257,258,284,285,286,287,300,333,334,341,345,352,353,356,357,358,359,371,372,377,378,382,385,386,387,388,391,393,394,397,400,401,404,417,419,421,431,432,435,438,440,442,443,444,447,450,452,454,465,471,473,483,491,494,496,503,507,517,521,524,525,528,531,536,539,540,546,547,550,553,554,556,557,565,571,577,578,579,580,583,585,586,593,596,598,600,601,604,608,609,614,619,624,629,634,635,641,644,646,657,658,661,665,666,669,672,673,678,679,680,684,685,689,693,696,697,705,708,709,710,711,759,822
draft_22951_00880	10,11,12,15,19,20,179,180,256,284,285,286,287,333,342,345,346,347,352,353,356,366,367,371,372,375,382,383,385,391,392,406,417,435,442,447,471,477,491,499,517,521,525,541,542,543,545,549,553,557,565,566,567,568,571,574,575,579,583,585,590,595,596,600,604,605,607,609,615,616,619,620,621,627,631,633,635,638,641,642,652,656,657,660,661,663,665,667,669,678,679,680,681,690,762,825
draft_22951_00881	10,11,12,13,15,16,19,179,180,181,182,186,188,189,193,195,196,200,256,257,258,284,285,286,287,309,333,334,336,339,340,341,342,345,346,347,352,353,356,357,358,359,366,367,371,372,373,374,377,378,385,386,387,388,391,392,397,404,407,417,419,431,432,435,436,438,442,443,446,447,448,450,454,465,471,473,483,491,492,496,503,507,517,521,522,524,525,531,539,540,541,546,547,549,550,553,556,557,565,567,571,572,574,575,577,578,579,583,585,586,593,596,600,601,604,608,609,614,618,619,620,629,634,635,638,641,642,656,657,658,660,661,665,666,668,669,678,679,680,681,683,684,689,690,697,698,699,700,709,710,711,713,759,822
draft_22951_00882	10,11,12,15,19,20,179,180,181,182,186,256,284,285,286,287,333,334,340,342,345,346,347,352,353,356,357,366,367,371,372,375,381,385,391,392,406,417,421,431,435,441,442,444,447,453,471,491,517,521,525,536,541,553,557,565,571,579,580,583,585,593,596,598,600,604,609,614,615,619,635,638,639,641,642,656,657,661,665,669,678,679,680,681,684,685,689,690,693,697,699,705,709,710,711
draft_22951_00883	10,11,12,15,19,179,180,181,182,186,256,257,258,284,285,286,287,333,334,341,345,346,347,352,353,356,357,358,359,366,367,371,372,373,374,377,378,385,386,387,388,391,397,404,417,419,421,431,432,435,436,437,438,442,443,444,446,447,448,449,450,454,465,471,473,483,491,492,494,496,503,507,517,521,522,524,525,531,536,539,540,541,546,547,550,553,554,556,557,565,571,577,578,579,580,583,585,586,593,596,598,600,601,604,608,609,614,619,624,629,634,635,641,657,658,661,665,666,669,672,673,678,679,680,684,685,686,689,693,697,698,705,709,710,711,714,738,759,777,801,822
draft_22951_00884	10,11,12,15,19,20,179,180,256,284,285,286,287,300,333,334,341,342,345,352,353,356,357,367,371,372,375,377,378,382,383,385,391,393,394,406,417,421,431,435,438,440,442,444,447,450,452,465,471,477,491,496,499,521,525,542,543,546,549,550,553,557,565,566,571,574,575,579,583,585,586,590,593,595,596,600,601,604,605,607,608,609,614,619,620,627,629,634,635,638,641,642,644,646,652,656,657,658,661,665,666,667,669,678,679,680,681,683,684,689,690,698,700,709,710,711,722,735,736,759,785,798,799,822
draft_22951_00885	10,11,12,13,15,16,19,179,180,186,187,256,258,284,285,286,287,300,333,334,341,345,346,352,356,357,366,371,372,375,376,377,378,385,386,391,392,393,394,417,421,431,435,438,442,447,450,452,465,471,491,496,503,517,521,525,529,541,546,547,550,553,557,561,565,571,579,583,585,586,593,594,596,600,601,604,608,609,614,619,629,634,635,637,641,644,646,647,655,658,661,665,666,669,675,678,679,680,684,689,697,709,710,711,713,738,756,759,801,819,822
draft_22951_00886	10,11,15,16,34,179,181,182,284,285,286,294,300,333,345,346,352,366,375,376,391,392,393,394,422,509,512,529,541,561,583,593,614,637,655,657,684
draft_22951_00887	10,11,12,15,19,179,180,186,187,256,284,285,286,287,300,309,333,334,339,341,345,346,347,352,353,356,357,366,367,371,372,385,391,393,394,407,417,431,435,442,447,465,471,491,517,521,525,529,541,549,550,553,557,565,571,572,574,575,579,583,585,593,596,600,604,608,609,614,618,619,620,629,634,635,638,641,642,644,656,657,661,665,668,669,678,679,680,681,683,684,689,690,697,699,709,710,711,713,756,819
draft_22951_00888	10,11,12,15,16,17,19,20,21,179,181,182,186,188,189,256,257,284,285,286,287,333,345,346,352,353,366,375,376,380,390,391,392,397,398,404,419,421,440,444,451,452,454,485,488,505,520,522,537,541,561,570,573,583,593,597,603,612,614,637,646,647,648,651,655,657,684
draft_22951_00889	10,11,12,13,15,19,144,145,179,180,183,186,187,193,284,285,286,287,300,309,333,334,335,336,339,340,341,342,345,346,347,352,353,366,367,375,394,407,417,431,435,442,447,491,525,529,557,572,583,593,600,618,638,641,642,644,661,679,680,681,684,689,690,697,698,699,700,709,710,711,712,713,777,778,798,819,843,861,864
draft_22951_00890	10,11,12,13,15,16,19,20,179,180,181,182,186,187,193,256,258,284,285,286,287,300,333,334,341,345,346,352,353,356,357,366,371,372,375,377,378,385,391,392,393,394,417,421,431,435,438,440,442,444,447,450,452,465,471,491,494,496,503,517,521,525,536,541,546,547,550,553,554,557,565,570,571,579,580,581,583,585,586,593,594,596,598,600,601,604,608,609,612,614,619,624,625,629,634,635,641,644,646,647,657,658,661,665,666,669,672,673,674,678,679,680,684,685,689,693,705,709,710,711,714,759,777,822
draft_22951_00891	10,11,15,16,34,179,181,182,256,257,284,285,286,294,301,333,341,345,352,356,358,359,369,375,376,377,380,388,390,391,397,404,413,417,419,423,432,438,442,443,450,451,454,468,473,474,476,478,483,485,486,487,488,490,496,500,505,507,516,518,520,524,525,539,540,546,548,561,570,573,586,597,612,614,617,645,655,658,675
draft_22951_00892	10,11,12,15,16,19,20,21,144,146,147,179,180,256,284,285,286,287,300,333,342,345,346,347,352,353,356,366,367,371,372,375,376,382,383,385,391,392,393,394,406,417,421,435,440,442,444,447,452,463,471,477,491,499,517,521,525,529,538,541,542,543,545,549,553,557,561,565,566,567,568,570,571,574,575,579,583,585,590,595,596,600,604,605,606,607,609,612,615,616,619,620,621,627,631,633,635,637,638,641,642,644,646,647,648,651,652,655,656,657,660,661,663,665,667,669,678,679,680,681,690,762,825
draft_22951_00893	10,11,12,15,16,144,146,147,179,180,183,186,256,257,258,284,285,286,300,333,334,341,345,352,356,357,358,359,371,372,377,378,385,386,387,388,391,393,394,397,400,401,404,417,419,431,432,435,438,442,443,447,450,454,465,471,473,483,491,496,503,507,517,521,524,525,528,531,539,540,546,547,550,553,556,557,565,571,577,578,579,583,585,586,593,596,600,601,604,608,609,614,619,629,634,635,641,644,657,658,661,665,666,669,678,679,680,684,689,697,698,709,710,711,713,729,738,759,792,801,822
draft_22951_00894	10,11,12,15,19,20,179,180,256,284,285,286,287,300,333,334,339,341,345,346,352,353,356,357,366,367,371,372,375,381,385,391,393,394,406,417,421,431,435,441,442,444,447,453,471,491,517,521,525,529,536,541,553,557,565,571,579,581,583,585,593,596,600,604,608,609,614,619,635,639,641,644,657,661,665,669,678,679,680,684,689,697,709,710,711
draft_22951_00895	10,11,12,13,15,16,19,20,21,22,144,146,147,179,180,183,186,187,193,194,200,256,284,285,286,287,300,309,333,334,336,338,339,341,342,345,346,352,353,356,357,366,371,372,375,376,382,383,385,391,392,393,394,407,417,421,431,433,435,440,442,444,447,452,463,471,491,494,499,517,521,525,529,536,537,538,541,542,543,549,553,554,557,561,565,571,574,575,579,580,581,582,583,585,589,591,593,596,598,600,603,604,607,609,614,618,619,620,624,626,635,637,638,639,641,642,643,644,647,648,652,655,656,657,661,665,668,669,672,678,679,680,681,682,683,684,685,686,687,689,690,691,692,693,694,695,696,697,698,699,700,702,703,704,705,706,707,709,710,711,713,736,756,757,777,778,798,799,801,806,819,820,822
draft_22951_00896	10,11,12,15,16,34,179,180,184,185,186,256,284,285,286,294,300,333,334,341,345,346,350,352,354,356,357,366,369,371,372,375,376,377,378,385,391,393,394,413,417,419,431,435,438,442,447,450,451,454,465,471,476,488,490,491,496,503,508,517,520,521,525,546,547,550,553,557,565,571,579,583,585,586,587,593,596,597,600,601,604,608,609,614,619,629,634,635,641,644,658,661,665,666,669,678,679,680,684,689,709,710,711,717,780
draft_22951_00897	10,11,12,15,16,34,179,180,181,182,186,256,257,258,284,285,286,294,300,333,334,341,345,346,352,356,357,359,366,371,372,373,374,375,376,377,378,385,388,391,392,393,394,397,404,417,419,422,431,435,436,438,442,443,446,447,448,450,454,465,471,473,483,491,492,496,503,507,509,512,517,521,522,524,525,531,539,540,541,546,547,550,553,556,557,561,565,571,578,579,583,585,586,593,596,600,601,604,608,609,614,619,629,634,635,637,641,644,655,657,658,661,665,666,669,675,678,679,680,684,709,711
draft_22951_00898	10,11,12,13,15,19,20,144,146,147,179,180,181,182,186,256,284,285,286,287,309,333,334,336,339,340,341,342,345,346,347,352,353,356,357,366,367,371,372,375,381,385,391,392,406,407,417,421,431,435,441,442,444,447,453,471,491,517,521,525,536,541,553,557,565,571,572,579,580,582,583,585,593,596,598,600,604,609,614,615,618,619,635,638,639,640,641,642,643,656,657,661,665,669,678,679,680,681,684,685,689,690,693,697,698,699,705,709,710,711,713
draft_22951_00899	10,11,12,13,15,16,17,19,144,146,147,179,180,181,182,186,256,257,258,259,260,284,285,286,287,301,333,334,341,345,346,352,353,356,357,358,359,366,371,372,373,374,375,377,378,382,385,388,391,397,404,417,419,421,423,431,432,435,436,438,440,442,443,444,446,447,448,450,452,454,465,468,471,473,478,483,491,492,494,496,497,500,503,507,516,517,519,521,522,524,525,531,536,537,539,540,541,546,547,548,550,553,554,556,557,565,570,571,577,578,579,580,581,583,585,586,593,594,596,600,601,602,604,608,609,612,614,617,619,622,624,625,629,634,635,641,645,646,657,658,661,665,666,669,672,674,678,679,680,684,709,711
draft_22951_00900	10,11,12,13,15,16,34,144,147,256,257,284,285,286,294,300,333,334,336,345,346,352,354,356,357,366,375,384,385,391,393,394,413,417,422,431,442,465,471,472,481,491,501,508,521,525,529,532,541,550,553,557,565,571,579,583,585,587,593,596,604,608,609,614,629,634,635,641,644,657,659,661,665,669,678,679,680,684,709,710,711,713
draft_22951_00901	10,11,12,15,16,17,19,20,21,144,146,147,179,181,182,256,257,258,259,284,285,286,287,333,341,345,346,352,353,356,358,359,360,366,367,375,376,377,378,379,380,381,382,385,387,388,389,390,391,392,397,398,404,406,417,419,421,432,438,439,440,441,442,443,444,450,451,452,453,454,465,473,483,485,486,488,494,495,496,500,505,507,520,522,524,531,536,537,539,541,546,548,550,554,556,561,567,570,573,581,586,594,597,602,603,612,614,616,622,625,629,637,646,647,648,651,655,657,658,660,674,675
draft_22951_00902	10,11,12,13,15,16,17,19,20,144,146,147,151,153,154,179,180,256,257,258,259,260,284,285,286,287,300,301,333,334,341,345,346,352,353,356,357,358,359,366,371,372,375,377,378,382,385,386,387,388,391,393,394,395,397,399,400,401,404,417,419,421,423,431,432,435,436,438,440,442,443,444,447,448,450,452,454,465,468,471,473,478,483,491,494,496,503,507,511,516,517,519,521,523,524,525,528,531,536,539,540,546,547,550,553,554,556,557,565,571,577,578,579,580,581,583,585,586,593,594,596,600,601,602,604,608,609,614,617,619,622,624,625,629,634,635,641,644,645,657,658,661,665,666,669,672,674,678,679,680,684,685,689,693,695,696,697,698,708,709,710,711,713,759,822
draft_22951_00903	10,11,12,13,15,19,20,179,180,186,187,256,258,284,285,286,287,300,309,333,334,339,340,341,342,345,346,347,352,353,356,357,366,367,371,372,375,382,383,385,391,393,394,407,417,431,435,442,447,471,491,499,517,521,525,529,541,542,543,549,553,557,565,567,571,572,574,575,579,583,585,591,593,596,600,604,607,608,609,614,618,619,620,635,638,641,642,644,652,656,657,660,661,665,668,669,678,679,680,681,684,689,690,691,697,699,702,709,710,711,715,778
draft_22951_00904	10,11,12,15,179,180,181,182,186,256,257,258,284,285,286,333,334,341,345,352,356,357,358,359,371,372,375,377,385,388,391,397,404,417,419,431,432,435,438,442,443,447,450,454,465,471,473,483,491,496,503,507,517,521,524,525,531,539,540,546,547,550,553,556,557,565,571,577,578,579,583,585,586,593,596,600,601,604,608,609,614,619,629,634,635,641,657,658,661,665,666,669,678,679,680,684,689,697,698,709,710,711
draft_22951_00905	10,11,12,15,16,19,34,144,145,179,181,182,256,257,284,285,286,287,294,300,333,339,341,345,346,352,353,356,359,366,371,372,376,377,379,380,382,385,388,390,391,392,393,394,397,398,400,401,404,417,419,421,422,435,439,440,442,443,444,447,450,451,452,454,465,473,483,485,488,489,494,496,503,505,507,509,512,520,522,524,528,531,536,539,540,541,546,547,550,554,556,561,573,581,583,586,593,594,597,602,614,622,625,629,637,644,648,655,657,658,674,675,684
draft_22951_00906	10,11,12,15,16,19,20,144,149,150,179,180,256,284,285,286,287,301,333,334,336,341,345,347,352,353,356,357,367,371,372,375,377,378,385,391,417,419,421,431,432,435,437,438,440,442,443,444,447,449,450,452,465,468,471,478,491,496,503,516,517,519,521,525,536,539,540,546,547,550,553,557,565,571,579,580,581,583,585,586,589,593,596,600,601,604,608,609,614,619,629,634,635,641,645,646,657,658,661,665,666,669,678,679,680,684,689,709,710,711,717,780
draft_22951_00907	10,11,12,13,15,19,20,179,180,186,187,256,258,284,285,286,287,300,309,333,334,339,341,342,345,346,352,353,356,357,366,371,372,375,382,383,385,391,393,394,407,417,431,435,442,447,471,491,499,517,521,525,529,541,542,543,545,549,553,557,565,568,571,574,575,579,583,585,591,593,596,600,604,607,608,609,614,618,619,620,632,635,638,641,642,644,652,656,657,661,664,665,668,669,678,679,680,681,684,689,690,692,697,699,700,703,709,710,711,715,736,762,778,799,825
draft_22951_00908	10,11,12,15,16,179,180,181,182,186,256,257,258,284,285,286,333,341,345,346,352,356,358,359,366,371,372,373,374,377,378,385,387,388,391,397,404,417,419,432,435,436,438,442,443,446,447,448,450,454,465,471,473,483,486,491,492,496,500,503,507,517,521,522,524,525,531,539,540,541,546,547,548,550,553,556,557,565,570,571,577,578,579,583,585,586,593,596,600,601,604,608,609,612,614,619,629,634,635,641,657,658,661,665,666,669,678,679,680,684,771,834
draft_22951_00909	10,11,12,15,19,144,146,147,179,183,256,257,284,285,286,287,300,333,334,341,342,345,352,353,356,357,358,359,375,377,385,388,391,393,394,397,400,401,404,417,419,421,431,432,433,438,442,443,444,450,454,465,471,473,483,491,494,496,507,521,524,525,528,531,536,539,540,546,550,553,554,556,557,565,571,578,579,580,581,583,585,586,593,596,598,601,604,608,609,614,624,625,629,634,635,641,644,657,658,661,665,666,669,672,674,678,679,680,684,685,686,689,693,696,697,698,705,708,709,710,711,713,822
draft_22951_00910	10,11,12,15,19,20,179,180,181,182,186,256,257,258,284,285,286,287,333,334,341,342,345,352,353,356,357,358,359,367,371,372,375,377,378,382,383,385,386,387,388,391,397,404,406,417,419,431,432,435,438,442,443,447,450,454,462,465,471,473,477,483,491,496,498,499,503,507,517,521,524,525,531,539,540,542,543,544,546,547,549,550,553,556,557,565,566,567,571,574,575,577,578,579,583,585,586,590,593,595,596,600,601,604,605,607,608,609,614,616,619,620,627,629,634,635,638,639,641,642,652,653,656,657,658,660,661,665,666,667,669,678,679,680,681,682,684,689,690,692,697,698,699,700,703,704,709,710,711,713,720,736,743,757,759,764,783,799,806,820,822,827
draft_22951_00911	10,11,12,15,16,34,144,145,151,152,179,184,185,284,285,286,294,300,333,334,336,337,341,345,352,376,391,393,394,419,422,432,443,454,509,512,539,540,561,583,593,614,644,655,680,684,689,697,698,709,710,711,713
draft_22951_00912	10,11,12,13,15,16,179,180,181,182,186,188,189,193,256,257,258,259,260,284,285,286,333,334,341,345,346,352,356,357,358,359,366,371,372,373,374,377,385,388,391,392,397,404,417,419,431,432,435,436,438,442,443,446,447,448,450,454,465,471,473,483,491,492,496,503,507,517,521,522,524,525,531,539,540,541,546,547,550,553,556,557,565,570,571,577,578,579,583,585,586,593,596,600,601,604,608,609,612,614,619,629,634,635,641,657,658,661,665,666,669,678,679,680,684,689,697,709,710,711
draft_22951_00913	10,11,12,15,16,19,179,180,181,182,186,256,257,258,284,285,286,287,300,301,333,334,345,346,352,353,356,357,359,366,371,372,373,374,377,385,388,391,394,395,397,399,404,417,419,421,431,435,436,440,442,443,444,446,447,448,450,452,454,465,468,471,473,483,491,492,494,496,503,507,516,517,519,521,522,524,525,531,536,539,540,541,546,547,550,553,554,556,557,565,571,577,578,579,580,583,585,586,593,596,598,600,601,604,608,609,614,619,624,629,634,635,641,645,657,658,661,665,666,669,672,673,678,679,680,684,686,689,709,710,711
draft_22951_00914	10,11,12,15,16,19,20,179,180,186,187,256,258,284,285,286,287,300,333,341,342,345,347,352,353,356,367,371,372,377,378,382,383,385,394,406,417,435,438,442,447,450,465,471,477,491,499,503,517,521,525,542,543,544,546,547,549,550,553,557,565,566,567,568,571,574,575,579,583,585,590,593,595,596,600,601,604,605,607,608,609,615,616,619,620,621,627,633,634,635,638,641,642,644,652,656,661,663,665,666,667,669,678,679,680,681,684,690,764,827
draft_22951_00915	10,11,12,15,16,19,20,144,147,179,180,256,257,258,284,285,286,287,300,333,334,341,342,345,346,347,352,353,356,357,366,367,371,372,375,377,378,382,385,391,393,394,406,410,417,421,431,433,435,437,438,440,442,444,447,449,450,452,465,471,477,491,494,496,499,503,517,521,525,529,536,537,541,542,543,546,547,549,550,553,554,557,565,566,567,571,574,575,579,580,583,585,586,590,593,595,596,598,600,601,603,604,605,607,608,609,614,615,616,619,620,621,624,627,629,633,634,635,638,641,642,644,646,647,652,656,657,658,660,661,665,666,667,669,672,673,678,679,680,681,684,685,689,692,693,696,703,705,708,709,710,711,717,780
draft_22951_00916	10,11,12,15,16,19,20,21,144,147,179,181,182,256,257,284,285,286,287,300,309,333,334,340,342,345,346,347,352,353,356,357,359,366,367,371,373,374,375,376,377,380,382,385,388,390,391,392,393,394,397,398,400,401,404,406,407,417,419,421,431,436,440,442,443,444,446,447,448,450,451,452,454,465,473,483,485,488,489,492,494,496,505,507,520,522,524,528,531,536,539,541,546,550,554,556,561,568,572,573,577,581,583,586,593,594,597,600,602,613,614,615,618,622,625,629,637,638,639,640,646,647,648,651,655,657,658,663,664,673,674,675,681,683,684,691,692,703
draft_22951_00917	10,11,12,13,15,16,19,179,180,181,182,186,256,257,258,284,285,286,287,333,334,338,341,342,345,346,347,352,353,356,357,358,359,366,367,371,372,373,374,375,377,385,388,391,392,397,404,406,417,419,431,432,435,436,438,442,443,446,447,448,450,454,462,465,471,473,483,491,492,496,503,507,517,521,522,524,525,531,539,540,541,546,547,549,550,553,556,557,565,567,571,574,575,577,578,579,583,585,586,593,595,596,600,601,604,605,608,609,614,615,616,619,620,629,634,635,638,641,642,656,657,658,660,661,665,666,667,669,678,679,680,681,684,689,690,697,698,699,709,710,711,713
draft_22951_00918	10,11,12,15,19,179,180,256,284,285,286,287,333,334,345,352,353,356,357,366,371,372,375,385,391,392,417,421,431,435,440,442,444,447,452,465,471,491,494,517,521,525,536,541,550,553,554,557,565,571,579,580,583,585,593,596,598,600,604,608,609,614,619,624,629,634,635,641,647,661,665,669,672,673,678,679,680,684,685,689,693,705,709,710,711
draft_22951_00919	10,11,12,15,19,179,180,184,185,186,256,284,285,286,287,300,309,333,334,336,337,341,342,345,352,353,356,357,371,372,375,377,378,382,383,385,391,393,394,407,417,431,435,438,442,447,450,465,471,491,496,499,517,521,525,542,543,544,546,549,550,553,557,565,567,571,574,575,579,583,585,586,588,591,593,596,600,601,604,607,608,609,614,618,619,620,629,634,635,638,641,642,644,652,656,657,658,660,661,665,666,668,669,678,679,680,681,684,689,690,697,698,699,700,709,710,711,713,736,759,764,799,822,827
draft_22951_00920	10,11,12,15,16,179,180,181,182,186,188,189,193,256,257,258,259,260,284,285,286,300,333,334,341,345,352,356,357,358,359,360,371,372,375,376,377,378,379,380,385,386,387,388,389,390,391,394,397,404,417,419,431,432,435,438,439,442,443,447,450,451,454,465,471,473,483,485,488,491,496,503,505,507,517,520,521,524,525,531,539,540,546,547,550,553,556,557,561,565,571,573,577,578,579,583,585,586,593,594,596,597,600,601,602,604,608,609,614,619,622,629,634,635,637,641,655,657,658,661,665,666,669,675,678,679,680,684,689,697,698,709,710,711,713,717,735,759,780,798,822
draft_22951_00921	10,11,12,13,15,16,19,144,145,179,180,184,185,186,256,284,285,286,287,300,333,334,339,341,345,346,352,353,356,357,366,371,372,385,391,392,393,394,417,421,431,435,440,442,444,447,452,465,471,491,517,521,525,529,537,541,550,553,557,565,570,571,579,583,585,593,596,600,603,604,608,609,612,614,619,629,634,635,641,644,646,647,657,661,665,669,678,679,680,684,689,697,709,710,711,713,756,819
draft_22951_00922	10,11,12,15,179,180,256,284,285,286,300,333,334,337,341,345,352,356,357,366,371,372,375,385,391,393,394,417,431,435,442,447,471,491,517,521,525,529,541,553,557,565,571,579,583,585,593,596,600,604,608,609,614,619,635,641,644,661,665,669,678,679,680,684,689,697,698,709,710,711
draft_22951_00923	10,11,12,15,16,19,20,144,146,147,179,180,256,257,258,284,285,286,287,333,334,341,342,345,352,353,356,357,358,359,366,371,372,375,376,377,378,380,385,387,388,390,391,392,397,398,404,417,419,421,431,432,433,435,438,442,443,444,447,450,451,452,454,465,471,473,483,485,486,488,491,494,496,500,503,505,507,517,520,521,522,524,525,531,536,539,540,541,546,547,548,550,553,554,556,557,561,565,570,571,573,577,579,580,583,585,586,593,596,597,598,600,601,604,608,609,612,614,619,624,629,634,635,637,641,646,647,655,658,661,665,666,669,672,673,675,678,679,680,684,685,686,689,693,696,697,705,708,709,710,711,717,738,771,780,801,834
draft_22951_00924	10,11,12,15,19,20,31,179,180,214,216,217,256,284,285,286,287,293,309,315,333,334,345,346,349,352,353,356,357,366,371,372,385,391,392,411,412,417,421,426,431,435,440,442,444,447,452,457,471,491,517,521,525,536,541,553,557,565,571,579,580,583,585,593,596,600,604,609,614,619,635,641,646,647,657,661,665,669,678,679,680,684,685,689,693,697,709,710,711
draft_22951_00925	10,11,12,15,179,180,184,185,186,256,284,285,286,300,333,334,337,339,341,345,346,352,356,357,366,371,372,375,385,391,393,394,417,431,435,442,447,465,471,491,517,521,525,529,541,550,553,557,565,571,579,583,585,593,596,600,604,608,609,614,619,629,634,635,641,644,657,661,665,669,678,679,680,684,689,697,698,709,710,711,713,756,819
draft_22951_00926	10,11,12,15,179,180,256,284,285,286,300,333,334,336,341,345,352,356,357,371,372,375,377,378,385,394,417,431,435,438,442,447,450,465,471,491,503,517,521,525,546,547,550,553,557,565,571,579,583,585,593,596,600,601,604,608,609,619,634,635,641,644,661,665,666,669,678,679,680,684,689,697,698,709,710,711,713,717,780
draft_22951_00927	10,11,12,13,15,16,34,179,180,181,182,186,256,284,285,286,294,300,333,334,337,339,341,345,346,352,356,366,371,372,375,376,377,378,385,391,393,394,417,422,435,438,442,447,450,465,471,491,496,503,509,512,517,521,525,529,541,546,547,550,553,557,561,565,571,579,583,585,586,593,594,596,600,601,604,608,609,614,619,629,634,635,637,641,644,655,657,658,661,665,666,669,675,678,679,680,684,689,698,709,710
draft_22951_00928	10,11,12,15,16,144,146,147,179,180,186,187,256,257,258,260,284,285,286,300,333,334,341,345,352,356,357,358,359,360,371,372,376,377,378,380,385,387,388,390,391,393,394,397,400,401,404,417,419,431,432,435,438,439,442,443,447,450,451,454,465,471,473,483,485,486,488,489,491,496,500,503,505,507,517,520,521,524,525,528,531,539,540,546,547,548,550,553,556,557,561,565,570,571,573,577,579,583,585,586,593,596,597,600,601,604,608,609,612,614,619,629,634,635,637,641,644,655,657,658,661,665,666,669,675,678,679,680,684,689,709,710,711,771,834
draft_22951_00929	10,11,12,15,19,20,21,179,180,256,284,285,286,287,300,309,333,334,339,341,345,346,347,352,353,356,357,366,367,371,372,381,385,391,393,394,406,407,417,421,431,435,441,442,444,447,452,453,471,491,517,521,525,529,536,537,541,549,553,557,560,565,567,571,574,575,579,580,581,583,585,595,596,600,603,604,605,609,613,614,618,619,620,635,638,639,641,642,644,646,647,656,660,661,665,667,669,678,679,680,681,682,687,688,689,690,699,709,710,711
draft_22951_00930	10,11,12,15,16,34,144,146,147,256,257,284,285,286,294,300,333,334,336,341,345,352,356,358,359,375,376,377,380,388,390,391,393,394,397,400,401,404,417,419,422,432,438,442,443,450,451,454,473,483,485,486,488,489,491,496,500,505,507,509,512,520,524,525,528,539,540,546,548,557,561,570,571,573,583,586,593,596,597,609,612,614,635,637,641,644,655,658,661,666,669,675,679,680,684,709,710
draft_22951_00931	10,11,12,13,15,16,19,20,144,149,150,179,180,181,182,186,256,284,285,286,287,333,334,337,339,341,345,346,352,353,356,357,366,371,372,375,385,391,392,417,421,431,435,440,442,444,447,452,465,471,491,494,517,521,525,536,541,550,553,554,557,565,571,579,580,583,585,593,594,596,598,600,604,608,609,614,619,624,629,634,635,641,646,647,651,657,661,665,669,672,673,678,679,680,684,685,686,688,689,693,697,698,705,709,710,711,713,756,819
draft_22951_00932	10,11,12,15,16,19,179,180,186,187,256,258,284,285,286,287,300,333,334,339,341,345,346,352,353,356,357,366,371,372,375,377,378,385,386,391,393,394,417,421,431,435,438,440,442,444,447,450,452,465,471,491,496,503,517,521,525,529,536,537,546,547,550,553,557,565,570,571,579,583,585,586,593,596,600,601,604,608,609,612,614,619,629,634,635,641,644,646,657,658,661,665,666,669,678,679,680,684,689,697,709,710,711,713,717,738,756,780,801,819
draft_22951_00933	10,11,12,15,16,179,180,181,182,186,256,257,258,284,285,286,300,333,334,337,341,345,352,356,357,358,359,366,371,372,374,375,376,377,378,379,380,385,386,387,388,390,391,393,394,397,404,417,419,431,432,435,438,439,442,443,447,448,450,451,454,465,471,473,483,485,488,491,492,496,503,505,507,517,520,521,522,524,525,531,539,540,541,546,547,550,553,556,557,561,565,571,573,577,579,583,585,586,593,594,596,597,600,601,602,604,608,609,614,619,622,629,634,635,637,641,644,655,657,658,661,665,666,669,675,678,679,680,684,689,709,710,711,759,822
draft_22951_00934	10,11,12,15,16,17,19,34,144,146,147,179,180,256,257,258,284,285,286,287,294,300,301,333,341,345,352,353,356,371,372,375,376,377,378,380,385,390,391,393,394,395,397,399,400,404,417,419,421,422,423,435,438,440,442,444,447,450,451,452,454,465,468,471,478,483,485,487,488,489,491,496,503,505,509,516,517,518,520,521,523,525,546,547,550,553,557,561,565,571,573,579,583,585,586,593,596,597,600,601,604,608,609,614,619,629,634,635,636,637,641,644,648,655,658,661,665,666,669,675,678,679,680,684
draft_22951_00935	10,11,12,15,19,20,179,180,181,182,186,256,257,258,284,285,286,287,333,334,341,345,352,353,356,357,358,359,371,372,375,377,378,381,382,385,386,387,388,391,397,404,406,410,417,419,421,431,432,435,438,440,441,442,443,444,447,450,452,453,454,465,471,473,477,483,491,493,494,496,499,503,507,517,521,524,525,531,536,539,540,542,546,547,549,550,553,554,556,557,565,566,571,574,575,577,579,580,581,583,585,586,590,593,595,596,598,600,601,604,605,607,608,609,613,614,615,619,620,621,624,625,627,629,633,634,635,638,639,641,642,646,652,653,656,657,658,661,665,666,667,669,672,673,674,678,679,680,681,684,685,689,690,693,699,705,709,710,711,759,822
draft_22951_00936	10,11,12,15,19,20,179,180,256,284,285,286,287,300,333,334,341,345,352,353,356,357,367,371,372,375,377,378,381,385,394,406,417,421,431,435,438,441,442,444,447,450,453,465,471,491,503,517,521,525,536,546,547,550,553,557,565,571,579,580,583,585,593,596,600,601,604,608,609,619,634,635,638,641,644,661,665,666,669,678,679,680,681,684,685,689,690,693,697,698,699,705,709,710,711,714,738,759,777,801,822
draft_22951_00937	10,11,12,15,19,20,179,180,256,284,285,286,287,300,333,334,339,341,345,346,347,352,353,356,357,366,367,371,372,375,381,385,394,406,417,421,431,435,441,442,444,447,453,471,491,517,521,525,529,536,537,553,557,565,567,571,579,580,583,585,593,596,600,604,608,609,615,616,619,635,638,641,644,661,665,669,678,679,680,681,684,685,689,690,693,697,699,705,709,710,711
draft_22951_00938	10,11,12,15,284,285,286,333,345,346,352,366,375,391,392,418,428,429,541,593,614,657
draft_22951_00939	10,11,12,15,179,180,256,284,285,286,300,333,334,341,345,352,356,357,371,372,375,377,378,385,394,417,431,435,438,442,447,450,465,471,491,503,517,521,525,546,547,550,553,557,565,571,579,583,585,593,596,600,601,604,608,609,619,634,635,641,644,661,665,666,669,678,679,680,684,689,697,709,710,711,717,780
draft_22951_00940	10,11,12,15,19,20,144,147,179,180,256,257,258,284,285,286,287,300,333,334,342,345,352,353,356,357,371,372,382,383,385,386,394,406,410,417,421,431,433,435,440,442,444,447,452,463,465,471,477,491,494,499,517,521,525,536,537,538,542,543,549,550,553,554,557,565,566,567,571,574,575,579,580,583,585,590,593,595,596,598,600,604,605,606,607,608,609,615,616,619,620,621,624,627,633,634,635,638,641,642,652,656,661,665,667,669,672,673,678,679,680,681,684,685,689,690,692,693,694,695,696,697,699,705,706,707,709,710,711,757,820
draft_22951_00941	10,11,12,13,15,16,17,19,20,179,180,181,182,186,187,193,256,257,258,260,284,285,286,287,300,333,334,341,345,346,352,353,356,357,358,359,366,371,372,374,376,377,378,380,382,385,386,387,388,390,391,392,393,394,397,398,404,417,419,421,431,432,435,438,440,442,443,444,447,448,450,451,452,454,465,471,473,483,485,488,491,492,494,496,503,505,507,517,520,521,522,524,525,531,536,537,539,540,541,546,547,550,553,554,556,557,561,565,570,571,573,577,579,580,581,583,585,586,593,594,596,597,598,600,601,602,603,604,608,609,612,614,619,622,624,625,629,634,635,637,641,644,646,647,648,655,657,658,661,665,666,669,672,673,674,675,678,679,680,684,685,689,693,705,709,710,711,759,822
draft_22951_00942	10,11,12,15,16,19,144,146,147,179,180,256,284,285,286,287,300,301,333,341,345,346,352,353,356,366,371,372,377,378,385,391,394,395,399,417,421,435,438,440,442,444,447,450,452,465,471,478,491,496,503,516,517,519,521,523,525,536,541,546,547,550,553,557,565,571,579,581,583,585,586,593,594,596,600,601,604,608,609,614,619,629,634,635,641,644,657,658,661,665,666,669,678,679,680,684
draft_22951_00943	10,11,12,15,16,34,144,146,147,179,180,256,257,258,284,285,286,294,300,333,334,341,345,352,356,357,358,359,371,372,375,376,377,380,385,388,390,391,393,394,397,400,401,404,417,419,422,431,432,435,438,442,443,447,450,451,454,465,471,473,483,485,486,488,489,491,496,500,505,507,509,512,517,520,521,524,525,528,531,539,540,546,548,550,553,556,557,561,565,570,571,573,577,579,583,585,586,593,596,597,600,604,608,609,612,614,619,629,634,635,637,641,644,655,658,661,665,666,669,675,678,679,680,684,689,697,709,710,711
draft_22951_00944	10,11,15,16,144,146,147,179,180,256,257,258,284,285,286,300,301,333,334,341,345,346,352,356,357,358,359,366,371,372,373,374,377,378,385,386,387,388,394,395,399,400,417,419,423,431,432,435,436,438,442,443,446,447,448,450,465,468,471,478,491,497,503,516,517,521,523,524,525,528,531,539,540,546,547,550,553,556,557,565,571,577,579,583,585,593,594,596,600,601,602,604,608,609,617,619,622,634,635,641,644,645,661,665,666,669,678,679,680,684,689,709,710,711,759,822
draft_22951_00945	10,11,12,13,15,16,19,179,180,186,187,193,194,256,258,260,284,285,286,287,300,309,333,334,338,341,342,345,352,353,356,357,371,372,377,378,385,394,407,417,431,435,438,442,447,450,465,471,491,503,517,521,525,546,547,549,550,553,557,565,571,574,575,579,583,585,593,596,600,601,604,608,609,618,619,620,634,635,638,641,642,644,656,661,665,666,668,669,678,679,680,681,684,689,690,692,697,698,699,704,709,710,711,713,717,780
draft_22951_00946	10,11,12,15,34,144,147,179,181,182,256,257,258,259,284,285,286,294,333,334,345,346,350,352,354,356,357,359,366,369,371,372,373,374,377,384,385,388,391,397,404,413,417,419,422,431,435,436,442,443,446,447,448,450,454,465,471,472,473,481,483,491,492,496,501,503,507,508,514,517,521,522,524,525,531,532,533,539,540,541,546,547,550,553,556,557,565,571,577,578,579,583,585,586,587,593,596,600,601,604,608,609,614,619,629,634,635,641,657,658,659,661,665,666,669,678,679,680,684,689,697,709,710,711
draft_22951_00947	10,11,12,15,16,19,144,146,147,179,180,256,257,258,284,285,286,287,300,333,334,341,345,346,352,356,357,358,359,366,371,372,375,376,377,378,385,386,387,388,391,393,394,397,400,401,404,417,419,421,431,432,435,438,442,443,447,450,452,454,465,471,473,483,491,496,503,507,517,521,524,525,528,529,531,539,540,541,546,547,550,553,556,557,561,565,571,577,578,579,583,585,586,593,596,600,601,604,608,609,614,619,629,634,635,641,644,646,647,655,657,658,661,665,666,669,678,679,680,684,689,697,698,709,710,711,713,759,822
draft_22951_00948	10,11,12,15,16,17,19,20,34,144,146,147,179,181,182,256,257,284,285,286,287,300,306,309,333,334,337,340,341,342,345,346,347,352,353,359,366,367,375,376,377,379,380,382,388,391,392,393,394,406,407,417,419,439,443,450,451,462,477,486,496,498,500,520,529,541,544,548,561,566,567,568,570,572,597,612,613,614,615,616,621,633,639,644,655,657,660,663,664
draft_22951_00949	10,11,15,16,17,144,146,147,151,153,154,256,257,258,259,284,285,286,300,301,333,341,345,352,356,358,359,360,366,371,372,375,376,377,380,385,388,390,391,392,397,398,399,404,417,419,423,432,435,438,439,442,443,447,450,451,454,465,471,473,483,487,491,496,503,507,516,517,518,521,522,523,524,525,531,539,540,541,546,547,550,553,556,557,565,570,571,577,578,579,583,585,586,593,596,600,601,604,608,609,612,614,629,634,635,641,657,658,661,665,666,669,678,679,680,684
draft_22951_00950	10,11,12,15,16,19,179,180,181,182,186,256,257,258,284,285,286,287,300,301,333,334,345,346,352,353,356,357,359,366,371,372,373,374,375,377,385,388,391,392,394,395,397,398,399,404,417,419,421,431,435,436,440,442,443,444,446,447,448,450,452,454,465,468,471,473,483,491,492,496,503,507,516,517,519,521,522,524,525,531,537,539,540,541,546,547,550,553,556,557,565,570,571,577,578,579,583,585,586,593,596,600,601,603,604,608,609,612,614,619,629,634,635,641,644,645,657,658,661,665,666,669,678,679,680,684,689,698,709,710,711,735,798
draft_22951_00951	10,11,12,15,19,179,180,256,284,285,286,287,300,333,334,339,341,342,345,346,352,353,356,357,366,367,371,372,375,382,383,385,391,393,394,406,417,431,435,442,447,465,471,477,491,499,517,521,525,529,541,542,543,549,550,553,557,565,566,571,574,575,579,583,585,590,593,595,596,600,604,605,607,608,609,614,619,620,627,629,634,635,638,639,641,642,644,652,656,661,665,667,669,678,679,680,681,684,689,690,697,699,709,710,711,757,820
draft_22951_00952	10,11,12,15,16,179,180,181,182,186,187,193,256,257,258,260,284,285,286,300,333,334,341,345,352,356,357,358,359,371,372,377,378,385,386,387,388,391,394,397,404,417,419,431,432,435,438,442,443,447,450,454,465,471,473,483,491,496,503,507,517,521,524,525,531,539,540,546,547,550,553,556,557,565,571,577,578,579,583,585,586,593,594,596,600,601,602,604,608,609,614,619,622,629,634,635,641,644,657,658,661,665,666,669,678,679,680,684,689,697,698,709,710,711,717,750,759,780,813,822
draft_22951_00953	10,11,12,15,19,20,179,181,182,284,285,286,287,300,333,334,335,336,342,345,346,352,353,366,375,391,393,394,421,433,440,444,452,529,536,541,580,581,583,589,593,614,644,646,647,657,680,684,685,696,709,710,711,712
draft_22951_00954	10,11,12,13,15,16,17,19,20,144,146,147,179,180,181,182,186,256,257,284,285,286,287,300,333,339,341,345,346,352,353,356,359,366,371,372,373,374,376,377,378,385,388,391,392,393,394,397,404,417,419,421,435,436,438,440,442,443,444,446,447,448,450,452,454,465,471,473,483,491,492,496,500,503,507,517,521,522,524,525,529,531,536,537,539,540,541,546,547,548,550,553,556,557,561,565,570,571,577,578,579,580,581,583,585,586,593,594,596,600,601,603,604,608,609,612,614,619,629,634,635,637,641,644,646,647,648,651,655,657,658,661,665,666,669,678,679,680,684,686,688
draft_22951_00955	10,11,12,13,15,16,19,20,179,180,181,182,186,188,189,193,195,196,200,256,257,258,284,285,286,287,309,333,334,336,339,340,341,342,345,346,347,352,353,356,357,358,359,366,367,371,372,373,374,375,377,378,382,383,385,386,387,388,391,392,397,404,406,407,417,419,431,432,435,436,438,442,443,446,447,448,450,454,465,471,473,477,483,491,492,496,499,503,507,517,521,522,524,525,531,539,540,541,542,543,546,547,549,550,553,556,557,565,566,567,571,572,574,575,577,578,579,583,585,586,590,593,595,596,600,601,604,605,607,608,609,614,618,619,620,627,629,634,635,638,641,642,652,656,657,658,660,661,665,666,667,668,669,678,679,680,681,683,684,689,690,691,697,698,699,700,701,702,709,710,711,713,722,736,759,785,799,822
draft_22951_00956	10,11,12,15,16,17,19,20,179,181,182,186,188,189,284,285,286,287,300,333,334,336,345,346,352,366,376,391,392,394,421,452,541,561,583,593,614,646,647,655,657,680,684,689,697,698,709,710,711
draft_22951_00957	10,11,12,15,19,20,179,180,181,182,186,256,257,258,284,285,286,287,309,333,334,341,342,345,352,353,356,357,358,359,366,371,372,375,377,378,382,383,385,386,387,388,391,392,397,398,404,407,417,419,421,431,432,435,438,440,442,443,444,447,450,452,454,465,471,473,483,491,494,496,499,503,507,517,521,522,524,525,531,536,539,540,541,542,543,546,547,549,550,553,554,556,557,565,571,574,575,577,578,579,580,582,583,585,586,591,593,596,598,600,601,604,607,608,609,614,618,619,620,624,626,629,634,635,638,639,641,642,643,646,647,652,653,656,657,658,661,665,666,668,669,672,678,679,680,681,684,685,689,690,693,696,697,699,705,708,709,710,711,759,822
draft_22951_00958	10,11,12,15,16,19,20,144,146,147,179,180,184,185,186,256,257,258,284,285,286,287,301,333,341,342,345,346,352,353,356,366,367,371,372,375,376,377,378,380,382,383,385,390,391,392,397,398,404,406,417,419,421,423,435,438,442,447,450,451,452,454,465,468,471,477,483,485,487,488,491,496,497,499,503,505,516,517,518,519,520,521,522,525,541,542,543,544,546,547,549,550,553,557,561,565,566,567,571,573,574,575,579,583,585,586,590,593,595,596,597,600,601,604,605,607,608,609,614,616,619,620,627,629,634,635,637,638,641,642,646,647,648,651,652,655,656,658,660,661,665,666,667,669,675,678,679,680,681,684,690,764,827
draft_22951_00959	10,11,12,13,15,16,17,19,20,21,144,147,151,154,179,180,181,182,186,256,257,258,259,260,261,262,284,285,286,287,300,301,333,334,341,342,345,346,347,352,353,356,357,358,359,366,367,371,372,377,382,385,386,388,391,393,394,395,399,400,406,410,417,419,421,423,431,432,433,435,437,438,440,442,443,444,447,449,450,452,463,465,468,471,477,478,491,494,499,503,516,517,519,521,523,524,525,528,529,531,536,537,538,539,540,541,542,543,546,549,550,553,554,556,557,565,566,567,570,571,574,575,577,579,580,583,585,590,593,595,596,598,600,601,603,604,605,606,607,608,609,612,614,615,616,617,619,620,621,624,627,629,633,634,635,638,641,642,645,646,647,652,656,657,660,661,665,666,667,669,672,673,674,678,679,680,681,684,685,686,689,692,693,694,695,696,697,703,705,709,710,711,713,756,819
draft_22951_00960	10,11,12,15,16,19,20,179,180,185,186,214,219,220,256,284,285,286,287,300,333,341,342,345,346,347,352,353,356,366,367,371,372,376,377,378,382,383,385,391,393,394,406,417,419,435,438,439,442,443,447,450,451,454,465,471,477,488,491,496,499,503,517,520,521,525,539,540,542,543,545,546,547,549,550,553,557,565,566,568,571,574,575,579,583,585,586,590,593,595,596,597,600,601,604,605,607,608,609,614,615,619,620,621,627,629,631,633,634,635,638,639,641,642,644,652,653,656,657,658,661,663,665,666,667,669,678,679,680,681,683,684,690,692,703,704,722,743,762,785,806,825
draft_22951_00961	10,11,12,15,179,180,181,182,186,256,257,258,284,285,286,333,334,341,345,346,352,356,357,358,359,366,371,372,373,374,375,377,385,388,391,392,397,398,404,417,419,431,432,435,436,438,442,443,446,447,448,450,454,465,471,473,483,491,492,496,503,507,517,521,522,524,525,531,539,540,541,546,547,550,553,556,557,565,571,578,579,583,585,586,593,596,600,601,604,608,609,614,619,629,634,635,641,657,658,661,665,666,669,678,679,680,684,689,697,698,709,710,711,713
draft_22951_00962	10,11,12,15,179,180,256,284,285,286,300,333,334,341,345,352,356,357,371,372,375,377,378,385,394,417,431,435,438,442,447,450,465,471,491,521,525,546,550,553,557,565,571,579,583,585,593,596,600,601,604,608,609,619,634,635,641,661,665,666,669,678,679,680,684,689,698,709,710,711,717,735,759,780,798,822
draft_22951_00963	10,11,12,15,16,17,179,181,182,256,257,284,286,366,375,376,380,390,391,392,397,404,419,451,454,485,488,505,520,541,561,573,637
draft_22951_00964	10,11,12,15,16,19,20,144,146,147,179,180,186,187,256,258,284,285,286,287,300,309,333,334,337,341,342,345,352,353,356,357,371,372,376,382,383,385,391,393,394,407,417,421,431,435,440,442,444,447,452,465,471,491,499,517,521,525,536,537,542,543,549,550,553,557,561,565,570,571,574,575,579,580,583,585,591,593,596,598,600,603,604,607,608,609,612,614,618,619,620,629,634,635,637,638,641,642,646,648,651,652,655,656,661,665,668,669,678,679,680,681,684,685,689,690,692,693,697,698,699,700,703,704,705,709,710,711,713,715,778
draft_22951_00965	10,11,12,15,19,20,144,149,150,179,180,256,284,285,286,287,333,334,341,345,352,353,356,357,371,372,375,381,385,391,406,417,419,421,431,435,438,441,442,443,444,447,450,453,454,471,491,503,517,521,525,537,540,553,554,557,565,567,571,574,579,583,585,595,596,600,604,609,615,616,619,620,635,641,661,665,667,669,672,673,678,679,680,689,709,710,711
draft_22951_00966	10,11,12,13,15,16,179,181,182,284,285,286,333,345,346,352,366,375,391,392,541,570,593,612,614,657
draft_22951_00967	10,11,12,15,16,19,20,21,179,180,181,182,186,256,257,258,284,285,286,287,300,333,341,342,345,347,352,353,356,358,359,367,371,372,375,376,377,378,380,382,383,385,388,390,391,393,394,397,400,401,404,406,417,419,421,432,435,438,440,442,443,444,447,450,451,452,454,465,471,473,477,483,485,488,489,491,494,495,496,499,503,505,507,517,520,521,524,525,528,531,536,537,539,540,542,543,544,546,547,549,550,553,554,556,557,561,565,566,567,570,571,573,574,575,579,580,581,583,585,586,590,593,594,595,596,597,598,600,601,602,603,604,605,607,608,609,612,614,615,616,619,620,621,622,624,625,627,629,633,634,635,637,638,641,642,644,646,648,651,652,655,656,657,658,660,661,665,666,667,669,672,673,674,675,678,679,680,681,684,686,688,690,764,827
draft_22951_00968	10,11,12,15,16,19,179,180,256,284,285,286,287,300,333,334,339,341,345,346,352,353,356,357,366,371,372,375,377,378,385,391,393,394,417,421,431,435,438,440,442,444,447,450,452,465,471,491,496,503,517,521,525,529,536,537,541,546,547,550,553,557,565,570,571,579,583,585,586,593,596,600,601,603,604,608,609,612,614,619,629,634,635,641,644,646,657,658,661,665,666,669,678,679,680,684,689,709,710,711,759,822
draft_22951_00969	10,11,12,13,15,16,19,179,180,181,182,186,187,193,256,257,258,260,284,285,286,287,300,333,334,345,346,352,353,356,357,359,366,371,372,373,374,377,385,386,388,391,393,394,397,404,417,419,421,431,435,436,440,442,443,444,446,447,448,450,452,454,465,471,473,483,491,492,494,496,503,507,517,521,522,524,525,529,531,536,539,540,541,546,547,550,553,554,556,557,565,571,577,578,579,580,583,585,586,593,594,596,598,600,601,604,608,609,614,619,624,629,634,635,641,646,647,657,658,661,665,666,669,672,673,678,679,680,684,685,689,693,697,698,705,709,710,711,713,735,756,798,819
draft_22951_00970	10,11,12,15,34,144,147,179,181,182,256,257,258,259,284,285,286,294,333,341,345,346,350,352,354,356,358,359,366,369,371,372,373,374,377,384,385,388,391,397,404,413,417,419,422,432,435,436,438,442,443,446,447,448,450,454,465,471,472,473,481,483,491,492,496,501,503,507,508,514,517,521,522,524,525,531,532,533,539,540,541,546,547,550,553,556,557,565,571,577,578,579,583,585,586,587,593,596,600,601,604,608,609,614,619,629,634,635,641,657,658,659,661,665,666,669,678,679,680,684
draft_22951_00971	10,11,12,13,15,19,179,180,181,182,183,186,187,193,200,256,284,285,286,287,309,333,334,335,336,339,341,342,345,346,352,353,356,357,366,371,372,375,382,383,385,391,392,407,417,431,435,442,447,471,491,499,517,521,525,541,542,543,549,553,557,565,571,574,575,579,583,585,591,593,596,600,604,607,608,609,614,618,619,620,635,638,641,642,652,656,657,661,665,668,669,678,679,680,681,684,689,690,697,698,699,700,709,710,711,712,713,715,736,756,777,778,780,798,799,801,819,822
draft_22951_00972	10,11,12,15,34,144,147,179,180,256,257,284,285,286,294,300,333,334,337,341,345,346,350,352,354,356,366,369,371,372,375,384,385,391,393,394,413,417,422,435,442,447,465,471,472,481,491,501,508,514,517,521,525,529,532,533,541,550,553,557,565,571,579,583,585,587,593,596,600,604,608,609,614,629,634,635,641,644,657,659,661,665,669,678,679,680,684,689,697,709,710,711
draft_22951_00973	10,11,12,15,16,19,179,180,256,284,285,286,287,300,333,334,341,345,346,352,353,356,357,366,371,372,375,377,378,385,391,392,393,394,417,421,431,435,438,440,442,444,447,450,452,465,471,491,496,517,521,525,537,541,546,550,553,557,565,570,571,579,583,585,586,593,596,600,601,603,604,608,609,612,614,619,629,634,635,641,644,646,657,658,661,665,666,669,678,679,680,684,689,698,709,710,711,735,759,798,822
draft_22951_00974	10,11,12,15,19,20,21,179,180,256,284,285,286,287,300,309,333,334,341,345,346,352,353,356,357,366,371,372,377,378,381,385,391,393,394,407,417,421,431,435,438,441,442,444,447,450,453,465,471,491,494,496,503,517,521,525,529,536,537,541,546,547,549,550,553,554,557,565,567,571,574,575,579,580,581,583,585,586,593,596,598,600,601,603,604,608,609,614,618,619,620,624,625,629,634,635,638,639,641,642,644,656,657,658,660,661,665,666,668,669,672,673,674,678,679,680,681,684,685,689,690,693,699,705,709,710,711,759,822
draft_22951_00975	10,11,12,15,16,144,146,147,179,180,256,257,258,284,285,286,300,333,334,341,345,346,352,356,357,358,359,366,371,372,375,377,378,385,386,387,388,391,393,394,397,400,401,404,417,419,431,432,435,438,442,443,447,450,454,465,471,473,483,491,496,507,517,521,524,525,528,529,531,539,540,546,550,553,556,557,565,571,577,578,579,583,585,586,593,596,600,601,604,608,609,614,619,629,634,635,641,644,657,658,661,665,666,669,678,679,680,684,689,697,698,709,710,711,713,714,735,738,756,759,777,798,801,819,822
draft_22951_00976	10,11,12,15,19,179,180,186,187,256,258,284,285,286,287,300,333,334,342,345,346,347,352,353,356,357,366,367,371,372,382,383,385,386,394,406,417,431,435,442,447,471,477,491,499,517,521,525,529,542,543,549,553,557,565,566,567,571,574,575,579,583,585,590,595,596,600,604,605,607,609,615,616,619,620,621,627,633,635,638,641,642,644,652,656,661,665,667,669,678,679,680,681,689,690,697,699,700,709,710,711,713,715,736,756,778,799,819
draft_22951_00977	10,11,12,15,16,19,20,144,149,150,179,180,181,182,186,256,284,285,286,287,333,341,345,346,352,353,356,366,371,372,377,378,385,391,392,417,421,435,438,440,442,444,447,450,452,465,471,491,496,503,517,521,525,541,546,547,550,553,554,557,565,571,579,583,585,586,593,596,600,601,604,608,609,614,619,629,634,635,641,646,651,657,658,661,665,666,669,672,673,678,679,680,684,729,792
draft_22951_00978	10,11,12,13,15,19,20,144,146,147,179,180,181,182,186,256,284,285,286,287,309,333,334,336,339,340,341,342,345,346,347,352,353,356,357,366,367,371,372,375,381,385,391,392,406,407,417,421,431,435,441,442,444,447,453,471,491,517,521,525,536,541,553,557,565,571,572,579,580,582,583,585,593,596,598,600,604,609,614,615,618,619,635,638,639,640,641,642,643,656,657,661,665,669,678,679,680,681,684,685,689,690,693,697,698,699,705,709,710,711,713
draft_22951_00979	10,11,12,15,16,17,179,180,181,182,186,256,257,258,284,285,286,300,333,334,341,345,352,356,357,358,359,371,372,375,376,377,378,380,385,386,387,388,390,391,394,397,404,417,419,431,432,435,438,442,443,447,450,451,454,465,471,473,483,485,488,491,496,505,507,517,520,521,524,525,531,539,540,546,550,553,556,557,561,565,571,573,577,579,583,585,586,593,594,596,597,600,601,602,604,608,609,614,619,622,629,634,635,637,641,655,658,661,665,666,669,675,678,679,680,684,689,697,698,709,710,711,735,759,798,822
draft_22951_00980	10,11,12,15,16,144,146,147,179,180,186,187,256,257,258,260,284,285,286,300,333,334,341,345,352,356,357,358,359,360,371,372,376,377,378,380,385,387,388,390,391,393,394,397,400,401,404,417,419,431,432,435,438,439,442,443,447,450,451,454,465,471,473,483,485,486,488,489,491,496,500,503,505,507,517,520,521,524,525,528,531,539,540,546,547,548,550,553,556,557,561,565,570,571,573,577,579,583,585,586,593,596,597,600,601,604,608,609,612,614,619,629,634,635,637,641,644,655,657,658,661,665,666,669,675,678,679,680,684,689,697,709,710,711,771,834
draft_22951_00981	10,11,12,15,16,34,144,147,179,180,214,219,220,256,257,258,284,285,286,294,300,333,334,341,345,352,354,356,357,371,372,375,376,377,378,384,385,391,393,394,413,417,419,422,431,435,438,439,442,443,447,450,451,454,465,471,472,481,488,490,491,496,501,503,508,509,512,514,517,521,525,532,533,539,546,547,548,550,553,556,557,565,570,571,577,578,579,583,585,586,587,593,594,596,600,601,604,608,609,612,614,619,629,634,635,641,644,657,658,659,661,665,666,669,678,679,680,684,709,710,771,834
draft_22951_00982	10,11,12,15,19,144,146,147,179,180,256,257,258,284,285,286,287,300,333,334,341,342,345,346,352,353,356,357,358,359,366,371,372,373,374,375,377,378,385,386,387,388,391,393,394,397,400,401,404,417,419,421,431,432,433,435,436,438,442,443,444,446,447,448,450,454,465,471,473,483,491,492,494,496,503,507,517,521,522,524,525,528,529,531,536,539,540,541,546,547,550,553,554,556,557,565,571,577,578,579,580,581,583,585,586,593,596,598,600,601,604,608,609,614,619,624,625,629,634,635,641,644,657,658,661,665,666,669,672,673,674,678,679,680,684,685,686,689,693,697,698,705,709,710,711,713,759,822
draft_22951_00983	10,11,12,15,19,20,144,150,179,180,181,182,186,256,257,258,284,285,286,287,333,334,340,341,342,345,347,352,353,356,357,358,359,367,371,372,375,377,378,382,383,385,386,387,388,391,397,404,406,417,419,431,432,435,438,442,443,447,450,454,465,471,473,477,483,491,496,499,503,507,517,521,524,525,531,539,540,542,543,546,547,549,550,553,556,557,565,566,571,574,575,577,578,579,583,585,586,590,593,595,596,600,601,604,605,607,608,609,614,615,619,620,621,627,629,633,634,635,638,639,641,642,652,653,656,657,658,661,665,666,667,669,678,679,680,681,682,683,684,689,690,697,698,699,700,709,710,711,722,736,759,785,799,822
draft_22951_00984	10,11,12,15,16,19,34,179,180,186,187,256,258,284,285,286,287,294,300,333,334,341,345,352,353,356,357,371,372,376,377,378,385,391,393,394,417,421,422,431,435,438,440,442,444,447,450,452,465,471,491,494,496,503,509,512,517,521,525,536,546,547,550,553,554,557,561,565,571,579,580,583,585,586,593,596,598,600,601,604,608,609,614,619,624,629,634,635,637,641,644,655,658,661,665,666,669,672,673,675,678,679,680,684,685,689,693,696,705,708,709,710,711,717,780
draft_22951_00985	10,11,12,15,16,19,179,180,256,284,285,286,287,300,301,333,334,335,341,342,345,352,353,356,357,371,372,375,376,385,394,417,419,421,431,432,433,435,439,442,443,444,447,451,465,471,491,517,521,525,536,539,540,550,553,556,557,565,571,577,579,580,583,585,593,596,600,604,608,609,619,634,635,641,661,665,669,678,679,680,684,689,709,710,711,712,714,777
draft_22951_00986	10,11,12,15,19,20,144,150,179,180,256,284,285,286,287,300,333,334,341,342,345,352,353,356,357,367,368,371,372,375,377,378,381,382,383,385,394,406,417,431,435,438,442,447,450,465,471,477,491,499,503,521,525,542,543,545,546,547,549,550,553,557,564,565,566,568,571,574,575,579,583,585,590,593,595,596,600,601,604,605,607,608,609,611,619,620,627,631,634,635,638,639,641,642,644,652,653,656,661,662,663,665,666,667,669,678,679,680,681,683,684,689,690,692,697,699,700,704,709,710,711,715,722,736,743,759,762,778,785,799,806,822,825
draft_22951_00987	10,11,12,15,16,34,144,149,150,179,180,186,187,256,258,284,285,286,294,300,333,334,341,345,346,350,352,354,356,357,366,369,371,372,376,377,378,385,386,391,393,394,413,417,419,431,435,438,442,447,450,451,454,465,471,476,488,490,491,496,503,508,517,520,521,525,546,547,550,553,557,565,571,579,583,585,586,593,596,597,600,601,604,608,609,614,619,629,634,635,641,644,658,661,665,666,669,678,679,680,684,689,697,709,710,711,713,738,756,759,801,819,822
draft_22951_00988	10,11,15,16,34,35,284,285,286,294,300,333,345,350,354,369,375,376,394,413,419,451,479,489,490,508,587,659
draft_22951_00989	10,11,12,13,15,16,17,19,144,149,150,179,180,181,182,186,187,193,256,258,284,285,286,287,300,333,334,341,345,346,347,352,353,356,357,366,367,371,372,376,377,378,385,391,392,394,406,417,419,431,435,438,439,442,443,447,450,451,454,465,471,488,491,496,503,517,521,525,539,541,546,547,550,553,556,557,565,567,571,577,579,583,585,586,593,596,600,601,604,608,609,614,615,616,619,629,634,635,641,657,658,660,661,665,666,669,678,679,680,684,689,697,709,710,711,713,729,756,792,819
draft_22951_00990	10,11,12,15,16,19,20,34,144,147,256,257,284,285,286,287,294,300,333,334,339,341,345,346,350,352,353,354,356,357,366,367,369,371,375,377,378,381,384,385,391,393,394,406,413,417,421,422,431,438,440,441,442,444,447,450,452,453,465,471,472,481,491,494,496,501,508,521,525,529,532,534,536,537,541,546,549,550,553,554,557,565,570,571,574,575,579,580,581,583,585,586,587,595,596,598,600,603,604,605,609,612,614,620,624,625,629,630,635,638,639,641,642,644,646,656,657,658,659,661,665,667,669,672,674,678,679,681,685,709,710
draft_22951_00991	10,11,12,15,19,20,179,180,256,284,285,286,287,300,309,333,334,339,340,341,342,345,346,347,352,353,356,357,366,367,371,372,375,382,383,385,391,393,394,406,407,417,431,435,442,447,471,477,491,499,517,521,525,529,541,542,543,549,553,557,565,566,567,568,571,572,574,575,579,583,585,590,595,596,600,604,605,607,609,614,615,619,620,621,627,633,635,638,639,641,642,644,652,656,657,660,661,663,664,665,667,669,678,679,680,681,689,690,697,699,709,710,711,715,778
draft_22951_00992	10,11,12,15,284,285,286,300,333,334,336,339,341,345,346,352,366,375,394,529,583,593,644,680,684,689,698,709,710
draft_22951_00993	10,11,12,15,16,19,179,180,256,284,285,286,287,300,333,334,341,345,346,352,353,356,357,366,371,372,375,377,378,385,391,392,393,394,417,421,431,435,438,440,442,444,447,450,452,465,471,491,496,521,525,537,541,546,550,553,557,565,570,571,579,583,585,586,593,596,600,601,603,604,608,609,612,614,619,629,634,635,641,644,646,657,658,661,665,666,669,678,679,680,684,689,698,709,710,711,717,735,759,780,798,822
draft_22951_00994	10,11,12,15,16,179,181,182,186,188,189,193,195,196,256,257,258,259,260,261,284,285,286,333,341,345,346,352,356,358,359,366,371,372,373,374,377,385,388,391,397,404,417,419,432,435,436,438,442,443,446,447,448,450,454,465,471,473,483,491,492,496,503,507,517,521,522,524,525,531,539,540,541,546,547,550,553,556,557,565,570,571,577,578,579,583,585,586,593,596,600,601,604,608,609,612,614,619,629,634,635,641,657,658,661,665,666,669,678,679,680,684,689,697
draft_22951_00995	10,11,12,15,19,20,144,146,147,179,180,256,284,285,286,287,309,333,334,342,345,346,352,353,356,357,366,371,372,382,383,385,391,392,407,417,421,431,435,440,442,444,447,452,465,471,491,494,499,517,521,525,536,541,542,543,549,550,553,554,557,565,571,574,575,579,580,582,583,585,591,593,596,598,600,604,607,608,609,614,618,619,620,624,626,629,634,635,638,639,641,642,643,646,647,652,656,657,661,665,668,669,672,673,678,679,680,681,684,685,689,690,693,699,705,709,710,711,757,820
draft_22951_00996	10,11,12,13,15,16,179,180,181,182,186,187,193,194,200,256,257,258,260,262,284,285,286,300,333,334,341,345,352,356,357,358,359,371,372,377,378,385,386,387,388,391,394,397,404,417,419,431,432,435,438,442,443,447,450,454,465,471,473,483,491,496,503,507,517,521,524,525,531,539,540,546,547,550,553,556,557,565,571,577,578,579,583,585,586,593,594,596,600,601,602,604,608,609,614,619,622,629,634,635,641,644,657,658,661,665,666,669,678,679,680,684,689,697,698,709,710,711,713,717,738,750,756,759,780,801,813,819,822
draft_22951_00997	10,11,12,19,20,179,180,182,186,256,257,258,284,285,287,333,334,342,345,347,353,356,357,367,371,372,382,383,385,386,406,410,417,421,431,433,435,437,442,444,447,449,471,477,491,494,499,517,521,525,536,542,543,549,553,554,557,565,566,571,574,575,579,580,582,583,585,589,590,595,596,598,600,604,605,607,609,615,619,620,621,624,626,627,633,635,638,641,642,643,652,656,661,665,667,669,672,673,678,679,680,681,685,689,690,693,697,699,705,709,710,711,757,820
draft_22951_00998	10,11,12,15,16,34,144,146,147,179,180,256,257,258,284,285,286,294,300,333,341,345,352,356,358,359,366,371,372,375,376,377,378,380,385,387,388,390,391,392,393,394,397,398,400,401,404,417,419,422,432,435,438,442,443,447,450,451,454,465,471,473,483,485,486,488,489,491,496,500,503,505,507,509,512,517,520,521,522,524,525,528,531,539,540,541,546,547,548,550,553,556,557,561,565,570,571,573,577,579,583,585,586,593,596,597,600,601,604,608,609,612,614,619,629,634,635,637,641,644,655,658,661,665,666,669,675,678,679,680,684,771,834
draft_22951_00999	10,11,12,15,19,284,285,286,287,300,309,333,339,341,345,346,347,352,353,366,367,375,391,393,394,407,529,541,567,572,583,593,614,644,657,660,680,684,689,697
draft_22951_01000	10,11,12,13,15,16,19,20,179,180,181,182,186,187,193,256,258,284,285,286,287,333,334,345,346,347,352,353,356,357,366,367,371,372,375,385,391,392,406,417,431,435,442,447,471,491,517,521,525,541,549,553,557,565,567,570,571,574,575,579,583,585,595,596,600,604,605,609,612,615,616,619,620,635,638,641,642,656,657,660,661,665,667,669,678,679,680,681,689,690,699,709,710,711
draft_22951_01001	10,11,12,15,16,19,20,179,180,256,284,285,286,287,300,333,334,342,345,346,347,352,353,356,357,366,367,371,372,375,376,382,383,385,391,393,394,406,417,421,431,435,442,447,452,465,471,477,491,499,517,521,525,529,541,542,543,549,550,553,557,561,565,566,571,574,575,579,583,585,590,593,595,596,600,604,605,607,608,609,614,615,619,620,621,627,629,633,634,635,638,639,641,642,646,647,652,655,656,661,665,667,669,678,679,680,681,684,689,690,699,709,710,711,757,820
draft_22951_01002	10,11,12,13,15,16,19,20,21,179,180,186,187,256,258,284,285,286,287,300,309,333,334,339,340,341,342,345,346,347,352,353,356,357,366,367,371,372,375,377,378,382,383,385,391,393,394,407,417,421,431,435,437,438,442,444,447,449,450,465,471,491,494,496,499,503,517,521,525,529,536,541,542,543,544,546,547,549,550,553,554,557,560,565,567,571,572,574,575,579,580,583,585,586,588,591,593,596,598,600,601,604,607,608,609,614,618,619,620,624,629,634,635,638,641,642,644,652,656,657,658,660,661,665,666,668,669,672,673,678,679,680,681,683,684,685,689,690,691,693,697,698,699,702,705,709,710,711,714,715,738,764,777,778,801,827
draft_22951_01003	10,11,12,15,16,19,20,179,180,181,182,186,256,284,285,286,287,300,333,334,345,346,352,353,356,357,366,371,372,385,391,392,393,394,417,421,431,435,440,442,444,447,452,471,491,517,521,525,529,537,541,553,557,565,570,571,579,583,585,593,596,600,603,604,608,609,612,614,619,635,641,646,647,651,657,661,665,669,678,679,680,684,689,697,709,710,711
draft_22951_01004	10,11,12,15,16,34,144,146,147,179,180,256,257,258,284,285,286,294,300,301,333,334,345,352,356,357,359,360,371,372,375,376,380,385,390,391,394,395,397,399,400,404,417,419,422,423,431,435,439,442,443,447,451,454,465,468,471,473,485,487,488,489,491,505,507,509,511,512,516,517,518,520,521,523,525,531,539,550,553,556,557,561,565,571,573,577,579,583,585,593,596,597,600,604,608,609,614,619,629,634,635,641,645,655,661,665,669,678,679,680,684,689,698,709,710,711,735,798
draft_22951_01005	10,11,12,13,15,16,17,19,20,179,180,181,182,184,185,186,187,193,200,256,257,258,260,284,285,286,287,300,333,334,339,341,345,346,352,353,356,357,359,366,371,372,375,376,377,379,380,382,385,388,390,391,392,393,394,397,398,400,401,404,417,419,421,431,435,439,440,442,443,444,447,450,451,452,454,465,471,473,483,485,488,489,491,494,496,505,507,517,520,521,522,524,525,528,529,531,536,539,541,546,550,553,554,556,557,561,565,571,573,579,581,583,585,586,593,594,596,597,600,602,604,608,609,614,619,622,625,629,634,635,637,641,646,647,648,651,655,657,658,661,665,669,674,675,678,679,680,684,689,697,709,710,711
draft_22951_01006	10,11,12,15,16,17,144,146,147,151,153,154,179,180,256,257,258,259,260,284,285,286,300,301,333,334,341,345,346,352,356,357,359,360,366,371,372,373,374,376,377,378,380,385,388,390,391,397,399,417,419,423,431,435,436,438,439,442,443,446,447,448,450,451,454,465,468,471,478,483,487,491,492,496,497,503,516,517,518,521,523,524,525,531,539,540,541,546,547,550,553,556,557,565,571,577,578,579,583,585,586,593,594,596,600,601,602,604,608,609,614,617,619,622,629,634,635,641,645,657,658,661,665,666,669,678,679,680,684,689,709,710,711,738,801
draft_22951_01007	10,11,12,15,16,19,179,180,256,284,285,286,287,300,333,334,341,345,346,352,353,356,357,366,371,372,375,377,378,385,391,393,394,417,421,431,435,438,440,442,444,447,450,452,465,471,491,494,503,517,521,525,529,536,541,546,547,550,553,554,557,565,571,579,580,581,583,585,593,594,596,598,600,601,604,608,609,614,619,624,625,629,634,635,641,644,646,647,657,661,665,666,669,672,673,674,678,679,680,684,685,689,693,705,709,710,711,759,822
draft_22951_01008	10,11,12,13,15,16,19,20,21,179,180,186,187,256,258,284,285,286,287,300,309,333,334,341,345,352,353,356,357,371,372,377,378,381,385,391,393,394,407,417,421,431,435,438,440,441,442,444,447,450,452,453,465,471,491,496,503,517,521,525,536,546,547,550,553,557,565,571,579,580,583,585,586,593,596,600,601,604,608,609,614,618,619,629,634,635,638,641,644,646,657,658,661,665,666,669,678,679,680,683,684,686,687,688,689,697,698,709,710,711,717,780
draft_22951_01009	10,11,12,13,15,16,19,20,179,180,184,185,186,187,193,256,284,285,286,287,300,309,333,334,337,341,345,346,352,353,356,357,366,371,372,376,381,385,391,393,394,407,417,419,421,431,435,439,441,442,443,444,447,451,453,454,465,471,488,491,517,520,521,525,537,539,550,553,556,557,565,567,571,577,579,583,585,593,596,597,600,604,608,609,614,619,629,634,635,641,644,657,661,665,669,678,679,680,684,689,697,698,709,710,711,713,756,819
draft_22951_01010	10,11,12,13,15,16,19,179,180,181,182,186,256,284,285,286,287,333,334,336,345,346,352,353,356,357,366,371,372,375,385,391,392,417,421,431,435,440,442,444,447,452,465,471,491,517,521,525,536,541,550,553,557,565,570,571,579,580,583,585,593,596,600,604,608,609,612,614,619,629,634,635,641,646,647,657,661,665,669,678,679,680,684,689,698,709,710,711,735,798
draft_22951_01011	10,11,12,13,15,16,19,179,180,181,182,186,256,284,285,286,287,333,334,345,346,347,352,353,356,357,366,367,371,372,375,385,391,392,417,421,431,435,437,442,444,447,449,465,471,491,494,521,525,536,541,550,553,554,557,565,570,571,579,580,583,585,593,596,598,600,604,608,609,612,614,619,624,629,634,635,641,657,661,665,669,672,673,678,679,680,684,685,689,693,696,697,698,705,709,710,711,713,714,735,756,777,798,819
draft_22951_01012	10,11,12,15,16,144,146,147,149,150,151,179,180,256,257,258,284,285,286,300,301,333,334,337,341,345,346,352,356,357,358,359,366,371,372,373,374,375,377,378,385,386,387,388,391,393,394,397,400,401,404,417,419,431,432,435,436,438,442,443,446,447,448,450,454,465,468,471,473,483,491,492,496,503,507,516,517,521,522,524,525,528,529,531,539,540,541,546,547,550,553,556,557,565,571,577,578,579,583,585,586,593,594,596,600,601,604,608,609,614,619,629,634,635,641,644,645,657,658,661,665,666,669,678,679,680,684,689,697,698,709,710,711,713,759,822
draft_22951_01013	10,11,12,13,15,19,20,179,180,186,187,256,284,285,286,287,309,333,334,336,338,342,345,346,352,353,356,357,366,367,371,372,375,382,383,385,391,392,406,407,417,431,435,442,447,471,477,491,499,517,521,525,541,542,543,549,553,557,565,566,571,574,575,579,583,585,590,593,595,596,600,604,605,607,609,614,618,619,620,627,635,638,639,641,642,652,656,661,665,667,668,669,678,679,680,681,682,684,689,690,697,698,699,700,709,710,711,713,736,799,819,820
draft_22951_01014	10,11,12,19,20,144,148,179,180,256,284,285,287,309,333,334,336,342,345,353,356,357,371,372,385,407,417,421,431,433,435,442,444,447,463,471,491,499,517,521,525,536,538,553,554,557,565,571,579,580,583,585,589,596,598,600,604,609,618,619,635,638,641,661,665,669,672,673,678,679,680,681,685,687,689,690,693,697,698,699,705,709,710,711,713
draft_22951_01015	10,11,12,15,19,20,179,180,256,284,285,286,287,309,333,334,342,345,346,352,353,356,357,366,367,371,372,375,382,383,385,391,392,406,407,417,421,431,435,440,442,444,447,452,465,471,477,491,494,499,517,521,525,536,541,542,543,545,549,550,553,554,557,565,566,568,571,574,575,579,580,583,585,590,591,593,595,596,598,600,604,605,607,608,609,614,618,619,620,624,627,629,631,632,634,635,638,641,642,646,647,652,656,657,661,663,664,665,667,668,669,672,673,678,679,680,681,683,684,685,687,689,690,692,693,694,700,703,705,706,709,710,711,715,736,762,778,799,825
draft_22951_01016	10,11,12,15,19,179,180,186,187,256,258,284,285,286,287,333,334,342,345,346,352,353,356,357,366,371,372,375,385,386,391,392,417,421,431,433,435,442,444,447,471,491,494,517,521,525,536,541,553,554,557,565,571,579,580,581,583,585,593,596,598,600,604,609,614,619,624,635,641,661,665,669,672,673,678,679,680,684,685,689,693,697,698,705,709,710,711,713,714,735,756,777,798,819
draft_22951_01017	10,11,12,13,15,16,17,19,179,180,186,187,256,258,284,285,286,287,300,301,333,334,341,345,346,352,353,356,357,366,371,372,375,377,378,385,391,392,394,395,399,417,419,421,431,435,436,438,440,442,443,444,447,448,450,452,465,468,471,491,494,496,503,516,517,519,521,525,536,539,541,546,547,550,553,554,556,557,565,571,577,579,580,583,585,586,593,596,598,600,601,604,608,609,614,619,624,629,634,635,641,644,645,658,661,665,666,669,672,673,678,679,680,684,685,686,689,693,705,709,710,711,717,738,780,801
draft_22951_01018	10,11,12,15,34,144,147,179,183,256,257,284,285,286,294,300,333,334,345,346,350,352,354,356,357,366,369,371,384,385,394,413,417,422,431,442,447,471,472,481,491,501,508,521,525,529,532,553,557,565,571,579,583,585,587,593,596,600,604,608,609,635,641,644,659,661,665,669,678,679,680,684,689,697,698,709,710,711,713,821
draft_22951_01019	10,11,19,284,285,287,333,342,345,353,375,417,421,433,435,442,444,447,491,517,525,536,554,557,600,641,661,672,673,679
draft_22951_01020	10,11,12,13,15,16,19,179,180,186,187,256,258,284,285,286,287,309,333,334,340,341,342,345,347,352,353,356,357,366,367,371,372,375,377,378,385,391,392,407,417,431,435,438,442,447,450,465,471,491,496,503,517,521,525,541,546,547,549,550,553,557,565,571,572,574,575,579,583,585,586,593,596,600,601,604,608,609,614,618,619,620,629,634,635,638,641,642,656,658,661,665,666,668,669,678,679,680,681,684,689,690,692,697,698,699,703,704,709,710,711,717,780
draft_22951_01021	10,11,12,15,16,19,144,146,147,179,180,256,257,258,284,285,286,287,300,333,334,341,345,346,352,353,356,357,358,359,366,371,372,373,374,377,378,385,386,387,388,391,393,394,397,400,401,404,417,419,421,431,432,435,436,438,440,442,443,444,446,447,448,450,452,454,465,471,473,483,491,492,496,503,507,517,521,522,524,525,528,529,531,536,539,540,541,546,547,550,553,556,557,565,571,577,578,579,580,583,585,586,593,596,600,601,604,608,609,614,619,629,634,635,641,644,657,658,661,665,666,669,678,679,680,684,685,689,693,697,698,705,709,710,711,713,759,822
draft_22951_01022	10,11,12,15,19,179,180,184,185,186,256,284,285,286,287,300,333,334,336,337,341,342,345,352,353,356,357,367,371,372,375,377,378,382,383,385,391,393,394,406,417,431,435,438,442,447,450,465,471,477,491,496,499,503,517,521,525,542,543,546,547,549,550,553,557,565,566,571,574,575,579,583,585,586,590,593,595,596,600,601,604,605,607,608,609,614,619,620,627,629,634,635,638,641,642,644,652,656,657,658,661,665,666,667,669,678,679,680,681,683,684,689,690,697,698,699,700,709,710,711,713,722,736,759,785,799,822
draft_22951_01023	10,11,15,16,17,144,146,147,179,180,256,257,258,284,285,286,301,333,341,345,352,356,366,371,372,374,376,377,378,380,385,390,391,397,417,419,423,435,438,442,447,448,450,451,454,465,471,478,483,487,488,491,492,496,497,503,505,516,517,518,520,521,525,541,546,547,550,553,557,561,565,571,579,583,585,586,593,596,597,600,601,604,608,609,614,619,629,634,635,641,655,658,661,665,666,669,675,678,679,680,684
draft_22951_01024	10,11,15,16,17,144,146,147,179,181,182,256,257,258,259,284,285,286,301,333,334,345,346,352,356,357,359,366,371,372,373,374,375,376,377,379,380,385,388,390,391,397,404,417,419,423,431,435,436,439,442,443,446,447,448,450,451,454,465,471,473,478,483,485,487,488,491,492,496,497,503,505,507,516,517,518,520,521,522,524,525,531,539,540,541,546,547,550,553,556,557,561,565,571,577,578,579,583,585,586,593,596,597,600,601,604,608,609,614,619,629,634,635,637,641,655,657,658,661,665,666,669,675,678,679,684,709,710
draft_22951_01025	10,11,12,13,15,16,19,20,179,180,181,182,186,256,284,285,286,287,300,333,334,337,339,341,345,346,352,353,356,357,366,371,372,375,385,391,393,394,417,421,431,435,440,442,444,447,452,471,491,517,521,525,529,537,541,553,557,565,570,571,579,583,585,593,594,596,600,603,604,608,609,612,614,619,635,641,644,646,647,657,661,665,669,678,679,680,684,689,697,698,709,710,711
draft_22951_01026	10,11,12,15,19,20,144,147,179,180,256,284,285,286,287,333,334,338,342,345,346,352,353,356,357,366,367,368,371,372,375,381,385,391,392,406,417,431,435,442,447,465,471,477,491,499,517,521,525,541,549,553,557,564,565,568,571,574,575,579,583,585,595,596,600,604,605,609,611,619,620,635,638,641,642,656,661,662,663,665,667,669,678,679,680,681,689,690,697,698,699,709,710,711,713
draft_22951_01027	10,11,12,13,15,16,19,20,144,149,150,179,180,185,186,187,193,256,258,284,285,286,287,300,333,334,341,342,345,347,352,353,356,357,367,371,372,376,377,378,382,383,385,391,394,406,417,419,431,435,438,439,442,443,447,450,451,454,465,471,477,488,491,499,503,517,521,525,539,542,543,545,546,547,549,550,553,556,557,565,566,568,571,574,575,577,579,583,585,590,593,595,596,600,601,604,605,607,608,609,615,619,620,621,627,631,633,634,635,638,639,641,642,652,653,656,661,663,665,666,667,669,678,679,680,681,683,684,689,690,692,697,704,709,710,711,713,722,743,756,762,785,806,819,825
draft_22951_01028	10,11,12,15,16,34,179,180,181,182,186,256,257,258,284,285,286,294,300,333,334,341,345,352,354,356,357,358,359,360,371,372,375,376,377,378,380,384,385,386,387,388,390,391,393,394,397,400,401,404,417,419,422,431,432,435,438,439,442,443,447,450,451,454,465,471,473,483,485,488,489,491,496,503,505,507,509,517,520,521,524,525,528,531,539,540,546,547,550,553,556,557,561,565,571,573,577,579,583,585,586,593,594,596,597,600,601,602,604,608,609,614,619,622,629,634,635,637,641,644,655,657,658,661,665,666,669,675,678,679,680,684,689,709,710,711,759,822
draft_22951_01029	10,11,12,15,19,179,180,284,285,286,287,300,333,334,337,341,345,352,353,375,391,393,394,418,421,428,429,440,444,452,461,583,593,614,644,646,657,680,684,689,709,710,711
draft_22951_01030	10,11,12,13,15,16,19,20,179,180,181,182,186,256,284,285,286,287,300,333,334,336,341,345,346,352,353,356,366,371,372,375,377,378,385,391,392,393,394,417,421,435,438,440,442,444,447,450,452,465,471,491,496,503,517,521,525,536,541,546,547,550,553,557,565,570,571,579,583,585,586,593,596,600,601,604,608,609,612,614,619,629,634,635,641,644,646,647,657,658,661,665,666,669,678,679,680,684,729,792
draft_22951_01031	10,11,12,13,15,16,17,179,180,183,186,187,193,256,258,284,285,286,333,341,345,352,356,366,371,372,375,377,378,385,391,392,417,419,432,435,438,442,443,447,450,454,465,471,491,496,503,517,521,525,540,541,546,547,550,553,556,557,565,571,579,583,585,586,593,596,600,601,604,608,609,614,619,629,634,635,641,658,661,665,666,669,678,679,680,684,729,792
draft_22951_01032	10,11,12,15,179,180,181,182,186,256,257,258,284,285,286,333,334,345,346,352,356,357,359,366,371,372,373,374,375,377,385,388,391,392,397,398,404,417,419,431,435,436,442,443,446,447,448,450,454,465,471,473,483,491,492,496,503,507,517,521,522,524,525,531,539,540,541,546,547,550,553,556,557,565,571,578,579,583,585,586,593,596,600,601,604,608,609,614,619,629,634,635,641,657,658,661,665,666,669,678,679,680,684,689,697,709,710,711,713
draft_22951_01033	10,11,12,15,19,20,179,180,181,182,186,256,284,285,286,287,300,333,334,336,339,341,345,346,352,353,356,357,366,367,371,372,375,381,385,391,393,394,406,417,421,431,435,441,442,444,447,453,471,491,517,521,525,529,536,541,553,557,565,571,579,580,581,583,585,593,596,598,600,604,608,609,614,619,635,638,639,641,642,644,656,657,661,665,669,678,679,680,681,684,685,689,690,693,697,698,699,705,709,710,711,713
draft_22951_01034	10,11,12,13,15,16,34,179,180,181,182,186,256,284,285,286,294,300,333,334,337,339,341,345,346,352,356,357,366,371,372,375,376,377,378,385,391,393,394,417,422,431,435,438,442,447,450,465,471,491,496,503,509,512,517,521,525,529,541,546,547,550,553,557,561,565,571,579,583,585,586,593,594,596,600,601,604,608,609,614,619,629,634,635,637,641,644,655,657,658,661,665,666,669,675,678,679,680,684,689,698,709,710,711,717,780
draft_22951_01035	10,11,12,13,15,16,17,19,20,179,180,186,187,256,258,284,285,286,287,300,333,334,341,345,352,353,356,357,366,371,372,375,376,377,378,385,391,392,393,394,417,419,421,431,435,438,440,442,444,447,448,450,451,452,454,465,471,488,491,494,496,503,517,520,521,525,529,536,541,546,547,550,553,554,557,565,571,579,580,583,585,586,593,596,597,598,600,601,604,608,609,614,619,624,629,634,635,641,644,647,658,661,665,666,669,672,673,678,679,680,684,685,689,693,696,705,708,709,710,711,717,780
draft_22951_01036	10,11,12,15,19,20,144,146,147,151,154,256,257,284,285,286,287,333,342,345,346,352,353,356,366,371,372,375,382,385,391,392,406,410,417,421,433,435,440,442,444,447,452,465,471,477,491,494,499,517,521,525,536,537,541,542,543,549,550,553,554,557,565,566,567,571,574,575,579,580,583,585,590,593,595,596,598,600,603,604,605,607,608,609,614,615,616,620,621,624,627,629,633,634,635,638,641,642,646,647,651,652,656,657,660,661,665,667,669,672,673,678,679,680,681,684,685,686,688,692,696,703
draft_22951_01037	10,11,12,15,16,179,180,186,187,256,258,284,285,286,300,333,341,345,352,356,371,372,377,378,385,391,393,394,417,435,438,442,447,450,465,471,491,496,503,517,521,525,546,547,550,553,557,565,571,578,579,583,585,586,593,594,596,600,601,602,604,608,609,614,619,629,634,635,641,644,657,658,661,665,666,669,678,679,680,684,750,813
draft_22951_01038	10,11,12,13,15,16,19,20,21,179,180,186,187,256,258,284,285,286,287,300,333,334,341,342,345,347,352,353,356,357,367,371,372,375,377,378,382,383,385,391,393,394,406,417,421,431,435,438,440,442,444,447,450,452,463,465,471,477,491,494,496,499,503,517,521,525,536,538,542,543,545,546,547,549,550,553,554,557,565,566,567,568,571,574,575,576,579,580,583,585,586,590,593,595,596,598,600,601,604,605,606,607,608,609,614,615,616,619,620,621,624,627,629,631,633,634,635,638,640,641,642,644,646,652,654,656,657,658,661,663,665,666,667,669,672,673,678,679,680,681,683,684,685,687,689,690,691,692,693,694,700,701,702,703,705,706,709,710,711,715,722,736,741,762,778,785,799,804,825
draft_22951_01039	10,11,12,15,16,179,180,181,182,186,256,257,258,284,285,286,333,334,341,345,346,352,356,357,358,359,366,371,372,375,376,377,378,379,380,385,386,387,388,391,392,397,404,417,419,431,432,435,438,439,442,443,447,450,451,454,465,471,473,483,485,488,491,496,503,507,517,520,521,524,525,531,539,540,541,546,547,550,553,556,557,561,565,571,577,578,579,583,585,586,593,596,597,600,601,604,608,609,614,619,629,634,635,637,641,655,657,658,661,665,666,669,675,678,679,680,684,689,697,698,709,710,711,713,759,822
draft_22951_01040	10,11,12,13,15,16,17,19,20,179,180,181,182,186,187,193,284,285,286,287,300,333,339,341,345,346,352,353,366,391,392,393,394,421,440,444,452,529,537,541,570,583,593,603,612,614,644,646,647,657,680,684
draft_22951_01041	10,11,12,15,179,180,256,284,285,286,300,333,334,341,345,352,356,357,371,372,375,377,378,385,394,417,431,435,438,442,447,450,465,471,491,503,517,521,525,546,547,550,553,557,565,571,579,583,585,593,596,600,601,604,608,609,619,634,635,641,644,661,665,666,669,678,679,680,684,689,697,709,710,711,759,822
draft_22951_01042	10,11,12,13,15,16,19,144,147,179,180,181,182,186,256,257,258,284,285,286,287,301,333,334,342,345,346,347,352,353,356,357,366,367,371,372,375,382,385,391,392,406,410,417,419,421,431,433,435,436,437,442,443,444,447,448,449,462,465,468,471,477,491,494,499,516,517,521,525,536,539,541,542,543,549,550,553,554,556,557,565,566,570,571,574,575,577,579,580,583,585,590,593,595,596,598,600,604,605,607,608,609,612,614,615,619,620,621,624,627,629,633,634,635,638,641,642,645,652,656,657,661,665,667,669,672,673,678,679,680,681,684,685,689,709,710,711,714,777
draft_22951_01043	10,11,12,15,16,144,146,147,179,180,186,187,256,257,258,284,285,286,333,334,336,341,345,352,356,358,359,360,366,371,372,375,376,377,378,380,385,387,388,390,391,392,397,398,404,417,419,432,435,438,439,442,443,447,450,451,454,465,471,473,483,485,486,488,491,496,500,503,505,507,517,520,521,522,524,525,531,539,540,541,546,547,548,550,553,556,557,561,565,570,571,573,577,579,583,585,586,593,596,597,600,601,604,608,609,612,614,619,629,634,635,637,641,655,657,658,661,665,666,669,675,678,679,680,684,689,709,710,711,771,834
draft_22951_01044	10,11,12,15,179,180,256,284,285,286,300,333,341,345,346,352,356,366,371,372,377,378,385,391,393,394,417,435,438,442,447,450,465,471,491,496,503,517,521,525,529,541,546,547,550,553,557,565,571,579,583,585,586,593,596,600,601,604,608,609,614,619,629,634,635,641,644,657,658,661,665,666,669,678,679,680,684
draft_22951_01045	10,11,12,13,15,16,19,20,144,149,150,179,180,181,182,186,256,257,258,284,285,286,287,300,333,334,341,345,346,352,353,356,357,358,359,366,371,372,373,374,377,385,388,391,392,393,394,397,404,417,419,421,431,432,435,436,438,440,442,443,444,446,447,448,450,452,454,465,471,473,483,491,492,494,496,503,507,517,521,522,524,525,529,531,536,539,540,541,546,547,550,553,554,556,557,565,570,571,577,578,579,580,583,585,586,593,596,598,600,601,604,608,609,612,614,619,624,629,634,635,641,644,646,647,651,657,658,661,665,666,669,672,673,678,679,680,684,685,686,688,689,693,697,705,709,710,711,713,756,819
draft_22951_01046	10,11,12,15,16,19,20,179,180,256,284,285,286,287,300,301,333,334,342,345,346,352,353,356,357,366,367,371,372,375,376,382,383,385,394,395,399,406,417,419,421,431,435,436,442,443,447,448,452,468,471,477,491,499,517,518,519,521,525,539,542,543,549,553,556,557,565,566,571,574,575,576,577,579,583,585,590,595,596,600,604,605,607,609,619,620,627,635,636,638,640,641,642,645,652,654,656,661,665,667,669,678,679,680,681,689,690,691,699,701,702,709,710,711,715,741,757,778,804,820
draft_22951_01047	10,11,12,13,15,16,19,20,21,144,149,150,179,180,184,185,186,187,193,256,258,284,285,286,287,300,309,333,334,339,341,345,346,352,353,356,357,366,371,372,375,376,377,378,381,385,391,392,393,394,407,417,421,431,435,438,440,441,442,444,447,450,452,453,465,471,491,496,503,517,521,525,529,536,541,546,547,550,553,554,557,561,565,570,571,579,580,581,583,585,586,593,594,596,598,600,601,604,608,609,612,614,618,619,629,634,635,637,638,641,642,646,647,655,656,657,658,661,665,666,669,672,674,678,679,680,681,684,685,689,690,693,697,699,705,709,710,711,717,780
draft_22951_01048	10,11,12,15,19,20,144,146,147,256,257,284,285,286,287,333,334,341,342,345,346,352,353,356,357,358,359,366,375,377,385,388,391,392,397,398,404,417,419,421,431,432,433,438,442,443,444,450,454,465,471,473,483,491,494,496,507,521,522,524,525,531,536,539,540,541,546,550,553,554,556,557,565,571,578,579,580,581,583,585,586,593,596,598,601,604,608,609,614,624,625,629,634,635,641,657,658,661,665,666,669,672,674,678,679,680,684,685,686,688,709,710,711,713
draft_22951_01049	10,11,12,15,19,179,180,184,185,186,187,193,256,258,284,285,286,287,333,334,342,345,346,352,353,356,357,366,367,371,372,375,382,383,385,386,391,392,406,417,431,435,442,447,465,471,477,491,499,517,521,525,541,542,543,549,550,553,557,565,566,571,574,575,579,583,585,590,593,595,596,600,604,605,607,608,609,613,614,619,620,627,629,634,635,638,639,641,642,652,656,661,665,667,669,678,679,680,681,684,689,690,697,698,699,700,709,710,711,713,715,735,736,756,757,778,798,799,819,820
draft_22951_01050	10,11,12,15,19,20,179,180,183,184,185,186,193,256,284,285,286,287,309,333,341,342,345,352,353,356,358,359,371,372,377,378,382,383,385,387,388,391,397,404,406,407,410,417,419,421,432,433,435,438,442,443,444,447,450,454,462,465,471,473,477,483,491,494,495,496,498,499,503,507,517,521,524,525,531,536,537,539,540,542,543,544,546,547,549,550,553,554,556,557,565,566,567,571,574,575,576,577,578,579,580,582,583,585,586,589,590,591,593,595,596,598,600,601,603,604,605,607,608,609,614,615,616,618,619,620,621,624,626,627,629,633,634,635,638,640,641,642,643,652,654,656,657,658,660,661,665,666,667,668,669,672,673,678,679,680,681,683,684,685,686,690,691,693,694,695,701,702,706,707,722,741,764,785,804,827
draft_22951_01051	10,11,12,15,16,17,179,180,181,182,184,185,186,193,256,257,258,284,285,286,300,333,334,341,345,346,352,356,357,366,371,372,374,376,377,378,380,385,390,391,392,394,397,404,417,419,431,435,438,442,447,448,450,451,454,465,471,485,488,491,492,496,503,505,517,520,521,522,525,541,546,547,550,553,557,561,565,571,573,579,583,585,586,593,596,597,600,601,604,608,609,614,619,629,634,635,637,641,655,657,658,661,665,666,669,675,678,679,680,684,689,697,709,710,711,759,822
draft_22951_01052	10,11,12,15,16,19,20,21,179,181,182,256,257,284,285,286,287,300,301,333,341,345,347,352,353,356,358,359,367,375,376,377,380,381,382,388,390,391,393,394,395,397,399,400,401,404,406,417,419,421,423,432,438,440,441,442,443,444,450,451,452,453,454,468,473,478,483,485,486,487,488,489,491,495,496,500,505,507,516,518,519,520,523,524,528,536,537,539,540,546,548,557,561,570,571,573,580,583,586,593,596,597,609,612,614,615,617,636,638,641,645,646,648,651,655,658,666,675,681,683,684,685,686,692,694,695,696,703
draft_22951_01053	10,11,12,15,19,144,147,179,180,183,186,256,257,258,284,285,286,287,300,333,334,341,342,345,352,353,356,357,371,372,377,378,382,383,385,386,394,406,410,417,421,431,433,435,438,442,444,447,450,465,471,477,491,494,499,503,517,521,525,536,542,543,546,547,549,550,553,554,557,565,566,571,574,575,579,580,583,585,590,593,595,596,598,600,601,604,605,607,608,609,615,619,620,621,624,627,633,634,635,638,641,642,644,652,656,661,665,666,667,669,672,673,678,679,680,681,683,684,685,686,689,690,692,693,696,697,698,699,704,705,708,709,710,711,713,722,738,757,785,801,820
draft_22951_01054	10,11,12,15,16,34,179,180,184,185,186,256,284,285,286,294,300,333,334,341,345,346,350,352,354,356,357,366,369,371,372,375,376,377,378,385,391,393,394,413,417,419,431,435,438,442,447,450,451,454,465,471,476,488,490,491,496,508,517,520,521,525,546,550,553,557,565,571,579,583,585,586,587,593,596,597,600,601,604,608,609,614,619,629,634,635,641,658,661,665,666,669,678,679,680,684,689,698,709,710,711,735,759,798,822
draft_22951_01055	10,11,12,15,19,20,144,149,150,179,180,284,285,286,287,333,339,341,345,346,352,353,366,391,392,417,421,435,440,442,444,447,452,465,517,525,541,554,583,593,614,646,647,651,657,672,673,680,684
draft_22951_01056	10,11,12,13,15,16,17,19,20,144,146,147,151,153,154,179,180,181,182,186,187,193,256,257,258,259,260,262,284,285,286,287,300,333,334,339,341,345,346,352,353,356,357,358,359,366,371,372,373,374,377,378,385,386,387,388,391,393,394,397,400,401,404,417,419,421,431,432,435,436,438,440,442,443,444,446,447,448,450,452,454,465,471,473,483,491,492,496,503,507,517,521,522,524,525,528,529,531,536,537,539,540,541,546,547,550,553,556,557,565,570,571,577,578,579,580,583,585,586,593,596,600,601,603,604,608,609,612,614,619,629,634,635,641,644,646,647,657,658,661,665,666,669,678,679,680,684,685,689,693,696,697,698,705,709,710,711,713,759,822
draft_22951_01057	10,11,12,15,16,34,179,180,256,284,285,286,294,300,333,334,345,346,352,356,357,366,371,372,376,385,391,393,394,417,422,431,435,442,447,471,491,509,512,517,521,525,529,541,553,557,561,565,571,579,583,585,593,596,600,604,608,609,614,619,635,641,644,655,661,665,669,678,679,680,684,689,697,709,710,711
draft_22951_01058	10,11,12,15,16,34,179,180,181,182,186,256,257,258,284,285,286,294,300,333,334,341,345,346,352,356,357,358,359,366,371,372,373,374,375,376,377,380,385,388,390,391,393,394,397,400,401,404,417,419,422,431,432,435,436,438,442,443,446,447,448,450,451,454,465,471,473,483,485,488,489,491,492,496,503,505,507,509,512,517,520,521,522,524,525,528,531,539,540,541,546,547,550,553,556,557,561,565,571,573,577,579,583,585,586,593,594,596,597,600,601,602,604,608,609,614,619,622,629,634,635,637,641,644,655,658,661,665,666,669,675,678,679,680,684,689,697,698,709,710,711,735,798
draft_22951_01059	10,11,12,15,16,17,144,146,147,151,153,154,179,180,256,257,258,259,260,284,285,286,301,333,341,345,346,352,356,359,366,371,372,373,374,376,377,378,380,385,388,390,391,392,397,398,404,417,419,423,435,436,438,442,443,446,447,448,450,451,454,465,471,473,478,483,485,486,487,488,491,492,496,500,503,505,507,516,517,518,520,521,522,525,540,541,546,547,548,550,553,557,561,565,570,571,573,579,583,585,586,593,596,597,600,601,604,608,609,612,614,619,629,634,635,637,641,655,658,661,665,666,669,675,678,679,680,684
draft_22951_01060	10,11,12,15,16,17,144,146,147,179,180,256,257,258,284,285,286,300,301,333,334,345,352,356,357,359,360,371,372,375,376,380,385,390,399,417,419,423,431,435,439,442,443,447,451,465,471,487,491,516,517,518,521,523,525,531,539,550,553,556,557,565,571,577,579,583,585,593,596,600,604,608,609,619,634,635,641,661,665,669,678,679,680,684,689,709,710,711,714,777
draft_22951_01061	10,11,12,13,15,16,19,20,21,179,180,256,284,285,286,287,300,309,333,334,337,340,341,342,345,346,347,352,353,356,357,366,367,371,372,375,381,382,383,385,391,392,393,394,406,407,417,421,431,435,442,447,452,453,471,477,491,499,521,525,529,541,542,543,549,553,557,565,566,567,571,572,574,575,576,579,583,585,590,593,595,596,600,604,605,607,608,609,613,614,618,619,620,623,627,635,638,640,641,642,644,647,652,654,656,657,660,661,665,667,668,669,678,679,680,681,682,684,689,690,691,692,697,699,700,701,702,703,709,710,711,736,741,799,804
draft_22951_01062	10,11,12,15,19,20,179,180,181,182,186,256,257,258,284,285,286,287,300,309,333,334,341,342,345,352,353,356,357,358,359,371,372,375,377,378,382,383,385,386,387,388,391,393,394,397,400,401,404,407,417,419,421,431,432,435,438,440,442,443,444,447,450,452,454,465,471,473,483,491,494,496,499,503,507,517,521,524,525,528,531,536,539,540,542,546,547,549,550,553,554,556,557,565,571,574,575,577,578,579,580,582,583,585,586,591,593,596,598,600,601,604,607,608,609,614,618,619,620,624,626,629,634,635,638,639,641,642,643,644,646,652,653,656,657,658,661,665,666,668,669,672,678,679,680,681,684,685,689,690,693,696,697,698,699,705,708,709,710,711,759,822
draft_22951_01063	10,11,12,13,15,16,19,20,144,149,150,179,180,186,187,256,258,284,285,286,287,300,333,334,341,345,352,353,356,357,367,371,372,375,376,377,378,381,385,391,394,406,417,419,421,431,435,438,439,441,442,443,444,447,450,451,453,454,465,471,488,491,494,503,517,521,525,536,539,546,547,549,550,553,554,556,557,565,571,574,575,577,579,580,583,585,593,595,596,598,600,601,604,605,608,609,619,620,624,634,635,638,641,642,656,661,665,666,667,669,672,673,678,679,680,681,683,684,685,686,689,690,693,697,699,705,709,710,711,713,738,756,801,819
draft_22951_01064	10,11,12,13,15,16,19,20,21,144,149,150,151,157,179,180,181,182,186,256,284,285,286,287,302,333,334,336,340,341,342,345,346,347,352,353,356,357,366,367,368,371,372,375,381,382,383,385,391,392,396,406,417,419,431,432,435,442,443,447,471,477,491,499,521,525,539,540,541,542,543,545,549,553,557,564,565,566,567,568,571,574,575,576,579,583,585,590,593,595,596,600,604,605,607,609,611,614,615,616,619,620,627,631,635,638,640,641,642,652,654,656,657,660,661,662,663,665,667,669,678,679,680,681,682,683,684,689,690,691,697,698,699,700,701,702,709,710,711,715,720,736,741,757,762,778,783,799,804,820,825
draft_22951_01065	10,11,12,15,16,179,180,186,187,256,258,284,285,286,300,333,334,341,345,346,352,356,357,366,371,372,377,378,385,391,393,394,417,431,435,438,442,447,450,465,471,491,496,503,517,521,525,529,541,546,547,550,553,557,565,570,571,579,583,585,586,593,596,600,601,604,608,609,612,614,619,629,634,635,641,644,657,658,661,665,666,669,678,679,680,684,689,709,710,711
draft_22951_01066	10,11,12,13,15,16,19,20,144,149,150,179,180,184,185,186,187,193,256,258,284,285,286,287,300,309,333,334,339,341,342,345,346,352,353,356,357,366,371,372,375,376,382,383,385,391,392,393,394,407,417,421,431,435,438,440,442,444,447,450,452,465,471,491,499,517,521,525,529,536,541,542,543,549,550,553,554,557,561,565,570,571,574,575,579,580,581,583,585,591,593,594,596,600,604,607,608,609,612,614,618,619,620,629,634,635,637,638,641,642,646,647,652,655,656,657,661,665,668,669,672,674,678,679,680,681,684,685,689,690,692,693,697,699,703,704,705,709,710,711,715,778
draft_22951_01067	10,11,12,15,34,179,180,181,182,186,256,257,258,284,285,286,294,300,333,334,345,346,352,354,356,357,359,366,371,372,373,374,377,384,385,386,388,391,393,394,397,400,401,404,417,419,422,431,435,436,442,443,446,447,448,450,454,465,471,473,483,491,492,496,503,507,509,512,517,521,522,524,525,528,529,531,539,540,541,546,547,550,553,556,557,565,571,577,578,579,583,585,586,593,596,600,601,604,608,609,614,619,629,634,635,641,644,657,658,661,665,666,669,678,679,680,684,689,697,709,710,711,713,756,819
draft_22951_01068	10,11,12,13,15,16,34,179,180,181,182,186,256,284,285,286,294,300,333,334,337,339,341,345,346,352,356,357,366,371,372,375,376,377,378,385,391,393,394,417,422,431,435,438,442,447,450,465,471,491,496,503,509,512,517,521,525,529,541,546,547,550,553,557,561,565,571,579,583,585,586,593,594,596,600,601,604,608,609,614,619,629,634,635,637,641,644,655,657,658,661,665,666,669,675,678,679,680,684,689,698,709,710,711,717,735,759,780,798,822
draft_22951_01069	10,11,12,15,16,17,19,144,146,147,179,180,256,257,258,284,285,286,287,300,301,333,341,342,345,352,353,356,359,367,371,372,375,376,377,378,379,380,382,383,385,388,394,395,399,400,406,417,419,423,435,438,439,442,443,447,450,451,465,468,471,477,478,487,489,491,499,500,503,516,517,518,521,523,524,525,528,531,539,542,543,546,547,548,549,550,553,556,557,565,566,570,571,574,575,579,583,585,590,593,594,595,596,600,601,602,604,605,607,608,609,617,619,620,622,627,634,635,636,638,641,642,645,652,656,661,665,666,667,669,678,679,680,681,683,684,690,722,785
draft_22951_01070	10,11,12,15,16,17,19,179,180,181,182,186,188,189,193,256,257,258,259,260,284,285,286,287,300,333,334,341,345,346,352,353,356,357,358,359,366,371,372,373,374,375,376,377,378,379,380,385,387,388,391,393,394,397,404,417,419,421,431,432,435,436,438,439,440,442,443,444,446,447,448,450,451,452,454,465,471,473,483,485,486,488,491,492,494,496,500,503,507,517,520,521,522,524,525,531,536,539,540,541,546,547,548,550,553,554,556,557,561,565,570,571,577,578,579,580,583,585,586,593,596,597,598,600,601,604,608,609,612,614,619,624,629,634,635,637,641,644,646,648,655,657,658,661,665,666,669,672,673,675,678,679,680,684,685,686,689,693,696,705,708,709,710,711,717,738,771,780,801,834
draft_22951_01071	10,11,12,15,19,20,144,149,150,179,180,256,284,285,286,287,333,341,342,345,352,353,356,367,371,372,375,377,378,382,383,385,391,392,406,417,421,435,438,440,442,444,447,450,452,465,471,477,491,496,499,503,517,521,525,542,543,546,547,549,550,553,554,557,565,566,571,574,575,579,583,585,586,590,593,595,596,600,601,604,605,607,608,609,614,619,620,627,629,634,635,638,641,642,646,651,652,656,657,658,661,665,666,667,669,672,673,678,679,680,681,683,684,690,722,785
draft_22951_01072	10,11,12,13,15,16,17,19,20,179,180,186,187,256,258,284,285,286,287,300,333,334,341,345,346,352,353,356,357,366,371,372,375,376,377,378,385,391,392,393,394,417,421,431,435,438,440,442,444,447,450,452,465,471,491,494,496,503,517,521,525,529,536,541,546,547,550,553,554,557,561,565,570,571,579,580,581,583,585,586,593,594,596,598,600,601,604,608,609,612,614,619,624,625,629,634,635,637,641,644,646,647,655,657,658,661,665,666,669,672,673,674,675,678,679,680,684,685,689,693,705,709,710,711,759,822
draft_22951_01073	10,11,12,13,15,16,19,20,21,179,180,184,185,186,187,193,256,258,284,285,286,287,300,333,334,341,342,345,347,352,353,356,357,367,371,372,375,377,378,382,383,385,391,393,394,406,417,421,431,435,438,440,442,444,447,450,452,463,465,471,477,491,494,496,499,503,517,521,525,536,538,542,543,544,545,546,547,549,550,553,554,557,565,566,567,568,571,574,575,579,580,583,585,586,590,593,595,596,598,600,601,604,605,606,607,608,609,614,615,616,619,620,621,624,627,629,631,633,634,635,638,639,641,642,644,646,652,653,656,657,658,660,661,663,665,666,667,669,672,673,678,679,680,681,683,684,685,686,689,690,692,693,694,703,704,705,706,709,710,711,715,722,738,743,762,764,778,785,801,806,825,827
draft_22951_01074	10,11,12,15,179,184,185,284,285,286,300,333,334,339,341,345,346,352,366,375,391,393,394,417,431,435,442,447,465,491,517,525,529,541,557,583,593,600,614,641,644,657,661,679,680
draft_22951_01075	10,11,12,13,15,16,19,20,144,146,147,179,180,181,182,184,185,186,187,193,200,256,257,258,284,285,286,287,300,309,333,334,336,339,340,341,342,345,346,347,352,353,356,357,358,359,366,367,371,372,375,377,378,381,385,386,387,388,391,392,393,394,397,400,401,404,406,407,417,419,421,431,432,435,438,441,442,443,444,447,450,453,454,465,471,473,483,491,496,503,507,517,521,524,525,528,531,536,539,540,541,546,547,550,553,556,557,565,570,571,572,577,578,579,580,582,583,585,586,593,596,600,601,604,608,609,612,614,618,619,629,634,635,638,640,641,643,644,657,658,661,665,666,669,678,679,680,681,684,685,689,690,692,693,696,697,698,699,700,703,704,705,708,709,710,711,713,759,778,798,799,819,820,822
draft_22951_01076	10,11,12,13,15,16,17,34,179,180,181,182,186,256,284,285,286,294,300,301,333,334,339,341,345,346,352,356,357,366,371,372,375,376,377,378,385,391,392,393,394,395,399,417,419,422,431,432,435,438,442,443,447,450,465,468,471,491,496,503,509,512,517,518,521,525,539,540,541,546,547,550,553,557,561,565,571,579,583,585,586,593,596,600,601,604,608,609,614,619,629,634,635,636,641,644,645,655,657,658,661,665,666,669,675,678,679,680,684,689,709,710,711,717,780
draft_22951_01077	10,11,12,15,19,20,179,180,181,182,186,256,257,258,284,285,286,287,300,309,333,334,341,345,352,353,356,357,358,359,371,372,375,377,378,381,382,385,386,387,388,391,393,394,397,400,401,404,407,417,419,421,431,432,435,438,440,441,442,443,444,447,450,452,453,454,465,471,473,483,491,494,496,503,507,517,521,524,525,528,531,536,539,540,546,547,549,550,553,554,556,557,565,571,574,575,577,578,579,580,581,582,583,585,586,589,593,596,598,600,601,604,608,609,614,618,619,620,624,625,629,634,635,638,639,641,642,643,644,646,656,657,658,661,665,666,668,669,672,673,674,678,679,680,681,684,685,689,690,692,693,696,697,698,699,703,704,705,708,709,710,711,714,738,759,777,801,822
draft_22951_01078	10,11,12,15,16,19,20,144,147,179,180,256,257,258,284,285,286,287,300,301,333,334,342,345,346,347,352,353,356,357,366,367,371,372,382,385,394,395,399,406,410,417,419,421,431,433,435,436,437,440,442,443,444,447,448,449,452,462,465,468,471,477,491,494,499,516,517,519,521,525,536,539,542,543,549,550,553,554,556,557,565,566,571,574,575,577,579,580,583,585,590,593,595,596,598,600,604,605,607,608,609,615,619,620,621,624,627,633,634,635,638,641,642,645,652,656,661,665,667,669,672,673,678,679,680,681,684,685,689,693,705,709,710,711
draft_22951_01079	10,11,12,15,16,34,179,180,181,182,186,256,257,258,284,285,286,294,300,333,334,341,345,346,352,356,357,359,366,371,372,373,374,375,376,377,378,385,388,391,392,393,394,397,404,417,419,422,431,435,436,438,442,443,446,447,448,450,454,465,471,473,483,491,492,496,500,503,507,509,512,517,521,522,524,525,531,539,540,541,546,547,548,550,553,556,557,561,565,570,571,577,578,579,583,585,586,593,596,600,601,604,608,609,612,614,619,629,634,635,637,641,644,655,657,658,661,665,666,669,675,678,679,680,684,689,709,710,711
draft_22951_01080	10,11,12,15,19,20,179,180,256,284,285,286,287,300,309,333,334,339,340,341,342,345,346,347,352,353,356,357,366,367,371,372,375,382,383,385,391,393,394,406,407,417,431,435,442,447,471,477,491,499,517,521,525,529,541,542,543,549,553,557,565,566,567,568,571,572,574,575,579,583,585,590,595,596,600,604,605,607,609,614,615,619,620,621,627,633,635,638,639,641,642,644,652,656,657,660,661,663,664,665,667,669,678,679,680,681,689,690,700,709,710,711,736,799
draft_22951_01081	10,11,12,15,16,144,146,147,179,180,256,257,258,284,285,286,300,333,334,341,345,346,352,356,357,358,359,366,371,372,373,374,375,376,377,380,385,388,390,391,393,394,397,400,401,404,417,419,431,432,435,436,438,442,443,446,447,448,450,451,454,471,473,483,485,486,488,489,491,492,496,500,503,505,507,517,520,521,522,524,525,528,529,539,540,541,546,547,548,553,557,561,565,570,571,573,579,583,585,586,593,596,597,600,604,608,609,612,614,619,635,637,641,644,655,658,661,665,666,669,675,678,679,680,684,689,697,698,709,710,711,713,735,756,798,819
draft_22951_01082	10,11,12,15,34,179,180,184,185,186,256,284,285,286,294,333,334,337,341,345,352,354,356,357,369,371,372,375,385,391,413,417,419,431,435,442,443,447,454,471,476,491,508,517,521,525,539,553,556,557,565,571,577,579,583,585,587,593,596,600,604,608,609,619,635,641,661,665,669,678,679,680,684,689,697,698,709,710,711,713,735,756,798,819
draft_22951_01083	10,11,15,19,284,285,286,287,300,333,345,352,353,375,394,421,440,444,452,536,580,583,593,644,680,684,685,689,693,705
draft_22951_01084	10,11,12,15,179,180,186,187,284,285,286,300,333,339,341,345,346,352,366,391,393,394,529,541,583,593,614,644,657,680,684
draft_22951_01085	10,11,12,15,16,144,146,147,179,180,256,257,258,284,285,286,300,301,333,334,341,345,352,356,357,358,359,371,372,375,377,378,385,387,388,399,417,419,423,431,432,435,438,442,443,447,450,465,471,478,486,491,500,503,516,521,523,524,525,531,539,540,546,547,548,550,553,556,557,565,570,571,577,579,583,585,593,596,600,601,604,608,609,619,634,635,641,661,665,666,669,678,679,680,684,689,697,709,710,711,713,717,738,756,771,780,801,819,834
draft_22951_01086	10,11,12,13,15,19,20,179,180,183,184,185,186,187,193,200,256,258,284,285,286,287,309,333,334,339,341,342,345,346,352,353,356,357,366,367,371,372,375,382,383,385,391,392,406,407,417,431,435,442,447,465,471,477,491,499,517,521,525,541,542,543,545,549,550,553,557,565,566,568,571,574,575,579,583,585,590,591,593,595,596,600,604,605,607,608,609,614,618,619,620,627,629,631,632,634,635,638,641,642,652,656,657,661,663,664,665,667,668,669,678,679,680,681,684,689,690,692,697,698,699,700,703,704,709,710,711,713,715,735,736,756,757,762,777,778,780,798,799,801,819,820,822,825
draft_22951_01087	10,11,12,15,284,285,286,333,334,336,345,346,352,366,375,391,392,541,614,657
draft_22951_01088	10,11,12,15,179,180,186,187,256,284,285,286,300,333,334,337,341,345,346,352,356,357,366,371,372,385,391,393,394,417,431,435,442,447,465,471,491,517,521,525,529,541,550,553,557,565,571,579,583,585,593,596,600,604,608,609,614,619,629,634,635,641,644,657,661,665,669,678,679,680,684,689,697,698,709,710,711,713
draft_22951_01089	10,11,12,15,179,180,186,187,256,258,284,285,286,300,333,334,345,346,352,356,357,366,371,372,385,391,393,394,417,431,435,442,447,465,471,491,517,521,525,529,541,550,553,557,565,571,579,583,585,593,596,600,604,608,609,614,619,629,634,635,641,657,661,665,669,678,679,680,684,689,709,710,711
draft_22951_01090	10,11,12,15,16,19,20,179,181,182,284,285,286,287,300,333,334,335,336,345,352,353,375,376,391,393,394,421,440,444,452,536,561,580,581,583,589,593,594,614,637,646,648,651,655,680,684,685,709,710,711,712,713
draft_22951_01091	10,11,12,15,16,17,34,144,146,147,179,180,256,257,258,284,285,286,294,300,301,333,334,341,345,346,352,356,357,358,359,366,371,372,375,376,377,378,385,386,387,388,391,393,394,395,397,399,400,401,404,417,419,422,431,432,435,436,438,442,443,447,448,450,454,465,468,471,473,483,491,496,503,507,512,517,518,521,524,525,528,531,539,540,546,547,550,553,556,557,565,571,577,578,579,583,585,586,593,596,600,601,604,608,609,614,619,629,634,635,636,641,644,645,657,658,661,665,666,669,678,679,680,684,689,697,698,709,710,711,713,759,822
draft_22951_01092	10,11,12,15,16,34,144,149,150,179,180,181,182,186,256,257,258,284,285,286,294,300,333,334,341,345,346,352,356,357,359,366,371,372,373,374,376,377,378,385,388,391,392,393,394,397,404,417,419,422,431,435,436,438,442,443,446,447,448,450,454,465,471,473,483,491,492,496,500,503,507,509,512,517,521,522,524,525,531,539,540,541,546,547,548,550,553,556,557,561,565,570,571,577,578,579,583,585,586,593,596,600,601,604,608,609,612,614,619,629,634,635,637,641,644,655,657,658,661,665,666,669,675,678,679,680,684,689,697,709,710,711,759,822
draft_22951_01093	10,11,12,13,15,16,19,179,180,181,182,186,256,257,258,284,285,286,287,300,301,333,334,345,346,352,353,356,357,359,366,371,372,373,374,375,377,385,388,391,392,394,395,397,398,399,404,417,419,421,431,435,436,440,442,443,444,446,447,448,450,452,454,465,468,471,473,483,491,492,496,503,507,516,517,519,521,522,524,525,531,537,539,540,541,546,547,550,553,556,557,565,570,571,577,578,579,583,585,586,593,596,600,601,603,604,608,609,612,614,619,629,634,635,641,644,645,657,658,661,665,666,669,678,679,680,684,689,697,698,709,710,711,714,777
draft_22951_01094	10,11,12,13,15,16,19,20,179,180,181,182,186,187,193,256,257,258,260,284,285,286,287,300,301,309,333,334,341,345,352,353,356,357,358,359,371,372,377,381,382,385,388,394,395,399,400,407,417,419,421,423,431,432,435,438,440,441,442,443,444,447,450,452,453,465,468,471,478,491,494,516,517,519,521,523,524,525,528,531,536,539,546,549,550,553,554,556,557,565,571,574,575,577,579,580,581,582,583,585,589,593,596,598,600,601,604,608,609,617,618,619,620,624,625,634,635,638,639,641,642,643,645,656,661,665,666,668,669,672,674,678,679,680,681,683,684,685,686,689,690,693,697,698,699,700,705,709,710,711,713
draft_22951_01095	10,11,12,13,15,16,19,20,144,146,147,179,180,181,182,186,187,193,256,258,284,285,286,287,333,334,335,336,345,346,347,352,353,356,357,366,367,371,372,375,385,391,392,406,417,421,431,435,440,442,444,447,452,471,491,517,521,525,536,541,553,557,565,567,571,579,580,583,585,593,596,598,600,604,608,609,614,615,616,619,635,641,646,647,657,660,661,665,669,678,679,680,684,685,686,689,693,696,697,698,705,709,710,711,712,713
draft_22951_01096	10,11,12,15,16,19,20,179,181,182,284,285,286,287,300,333,334,335,336,345,352,353,375,376,391,393,394,417,421,435,440,442,444,447,452,491,517,536,557,561,580,581,583,589,593,594,600,614,637,641,646,648,651,655,709,710,711,712,713
draft_22951_01097	10,11,12,15,16,19,179,180,181,182,186,187,193,256,257,258,260,284,285,286,287,300,333,334,341,345,346,352,353,356,357,358,359,366,371,372,374,376,377,378,380,382,385,386,387,388,390,391,392,394,397,398,404,417,419,421,431,432,435,438,440,442,443,444,447,448,450,451,452,454,465,471,473,483,485,488,491,492,494,496,503,505,507,517,520,521,522,524,525,531,536,539,540,541,546,547,550,553,554,556,557,561,565,571,573,577,579,580,581,583,585,586,593,594,596,597,598,600,601,602,604,608,609,614,619,622,624,625,629,634,635,637,641,644,646,647,648,655,657,658,661,665,666,669,672,673,674,675,678,679,680,684,685,686,689,693,705,709,710,711,729,738,759,792,801,822
draft_22951_01098	10,11,12,13,15,16,19,20,21,179,180,181,182,186,256,284,285,286,287,333,334,337,341,345,346,352,353,356,366,367,371,372,375,377,378,381,385,391,392,406,417,421,435,438,440,441,442,444,447,450,452,453,465,471,491,496,503,517,521,525,536,537,541,546,547,550,553,557,565,567,571,579,580,581,583,585,586,593,594,596,600,601,603,604,608,609,614,616,619,629,634,635,638,639,641,646,657,658,660,661,665,666,669,678,679,680,683,684,686,709,711
draft_22951_01099	10,11,12,13,15,16,17,19,20,179,180,181,182,186,187,193,256,258,284,285,286,287,300,333,334,341,345,346,352,353,356,357,366,371,372,377,378,385,391,392,393,394,417,421,431,435,438,440,442,444,447,450,452,465,471,491,496,503,517,521,525,529,537,541,546,547,550,553,557,565,570,571,579,583,585,586,593,596,600,601,603,604,608,609,612,614,619,629,634,635,641,644,646,647,657,658,661,665,666,669,678,679,680,684,689,709,710,711
draft_22951_01100	10,11,12,15,34,144,147,179,180,256,257,258,284,285,286,294,300,333,334,339,341,345,346,350,352,354,356,357,366,369,371,372,375,384,385,391,393,394,413,417,422,431,435,442,447,465,471,472,481,491,501,508,514,517,521,525,529,532,533,541,550,553,557,565,571,579,583,585,587,593,596,600,604,608,609,614,619,629,634,635,641,644,657,659,661,665,669,678,679,680,684,689,697,709,710,711
draft_22951_01101	10,11,12,15,16,144,146,147,179,180,186,187,256,257,258,260,284,285,286,300,333,334,341,345,346,352,356,357,358,359,366,371,372,375,377,378,385,386,387,388,391,392,394,397,398,404,417,419,431,432,435,438,442,443,447,450,454,465,471,473,483,491,496,503,507,517,521,522,524,525,531,539,540,541,546,547,550,553,556,557,565,571,577,578,579,583,585,586,593,596,600,601,604,608,609,614,619,629,634,635,641,644,657,658,661,665,666,669,678,679,680,684,689,697,698,709,710,711,713,729,738,759,792,801,822
draft_22951_01102	10,11,12,15,19,20,144,146,147,179,180,256,284,285,286,287,333,341,342,345,346,352,353,356,366,367,371,372,375,377,378,382,383,385,391,392,406,417,421,435,438,440,442,444,447,450,452,465,471,477,491,496,499,503,517,521,525,536,541,542,543,546,547,549,550,553,557,565,566,571,574,575,579,580,583,585,586,590,593,595,596,600,601,604,605,607,608,609,614,619,620,627,629,634,635,638,641,642,646,647,652,656,657,658,661,665,666,667,669,678,679,680,681,683,684,686,690,722,785
draft_22951_01103	10,11,12,15,16,19,20,144,147,256,257,284,285,286,287,300,301,333,339,341,342,345,346,352,353,356,366,371,372,375,382,385,391,393,394,395,399,406,410,417,419,421,433,435,436,440,442,443,444,447,448,452,462,468,471,477,491,494,499,516,517,519,521,525,529,536,537,539,541,542,543,549,553,554,556,557,565,566,570,571,574,575,577,579,580,583,585,590,595,596,598,600,603,604,605,607,609,612,615,620,621,624,627,633,635,638,641,642,644,645,646,647,652,656,657,661,665,667,669,672,673,678,679,680,681,685
draft_22951_01104	10,11,12,15,19,144,146,147,179,180,256,257,258,284,285,286,287,300,333,334,341,345,346,347,352,353,356,357,358,359,366,367,371,372,373,374,377,378,385,386,387,388,391,393,394,397,400,401,404,417,419,421,431,432,435,436,437,438,442,443,444,446,447,448,449,450,454,465,471,473,483,491,492,494,496,503,507,517,521,522,524,525,528,529,531,536,539,540,541,546,547,550,553,554,556,557,565,571,577,578,579,580,583,585,586,593,596,598,600,601,604,608,609,614,619,624,629,634,635,641,644,657,658,661,665,666,669,672,673,678,679,680,684,685,686,689,693,696,697,705,709,710,711,713,738,756,759,801,819,822
draft_22951_01105	10,11,12,13,15,16,19,20,179,180,181,182,183,186,193,256,257,258,284,285,286,287,300,333,334,341,342,345,352,353,356,357,358,359,366,371,372,375,377,378,382,385,388,391,392,393,394,397,398,404,417,419,421,431,432,433,435,438,440,442,443,444,447,450,452,454,465,471,473,483,491,494,496,503,507,517,521,524,525,529,531,536,539,540,541,546,547,550,553,554,556,557,565,571,577,578,579,580,581,583,585,586,589,593,594,596,598,600,601,604,608,609,614,619,624,625,629,634,635,641,646,647,657,658,661,665,666,669,672,673,674,678,679,680,684,685,689,693,695,696,697,698,705,707,708,709,710,711,822
draft_22951_01106	10,11,12,15,19,179,180,256,284,285,286,287,333,334,336,342,345,346,352,353,356,357,366,371,372,375,385,391,392,417,421,431,433,435,442,444,447,471,491,494,517,521,525,536,541,553,554,557,565,571,579,580,581,583,585,593,596,598,600,604,609,614,619,624,635,641,661,665,669,672,673,678,679,680,684,685,689,693,697,698,705,709,710,711,713,714,777
draft_22951_01107	10,11,12,13,15,16,17,19,20,179,180,181,182,186,187,193,256,258,284,285,286,287,300,333,334,341,345,346,352,353,356,357,366,371,372,375,377,378,385,391,392,393,394,417,421,431,435,438,440,442,444,447,450,452,465,471,491,494,496,503,517,521,525,529,536,537,541,546,547,550,553,554,557,565,570,571,579,580,583,585,586,593,596,598,600,601,603,604,608,609,612,614,619,624,629,634,635,641,644,646,647,657,658,661,665,666,669,672,673,678,679,680,684,685,689,693,705,709,710,711,717,780
draft_22951_01108	10,11,12,15,19,20,179,180,181,182,186,256,284,285,286,287,333,334,335,345,346,347,352,353,356,357,366,367,371,372,375,381,385,391,392,406,417,421,431,435,441,442,444,447,453,471,491,517,521,525,536,541,553,557,565,571,579,580,583,585,593,596,598,600,604,609,614,615,619,635,638,641,642,656,657,661,665,669,678,679,680,681,683,684,685,686,689,690,693,697,698,699,705,709,710,711,712,713
draft_22951_01109	10,11,12,15,19,20,144,146,147,179,180,256,257,258,284,285,286,287,309,333,334,341,345,346,352,353,356,357,358,359,366,371,372,373,374,375,377,378,381,385,386,387,388,391,392,397,398,404,407,417,419,421,431,432,435,436,438,441,442,443,444,446,447,448,450,453,454,465,471,473,483,491,492,494,496,503,507,517,521,522,524,525,531,536,539,540,541,546,547,549,550,553,554,556,557,565,571,574,575,577,578,579,580,581,583,585,586,593,596,598,600,601,604,608,609,614,618,619,620,624,625,629,634,635,638,639,641,642,656,657,658,661,665,666,668,669,672,673,674,678,679,680,681,683,684,685,686,689,690,693,697,698,699,705,709,710,711,713,759,822
draft_22951_01110	10,11,12,13,15,19,179,180,181,182,183,186,187,193,200,256,284,285,286,287,309,333,334,335,336,339,341,342,345,346,352,353,356,357,366,371,372,382,383,385,391,392,407,417,431,435,442,447,465,471,491,499,517,521,525,541,542,543,549,553,557,565,571,574,575,579,583,585,591,593,596,600,604,607,608,609,614,618,619,620,635,638,641,642,652,656,657,661,665,668,669,678,679,680,681,684,689,690,697,698,699,700,709,710,711,712,713,715,736,756,777,778,780,798,799,801,819,822
draft_22951_01111	10,11,12,15,16,144,146,147,179,180,181,182,186,256,257,258,259,260,284,285,286,300,333,334,341,345,346,352,356,357,358,359,366,371,372,373,374,375,377,378,385,386,387,388,391,392,393,394,397,398,400,401,404,417,419,431,432,435,436,438,442,443,446,447,448,450,454,465,471,473,483,491,492,496,503,507,517,521,522,524,525,528,531,539,540,541,546,547,550,553,556,557,565,571,577,578,579,583,585,586,593,596,600,601,604,608,609,614,619,629,634,635,641,644,657,658,661,665,666,669,678,679,680,684,689,697,698,709,710,711,717,735,759,780,798,822
draft_22951_01112	10,11,12,15,16,19,20,179,180,181,182,186,256,257,258,284,285,286,287,300,333,334,345,346,347,352,353,356,357,359,366,367,371,372,373,374,375,376,377,380,382,385,388,390,391,392,393,394,397,398,400,401,404,406,417,419,421,431,435,436,440,442,443,444,446,447,448,450,451,452,454,465,471,473,483,485,488,489,491,492,494,496,505,507,517,520,521,522,524,525,528,531,536,539,541,546,549,550,553,554,556,557,561,565,571,573,574,575,577,579,581,583,585,586,594,595,596,597,600,602,604,605,609,613,614,619,620,622,625,629,635,637,638,641,642,646,647,648,651,655,656,658,661,665,667,669,673,674,675,678,679,680,681,689,690,699,709,710,711
draft_22951_01113	10,11,12,15,16,19,179,180,181,182,186,256,284,285,286,287,300,333,334,336,341,345,346,352,353,356,357,366,371,372,375,377,378,385,391,392,394,417,421,431,435,438,440,442,444,447,450,452,465,471,491,494,503,517,521,525,536,541,546,547,550,553,554,557,565,571,579,580,583,585,593,596,598,600,601,604,608,609,614,619,624,629,634,635,641,644,646,647,657,661,665,666,669,672,673,678,679,680,684,685,689,693,696,705,708,709,710,711,717,780
draft_22951_01114	10,11,12,15,19,179,180,186,187,256,258,284,285,286,287,300,333,334,341,342,345,347,352,353,356,357,367,371,372,377,378,382,383,385,394,406,417,431,435,438,442,447,450,465,471,477,491,499,503,517,521,525,542,543,546,547,549,550,553,557,565,566,571,574,575,579,583,585,590,593,595,596,600,601,604,605,607,608,609,615,619,620,621,627,633,634,635,638,641,642,644,652,656,661,665,666,667,669,678,679,680,681,683,684,689,690,699,709,710,711,722,785
draft_22951_01115	10,11,12,15,16,17,34,179,180,256,284,285,286,294,300,301,333,334,341,345,346,352,356,357,366,371,372,375,376,377,378,385,391,392,394,395,399,417,419,422,431,435,436,438,442,443,447,448,450,465,468,471,491,496,503,512,517,518,521,525,539,541,546,547,550,553,556,557,565,571,577,579,583,585,586,593,596,600,601,604,608,609,614,619,629,634,635,636,641,645,658,661,665,666,669,678,679,680,684,689,709,710,711,717,780
draft_22951_01116	10,11,12,13,15,16,179,180,181,182,186,188,189,193,256,257,258,259,260,284,285,286,333,334,341,345,346,352,356,357,358,359,366,371,372,373,374,375,377,378,385,386,387,388,391,397,404,417,419,431,432,435,436,438,442,443,446,447,448,450,454,465,471,473,483,486,491,492,496,500,507,517,521,522,524,525,531,539,541,546,548,550,553,556,557,565,570,571,577,578,579,583,585,586,593,596,600,601,604,608,609,612,614,619,629,634,635,641,657,658,661,665,666,669,678,679,680,684,689,697,698,709,710,711,713,714,738,759,771,777,801,822,834
draft_22951_01117	10,11,12,15,16,17,19,179,180,181,182,186,256,257,258,284,285,286,287,300,301,333,334,341,345,346,352,353,356,357,358,359,366,371,372,375,376,377,378,380,382,385,388,390,391,392,393,394,395,397,399,400,401,404,417,419,421,423,431,432,435,436,438,440,442,443,444,447,448,450,451,452,454,465,468,471,473,478,483,485,486,487,488,489,491,495,496,500,503,505,507,516,517,518,520,521,524,525,528,536,537,539,540,541,546,547,548,550,553,556,557,561,565,570,571,573,577,579,583,585,586,593,596,597,600,601,604,608,609,612,614,617,619,629,634,635,636,641,645,648,655,658,661,665,666,669,675,678,679,680,684,689,709,710,711,717,780
draft_22951_01118	10,11,12,15,16,34,144,149,150,179,180,256,284,285,286,294,300,333,334,341,345,346,350,352,354,356,357,366,369,371,372,375,376,377,378,385,391,393,394,413,417,419,431,435,438,442,447,450,451,454,465,471,476,488,490,491,496,503,508,517,520,521,525,546,547,550,553,557,565,571,579,583,585,586,593,596,597,600,601,604,608,609,614,619,629,634,635,641,644,658,661,665,666,669,678,679,680,684,689,697,709,710,711,713,717,738,756,780,801,819
draft_22951_01119	10,11,12,13,15,16,19,179,180,181,182,186,256,284,285,286,287,300,333,334,339,341,345,346,352,353,356,357,366,371,372,375,377,378,385,391,392,393,394,417,421,431,435,438,440,442,444,447,450,452,465,471,491,496,517,521,525,536,537,541,546,550,553,557,565,570,571,579,580,583,585,586,593,596,600,601,603,604,608,609,612,614,619,629,634,635,641,644,646,657,658,661,665,666,669,678,679,680,684,685,689,693,698,709,710,711,735,759,798,822
draft_22951_01120	10,11,12,13,15,16,19,20,179,180,181,182,186,188,189,193,256,284,285,286,287,300,333,334,341,345,346,352,353,356,357,366,371,372,377,378,385,391,392,394,417,421,431,435,438,440,442,444,447,450,452,465,471,491,494,503,521,525,536,541,546,547,550,553,554,557,565,571,579,580,583,585,593,596,598,600,601,604,608,609,614,619,624,629,634,635,641,644,646,647,657,661,665,666,669,672,673,678,679,680,684,685,686,689,693,695,696,698,705,709,710,711,735,738,798,801
draft_22951_01121	10,11,12,15,16,34,179,180,256,284,285,286,294,300,333,334,341,345,352,356,357,366,371,372,375,376,377,378,385,391,393,394,417,422,431,435,438,442,447,450,465,471,491,496,509,512,517,521,525,529,541,546,550,553,557,561,565,571,579,583,585,586,593,596,600,601,604,608,609,614,619,629,634,635,637,641,655,658,661,665,666,669,675,678,679,680,684,689,698,709,710,711,735,759,798,822
draft_22951_01122	10,11,12,15,19,144,147,179,180,256,257,258,284,285,286,287,300,333,334,339,341,342,345,346,347,352,353,356,357,366,367,371,372,375,382,385,391,393,394,406,410,417,421,431,433,435,437,442,444,447,449,465,471,477,491,494,499,517,521,525,529,536,537,541,542,543,549,550,553,554,557,565,566,567,571,574,575,579,580,583,585,590,593,595,596,598,600,603,604,605,607,608,609,614,615,616,619,620,621,624,627,629,633,634,635,638,641,642,644,652,656,657,660,661,665,667,669,672,673,678,679,680,681,684,685,689,692,696,697,703,709,710,711
draft_22951_01123	10,11,12,15,16,34,179,181,182,284,285,286,294,300,333,345,346,352,366,375,376,391,392,393,394,422,509,512,529,541,561,583,593,614,637,655,680,684
draft_22951_01124	10,11,12,13,15,16,34,179,180,181,182,186,284,285,286,294,300,333,334,337,339,341,345,346,352,366,375,376,391,393,394,422,509,512,529,541,561,583,593,594,614,637,644,655,657,680,684,689,698,709,710
draft_22951_01125	10,11,12,13,15,19,20,179,180,186,187,256,258,284,285,286,287,300,309,333,334,339,340,341,342,345,346,347,352,353,356,357,366,367,371,372,375,382,383,385,391,393,394,406,407,417,431,435,442,447,471,477,491,499,517,521,525,529,541,542,543,549,553,557,565,566,567,571,572,574,575,579,583,585,590,591,593,595,596,600,604,605,607,608,609,614,615,616,618,619,620,621,627,633,635,638,641,642,644,652,656,657,660,661,665,667,668,669,678,679,680,681,684,689,690,691,697,699,702,709,710,711,715,778
draft_22951_01126	10,11,12,15,16,17,34,179,180,181,182,186,256,257,258,284,285,286,294,300,301,333,334,341,345,346,352,356,357,359,366,371,372,373,374,376,377,378,385,388,391,393,394,395,397,399,404,417,419,422,431,435,436,438,442,443,446,447,448,450,454,465,468,471,473,483,491,492,496,503,507,509,512,517,518,521,522,524,525,531,539,540,541,546,547,550,553,556,557,561,565,571,577,578,579,583,585,586,593,596,600,601,604,608,609,614,619,629,634,635,636,641,644,645,655,657,658,661,665,666,669,675,678,679,680,684,709,710
draft_22951_01127	10,11,12,13,15,16,19,20,144,146,147,179,180,181,182,186,187,193,256,258,284,285,286,287,333,334,339,341,345,346,352,353,356,357,366,371,372,385,391,392,417,421,431,435,440,442,444,447,452,465,471,491,517,521,525,536,537,541,550,553,557,565,570,571,579,580,581,583,585,593,594,596,600,603,604,608,609,612,614,619,629,634,635,641,646,647,651,657,661,665,669,678,679,680,684,686,688,689,709,710,711
draft_22951_01128	10,11,12,15,19,144,146,147,256,257,284,285,286,287,333,334,341,345,346,347,352,353,356,357,358,359,366,367,371,372,375,377,385,388,391,392,397,398,404,417,419,421,431,432,435,437,438,442,443,444,447,449,450,454,465,471,473,483,491,494,496,503,507,521,522,524,525,531,536,539,540,541,546,547,550,553,554,556,557,565,571,577,578,579,580,581,583,585,586,593,596,598,600,601,604,608,609,614,624,625,629,634,635,641,657,658,661,665,666,669,672,673,674,678,679,680,684,685,686,709,710,711
draft_22951_01129	10,11,12,13,15,16,144,146,147,151,153,154,179,180,186,187,256,257,258,259,260,262,284,285,286,300,333,334,341,345,352,356,357,358,359,360,371,372,375,376,377,378,380,385,386,387,388,390,391,393,394,397,400,401,404,417,419,431,432,435,438,439,442,443,447,450,451,454,465,471,473,483,485,486,488,489,491,496,500,503,505,507,517,520,521,524,525,528,531,539,540,546,547,548,550,553,556,557,561,565,570,571,573,577,578,579,583,585,586,593,596,597,600,601,604,608,609,612,614,619,629,634,635,637,641,644,655,657,658,661,665,666,669,675,678,679,680,684,689,697,698,709,710,711,713,759,771,822,834
draft_22951_01130	10,11,12,15,19,20,179,180,256,284,285,286,287,300,309,333,339,340,341,342,345,346,347,352,353,356,366,367,371,372,375,382,383,385,391,393,394,406,407,417,435,442,447,471,477,491,499,517,521,525,529,541,542,543,545,549,553,557,565,566,567,568,571,572,574,575,579,583,585,590,595,596,600,604,605,607,609,614,615,619,620,621,627,631,633,635,638,639,641,642,644,652,656,657,660,661,663,664,665,667,669,678,679,680,681,690,762,825
draft_22951_01131	10,11,12,15,16,19,284,285,286,287,300,333,334,337,341,345,352,375,376,391,393,394,418,421,428,429,452,461,561,637,644,646,655
draft_22951_01132	10,11,12,15,16,19,144,146,147,179,180,256,257,258,284,285,286,287,300,333,334,341,345,346,352,353,356,357,358,359,366,371,372,373,374,375,377,378,385,386,387,388,391,393,394,397,400,401,404,417,419,421,431,432,435,436,438,440,442,443,444,446,447,448,450,452,454,465,471,473,483,491,492,494,496,503,507,517,521,522,524,525,528,529,531,536,539,540,541,546,547,550,553,554,556,557,565,571,577,578,579,580,581,583,585,586,593,594,596,598,600,601,604,608,609,614,619,624,625,629,634,635,641,644,646,647,657,658,661,665,666,669,672,673,674,678,679,680,684,685,686,689,693,697,698,705,709,710,711,713,759,822
draft_22951_01133	10,11,12,15,19,20,179,180,186,187,256,258,284,285,286,287,300,309,333,334,341,345,352,353,356,357,371,372,377,378,381,385,394,407,417,421,431,435,438,441,442,444,447,450,453,465,471,491,503,517,521,525,536,546,547,550,553,554,557,565,571,574,579,580,583,585,593,596,598,600,601,604,608,609,618,619,620,634,635,638,641,642,644,656,661,665,666,668,669,672,673,678,679,680,681,684,685,689,690,693,697,699,705,709,710,711,717,780
draft_22951_01134	10,11,12,15,19,20,144,149,150,179,180,256,284,285,286,287,309,333,334,341,345,346,352,353,356,357,366,371,372,377,378,381,385,391,392,407,417,421,431,435,438,440,441,442,444,447,450,452,453,465,471,491,496,503,517,521,525,541,546,547,550,553,554,557,565,571,574,579,583,585,586,593,596,600,601,604,608,609,614,619,620,629,634,635,641,646,647,657,658,661,665,666,668,669,672,673,678,679,680,684,689,697,709,710,711,759,822
draft_22951_01135	10,11,12,15,19,144,146,147,179,180,256,257,258,284,285,286,287,300,333,334,341,345,346,347,352,353,356,357,358,359,366,367,371,372,373,374,375,377,378,385,386,387,388,391,393,394,397,400,401,404,417,419,421,431,432,435,436,437,438,442,443,444,446,447,448,449,450,454,465,471,473,483,491,492,494,496,503,507,517,521,522,524,525,528,529,531,536,539,540,541,546,547,550,553,554,556,557,565,571,577,578,579,580,581,583,585,586,593,596,598,600,601,604,608,609,614,619,624,625,629,634,635,641,644,657,658,661,665,666,669,672,673,674,678,679,680,684,685,686,689,693,697,698,705,709,710,711,713,717,735,759,780,798,822
draft_22951_01136	10,11,12,15,16,19,20,179,180,256,284,285,286,287,300,333,334,336,341,345,346,352,353,356,366,371,372,375,377,378,385,391,392,393,394,417,421,435,438,440,442,444,447,450,452,465,471,491,496,503,517,521,525,529,537,541,546,547,550,553,557,565,570,571,579,583,585,586,593,596,600,601,603,604,608,609,612,614,619,629,634,635,641,644,646,647,657,658,661,665,666,669,678,679,680,684,729,792
draft_22951_01137	10,11,12,13,15,19,20,179,180,183,186,256,284,285,286,287,333,334,342,345,346,352,353,356,357,366,367,371,372,375,382,383,385,391,406,417,419,431,435,436,442,443,447,448,454,471,477,491,499,517,521,525,539,542,543,545,549,553,556,557,565,566,568,571,574,575,577,579,583,585,590,593,595,596,600,604,605,607,609,619,620,627,631,635,638,641,642,652,656,661,663,665,667,669,678,679,680,681,684,689,690,697,700,709,710,711,715,736,762,778,799,825
draft_22951_01138	10,11,12,13,15,16,19,20,179,180,186,187,256,258,284,285,286,287,300,309,333,334,339,340,341,342,345,346,347,352,353,356,357,366,367,371,372,375,382,383,385,391,393,394,407,417,421,431,435,440,442,444,447,452,465,471,491,494,499,517,521,525,529,536,541,542,543,549,550,553,554,557,565,567,571,572,574,575,579,580,582,583,585,591,593,596,598,600,604,607,608,609,614,618,619,620,624,626,634,635,638,639,641,642,643,644,652,656,657,660,661,665,668,669,672,673,678,679,680,681,684,685,689,690,691,692,693,694,697,698,699,702,705,706,709,710,711,715,735,757,778,798,820
draft_22951_01139	10,11,12,13,15,16,19,144,146,147,179,180,186,187,256,257,258,260,284,285,286,287,300,333,334,341,342,345,346,352,353,356,357,358,359,366,371,372,375,376,377,378,380,385,387,388,390,391,392,394,397,398,404,417,419,421,431,432,433,435,438,442,443,444,447,450,451,454,465,471,473,483,485,486,488,489,491,494,496,500,503,505,507,517,520,521,522,524,525,531,536,537,539,540,541,546,547,548,550,553,554,556,557,561,565,570,571,573,577,579,580,583,585,586,593,596,597,598,600,601,603,604,608,609,612,614,619,624,629,634,635,637,641,655,657,658,661,665,666,669,672,673,675,678,679,680,684,685,689,693,697,705,709,710,711,771,834
draft_22951_01140	10,11,12,15,16,17,19,144,146,147,179,180,181,182,186,256,257,258,259,260,284,285,286,287,300,301,333,334,341,345,346,352,356,357,358,359,366,371,372,373,374,375,376,377,378,379,380,385,386,387,388,390,391,393,394,395,397,399,400,401,404,417,419,421,423,431,432,435,436,438,439,442,443,446,447,448,450,451,452,454,465,468,471,473,478,483,485,486,487,488,489,491,492,496,500,503,505,507,516,517,518,519,520,521,522,523,524,525,528,529,531,539,540,541,546,547,548,550,553,556,557,561,565,570,571,573,577,578,579,583,585,586,593,594,596,597,600,601,604,608,609,612,614,617,619,629,634,635,641,644,645,646,648,655,657,658,661,665,666,669,675,678,679,680,684,689,697,698,709,710,711,713,759,822
draft_22951_01141	10,11,12,13,15,16,19,20,21,179,180,181,182,186,187,193,256,258,284,285,286,287,300,333,341,342,345,346,347,352,353,356,366,367,371,372,375,376,377,378,382,383,385,391,392,393,394,406,417,421,435,438,440,442,444,447,450,452,463,465,471,477,491,496,499,503,517,521,525,538,541,542,543,546,547,549,550,553,557,561,565,566,567,571,574,575,579,583,585,586,590,593,595,596,600,601,604,605,606,607,608,609,614,615,616,619,620,621,627,629,633,634,635,637,638,641,642,644,646,647,652,655,656,657,658,660,661,665,666,667,669,675,678,679,680,681,683,684,690,722,785
draft_22951_01142	10,11,12,13,15,19,20,21,179,180,256,284,285,286,287,300,309,333,334,339,340,341,342,345,346,347,352,353,356,357,366,367,371,372,375,382,383,385,391,393,394,406,407,417,431,435,442,447,471,477,491,499,517,521,525,529,541,542,543,549,553,557,565,566,567,568,571,572,574,575,579,583,585,590,595,596,600,604,605,607,609,614,615,619,620,621,627,633,635,638,639,641,642,644,652,656,657,660,661,663,664,665,667,669,678,679,680,681,689,690,691,699,701,702,709,710,711,715,778
draft_22951_01143	10,11,12,15,19,144,146,147,179,180,256,284,285,286,287,333,341,345,346,352,353,356,366,371,372,377,378,385,391,392,417,421,435,438,440,442,444,447,450,452,465,471,491,496,503,517,521,525,536,541,546,547,550,553,557,565,571,579,580,583,585,586,593,596,600,601,604,608,609,614,619,629,634,635,641,646,647,657,658,661,665,666,669,678,679,680,684,686
draft_22951_01144	10,11,12,15,16,19,144,146,147,179,180,184,185,186,256,257,258,284,285,286,287,300,333,334,341,345,346,352,353,356,357,358,359,366,371,372,377,378,385,386,387,388,391,393,394,397,400,401,404,417,419,421,431,432,435,438,440,442,443,444,447,450,452,454,465,471,473,483,491,494,495,496,503,507,517,521,524,525,528,529,531,536,537,539,540,541,546,547,550,553,554,556,557,565,570,571,577,578,579,580,583,585,586,593,596,598,600,601,603,604,608,609,612,614,619,624,629,634,635,641,644,646,647,657,658,661,665,666,669,672,678,679,680,684,685,689,693,696,697,698,705,708,709,710,711,713,759,822
draft_22951_01145	10,11,12,13,15,16,19,179,180,181,182,186,256,257,258,284,285,286,287,333,334,342,345,346,352,353,356,357,359,366,367,371,372,373,374,375,376,377,379,380,382,383,385,388,391,392,397,404,406,417,419,431,435,436,439,442,443,446,447,448,450,451,454,465,471,473,477,483,485,488,491,492,496,499,503,507,517,520,521,522,524,525,531,539,540,541,542,543,546,547,549,550,553,556,557,561,565,566,570,571,574,575,577,578,579,583,585,586,590,593,595,596,597,600,601,604,605,607,608,609,612,614,619,620,627,629,634,635,637,638,641,642,652,655,656,657,658,661,665,666,667,669,675,678,679,680,681,684,689,690,692,703,709,710,711,715,778
draft_22951_01146	10,11,12,13,15,16,144,149,150,179,180,186,187,256,258,284,285,286,300,333,334,341,345,346,352,356,357,366,371,372,376,377,378,385,391,392,393,394,417,419,431,435,438,439,442,443,447,450,451,454,465,471,488,491,496,503,517,520,521,525,529,540,541,546,547,550,553,557,565,570,571,579,583,585,586,593,596,597,600,601,604,608,609,612,614,619,629,634,635,641,644,657,658,661,665,666,669,678,679,680,684,689,709,710,711
draft_22951_01147	10,11,12,13,15,16,19,20,179,180,182,186,187,193,256,257,258,260,284,285,286,287,300,333,334,341,342,345,352,353,356,357,367,371,372,375,377,378,382,383,385,386,391,393,394,406,410,417,419,421,431,433,435,438,440,442,443,444,447,450,452,465,471,477,491,494,496,499,503,517,521,525,536,539,542,543,546,547,549,550,553,554,556,557,565,566,571,574,575,577,579,580,581,582,583,585,586,589,590,593,595,596,598,600,601,604,605,607,608,609,614,615,619,620,621,624,626,627,629,633,634,635,638,639,641,642,643,644,646,652,656,657,658,661,665,666,667,669,672,673,678,679,680,681,683,684,685,689,690,692,693,694,695,696,697,698,699,703,705,706,707,709,710,711,722,757,785,820
draft_22951_01148	10,11,12,13,15,16,179,180,186,187,256,258,284,285,286,300,333,334,341,345,346,352,356,357,366,371,372,375,377,378,385,386,391,392,393,394,417,431,435,438,442,447,450,465,471,491,496,503,517,521,525,529,541,546,547,550,553,557,565,570,571,579,583,585,586,593,596,600,601,604,608,609,612,614,619,629,634,635,641,644,657,658,661,665,666,669,678,679,680,684,689,697,709,710,711,713,738,756,759,801,819,822
draft_22951_01149	10,11,12,13,15,16,19,20,179,180,181,182,186,187,193,256,258,284,285,286,287,300,333,334,335,341,345,346,347,352,353,356,357,366,367,371,372,375,377,378,381,385,391,392,394,406,417,421,431,435,438,441,442,444,447,450,453,465,471,491,503,517,521,525,536,541,546,547,550,553,557,565,571,579,580,583,585,593,596,598,600,601,604,608,609,614,615,619,634,635,638,641,642,644,656,657,661,665,666,669,678,679,680,681,683,684,685,686,689,690,693,697,698,699,705,709,710,711,712,713,717,780
draft_22951_01150	10,11,12,13,15,16,179,180,181,182,186,256,257,258,284,285,286,333,334,345,346,352,356,357,359,366,371,372,373,374,375,376,377,379,380,385,388,391,392,397,404,417,419,431,435,436,439,442,443,446,447,448,450,451,454,465,471,473,483,485,488,491,492,496,503,507,517,520,521,522,524,525,531,539,540,541,546,547,550,553,556,557,561,565,570,571,577,578,579,583,585,586,593,596,597,600,601,604,608,609,612,614,619,629,634,635,637,641,655,657,658,661,665,666,669,675,678,679,680,684,689,709,710,711
draft_22951_01151	10,11,12,15,19,144,147,179,180,186,187,256,257,258,260,284,285,286,287,300,333,334,339,341,342,345,346,352,353,356,357,366,371,372,375,382,383,385,386,394,406,410,417,421,431,433,435,442,444,447,471,477,491,494,499,517,521,525,529,536,542,543,549,553,554,557,565,566,571,574,575,579,580,583,585,590,593,595,596,598,600,604,605,607,608,609,615,619,620,621,624,627,633,635,638,641,642,644,652,656,661,665,667,669,672,673,678,679,680,681,684,685,689,690,693,697,698,699,700,705,709,710,711,713,715,735,757,778,798,820
draft_22951_01152	10,11,12,13,15,19,20,179,180,182,186,187,193,256,257,258,260,284,285,286,287,333,334,342,345,346,352,353,356,357,366,367,371,372,375,382,383,385,386,391,392,406,410,417,421,431,433,435,442,444,447,465,471,477,491,494,499,517,521,525,536,541,542,543,549,550,553,554,557,565,566,571,574,575,576,579,580,581,582,583,585,589,590,593,595,596,598,600,604,605,607,608,609,614,615,619,620,621,624,626,627,629,633,634,635,638,639,640,641,642,643,652,654,656,661,665,667,669,672,673,678,679,680,681,684,685,689,690,691,693,694,696,697,698,699,701,702,705,706,709,710,711,715,735,741,757,778,798,804,820
draft_22951_01153	10,11,12,15,16,144,146,147,179,180,181,182,186,256,257,258,259,260,284,285,286,300,333,334,341,345,346,352,356,357,358,359,366,371,372,373,374,377,378,385,386,387,388,391,393,394,397,400,401,404,417,419,431,432,435,436,438,442,443,446,447,448,450,454,465,471,473,483,491,492,496,503,507,517,521,522,524,525,528,531,539,540,541,546,547,550,553,556,557,565,571,577,578,579,583,585,586,593,594,596,600,601,604,608,609,614,619,629,634,635,641,644,657,658,661,665,666,669,678,679,680,684,689,697,698,709,710,711,759,822
draft_22951_01154	10,11,12,13,15,16,179,180,181,182,186,188,189,193,256,257,258,284,285,286,333,334,336,341,345,346,352,356,357,358,359,366,371,372,373,374,377,385,388,391,392,397,404,417,419,431,432,435,436,438,442,443,446,447,448,450,454,465,471,473,483,491,492,496,503,507,517,521,522,524,525,531,539,540,541,546,547,550,553,556,557,565,570,571,577,578,579,583,585,586,593,596,600,601,604,608,609,612,614,619,629,634,635,641,657,658,661,665,666,669,678,679,680,684,689,697,698,709,710,711
draft_22951_01155	10,11,12,13,15,16,17,19,20,179,180,181,182,186,187,188,189,193,200,256,257,258,259,260,262,284,285,286,287,300,301,333,334,341,345,346,352,353,356,357,358,359,366,371,372,373,374,376,377,378,380,382,385,386,387,388,390,391,392,394,395,397,398,399,404,417,419,421,431,432,435,436,438,440,442,443,444,446,447,448,450,451,452,454,465,468,471,473,483,485,486,488,491,492,494,496,500,503,505,507,516,517,519,520,521,522,524,525,531,536,537,539,540,541,546,547,548,550,553,554,556,557,561,565,570,571,573,577,578,579,580,581,583,585,586,593,594,596,597,598,600,601,602,603,604,608,609,612,614,619,622,624,625,629,634,635,637,641,644,645,646,647,648,655,657,658,661,665,666,669,672,673,674,675,678,679,680,684,685,689,693,705,709,710,711,759,771,822,834
draft_22951_01156	10,11,12,15,19,20,179,180,256,284,285,286,287,300,309,333,334,336,341,345,352,353,356,357,371,372,375,377,378,381,385,391,393,394,407,417,421,431,435,438,440,441,442,444,447,450,452,453,465,471,491,494,496,503,517,521,525,536,546,547,549,550,553,554,557,565,571,574,575,579,580,583,585,586,593,596,598,600,601,604,608,609,614,618,619,620,624,629,634,635,638,641,642,644,646,656,657,658,661,665,666,668,669,672,673,678,679,680,681,683,684,685,686,689,690,693,699,705,709,710,711,738,801
draft_22951_01157	10,11,12,15,19,20,144,149,150,179,180,256,284,285,286,287,333,334,341,342,345,352,353,356,357,366,371,372,375,377,378,385,391,392,417,421,431,433,435,438,440,442,444,447,450,452,465,471,491,494,496,517,521,525,536,537,541,546,550,553,554,557,565,571,579,580,581,583,585,586,593,596,598,600,601,603,604,608,609,614,619,624,625,629,634,635,641,646,647,657,658,661,665,666,669,672,673,674,678,679,680,684,685,686,689,693,697,698,705,709,710,711,735,759,798,822
draft_22951_01158	10,11,12,13,15,16,19,20,21,179,180,256,284,285,286,287,300,301,333,334,341,345,347,352,353,356,357,367,371,372,375,377,378,381,385,391,393,394,395,399,406,417,421,431,435,438,440,441,442,444,447,450,452,453,465,471,491,496,503,511,516,517,519,521,523,525,536,546,547,550,553,554,557,565,571,574,579,580,583,585,586,593,595,596,600,601,604,608,609,614,615,619,620,629,634,635,641,644,646,657,658,661,665,666,667,669,672,673,678,679,680,684,686,688,689,698,709,710,711,717,735,759,780,798,822
draft_22951_01159	10,11,12,13,15,19,20,179,180,181,182,186,187,193,256,257,258,260,284,285,286,287,309,333,334,341,342,345,352,353,356,357,358,359,371,372,377,382,383,385,388,391,397,404,407,417,419,431,432,435,438,442,443,447,450,454,465,471,473,483,491,496,499,503,507,517,521,524,525,531,539,540,542,543,546,547,549,550,553,556,557,565,571,574,575,577,578,579,583,585,586,591,593,596,600,601,604,607,608,609,614,618,619,620,629,634,635,638,641,642,652,656,657,658,661,665,666,668,669,678,679,680,681,684,689,690,692,697,698,699,703,704,709,710,711,715,778
draft_22951_01160	10,11,12,15,16,19,144,145,179,180,256,284,285,286,287,300,301,333,334,341,345,352,353,356,357,371,372,377,378,385,394,395,399,417,419,421,431,432,435,438,440,442,443,444,447,450,452,465,468,471,491,494,503,516,517,519,521,525,536,539,540,546,547,550,553,554,557,565,571,579,580,581,583,585,593,594,596,598,600,601,604,608,609,619,624,625,634,635,641,644,645,661,665,666,669,672,673,674,678,679,680,684,685,689,693,705,709,710,711,759,822
draft_22951_01161	10,11,12,13,15,19,20,179,180,183,184,185,186,193,256,284,285,286,287,309,333,334,337,341,342,345,352,353,356,357,371,372,375,385,391,407,417,419,421,431,432,433,435,442,443,444,447,454,471,491,499,517,521,525,536,539,553,554,556,557,565,571,577,579,580,583,585,593,596,600,604,608,609,618,619,635,638,641,661,665,669,672,678,679,680,681,684,685,689,690,693,694,697,698,699,705,709,710,711,713,756,819
draft_22951_01162	10,11,12,13,15,19,179,180,186,187,228,233,234,256,258,284,285,286,287,333,334,340,342,345,346,347,352,353,356,357,366,367,371,372,375,385,391,392,406,417,431,435,442,447,465,471,491,517,521,525,541,549,550,553,557,565,567,571,574,575,579,583,585,593,595,596,600,604,605,608,609,614,615,616,619,620,629,634,635,638,641,642,656,657,660,661,665,667,669,678,679,680,681,683,684,689,690,697,698,699,709,710,711,713,756,819
draft_22951_01163	10,11,12,15,16,34,179,181,182,183,186,284,285,286,294,300,333,334,345,346,352,366,376,391,392,393,394,417,422,431,435,442,447,491,509,512,525,529,541,557,561,583,593,600,614,637,641,655,661,679,680,684,689,697
draft_22951_01164	10,11,12,13,15,16,17,179,180,181,182,186,188,189,193,256,257,258,259,260,284,285,286,333,334,341,345,346,352,356,357,358,359,360,366,371,372,373,374,375,376,377,378,379,380,385,386,387,388,390,391,392,397,404,417,419,431,432,435,436,438,439,442,443,446,447,448,450,451,454,465,471,473,483,485,488,491,492,496,503,505,507,517,520,521,522,524,525,531,539,540,541,546,547,550,553,556,557,561,565,571,573,577,578,579,583,585,586,593,594,596,597,600,601,602,604,608,609,614,619,622,629,634,635,637,641,655,657,658,661,665,666,669,675,678,679,680,684,689,709,710,711,759,822
draft_22951_01165	10,11,12,15,16,144,146,147,179,180,181,182,186,256,257,258,259,260,284,285,286,300,333,334,341,345,346,352,356,357,358,359,366,371,372,373,374,375,377,378,385,386,387,388,391,393,394,397,400,401,404,417,419,431,432,435,436,438,442,443,446,447,448,450,454,465,471,473,483,491,492,496,503,507,517,521,522,524,525,528,531,539,540,541,546,547,550,553,556,557,565,571,577,578,579,583,585,586,593,596,600,601,604,608,609,614,619,629,634,635,641,644,657,658,661,665,666,669,678,679,680,684,689,697,698,709,710,711,714,738,759,777,801,822
draft_22951_01166	10,11,12,15,19,20,144,146,147,179,180,256,284,285,286,287,309,333,334,336,341,345,346,352,353,356,357,366,371,372,375,377,378,381,385,391,392,407,417,421,431,435,438,440,441,442,444,447,450,452,453,465,471,491,496,503,517,521,525,536,541,546,547,550,553,557,565,571,579,580,581,583,585,586,593,596,600,601,604,608,609,614,618,619,629,634,635,638,639,641,646,647,657,658,661,665,666,669,678,679,680,683,684,686,687,688,689,697,709,710,711,713,717,738,756,780,801,819
draft_22951_01167	10,11,12,13,15,16,34,179,180,181,182,186,256,257,258,284,285,286,294,300,333,334,345,346,352,356,357,359,366,371,372,373,374,375,376,377,385,388,391,392,393,394,397,404,417,419,422,431,435,436,442,443,446,447,448,450,454,465,471,473,483,491,492,496,503,507,509,512,517,521,522,524,525,529,531,539,540,541,546,547,550,553,556,557,561,565,571,578,579,583,585,586,593,596,600,601,604,608,609,614,619,629,634,635,637,641,644,655,657,658,661,665,666,669,678,679,680,684,689,697,709,710,711
draft_22951_01168	10,11,12,15,284,285,286,300,333,345,346,352,366,375,394,529,583,593,644,680,684,689,697
draft_22951_01169	10,11,12,13,15,16,19,179,180,181,182,186,187,193,256,257,258,260,284,285,286,287,300,333,334,345,346,352,353,356,357,359,366,371,372,373,374,377,385,388,391,393,394,397,404,417,419,421,431,435,436,440,442,443,444,446,447,448,450,452,454,465,471,473,483,491,492,494,496,503,507,517,521,522,524,525,529,531,536,539,540,541,546,547,550,553,554,556,557,565,571,578,579,580,583,585,586,593,596,598,600,601,604,608,609,614,619,624,629,634,635,641,646,647,657,658,661,665,666,669,672,673,678,679,680,684,685,689,693,697,698,705,709,710,711,713,714,777
draft_22951_01170	10,11,12,15,16,19,144,146,147,179,180,184,185,186,256,257,258,284,285,286,287,300,333,334,341,345,346,352,353,356,357,358,359,366,371,372,375,377,378,385,386,387,388,391,392,393,394,397,400,401,404,417,419,421,431,432,435,438,440,442,443,444,447,450,452,454,465,471,473,483,491,496,503,507,517,521,524,525,528,531,539,540,541,546,547,550,553,556,557,565,571,577,578,579,583,585,586,593,594,596,600,601,604,608,609,614,619,629,634,635,641,644,646,647,657,658,661,665,666,669,678,679,680,684,689,697,698,709,710,711,713,759,822
draft_22951_01171	10,11,12,13,15,16,19,20,21,179,180,186,187,193,194,256,258,260,284,285,286,287,300,301,309,333,334,341,342,345,346,352,353,356,357,366,371,372,377,378,382,383,385,391,393,394,395,399,407,417,419,421,431,435,436,438,440,442,443,444,447,448,450,452,465,468,471,491,494,496,499,503,516,517,519,521,525,536,539,542,543,545,546,547,549,550,553,554,556,557,565,568,571,574,575,577,579,580,583,585,586,591,593,596,598,600,601,604,607,608,609,614,618,619,620,624,629,632,634,635,638,641,642,644,645,646,652,656,657,658,661,664,665,666,668,669,672,673,678,679,680,681,684,685,689,690,693,696,700,705,708,709,710,711,715,717,736,762,778,780,799,825
draft_22951_01172	10,11,12,13,15,16,19,20,21,144,149,150,179,180,186,187,256,258,284,285,286,287,300,309,333,334,341,345,346,352,353,356,357,366,371,372,377,378,381,385,391,392,393,394,407,417,421,431,435,438,440,441,442,444,447,450,452,453,465,471,491,494,496,503,517,521,525,536,541,546,547,549,550,553,554,557,565,571,574,575,579,580,581,583,585,586,593,594,596,598,600,601,604,608,609,614,618,619,620,624,629,634,635,638,641,642,644,646,647,651,656,657,658,661,665,666,668,669,672,673,678,679,680,681,683,684,685,686,688,689,690,693,697,699,705,709,710,711,713,738,756,801,819
draft_22951_01173	10,11,12,15,16,19,20,144,146,147,179,180,256,257,258,284,285,286,287,333,334,341,345,346,347,352,353,356,357,358,359,366,367,371,372,375,376,377,378,380,385,387,388,390,391,392,397,398,404,417,419,421,431,432,435,437,438,442,443,444,447,449,450,451,452,454,465,471,473,483,485,486,488,491,494,496,500,503,505,507,517,520,521,522,524,525,531,536,539,540,541,546,547,548,550,553,554,556,557,561,565,570,571,573,577,579,580,583,585,586,593,596,597,598,600,601,604,608,609,612,614,619,624,629,634,635,637,641,646,647,655,657,658,661,665,666,669,672,673,675,678,679,680,684,685,686,689,693,696,705,708,709,710,711,717,738,771,780,801,834
draft_22951_01174	10,11,12,13,15,16,17,19,20,144,146,147,151,153,154,256,257,258,259,284,285,286,287,300,301,333,341,345,346,352,353,356,358,359,366,371,372,373,374,375,377,385,388,391,392,394,395,397,398,399,404,417,419,421,432,435,436,438,440,442,443,444,446,447,448,450,452,454,465,468,471,473,483,491,492,496,503,507,516,517,519,521,522,524,525,531,536,539,540,541,546,547,550,553,556,557,565,571,577,578,579,580,583,585,586,593,596,600,601,604,608,609,614,629,634,635,641,644,645,657,658,661,665,666,669,678,679,684,685,695,696
draft_22951_01175	10,11,12,13,15,16,19,20,21,179,180,186,187,256,258,284,285,286,287,300,333,341,342,345,352,353,356,367,371,372,375,376,377,378,382,383,385,391,393,394,406,417,421,435,438,442,447,450,452,465,471,477,491,496,499,503,517,521,525,542,543,545,546,547,549,550,553,557,561,565,566,568,571,574,575,579,583,585,586,590,593,595,596,600,601,604,605,607,608,609,614,619,620,627,629,631,634,635,637,638,639,641,642,644,646,652,653,655,656,658,661,663,665,666,667,669,675,678,679,680,681,683,684,690,692,703,704,722,743,762,785,806,825
draft_22951_01176	10,11,12,13,15,16,19,179,180,181,182,186,256,284,285,286,287,300,333,334,336,339,341,345,346,352,353,356,357,366,371,372,375,385,391,392,393,394,417,421,431,435,440,442,444,447,452,465,471,491,517,521,525,529,536,541,550,553,557,565,571,579,580,583,585,593,594,596,600,604,608,609,614,619,629,634,635,641,644,646,647,657,661,665,669,678,679,680,684,685,689,709,710,711
draft_22951_01177	10,11,12,13,15,16,19,20,21,144,147,149,150,151,179,180,256,257,258,284,285,286,287,300,333,334,342,345,346,347,352,353,356,357,366,367,371,372,382,385,391,392,393,394,406,410,417,421,431,433,435,437,440,442,444,447,449,452,465,471,477,491,494,499,517,521,525,529,536,537,541,542,543,549,550,553,554,557,565,566,567,571,574,575,579,580,581,583,585,590,593,594,595,596,598,600,603,604,605,607,608,609,614,615,616,619,620,621,624,627,629,633,634,635,638,641,642,644,646,647,651,652,656,657,660,661,665,667,669,672,673,678,679,680,681,684,685,686,688,689,692,693,696,697,703,705,709,710,711,713,756,819
draft_22951_01178	10,11,12,15,16,17,19,20,144,146,147,179,181,182,256,257,258,259,284,285,286,287,333,341,342,345,346,352,353,356,358,359,360,366,374,375,376,377,378,379,380,382,385,387,388,389,390,391,392,397,398,404,417,419,421,432,433,438,439,440,442,443,444,448,450,451,452,454,465,473,483,485,486,488,492,494,495,496,500,505,507,520,522,524,531,536,537,539,541,546,548,550,554,556,561,570,573,580,581,583,586,593,594,597,602,603,612,614,622,625,629,637,646,647,648,651,655,657,658,674,675,680,684,685,696
draft_22951_01179	10,11,12,13,15,19,20,179,180,181,182,186,187,193,256,258,284,285,286,287,309,333,334,336,338,339,341,342,345,346,352,353,356,357,366,371,372,375,385,391,392,407,417,431,435,442,447,471,491,517,521,525,541,549,553,557,565,571,574,575,579,583,585,593,596,600,604,609,614,618,619,620,635,638,639,640,641,642,656,657,661,665,668,669,678,679,680,681,684,689,690,692,697,698,699,703,704,709,710,711,713
draft_22951_01180	10,11,12,15,19,179,180,256,284,285,286,287,300,333,334,336,342,345,346,347,352,353,356,357,366,367,371,372,375,382,383,385,394,406,417,431,435,442,447,471,477,491,499,517,521,525,529,542,543,549,553,557,565,566,567,571,574,575,579,583,585,590,595,596,600,604,605,607,609,615,616,619,620,621,627,633,635,638,641,642,644,652,656,661,665,667,669,678,679,680,681,689,690,697,698,699,700,709,710,711,713,714,736,757,777,799,820
draft_22951_01181	10,11,12,13,15,16,17,19,20,144,145,179,181,182,186,188,189,193,195,196,256,257,284,285,286,287,333,334,335,345,346,352,353,356,359,366,371,372,373,374,376,377,380,385,388,390,391,392,397,404,417,419,421,435,436,440,442,443,444,446,447,448,450,451,452,454,465,473,483,485,488,492,496,503,505,507,517,520,522,524,531,536,539,540,541,546,547,550,556,561,570,573,577,580,583,586,593,594,597,600,602,612,614,622,629,637,646,647,651,655,657,658,675,680,684,685,689,693,695,696,705,709,710,711,712
draft_22951_01182	10,11,12,13,15,16,144,146,147,179,180,186,187,256,257,258,260,284,285,286,300,333,334,341,345,346,352,356,357,358,359,366,371,372,375,377,378,385,386,387,388,391,392,393,394,397,398,404,417,419,431,432,435,438,442,443,447,450,454,465,471,473,483,491,496,503,507,517,521,522,524,525,529,531,539,540,541,546,547,550,553,556,557,565,571,577,578,579,583,585,586,593,596,600,601,604,608,609,614,619,629,634,635,641,657,658,661,665,666,669,678,679,680,684,689,697,698,709,710,711,713,717,735,759,780,798,822
draft_22951_01183	10,11,12,15,16,17,179,181,182,256,257,284,285,286,300,333,334,336,341,345,346,352,356,358,359,366,371,372,375,376,377,380,385,388,390,391,393,394,397,404,417,419,432,435,438,442,443,447,450,451,454,465,473,483,485,488,491,496,503,505,507,520,524,525,531,539,540,546,547,550,556,557,561,571,573,583,586,593,594,597,600,601,602,604,614,622,629,634,635,637,655,658,661,666,669,675,679,709
draft_22951_01184	10,11,12,15,16,19,34,179,180,186,187,256,258,284,285,286,287,294,300,301,333,334,345,352,353,356,357,366,371,372,375,376,385,386,391,393,394,395,399,417,421,422,431,435,440,442,444,447,452,471,491,509,511,512,516,517,518,519,521,523,525,529,536,541,553,557,561,565,571,579,580,583,585,593,596,598,600,604,608,609,619,635,636,641,644,661,665,669,678,679,680,684,685,689,693,697,698,705,709,710,711,713,735,756,798,819
draft_22951_01185	10,11,12,15,19,144,146,147,256,257,284,285,286,287,300,333,334,341,345,347,352,353,356,357,358,359,367,375,377,385,388,391,393,394,397,400,401,404,417,419,421,431,432,437,438,442,443,444,449,450,454,465,471,473,483,491,494,495,496,507,521,524,525,528,531,536,537,539,540,546,550,553,554,556,557,565,571,578,579,580,583,585,586,593,596,598,601,603,604,608,609,614,624,629,634,635,641,644,657,658,661,665,666,669,672,678,679,680,684,685,693,696,708,709,710,711,713
draft_22951_01186	10,11,12,15,16,19,179,180,186,187,256,258,284,285,286,287,300,333,334,341,342,345,352,353,356,357,371,372,375,377,378,385,394,417,421,431,433,435,438,442,444,447,450,465,471,491,494,503,517,521,525,536,546,547,550,553,554,557,565,571,579,580,583,585,593,596,598,600,601,604,608,609,619,624,634,635,641,644,661,665,666,669,672,673,678,679,680,684,685,686,689,693,697,698,705,709,710,711,714,738,759,777,801,822
draft_22951_01187	10,11,12,15,19,144,148,179,180,181,182,186,256,257,258,284,285,286,287,333,334,341,342,345,346,352,353,356,357,358,359,366,371,372,373,374,375,377,385,388,391,397,404,417,419,421,431,432,433,435,436,438,442,443,444,446,447,448,450,454,465,471,473,483,491,492,494,496,503,507,517,521,522,524,525,531,536,539,540,541,546,547,550,553,554,556,557,565,571,578,579,580,581,583,585,586,593,596,598,600,601,604,608,609,614,619,624,625,629,634,635,641,657,658,661,665,666,669,672,673,674,678,679,680,684,685,689,693,696,697,698,705,708,709,710,711,713,714,735,756,777,798,819,840,861
draft_22951_01188	10,11,12,15,16,17,34,144,146,147,179,180,256,257,258,284,285,286,294,300,301,333,334,345,346,352,356,357,366,371,372,374,376,380,385,390,391,397,399,404,417,419,422,423,431,435,442,447,448,451,454,465,468,471,485,487,488,491,492,497,505,509,516,517,518,520,521,522,523,525,541,550,553,557,561,565,571,573,579,583,585,593,596,597,600,604,608,609,614,619,629,634,635,637,641,655,661,665,669,678,679,680,684,689,709,710,711
draft_22951_01189	10,11,12,13,15,16,19,20,21,144,146,147,179,180,186,187,256,258,284,285,286,287,300,333,334,341,342,345,352,353,356,357,367,371,372,375,377,378,382,383,385,391,392,393,394,406,417,421,431,435,438,440,442,444,447,450,452,465,471,477,491,494,496,499,503,517,521,525,536,542,543,546,547,549,550,553,554,557,565,566,571,574,575,579,580,583,585,586,590,593,595,596,598,600,601,604,605,607,608,609,614,619,620,624,627,629,634,635,638,641,642,644,646,651,652,656,657,658,661,665,666,667,669,672,673,678,679,680,681,683,684,685,686,688,689,690,693,696,705,708,709,710,711,717,722,780,785
draft_22951_01190	10,11,12,13,15,16,19,144,149,150,179,180,186,187,256,258,284,285,286,287,300,301,333,334,339,341,345,346,352,353,356,357,366,371,372,375,377,378,385,391,393,394,395,399,417,419,421,431,432,435,438,440,442,443,444,447,450,452,465,468,471,491,496,503,516,517,521,525,529,539,540,546,547,550,553,556,557,565,571,577,579,583,585,586,593,596,600,601,604,608,609,614,619,629,634,635,641,644,645,646,657,658,661,665,666,669,678,679,680,684,689,697,698,709,710,711,717,780
draft_22951_01191	10,11,12,13,15,19,144,146,147,179,180,183,186,256,284,285,286,287,309,333,334,335,336,339,341,342,345,346,352,353,356,357,366,371,372,375,382,383,385,391,392,407,417,431,435,442,447,465,471,491,499,517,521,525,541,542,543,549,553,557,565,571,574,575,579,583,585,591,593,596,600,604,607,608,609,614,618,619,620,635,638,641,642,652,656,657,661,665,668,669,678,679,680,681,684,689,690,692,697,698,699,700,703,709,710,711,712,713,715,736,756,777,778,780,798,799,801,819,822
draft_22951_01192	10,11,12,15,16,19,179,180,186,187,256,258,284,285,286,287,300,301,333,334,341,345,346,352,353,356,357,366,371,372,375,377,378,385,394,395,399,417,419,421,431,435,436,438,440,442,443,444,447,448,450,452,465,468,471,491,494,503,516,517,519,521,525,536,539,546,547,550,553,554,556,557,565,571,577,579,580,583,585,593,596,598,600,601,604,608,609,619,624,634,635,641,644,645,661,665,666,669,672,673,678,679,680,684,685,689,693,696,705,708,709,710,711,714,717,777,780
draft_22951_01193	10,11,12,15,16,17,144,146,147,151,153,154,179,181,182,256,257,284,285,286,300,301,333,345,346,352,366,375,376,380,390,391,392,397,399,404,419,451,454,485,488,505,518,520,523,541,561,573,593,597,614,637,655,657
draft_22951_01194	10,11,12,15,16,34,35,179,180,185,186,187,193,256,258,284,285,286,294,300,333,334,341,345,352,354,356,357,371,372,377,378,384,385,394,417,431,435,438,442,447,450,465,470,471,491,503,517,521,525,532,533,546,547,550,553,557,565,571,579,583,585,593,596,600,601,604,608,609,619,630,634,635,641,644,661,665,666,669,678,679,680,684,689,697,698,709,710,711,713,717,747,758,780,810,821
draft_22951_01195	10,11,12,13,15,16,19,20,144,149,150,179,180,181,182,186,187,193,256,258,284,285,286,287,333,334,345,346,352,353,356,357,366,371,372,375,376,385,391,392,417,421,431,435,440,442,444,447,452,465,471,491,494,517,521,525,536,541,550,553,554,557,561,565,570,571,579,580,583,585,593,596,598,600,604,608,609,612,614,619,624,629,634,635,637,641,646,647,648,651,655,657,661,665,669,672,673,678,679,680,684,685,686,688,689,693,697,698,705,709,710,711,713,735,756,798,819
draft_22951_01196	10,11,12,15,19,20,179,180,182,186,187,193,256,257,258,260,284,285,286,287,300,333,334,341,342,345,352,353,356,357,371,372,377,378,381,382,383,385,386,394,406,410,417,421,431,433,435,438,441,442,444,447,450,453,465,471,477,491,494,499,503,517,521,525,536,542,543,546,547,549,550,553,554,557,565,566,571,574,575,579,580,583,585,590,593,595,596,598,600,601,604,605,607,608,609,615,619,620,621,623,624,627,633,634,635,638,641,642,644,652,656,661,665,666,667,669,672,673,678,679,680,681,684,685,689,690,692,693,694,695,696,697,698,699,700,704,705,706,707,708,709,710,711,713,738,757,801,820
draft_22951_01197	10,11,12,13,15,16,19,179,180,181,182,186,256,257,258,284,285,286,287,300,301,333,334,336,345,346,352,353,356,357,359,366,371,372,373,374,375,377,385,388,391,392,394,395,397,398,399,404,417,419,421,431,435,436,440,442,443,444,446,447,448,450,452,454,465,468,471,473,483,491,492,496,503,507,516,517,519,521,522,524,525,531,537,539,540,541,546,547,550,553,556,557,565,570,571,577,578,579,583,585,586,593,596,600,601,603,604,608,609,612,614,619,629,634,635,641,644,645,657,658,661,665,666,669,678,679,680,684,689,697,698,709,710,711,713,714,777
draft_22951_01198	10,11,12,13,15,19,20,179,180,186,187,256,258,284,285,286,287,300,309,333,334,339,340,341,342,345,346,347,352,353,356,357,366,367,371,372,375,382,383,385,386,391,393,394,406,407,417,431,435,442,447,471,477,491,499,517,521,525,529,541,542,543,549,553,557,565,566,567,568,571,572,574,575,579,583,585,590,595,596,600,604,605,607,609,614,615,619,620,621,627,633,635,638,639,641,642,644,652,656,657,660,661,663,664,665,667,669,678,679,680,681,689,690,697,699,700,709,710,711,713,736,756,757,799,819,820
draft_22951_01199	10,11,12,15,19,20,144,147,179,180,256,257,258,284,285,286,287,300,333,334,341,342,345,347,352,353,356,357,367,371,372,375,377,378,382,383,385,386,391,393,394,406,410,417,421,431,433,435,437,438,440,442,444,447,449,450,452,465,471,477,491,494,496,499,503,517,521,525,536,537,542,543,544,546,547,549,550,553,554,557,565,566,567,571,574,575,579,580,581,583,585,586,590,593,595,596,598,600,601,603,604,605,607,608,609,614,615,616,619,620,621,624,625,627,629,633,634,635,638,639,641,642,644,646,652,653,656,657,658,660,661,665,666,667,669,672,673,674,678,679,680,681,684,685,689,690,693,697,699,705,709,710,711,757,820
draft_22951_01200	10,11,12,13,15,16,19,20,144,146,147,179,180,186,187,256,258,284,285,286,287,300,333,334,336,341,345,346,352,353,356,357,366,371,372,375,377,378,385,391,392,393,394,417,421,431,435,438,440,442,444,447,450,452,465,471,491,496,503,517,521,525,536,541,546,547,550,553,557,565,571,579,580,581,583,585,586,593,594,596,600,601,604,608,609,614,619,629,634,635,641,644,646,647,657,658,661,665,666,669,678,679,680,684,686,688,689,697,709,710,711,717,729,780,792
draft_22951_01201	10,11,12,13,15,16,19,179,180,181,182,186,187,193,194,200,256,258,260,284,285,286,287,333,334,345,346,352,353,356,357,366,371,372,385,386,391,392,417,421,431,435,440,442,444,447,452,465,471,491,517,521,525,536,541,550,553,557,565,570,571,579,580,583,585,593,596,598,600,604,608,609,612,614,619,629,634,635,641,646,647,657,661,665,669,678,679,680,684,685,689,693,697,698,705,709,710,711,713,735,756,798,819
draft_22951_01202	10,11,12,15,16,19,144,146,147,179,180,256,284,285,286,287,333,334,341,345,346,352,353,356,357,366,371,372,375,377,378,385,391,392,417,421,431,435,438,440,442,444,447,450,452,465,471,491,494,496,503,517,521,525,536,541,546,547,550,553,554,557,565,571,579,580,583,585,586,593,596,598,600,601,604,608,609,614,619,624,629,634,635,641,646,647,657,658,661,665,666,669,672,673,678,679,680,684,685,689,693,696,705,708,709,710,711,717,780
draft_22951_01203	10,11,12,15,16,17,34,144,146,147,179,180,181,182,186,187,193,256,257,258,259,260,262,284,285,286,294,300,333,341,345,352,354,356,358,359,371,372,376,377,378,380,384,385,387,388,390,391,392,394,397,398,404,405,413,417,419,422,432,435,438,442,443,447,450,451,454,465,471,472,473,474,475,476,481,483,485,488,490,491,496,501,503,505,507,508,509,514,517,520,521,524,525,531,532,533,534,539,540,546,547,550,553,556,557,561,565,571,573,577,579,583,585,586,587,593,596,597,600,601,604,608,609,614,619,629,634,635,637,641,655,658,661,665,666,669,675,678,679,680,684,768,831
draft_22951_01204	10,11,12,15,16,19,179,180,183,186,256,284,285,286,287,300,301,333,334,336,341,342,345,352,353,356,357,366,371,372,375,385,391,394,395,399,417,421,431,433,435,438,442,444,447,450,471,491,503,516,517,521,523,525,536,541,553,554,557,565,571,579,580,583,585,593,596,600,604,609,619,635,641,644,661,665,669,672,674,678,679,680,684,685,689,693,696,697,698,705,709,710,711,713
draft_22951_01205	10,11,12,15,19,179,180,256,284,285,286,287,300,333,334,341,342,345,352,353,356,357,371,372,375,385,394,417,421,431,433,435,438,442,444,447,450,465,471,491,503,517,521,525,550,553,554,557,565,571,579,583,585,593,596,600,604,608,609,619,634,635,641,661,665,669,672,674,678,679,680,684,689,709,710,711
draft_22951_01206	10,11,12,15,19,20,179,180,256,284,285,286,287,300,333,334,342,345,346,347,352,353,356,357,366,367,371,372,375,382,383,385,391,393,394,406,417,421,431,435,440,442,444,447,452,471,477,491,499,517,521,525,529,541,542,543,549,553,557,565,566,567,571,574,575,579,583,585,590,595,596,600,604,605,607,609,615,616,619,620,621,627,633,635,638,641,642,644,646,647,652,656,657,660,661,665,667,669,678,679,680,681,689,690,709,710,711,715,778
draft_22951_01207	10,11,12,13,15,16,19,179,180,186,187,193,194,256,258,260,284,285,286,287,300,333,334,339,341,345,346,352,353,356,357,366,371,372,377,378,385,386,391,393,394,417,421,431,435,438,440,442,444,447,450,452,465,471,491,496,503,517,521,525,529,536,537,546,547,550,553,557,565,570,571,579,580,583,585,586,593,596,600,601,604,608,609,612,614,619,629,634,635,641,644,646,657,658,661,665,666,669,678,679,680,684,685,689,693,697,705,709,710,711,713,717,738,756,780,801,819
draft_22951_01208	10,11,12,13,15,16,17,19,20,179,180,181,182,186,187,188,189,193,200,256,257,258,259,260,262,284,285,286,287,300,301,333,334,341,345,352,353,356,357,358,359,366,371,372,375,376,377,378,379,380,382,385,386,387,388,391,393,394,397,404,417,419,421,423,431,432,435,438,439,440,442,443,444,447,450,451,452,454,465,468,471,473,478,483,485,488,491,494,496,497,503,507,516,517,519,520,521,522,524,525,531,536,539,540,541,546,547,550,553,554,556,557,561,565,571,577,578,579,580,583,585,586,593,596,597,598,600,601,604,608,609,614,617,619,624,629,634,635,637,641,644,645,646,647,648,655,657,658,661,665,666,669,672,673,675,678,679,680,684,685,686,688,689,693,695,696,697,698,705,709,710,711,713,714,735,756,759,777,798,819,822
draft_22951_01209	10,11,12,13,15,16,179,180,181,182,186,187,193,256,257,258,260,284,285,286,300,333,334,341,345,352,356,357,358,359,371,372,375,377,378,385,386,387,388,391,393,394,397,404,417,419,431,432,435,438,442,443,447,450,454,465,471,473,483,491,496,503,507,517,521,524,525,531,539,540,546,547,550,553,556,557,565,571,577,578,579,583,585,586,593,594,596,600,601,602,604,608,609,614,619,622,629,634,635,641,644,657,658,661,665,666,669,678,679,680,684,689,697,709,710,711,738,759,801,822
draft_22951_01210	10,11,12,15,19,20,179,180,181,182,186,256,257,258,284,285,286,287,333,334,341,345,352,353,356,357,358,359,367,371,372,375,377,378,381,385,386,387,388,391,397,404,406,417,419,421,431,432,435,438,441,442,443,444,447,450,453,454,462,465,471,473,483,491,494,495,496,503,507,517,521,524,525,531,536,537,539,540,546,547,549,550,553,554,556,557,565,567,571,574,575,577,578,579,580,583,585,586,593,595,596,598,600,601,603,604,605,608,609,614,616,619,620,624,629,634,635,638,641,642,656,657,658,660,661,665,666,667,669,672,673,678,679,680,681,684,685,689,690,693,697,699,700,705,709,710,711,759,822
draft_22951_01211	10,11,12,15,16,19,179,180,181,182,186,256,257,258,284,285,286,287,300,333,334,341,345,346,352,353,356,357,359,366,371,372,373,374,375,377,378,385,388,391,393,394,397,404,417,419,421,431,435,436,438,440,442,443,444,446,447,448,450,452,454,465,471,473,483,491,492,494,496,503,507,517,521,522,524,525,531,536,539,540,541,546,547,550,553,554,556,557,565,571,578,579,580,583,585,586,593,596,598,600,601,604,608,609,614,619,624,629,634,635,641,646,657,658,661,665,666,669,672,673,678,679,680,684,686,689,698,709,710,711,717,735,759,780,798,822
draft_22951_01212	10,11,12,15,19,20,179,180,256,284,285,286,287,300,309,333,334,341,345,352,353,356,357,371,372,375,377,378,381,385,394,407,417,421,431,435,438,441,442,444,447,450,453,465,471,491,494,521,525,536,546,549,550,553,554,557,565,571,574,575,579,580,581,583,585,593,596,598,600,601,604,608,609,618,619,620,624,625,634,635,638,639,641,642,656,661,665,666,668,669,672,673,674,678,679,680,681,684,685,689,690,693,698,699,705,709,710,711,717,735,759,780,798,822
draft_22951_01213	10,11,12,13,15,16,179,180,181,182,186,187,193,256,257,258,260,284,285,286,333,334,341,345,346,352,356,357,358,359,366,371,372,373,374,375,377,378,385,387,388,391,392,397,398,404,417,419,431,432,435,436,438,442,443,446,447,448,450,454,465,471,473,483,486,491,492,496,500,503,507,517,521,522,524,525,531,539,540,541,546,547,548,550,553,556,557,565,570,571,577,578,579,583,585,586,593,596,600,601,604,608,609,612,614,619,629,634,635,641,657,658,661,665,666,669,678,679,680,684,689,697,698,709,710,711,713,714,735,756,771,777,798,819,834
draft_22951_01214	10,11,12,15,16,19,179,180,256,284,285,286,287,300,301,333,334,335,341,345,352,353,356,371,372,375,377,378,385,394,395,399,417,421,435,438,440,442,444,447,450,452,465,471,478,491,503,511,516,517,519,521,523,525,536,546,547,550,553,557,565,571,579,583,585,593,596,600,601,604,608,609,619,634,635,641,644,661,665,666,669,678,679,680,684
draft_22951_01215	10,11,12,13,15,16,19,20,21,34,130,132,133,144,146,147,179,180,256,284,285,286,287,294,300,309,333,334,339,341,345,346,350,352,353,354,356,357,366,369,371,372,375,381,385,391,392,393,394,407,413,417,421,431,435,440,441,442,444,447,452,453,471,490,491,508,517,521,525,529,536,537,541,553,557,565,567,570,571,579,580,581,583,585,587,593,596,598,600,603,604,608,609,612,614,618,619,635,638,641,644,646,647,657,659,660,661,665,669,678,679,680,684,685,689,693,697,705,709,710,711
draft_22951_01216	10,11,12,13,15,16,19,179,180,181,182,186,256,284,285,286,287,300,333,334,339,341,345,346,352,353,356,357,366,371,372,375,377,378,385,391,392,393,394,417,421,431,435,438,440,442,444,447,450,452,465,471,491,496,517,521,525,536,537,541,546,550,553,557,565,570,571,579,580,583,585,586,593,596,600,601,603,604,608,609,612,614,619,629,634,635,641,644,646,657,658,661,665,666,669,678,679,680,684,685,689,693,698,709,710,711,735,759,798,822
draft_22951_01217	10,11,12,15,19,20,144,146,147,179,180,256,257,258,284,285,286,287,309,333,334,341,342,345,352,353,356,357,358,359,366,371,372,375,377,381,385,388,391,392,397,398,404,407,417,419,421,431,432,433,435,438,441,442,443,444,447,450,453,454,465,471,473,483,491,494,495,496,503,507,517,521,522,524,525,531,536,537,539,540,541,546,547,550,553,554,556,557,565,571,577,578,579,580,581,583,585,586,593,596,598,600,601,603,604,608,609,614,618,619,624,629,634,635,638,639,641,642,656,657,658,661,665,666,669,672,673,678,679,680,681,684,685,689,690,693,696,697,698,699,705,708,709,710,711,714,777
draft_22951_01218	10,11,12,15,16,17,144,146,147,151,153,154,179,180,256,257,258,259,260,284,285,286,300,301,333,341,345,346,352,356,358,359,360,366,371,372,373,374,376,377,378,380,385,388,390,399,417,419,423,432,435,436,438,439,442,443,446,447,448,450,451,465,468,471,478,486,487,491,497,500,503,516,517,518,521,523,524,525,531,539,540,546,547,548,550,553,556,557,565,570,571,577,579,583,585,593,594,596,600,601,604,608,609,619,634,635,641,645,661,665,666,669,678,679,680,684
draft_22951_01219	10,11,12,13,15,16,19,20,21,179,180,186,187,256,258,284,285,286,287,300,333,341,342,345,352,353,356,371,372,375,377,378,382,383,385,391,393,394,406,417,421,435,438,440,442,444,447,450,452,465,471,477,491,496,499,503,517,521,525,536,542,543,546,547,548,549,550,553,557,565,566,570,571,574,575,579,583,585,586,590,593,595,596,600,601,604,605,607,608,609,612,614,615,619,620,621,627,629,633,634,635,638,639,641,642,644,646,652,653,656,657,658,661,665,666,667,669,678,679,680,681,683,684,690,692,703,704,722,743,771,785,806,834
draft_22951_01220	10,11,12,15,16,17,144,146,147,179,180,181,182,186,256,257,258,259,260,284,285,286,300,301,333,334,341,345,352,356,357,358,359,360,371,372,375,376,377,378,380,385,386,387,388,390,391,397,399,404,417,419,423,431,432,435,438,439,442,443,447,450,451,454,465,471,473,483,487,491,496,503,507,516,517,518,521,523,524,525,531,539,540,546,547,550,553,556,557,565,570,571,577,578,579,583,585,586,593,596,600,601,604,608,609,612,614,619,629,634,635,641,657,658,661,665,666,669,678,679,680,684,689,697,698,709,710,711,717,735,759,780,798,822
draft_22951_01221	10,11,12,15,16,19,20,179,180,256,284,285,286,287,300,309,333,334,340,341,342,345,346,347,352,353,356,357,366,367,371,372,375,377,378,385,391,393,394,407,417,421,431,435,438,440,442,444,447,450,452,465,471,491,496,503,517,521,525,529,537,541,546,547,550,553,557,565,567,570,571,572,579,583,585,586,593,596,600,601,603,604,608,609,612,614,619,629,634,635,641,644,646,647,657,658,660,661,665,666,669,678,679,680,684,689,709,710,711,714,738,759,777,801,822
draft_22951_01222	10,11,12,13,15,16,17,19,20,144,146,147,179,180,181,182,186,256,257,258,284,285,286,287,301,333,334,337,341,345,346,347,352,353,356,366,367,371,372,375,376,377,378,380,385,390,391,392,397,406,417,419,421,423,435,438,440,442,444,447,450,451,452,454,465,471,487,488,491,496,497,503,505,516,517,518,519,520,521,522,525,536,541,546,547,550,553,557,561,565,567,570,571,579,583,585,586,593,594,596,597,600,601,604,608,609,612,614,616,619,629,634,635,637,638,641,646,647,655,657,658,660,661,665,666,669,678,679,680,683,684,709,711
draft_22951_01223	10,11,12,15,19,20,144,146,147,179,180,256,284,285,286,287,309,333,334,336,341,345,346,352,353,356,357,366,371,372,375,377,378,381,385,391,392,407,417,421,431,435,438,440,441,442,444,447,450,452,453,465,471,491,496,503,517,521,525,536,541,546,547,550,553,557,565,571,579,580,581,583,585,586,593,596,600,601,604,608,609,614,618,619,629,634,635,638,639,641,646,647,657,658,661,665,666,669,678,679,680,683,684,686,687,688,689,697,709,710,711,717,780
draft_22951_01224	10,11,12,13,15,16,19,20,21,179,180,186,187,256,258,284,285,286,287,300,309,333,334,341,345,352,353,356,357,371,372,375,377,378,381,385,391,393,394,407,417,421,431,435,438,440,441,442,444,447,450,452,453,465,471,491,494,496,503,517,521,525,536,546,547,549,550,553,554,557,565,571,574,575,579,580,583,585,586,593,596,598,600,601,604,608,609,614,618,619,620,624,629,634,635,638,641,642,644,646,656,657,658,661,665,666,668,669,672,673,678,679,680,681,684,685,686,689,690,692,693,696,699,703,704,705,708,709,710,711,717,738,780,801
draft_22951_01225	10,11,12,13,15,16,17,179,180,181,182,186,187,193,256,257,258,260,284,285,286,300,333,334,341,345,352,356,357,358,359,371,372,375,376,377,378,380,385,386,388,390,391,393,394,397,404,417,419,431,432,435,438,442,443,447,450,451,454,465,471,473,483,485,488,491,496,503,505,507,517,520,521,524,525,531,539,540,546,547,550,553,556,557,561,565,571,573,579,583,585,586,593,594,596,597,600,601,602,604,608,609,614,619,622,629,634,635,637,641,644,655,658,661,665,666,669,675,678,679,680,684,689,697,709,710,711,713,738,756,759,801,819,822
draft_22951_01226	10,11,12,15,16,19,284,285,286,287,300,333,345,346,352,366,375,376,391,393,394,421,452,529,541,561,593,614,637,644,646,647,655
draft_22951_01227	10,11,12,13,15,16,17,19,20,179,180,181,182,186,187,188,189,193,200,256,257,258,260,284,285,286,287,300,333,341,345,346,347,352,353,356,366,367,371,372,376,377,378,380,385,390,391,392,393,394,397,400,401,404,406,417,419,421,435,438,442,447,450,451,452,454,465,471,485,488,489,491,496,503,505,517,520,521,525,541,546,547,550,553,557,561,565,567,571,573,578,579,583,585,586,593,596,597,600,601,604,608,609,614,615,616,619,629,634,635,637,641,648,655,657,658,660,661,665,666,669,675,678,679,680,684
draft_22951_01228	10,11,12,15,34,144,147,179,180,256,257,258,284,285,286,294,300,333,334,341,345,350,352,354,356,357,369,371,372,377,378,384,385,394,413,417,422,431,435,438,442,447,450,465,471,472,481,491,501,503,508,514,517,521,525,532,533,546,547,550,553,557,565,571,579,583,585,587,593,596,600,601,604,608,609,619,634,635,641,644,659,661,665,666,669,678,679,680,684,689,697,709,710,711,717,780
draft_22951_01229	10,11,12,13,15,16,34,179,180,183,184,185,186,193,256,284,285,286,294,333,341,345,352,354,356,358,359,366,371,372,375,377,378,384,385,387,388,391,392,397,404,413,417,419,422,432,435,438,442,443,447,450,454,465,471,472,473,475,481,483,491,496,501,503,507,508,514,517,521,524,525,531,532,533,534,539,540,541,546,547,550,553,556,557,565,571,577,578,579,583,585,586,587,593,596,600,601,604,608,609,614,619,629,630,634,635,641,657,658,659,661,665,666,669,678,679,680,684,729,747,768,792,810,831
draft_22951_01230	10,11,12,15,19,20,179,180,186,187,214,220,256,258,284,285,286,287,300,333,334,341,342,345,347,352,353,356,357,367,371,372,377,378,382,383,385,394,406,417,431,435,438,442,447,450,465,471,477,491,499,503,517,521,525,542,543,545,546,547,549,550,553,557,565,566,568,571,574,575,576,579,583,585,590,593,595,596,600,601,604,605,607,608,609,615,619,620,621,627,631,633,634,635,638,640,641,642,644,652,656,661,663,665,666,667,669,678,679,680,681,683,684,689,690,699,709,710,711,722,738,757,762,785,801,820,825
draft_22951_01231	10,11,12,13,15,16,19,179,180,184,185,186,187,193,194,200,256,258,260,284,285,286,287,300,333,334,339,341,345,346,352,353,356,357,366,371,372,375,385,391,392,393,394,417,421,431,435,440,442,444,447,452,465,471,491,494,517,521,525,529,536,541,550,553,554,557,565,571,579,580,583,585,593,596,598,600,604,608,609,614,619,624,629,634,635,641,644,646,647,657,661,665,669,672,673,678,679,680,684,685,689,693,697,705,709,710,711,713,714,756,777,819
draft_22951_01232	10,11,12,15,19,20,21,179,180,181,182,185,186,193,256,284,285,286,287,333,340,342,345,346,347,352,353,356,366,367,371,372,382,383,385,391,392,406,417,421,435,440,442,444,447,452,471,477,491,499,517,521,525,536,541,542,543,545,549,553,557,565,566,567,568,571,574,575,579,580,582,583,585,590,593,595,596,600,604,605,607,609,614,615,616,619,620,621,627,631,633,635,638,639,641,642,643,646,647,652,656,657,660,661,663,665,667,669,678,679,680,681,683,687,690,762,825
draft_22951_01233	10,11,12,13,15,16,179,181,182,186,188,189,256,257,258,259,284,285,286,333,334,345,346,352,356,357,359,366,371,372,373,374,375,377,385,388,391,392,397,398,404,417,419,431,435,436,442,443,446,447,448,450,454,465,471,473,483,491,492,496,503,507,517,521,522,524,525,531,539,540,541,546,547,550,553,556,557,565,571,578,579,583,585,586,593,596,600,601,604,608,609,614,619,629,634,635,641,657,658,661,665,666,669,678,679,680,684,689,709,710,711,713
draft_22951_01234	10,11,12,13,15,16,19,20,21,179,180,181,182,183,186,187,193,200,256,257,258,260,284,285,286,287,300,333,334,341,342,345,352,353,356,357,358,359,371,372,377,378,382,385,388,391,392,393,394,397,398,404,417,419,421,431,432,433,435,438,440,442,443,444,447,450,452,454,465,471,473,483,491,494,496,503,507,517,521,524,525,531,536,539,540,546,547,550,553,554,556,557,565,571,577,578,579,580,581,583,585,586,589,593,594,596,598,600,601,604,608,609,614,619,624,625,629,634,635,641,644,646,657,658,661,665,666,669,672,673,674,678,679,680,684,685,689,693,695,696,697,698,705,707,708,709,710,711,759,822
draft_22951_01235	10,11,12,13,15,19,20,179,180,186,187,256,258,284,285,286,287,300,309,333,334,336,341,345,352,353,356,357,371,372,375,377,378,381,385,391,393,394,407,417,421,431,435,438,440,441,442,444,447,450,452,453,465,471,491,496,503,517,521,525,536,546,547,550,553,557,565,571,579,580,583,585,586,593,596,598,600,601,604,608,609,614,618,619,629,634,635,638,641,642,644,646,656,657,658,661,665,666,669,678,679,680,681,684,685,689,690,693,697,698,699,705,709,710,711,713,717,780
draft_22951_01236	10,11,12,13,15,16,19,20,144,148,179,180,181,182,184,185,186,187,193,200,256,257,258,260,284,285,286,287,300,333,334,336,341,342,345,352,353,356,357,359,366,371,372,375,376,377,379,380,382,385,388,390,391,392,393,394,397,398,400,401,404,417,419,421,431,433,435,438,439,440,442,443,444,447,450,451,452,454,465,471,473,483,485,488,489,491,494,496,505,507,517,520,521,522,524,525,528,531,536,539,541,546,550,553,554,556,557,561,565,571,573,579,580,581,583,585,586,593,594,596,597,598,600,602,604,608,609,614,619,622,624,625,629,634,635,637,641,646,647,648,651,655,657,658,661,665,666,669,672,673,674,675,678,679,680,684,685,686,689,693,695,696,697,698,705,707,709,710,711,713,756,819
draft_22951_01237	10,11,15,16,19,20,179,180,256,284,285,286,287,300,309,333,334,341,345,352,353,356,357,371,372,377,378,381,385,394,407,417,421,431,435,438,441,442,444,447,450,453,465,471,491,494,503,517,521,525,536,546,547,548,549,550,553,554,557,565,570,571,574,575,579,580,581,583,585,593,596,598,600,601,604,608,609,618,619,620,624,625,634,635,638,639,641,642,644,656,661,665,666,668,669,672,673,674,678,679,680,681,683,684,685,686,689,690,693,699,705,709,710,711,738,759,771,801,822,834
draft_22951_01238	10,11,12,13,15,16,19,20,144,149,150,151,156,157,179,180,181,182,186,187,193,256,258,284,285,286,287,333,334,336,339,341,345,346,352,353,356,357,366,371,372,375,377,378,385,391,392,417,421,431,435,438,440,442,444,447,450,452,465,471,491,494,496,503,517,521,525,536,541,546,547,550,553,554,557,565,571,579,580,583,585,586,593,594,596,598,600,601,604,608,609,614,619,624,629,634,635,641,646,647,651,657,658,661,665,666,669,672,673,678,679,680,684,685,686,688,689,693,697,698,705,709,710,711,713,717,735,756,759,780,798,819,822
draft_22951_01239	10,11,12,15,16,34,179,180,181,182,186,187,193,256,257,258,260,284,285,286,294,300,333,334,341,345,346,352,356,357,358,359,366,371,372,373,374,376,377,380,385,386,388,390,391,393,394,397,400,401,404,417,419,422,431,432,435,436,438,442,443,446,447,448,450,451,454,465,471,473,483,485,488,489,491,492,496,503,505,507,509,512,517,520,521,522,524,525,528,531,539,540,541,546,547,550,553,556,557,561,565,571,573,577,579,583,585,586,593,594,596,597,600,601,602,604,608,609,614,619,622,629,634,635,637,641,644,655,658,661,665,666,669,675,678,679,680,684,689,697,698,709,710,711,713,714,735,756,777,798,819
draft_22951_01240	10,11,12,13,15,19,20,21,144,150,179,180,181,182,184,185,186,187,193,200,256,257,258,260,284,285,286,287,333,334,341,342,345,346,352,353,356,357,358,359,366,367,368,371,372,373,374,375,377,381,382,383,385,386,388,391,392,397,398,404,406,417,419,431,432,435,436,438,442,443,446,447,448,450,454,465,471,473,477,483,491,492,496,499,503,507,517,521,522,524,525,531,539,540,541,542,543,545,546,547,549,550,553,556,557,564,565,566,568,571,574,575,577,578,579,583,585,586,590,593,595,596,600,601,604,605,607,608,609,611,614,619,620,627,629,631,634,635,638,639,641,642,652,653,656,657,658,661,662,663,665,666,667,669,678,679,680,681,683,684,689,690,692,697,698,699,700,703,704,709,710,711,713,715,736,756,757,762,778,799,819,820,825
draft_22951_01241	10,11,12,15,179,180,181,182,186,256,257,258,284,285,286,333,334,341,345,346,352,356,357,358,359,366,371,372,373,374,375,377,385,388,391,397,404,417,419,431,432,435,436,438,442,443,446,447,448,450,454,465,471,473,483,491,492,496,503,507,517,521,522,524,525,531,539,540,541,546,547,550,553,556,557,565,571,577,578,579,583,585,586,593,596,600,601,604,608,609,614,619,629,634,635,641,657,658,661,665,666,669,678,679,680,684,689,697,698,709,710,711,713,714,735,756,777,798,819
draft_22951_01242	10,11,12,13,15,16,19,144,146,147,179,180,186,187,256,257,258,260,284,285,286,287,300,333,334,341,342,345,346,352,353,356,357,358,359,366,371,372,375,376,377,378,380,385,387,388,390,391,392,394,397,398,404,417,419,421,431,432,433,435,438,442,443,444,447,450,451,454,465,471,473,483,485,486,488,489,491,494,496,500,503,505,507,517,520,521,522,524,525,531,536,537,539,540,541,546,547,548,550,553,554,556,557,561,565,570,571,573,577,579,580,583,585,586,593,596,597,598,600,601,603,604,608,609,612,614,619,624,629,634,635,637,641,655,657,658,661,665,666,669,672,673,675,678,679,680,684,685,689,693,697,698,705,709,710,711,714,771,777,834
draft_22951_01243	10,11,12,13,15,19,179,180,181,182,183,186,187,193,200,256,284,285,286,287,333,334,335,336,339,341,342,345,346,352,353,356,357,366,367,371,372,375,382,383,385,391,392,406,417,431,435,442,447,471,477,491,499,517,521,525,541,542,543,549,553,557,565,566,571,574,575,579,583,585,590,593,595,596,600,604,605,607,608,609,614,619,620,627,635,638,641,642,652,656,657,661,665,667,669,678,679,680,681,684,689,690,697,698,699,700,709,710,711,712,713,715,736,756,777,778,780,798,799,801,819,822
draft_22951_01244	10,11,12,15,179,180,181,182,186,256,257,258,284,285,286,333,334,341,345,346,352,356,357,358,359,366,371,372,373,374,375,377,385,388,391,397,404,417,419,431,432,435,436,438,442,443,446,447,448,450,454,465,471,473,483,491,492,496,503,507,517,521,522,524,525,531,539,540,541,546,547,550,553,556,557,565,571,578,579,583,585,586,593,596,600,601,604,608,609,614,619,629,634,635,641,657,658,661,665,666,669,678,679,680,684,689,697,698,709,710,711,713,714,735,756,777,798,819
draft_22951_01245	10,11,12,15,16,17,34,144,146,147,179,180,256,257,258,284,285,286,294,300,301,333,334,341,345,352,356,357,371,372,375,376,380,385,390,391,394,395,397,399,400,404,417,419,422,423,431,435,438,442,447,450,451,454,468,471,485,487,488,489,491,503,505,509,511,512,517,518,520,521,523,525,553,557,561,565,571,573,579,583,585,596,600,604,609,619,635,641,661,665,669,678,679,680,689,697,709,710,711
draft_22951_01246	10,11,12,15,16,179,180,181,182,186,256,257,258,284,285,286,300,301,333,334,341,345,346,352,356,357,359,366,371,372,373,374,375,376,377,379,380,385,386,388,391,394,395,397,399,404,417,419,431,432,435,436,439,442,443,446,447,448,450,451,454,465,468,471,473,478,483,485,488,491,492,496,503,507,516,517,518,521,522,524,525,531,539,540,541,546,547,550,553,556,557,561,565,571,577,578,579,583,585,586,593,596,600,601,604,608,609,614,619,629,634,635,641,645,655,657,658,661,665,666,669,675,678,679,680,684,689,697,709,710,711,713,756,819
draft_22951_01247	10,11,12,13,15,19,20,116,117,179,180,256,284,285,286,287,300,309,333,334,336,339,340,341,342,345,346,347,352,353,356,357,366,367,371,372,375,382,383,385,391,393,394,406,407,417,431,435,442,447,471,477,491,499,517,521,525,529,541,542,543,549,553,557,565,566,567,568,571,572,574,575,579,583,585,590,595,596,600,604,605,607,609,614,615,619,620,621,627,633,635,638,639,641,642,644,652,656,657,660,661,663,664,665,667,669,678,679,680,681,689,690,697,699,709,710,711,715,778
draft_22951_01248	10,11,12,15,16,19,20,21,179,180,181,182,186,256,257,258,284,285,286,287,333,334,341,345,346,352,353,356,357,358,359,366,367,371,372,375,376,377,378,380,381,382,385,386,387,388,390,391,392,397,398,404,406,417,419,421,431,432,435,438,440,441,442,443,444,447,450,451,452,453,454,465,471,473,483,485,488,491,494,496,503,505,507,517,520,521,522,524,525,531,536,537,539,540,541,546,547,550,553,554,556,557,561,565,567,571,573,577,579,580,581,583,585,586,593,594,596,597,598,600,601,602,603,604,608,609,614,616,619,622,624,625,629,634,635,637,641,646,647,648,651,655,657,658,660,661,665,666,669,672,673,674,675,678,679,680,684,685,689,693,705,709,710,711,759,822
draft_22951_01249	10,11,12,15,19,20,21,144,146,147,151,154,179,180,256,284,285,286,287,333,334,336,340,341,342,345,347,352,353,356,367,371,372,375,377,378,382,383,385,391,392,406,417,421,435,438,440,442,444,447,450,452,465,471,477,491,496,499,503,517,521,525,536,542,543,546,547,549,550,553,557,565,566,571,574,575,579,580,582,583,585,586,590,593,595,596,600,601,604,605,607,608,609,614,615,619,620,627,629,634,635,638,639,641,642,643,646,651,652,656,657,658,661,665,666,667,669,678,679,680,681,683,684,685,686,687,688,689,690,693,699,700,705,709,710,711,722,785
draft_22951_01250	10,11,12,15,16,19,20,179,180,181,182,186,256,257,258,284,285,286,287,333,341,345,346,347,352,353,356,358,359,366,367,371,372,373,374,375,377,378,381,385,387,388,391,397,404,406,417,419,421,432,435,436,438,441,442,443,444,446,447,448,450,453,454,462,465,471,473,483,486,491,492,494,495,496,500,503,507,517,521,522,524,525,531,536,537,539,540,541,546,547,548,549,550,553,554,556,557,565,567,570,571,574,577,578,579,581,583,585,586,593,595,596,600,601,603,604,605,608,609,612,614,615,616,619,625,629,634,635,639,641,657,658,660,661,665,666,667,669,673,674,678,679,680,684,771,834
draft_22951_01251	10,11,12,13,15,16,17,179,180,181,182,186,187,188,189,193,200,256,257,258,259,260,262,284,285,286,300,333,334,341,345,346,352,356,357,358,359,366,371,372,375,377,378,385,386,387,388,391,392,394,397,398,404,417,419,431,432,435,438,442,443,447,450,454,465,471,473,483,491,496,503,507,517,521,522,524,525,531,539,540,541,546,547,550,553,556,557,565,571,577,578,579,583,585,586,593,594,596,600,601,602,604,608,609,614,619,622,629,634,635,641,644,657,658,661,665,666,669,678,679,680,684,689,697,709,710,711,759,822
draft_22951_01252	10,11,12,15,16,34,179,180,181,182,186,256,257,284,285,286,294,300,333,339,341,345,346,352,356,359,366,371,372,373,374,376,377,379,380,385,388,391,393,394,397,404,417,419,422,435,436,439,442,443,446,447,448,450,451,454,465,471,473,483,485,488,491,492,496,503,507,509,512,517,520,521,522,524,525,529,531,539,540,541,546,547,550,553,556,557,561,565,571,577,578,579,583,585,586,593,596,600,601,604,608,609,614,619,629,634,635,637,641,644,655,657,658,661,665,666,669,675,678,679,680,684
draft_22951_01253	10,11,12,15,16,179,180,181,182,186,256,257,258,284,285,286,300,333,334,341,345,352,356,357,358,359,371,372,375,376,377,378,380,385,388,390,391,393,394,397,404,417,419,431,432,435,438,442,443,447,450,451,454,465,471,473,483,485,488,491,496,503,505,507,517,520,521,524,525,531,539,540,546,547,550,553,556,557,561,565,571,573,579,583,585,586,593,594,596,597,600,601,602,604,608,609,614,619,622,629,634,635,637,641,644,655,658,661,665,666,669,675,678,679,680,684,689,709,710,711,759,822
draft_22951_01254	10,11,12,15,179,180,256,284,285,286,333,334,345,346,352,356,357,366,371,372,375,385,391,392,417,431,435,442,447,465,471,491,517,521,525,541,550,553,557,565,571,579,583,585,593,596,600,604,608,609,614,619,629,634,635,641,657,661,665,669,678,679,680,684,689,709,710,711
draft_22951_01255	10,11,12,13,15,16,19,20,21,179,180,181,182,186,187,193,256,257,258,260,284,285,286,287,300,309,333,334,341,342,345,352,353,356,357,359,367,371,372,375,376,377,378,380,382,383,385,388,390,391,392,393,394,397,398,400,401,404,406,407,417,419,421,431,435,438,440,442,443,444,447,450,451,452,454,465,471,473,477,483,485,488,489,491,494,496,499,503,505,507,517,520,521,524,525,528,531,536,539,542,543,545,546,547,549,550,553,554,556,557,558,561,565,566,568,571,573,574,575,578,579,580,581,582,583,585,586,590,591,593,594,595,596,597,600,601,602,604,605,607,608,609,614,618,619,620,622,625,626,627,629,631,634,635,637,638,639,641,642,643,646,648,651,652,653,655,656,657,658,661,663,665,666,667,668,669,674,675,678,679,680,681,683,684,685,689,690,693,697,698,699,700,705,709,710,711,715,722,736,762,778,785,799,825
draft_22951_01256	10,11,12,15,16,34,179,180,256,284,285,286,294,300,301,333,334,345,346,352,356,357,366,371,372,375,376,385,394,395,399,417,419,422,431,435,436,442,443,447,448,468,471,491,512,517,518,521,525,539,553,556,557,565,571,577,579,583,585,596,600,604,609,619,635,636,641,645,661,665,669,678,679,680,689,697,709,710,711,713,756,819
draft_22951_01257	10,11,12,15,16,17,19,20,21,179,180,181,182,186,256,257,258,284,285,286,287,300,333,341,342,345,346,352,353,356,366,367,371,372,375,376,377,378,380,382,383,385,390,391,392,393,394,397,398,404,406,417,419,421,435,438,440,442,444,447,450,451,452,454,465,471,477,485,488,491,496,499,503,505,517,520,521,522,525,537,541,542,543,544,546,547,549,550,553,557,561,565,566,567,570,571,573,574,575,579,583,585,586,590,593,595,596,597,600,601,603,604,605,607,608,609,612,614,616,619,620,627,629,634,635,637,638,639,641,642,644,646,647,648,651,652,653,655,656,657,658,660,661,665,666,667,669,678,679,680,681,682,684,690,692,703,704,720,743,764,783,806,827
draft_22951_01258	10,11,12,15,19,179,180,186,187,256,258,284,285,286,287,300,333,334,339,341,342,345,346,352,353,356,357,366,367,371,372,375,377,378,382,383,385,391,393,394,406,417,431,435,438,442,447,450,465,471,477,491,496,499,503,517,521,525,529,541,542,543,546,547,549,550,553,557,565,566,571,574,575,579,583,585,586,590,593,595,596,600,601,604,605,607,608,609,614,619,620,627,629,634,635,638,641,642,644,652,656,657,658,661,665,666,667,669,678,679,680,681,683,684,689,690,697,709,710,711,722,785
draft_22951_01259	10,11,12,15,16,34,179,180,256,284,285,286,294,300,301,333,334,345,346,352,356,357,366,371,372,375,376,385,394,395,399,417,419,422,431,435,436,442,443,447,448,468,471,491,512,517,518,521,525,539,553,556,557,565,571,577,579,583,585,596,600,604,609,619,635,636,641,645,661,665,669,678,679,680,689,709,710,711,714,777
draft_22951_01260	10,11,12,19,20,179,180,182,186,256,257,258,284,285,287,333,334,342,345,353,356,357,371,372,375,381,382,383,385,386,406,410,417,421,431,433,435,441,442,444,447,453,471,477,491,494,499,517,521,525,536,542,543,549,553,554,557,565,566,571,574,575,579,580,582,583,585,589,590,595,596,598,600,604,605,607,609,615,619,620,621,623,624,626,627,633,635,638,641,642,643,652,656,661,665,667,669,672,673,678,679,680,681,685,689,690,693,694,695,697,698,699,705,706,707,709,710,711,757,820
draft_22951_01261	10,11,12,15,19,179,180,256,284,285,286,287,300,333,341,342,345,347,352,353,356,367,371,372,375,377,378,382,383,385,394,406,417,435,438,442,447,450,465,471,477,491,499,503,517,521,525,542,543,544,546,547,549,550,553,557,565,566,567,571,574,575,579,583,585,590,593,595,596,600,601,604,605,607,608,609,615,616,619,620,621,627,633,634,635,638,641,642,644,652,656,661,665,666,667,669,678,679,680,681,684,690,764,827
draft_22951_01262	10,11,12,15,19,20,144,147,284,285,286,287,333,334,338,342,345,346,352,353,366,367,368,375,381,391,392,406,417,435,442,447,465,477,491,499,525,541,557,564,568,574,583,595,611,620,638,641,661,662,663,667,679,680,681,689,690,697,698,699,709,710
draft_22951_01263	10,11,12,15,16,19,179,180,181,182,186,187,193,256,257,258,260,284,285,286,287,301,333,334,341,342,345,352,353,356,357,358,359,371,372,375,377,382,383,385,386,388,406,417,419,423,431,432,435,438,442,443,447,450,465,468,471,477,478,491,499,516,517,521,524,525,531,539,540,542,543,546,549,550,553,556,557,565,566,571,574,575,577,579,583,585,590,593,595,596,600,601,604,605,607,608,609,613,615,617,619,620,621,627,633,634,635,638,641,642,645,652,656,661,665,666,667,669,678,679,680,681,683,684,689,690,697,699,709,710,711,713,756,819
draft_22951_01264	10,11,12,15,16,19,144,146,147,179,180,256,257,258,284,285,286,287,300,301,333,334,341,345,346,352,353,356,357,359,366,371,372,373,374,375,377,378,382,385,388,391,394,395,397,399,400,417,419,421,423,431,435,436,438,440,442,443,444,446,447,448,450,452,454,465,468,471,478,483,491,492,494,496,497,503,516,517,519,521,523,524,525,528,531,536,539,541,546,547,550,553,554,556,557,565,571,577,578,579,581,583,585,586,593,594,596,600,601,602,604,608,609,614,617,619,622,625,629,634,635,641,645,657,658,661,665,666,669,673,674,678,679,680,684
draft_22951_01265	10,11,12,15,19,20,179,180,256,284,285,286,287,300,309,333,334,341,345,352,353,356,357,371,372,375,377,378,381,385,391,393,394,407,417,421,431,435,438,440,441,442,444,447,450,452,453,465,471,491,496,503,517,521,525,546,547,550,553,554,557,565,571,574,579,583,585,586,593,596,600,601,604,608,609,614,619,620,629,634,635,641,644,646,657,658,661,665,666,668,669,672,673,678,679,680,684,689,698,709,710,711,717,735,759,780,798,822
draft_22951_01266	10,11,12,13,15,16,144,146,147,179,180,181,182,186,187,193,256,257,258,260,284,285,286,300,333,334,341,345,346,352,356,357,358,359,366,371,372,373,374,375,377,378,385,386,387,388,391,392,393,394,397,400,401,404,417,419,431,432,435,436,438,442,443,446,447,448,450,454,465,471,473,483,491,492,496,503,507,517,521,522,524,525,528,529,531,539,540,541,546,547,550,553,556,557,565,570,571,577,578,579,583,585,586,593,594,596,600,601,604,608,609,612,614,619,629,634,635,641,644,657,658,661,665,666,669,678,679,680,684,689,697,698,709,710,711,713,756,759,819,822
draft_22951_01267	10,11,12,15,16,34,179,180,181,182,186,256,284,285,286,294,300,333,334,345,346,352,356,357,366,371,372,375,376,385,391,392,393,394,417,422,431,435,442,447,465,471,491,509,512,517,521,525,529,541,550,553,557,561,565,571,579,583,585,593,596,600,604,608,609,614,619,629,634,635,637,641,655,661,665,669,678,679,680,684,689,709,710,711
draft_22951_01268	10,11,12,13,15,16,19,20,179,180,181,182,186,256,284,285,286,287,300,333,334,336,342,345,346,347,352,353,356,357,366,367,371,372,375,382,383,385,391,392,394,406,417,421,431,435,440,442,444,447,452,463,471,477,491,499,517,521,525,536,538,541,542,543,549,553,557,565,566,567,571,574,575,579,580,583,585,590,593,595,596,600,604,605,606,607,609,614,615,616,619,620,621,627,633,635,638,641,642,644,646,647,652,656,657,660,661,665,667,669,678,679,680,681,684,686,689,690,697,698,700,709,710,711,713,715,778
draft_22951_01269	10,11,12,13,15,16,19,20,21,144,146,147,179,180,186,187,256,258,284,285,286,287,300,333,334,341,342,345,346,352,353,356,357,366,367,371,372,375,377,378,382,383,385,391,392,393,394,406,417,421,431,435,438,440,442,444,447,450,452,465,471,477,491,494,496,499,503,517,521,525,536,541,542,543,545,546,547,549,550,553,554,557,565,566,568,571,574,575,576,579,580,583,585,586,590,593,595,596,598,600,601,604,605,607,608,609,614,619,620,624,627,629,631,634,635,638,640,641,642,644,646,647,652,654,656,657,658,661,663,665,666,667,669,672,673,678,679,680,681,683,684,685,686,687,689,690,691,692,693,694,700,701,702,703,705,706,709,710,711,715,729,736,741,762,778,792,799,804,825
draft_22951_01270	10,11,12,15,16,19,20,144,146,147,179,180,256,257,258,284,285,286,287,300,333,334,341,345,346,352,353,356,357,358,359,366,371,372,373,374,375,377,378,385,386,387,388,391,393,394,397,400,401,404,417,419,421,431,432,435,436,438,440,442,443,444,446,447,448,450,452,454,465,471,473,483,491,492,496,503,507,517,521,522,524,525,528,529,531,537,539,540,541,546,547,550,553,556,557,565,570,571,577,578,579,583,585,586,593,596,600,601,603,604,608,609,612,614,619,629,634,635,641,644,646,647,657,658,661,665,666,669,678,679,680,684,689,697,698,709,710,711,713,759,822
draft_22951_01271	10,11,12,13,15,16,116,117,144,146,147,179,180,186,187,256,257,258,260,284,285,286,300,333,334,339,341,345,346,352,356,357,358,359,366,371,372,375,377,378,385,386,387,388,391,392,393,394,397,398,404,417,419,431,432,435,438,442,443,447,450,454,465,471,473,483,491,496,503,507,517,521,522,524,525,529,531,539,540,541,546,547,550,553,556,557,565,571,577,578,579,583,585,586,593,596,600,601,604,608,609,614,619,629,634,635,641,644,657,658,661,665,666,669,678,679,680,684,689,697,698,709,710,711,713,717,735,759,780,798,822
draft_22951_01272	10,11,12,13,15,16,17,19,179,180,184,185,186,187,193,256,258,284,285,286,287,300,301,333,334,339,341,345,346,352,356,357,366,371,372,375,376,377,378,385,391,393,394,395,399,417,419,421,431,432,435,438,442,443,447,450,452,465,468,471,478,491,503,516,517,521,525,529,539,540,541,546,547,550,553,556,557,561,565,571,579,583,585,593,596,600,601,604,608,609,614,619,629,634,635,637,641,644,645,646,647,655,661,665,666,669,678,679,680,684,689,697,709,710,711
draft_22951_01273	10,11,12,15,19,20,179,180,256,284,285,286,287,300,309,333,334,341,345,346,352,353,356,357,366,371,372,375,377,378,381,385,391,393,394,407,417,421,431,435,438,441,442,444,447,450,453,465,471,491,494,496,503,517,521,525,529,536,541,546,547,549,550,553,554,557,565,571,574,575,579,580,581,583,585,586,593,596,598,600,601,604,608,609,614,618,619,620,624,625,629,634,635,638,639,641,642,644,656,657,658,661,665,666,668,669,672,673,674,678,679,680,681,684,685,689,690,693,699,705,709,710,711,759,822
draft_22951_01274	10,11,12,15,16,19,20,179,180,256,284,285,286,287,300,333,334,341,345,346,352,353,356,357,366,367,371,372,375,376,377,378,381,385,391,393,394,406,417,421,431,435,438,441,442,444,447,450,452,453,465,471,491,494,496,503,517,521,525,529,536,541,546,547,549,550,553,554,557,561,565,571,574,575,579,580,583,585,586,593,595,596,598,600,601,604,605,608,609,614,619,620,624,629,634,635,637,638,641,642,644,646,647,655,656,658,661,665,666,667,669,672,673,675,678,679,680,681,684,685,689,690,692,693,696,699,703,704,705,708,709,710,711,717,780
draft_22951_01275	10,11,12,13,15,16,19,20,21,179,180,256,284,285,286,287,300,301,333,334,336,341,345,347,352,353,356,357,367,371,372,375,377,378,381,385,391,393,394,395,399,406,417,419,421,431,432,435,438,440,441,442,443,444,447,450,452,453,465,468,471,491,494,496,503,516,517,519,521,525,536,539,540,546,547,550,553,554,557,565,571,579,580,583,585,586,593,596,598,600,601,604,608,609,614,615,619,624,629,634,635,638,641,644,645,646,657,658,661,665,666,669,672,673,678,679,680,684,685,689,693,696,705,708,709,710,711,713,717,780
draft_22951_01276	10,11,12,13,15,179,180,186,187,256,258,284,285,286,333,334,339,341,345,346,352,356,357,366,371,372,375,385,391,392,417,431,435,442,447,465,471,491,517,521,525,541,550,553,557,565,571,579,583,585,593,596,600,604,608,609,614,619,629,634,635,641,657,661,665,669,678,679,680,684,689,697,709,710,711
draft_22951_01277	10,11,12,13,15,16,19,179,180,181,182,186,187,193,256,258,284,285,286,287,333,334,339,341,345,346,352,353,356,357,366,371,372,375,377,378,385,391,392,417,421,431,435,438,440,442,444,447,450,452,465,471,491,496,503,517,521,525,536,541,546,547,550,553,557,565,571,579,583,585,586,593,594,596,600,601,604,608,609,614,619,629,634,635,641,646,647,657,658,661,665,666,669,678,679,680,684,689,697,709,710,711
draft_22951_01278	10,11,12,13,15,16,19,20,21,179,180,181,182,186,187,193,256,257,258,260,284,285,286,287,300,309,333,334,341,342,345,346,352,353,356,357,359,366,371,372,375,376,377,378,380,382,383,385,388,390,391,392,393,394,397,398,400,401,404,407,417,419,421,431,435,436,438,440,442,443,444,447,448,450,451,452,454,465,471,473,483,485,488,489,491,494,496,499,503,505,507,517,520,521,524,525,528,531,536,539,542,543,546,547,549,550,553,554,556,557,558,561,565,571,573,574,575,578,579,581,582,583,585,586,591,593,594,596,597,600,601,602,604,607,608,609,614,618,619,620,622,625,626,629,634,635,637,638,639,641,642,643,646,648,651,652,653,655,656,657,658,661,665,666,668,669,674,675,678,679,680,681,683,684,689,690,700,709,710,711,717,722,736,759,780,785,799,822
draft_22951_01279	10,11,12,15,16,144,146,147,179,180,256,257,258,284,285,286,333,334,336,341,345,346,352,356,358,359,360,366,371,372,375,376,377,378,380,385,387,388,390,391,392,397,398,404,417,419,432,435,438,439,442,443,447,450,451,454,465,471,473,483,485,486,488,491,496,500,503,505,507,517,520,521,522,524,525,531,539,540,541,546,547,548,550,553,556,557,561,565,570,571,573,577,579,583,585,586,593,596,597,600,601,604,608,609,612,614,619,629,634,635,637,641,655,657,658,661,665,666,669,675,678,679,680,684,709,771,834
draft_22951_01280	10,11,12,13,15,19,179,180,186,187,256,258,284,285,286,287,333,334,340,342,345,346,347,352,353,356,357,366,367,371,372,375,385,391,392,406,417,431,435,442,447,471,491,517,521,525,541,549,553,557,565,567,571,574,575,579,583,585,595,596,600,604,605,609,615,616,619,620,635,638,641,642,656,660,661,665,667,669,678,679,680,681,689,690,697,698,699,709,710,711
draft_22951_01281	10,11,12,15,16,17,34,35,179,180,256,284,285,286,294,300,301,333,334,345,346,352,356,357,366,371,372,375,376,385,391,393,394,395,399,417,422,431,435,442,447,465,471,491,509,511,512,517,518,521,523,525,529,541,550,553,557,561,565,571,579,583,585,593,596,600,604,608,609,614,619,629,634,635,636,641,644,655,661,665,669,678,679,680,684,689,709,710,711
draft_22951_01282	10,11,12,13,15,16,17,179,180,181,182,186,187,188,189,193,200,256,257,258,259,260,262,284,285,286,300,333,334,335,341,345,346,352,356,357,358,359,360,366,371,372,373,374,375,376,377,378,379,380,385,386,387,388,390,391,393,394,397,404,417,419,431,432,435,436,438,439,442,443,446,447,448,450,451,454,465,471,473,483,485,488,491,492,496,503,505,507,517,520,521,522,524,525,529,531,539,540,541,546,547,550,553,556,557,561,565,571,573,577,578,579,583,585,586,593,594,596,597,600,601,602,604,608,609,614,619,622,629,634,635,637,641,655,657,658,661,665,666,669,675,678,679,680,684,689,697,698,709,710,711,712,713,714,759,777,822
draft_22951_01283	10,11,12,13,15,16,19,144,146,147,179,180,186,187,256,257,258,260,284,285,286,287,300,301,333,334,341,345,346,352,353,356,357,358,359,366,371,372,377,378,385,386,387,388,391,393,394,395,397,399,400,401,404,417,419,421,431,432,435,436,438,440,442,443,444,447,448,450,452,454,465,468,471,473,483,491,494,496,503,507,516,517,519,521,524,525,528,531,536,539,540,546,547,550,553,554,556,557,565,571,577,578,579,580,583,585,586,593,596,598,600,601,604,608,609,614,619,624,629,634,635,641,644,645,657,658,661,665,666,669,672,673,678,679,680,684,685,689,693,697,705,709,710,711,759,822
draft_22951_01284	10,11,12,15,19,179,180,256,284,285,286,287,333,334,342,345,346,352,353,356,357,366,371,372,375,385,391,392,417,421,431,433,435,442,444,446,447,450,471,491,494,503,517,521,525,536,541,553,554,557,565,571,579,580,583,585,596,598,600,604,609,619,624,635,641,661,665,669,672,673,674,678,679,680,685,689,693,697,698,705,709,710,711,735,798
draft_22951_01285	10,11,12,15,16,19,179,180,181,182,186,256,257,258,284,285,286,287,333,341,345,347,352,353,356,358,359,367,371,372,375,377,378,385,387,388,391,397,404,417,419,421,432,435,437,438,442,443,444,447,449,450,454,465,471,473,483,486,491,494,495,496,500,503,507,517,521,524,525,531,536,537,539,540,546,547,548,550,553,554,556,557,565,570,571,577,578,579,580,581,583,585,586,593,596,600,601,603,604,608,609,612,614,619,624,625,629,634,635,641,657,658,661,665,666,669,672,674,678,679,680,684,771,834
draft_22951_01286	10,11,12,13,15,16,17,179,180,186,187,256,258,284,285,286,301,333,341,345,352,356,366,371,372,375,376,377,378,385,391,392,417,419,423,435,438,439,442,443,447,450,451,454,465,471,488,491,503,517,520,521,525,540,541,546,547,550,553,557,565,571,579,583,585,593,596,600,601,604,608,609,619,634,635,641,661,665,666,669,678,679,680,684,729,792
draft_22951_01287	10,11,12,15,19,20,144,146,147,179,180,256,257,258,284,285,286,287,300,333,334,341,345,346,352,353,356,357,358,359,366,367,371,372,373,374,375,377,378,381,385,386,387,388,391,393,394,397,400,401,404,406,417,419,421,431,432,435,436,438,441,442,443,444,446,447,448,450,453,454,465,471,473,483,491,492,494,496,503,507,517,521,522,524,525,528,529,531,536,539,540,541,546,547,549,550,553,554,556,557,565,571,574,575,577,578,579,580,581,583,585,586,593,595,596,598,600,601,604,605,608,609,614,619,620,624,625,629,634,635,638,639,641,642,644,656,657,658,661,665,666,667,669,672,673,674,678,679,680,681,683,684,685,686,689,690,693,697,698,699,705,709,710,711,713,759,822
draft_22951_01288	10,11,12,13,15,16,144,149,150,179,180,181,182,186,187,193,256,257,258,284,285,286,300,333,334,339,341,345,346,352,356,357,358,359,366,371,372,376,377,378,379,380,385,386,387,388,391,392,394,397,404,417,419,431,432,435,438,439,442,443,447,450,451,454,465,471,473,483,485,488,491,496,503,507,517,520,521,524,525,531,539,540,541,546,547,550,553,556,557,561,565,571,577,578,579,583,585,586,593,594,596,597,600,601,602,604,608,609,614,619,622,629,634,635,637,641,655,657,658,661,665,666,669,675,678,679,680,684,689,697,698,709,710,711,759,822
draft_22951_01289	10,11,12,15,16,19,179,180,186,187,256,258,284,285,286,287,300,333,334,341,345,352,353,356,357,371,372,375,377,378,385,391,393,394,417,421,431,435,438,440,442,444,447,450,452,465,471,491,494,496,503,517,521,525,536,546,547,550,553,554,557,565,571,579,580,583,585,586,593,596,598,600,601,604,608,609,614,619,624,629,634,635,641,644,646,657,658,661,665,666,669,672,673,678,679,680,684,685,689,693,696,705,708,709,710,711,717,780
draft_22951_01290	10,11,12,13,15,19,20,179,183,184,185,186,190,193,284,285,286,287,300,333,334,335,336,341,342,345,352,353,375,391,393,394,417,421,431,433,438,442,444,450,491,525,536,554,557,580,583,593,614,641,644,657,661,672,674,679,680,684,685,689,693,695,696,697,698,705,707,709,710,711,712
draft_22951_01291	10,11,12,13,15,16,19,20,144,146,147,179,180,181,182,186,256,257,258,284,285,286,287,300,333,334,341,345,346,352,353,356,357,358,359,366,371,372,373,374,375,376,377,378,385,388,391,392,393,394,397,398,404,417,419,421,431,432,435,436,438,440,442,443,444,446,447,448,450,452,454,465,471,473,483,491,492,496,503,507,517,521,522,524,525,531,536,539,540,541,546,547,550,553,554,556,557,561,565,571,577,578,579,581,583,585,586,589,593,594,596,600,601,604,608,609,614,619,629,634,635,637,641,646,648,651,655,657,658,661,665,666,669,672,673,675,678,679,680,684,689,709,710,711,759,822
draft_22951_01292	10,11,12,15,16,19,20,144,147,179,180,256,257,258,284,285,286,287,300,301,333,334,342,345,347,352,353,356,357,366,367,371,372,375,382,383,385,386,391,394,395,399,406,410,417,421,431,433,435,437,440,442,444,447,449,452,471,477,491,494,499,516,519,521,523,525,536,541,542,543,549,553,554,557,565,566,571,574,575,579,580,583,585,590,593,595,596,598,600,604,605,607,608,609,615,619,620,621,624,627,633,635,638,641,642,644,652,656,661,665,667,669,672,678,679,680,681,683,684,685,686,687,688,689,690,692,693,694,695,696,697,698,699,700,705,706,707,709,710,711,713,714,735,736,756,757,777,798,799,819,820
draft_22951_01293	10,11,12,13,15,16,19,20,179,180,181,182,186,187,193,284,285,286,287,333,340,342,345,346,347,352,353,366,367,391,392,406,541,567,570,583,612,615,616,638,657,660,680,681,690
draft_22951_01294	10,11,12,13,15,179,180,181,182,186,187,193,256,257,258,260,284,285,286,333,334,341,345,352,356,357,358,359,371,372,375,377,378,385,386,387,388,391,397,404,417,419,431,432,435,438,442,443,447,450,454,465,471,473,483,491,496,507,517,521,524,525,531,539,540,546,550,553,556,557,565,571,577,578,579,583,585,586,593,596,600,601,604,608,609,614,619,629,634,635,641,657,658,661,665,666,669,678,679,680,684,689,697,698,709,710,711,713,714,735,738,756,759,777,798,801,819,822
draft_22951_01295	10,11,12,15,16,19,20,144,146,147,179,180,186,187,256,258,284,285,286,287,300,333,334,337,341,345,352,353,356,357,371,372,376,385,391,393,394,417,421,431,435,440,442,444,447,452,465,471,491,517,521,525,536,537,550,553,557,561,565,570,571,579,580,583,585,593,596,598,600,603,604,608,609,612,614,619,629,634,635,637,641,646,648,651,655,661,665,669,678,679,680,684,685,689,693,697,698,705,709,710,711,713
draft_22951_01296	10,11,12,13,15,16,144,146,147,179,180,181,182,186,187,193,256,257,258,259,260,262,284,285,286,300,333,334,341,345,346,352,356,357,358,359,360,366,371,372,373,374,376,377,380,385,388,390,391,393,394,397,400,401,404,417,419,431,432,435,436,438,439,442,443,446,447,448,450,451,454,465,471,473,483,485,486,488,489,491,492,496,500,503,505,507,517,520,521,522,524,525,528,531,539,540,541,546,547,548,550,553,556,557,561,565,570,571,573,577,578,579,583,585,586,593,594,596,597,600,601,604,608,609,612,614,619,629,634,635,637,641,655,657,658,661,665,666,669,675,678,679,680,684,689,697,698,709,710,711
draft_22951_01297	10,11,12,13,15,16,179,180,181,182,186,188,189,193,256,257,258,259,260,284,285,286,333,334,345,346,352,356,357,359,366,371,372,373,374,376,377,379,380,385,388,391,392,397,404,417,419,431,435,436,439,442,443,446,447,448,450,451,454,465,471,473,483,485,488,491,492,496,503,507,517,520,521,522,524,525,531,539,540,541,546,547,550,553,556,557,561,565,571,577,578,579,583,585,586,593,596,597,600,601,604,608,609,614,619,629,634,635,637,641,655,657,658,661,665,666,669,675,678,679,680,684,689,709,710,711
draft_22951_01298	10,11,12,13,15,16,34,179,180,181,182,183,186,193,256,257,258,284,285,286,294,300,333,334,339,341,345,346,352,356,357,359,366,371,372,373,374,376,377,378,385,388,391,393,394,397,404,417,419,422,431,435,436,438,442,443,446,447,448,450,454,465,471,473,483,491,492,496,500,503,507,509,512,517,521,522,524,525,529,531,539,540,541,546,547,548,550,553,556,557,561,565,570,571,577,578,579,583,585,586,593,596,600,601,604,608,609,612,614,619,629,634,635,637,641,644,655,657,658,661,665,666,669,675,678,679,680,684,689,697,709,710,711,713,756,801,819,822
draft_22951_01299	10,11,12,15,16,19,179,180,186,187,256,258,284,285,286,287,300,333,341,342,345,346,347,352,353,356,366,367,371,372,377,378,382,383,385,391,393,394,406,417,435,438,442,447,450,465,471,477,491,496,499,503,517,521,525,529,541,542,543,546,547,548,549,550,553,557,565,566,567,570,571,574,575,579,583,585,586,590,593,595,596,600,601,604,605,607,608,609,612,614,615,616,619,620,621,627,629,633,634,635,638,641,642,644,652,656,657,658,660,661,665,666,667,669,678,679,680,681,684,690,771,834
draft_22951_01300	10,11,12,13,15,16,19,144,146,147,179,180,186,187,256,258,284,285,286,287,300,333,334,336,341,345,346,352,353,356,357,366,371,372,377,378,385,391,392,394,417,421,431,435,438,440,442,444,447,450,452,465,471,491,494,503,517,521,525,536,541,546,547,550,553,554,557,565,571,579,580,583,585,593,596,598,600,601,604,608,609,614,619,624,629,634,635,641,644,646,647,657,661,665,666,669,672,673,678,679,680,684,685,689,693,696,697,698,705,708,709,710,711,713,717,780
draft_22951_01301	10,11,12,15,284,285,286,300,333,345,346,352,366,375,394,529,583,593,644,680,684,689,697
draft_22951_01302	10,11,12,13,15,16,34,179,180,181,182,186,256,257,258,284,285,286,294,300,333,334,336,341,345,346,352,356,357,359,366,371,372,373,374,375,376,377,378,385,388,391,393,394,397,404,417,419,422,431,435,436,438,442,443,446,447,448,450,454,465,471,473,483,491,492,496,500,503,507,509,512,517,521,522,524,525,531,539,540,541,546,547,548,550,553,556,557,561,565,570,571,577,578,579,583,585,586,593,596,600,601,604,608,609,612,614,619,629,634,635,637,641,644,655,657,658,661,665,666,669,675,678,679,680,684,689,697,698,709,710,711,713,759,822
draft_22951_01303	10,11,12,13,15,16,34,144,146,147,151,154,179,180,186,187,256,257,258,260,284,285,286,294,333,334,345,346,350,352,354,356,357,366,369,371,372,376,384,385,391,392,413,417,422,431,435,442,447,465,471,472,481,491,501,508,514,517,521,525,532,533,541,550,553,557,561,565,570,571,579,583,585,587,593,596,600,604,608,609,612,614,619,629,634,635,637,641,655,657,659,661,665,669,678,679,680,684,689,709,710,711
draft_22951_01304	10,11,12,15,34,179,180,181,182,186,256,257,258,284,285,286,294,333,334,341,345,346,352,354,356,357,358,359,366,369,371,372,373,374,375,377,378,384,385,386,387,388,391,397,404,413,417,419,431,432,435,436,438,442,443,446,447,448,450,454,465,471,473,483,491,492,496,501,503,507,508,517,521,522,524,525,531,532,533,534,539,540,541,546,547,550,553,556,557,565,571,577,578,579,583,585,586,587,593,596,600,601,604,608,609,614,619,629,634,635,641,657,658,661,665,666,669,678,679,680,684,689,697,709,710,711,737,759,768,800,822,831
draft_22951_01305	10,11,12,15,16,19,179,180,181,182,186,187,193,256,257,258,260,284,285,286,287,300,333,334,341,345,352,353,356,357,358,359,360,371,372,376,377,378,380,382,385,386,387,388,390,391,393,394,397,400,401,404,417,419,421,431,432,435,438,439,440,442,443,444,447,450,451,452,454,465,471,473,483,485,488,489,491,494,496,503,505,507,517,520,521,524,525,528,531,536,539,540,546,547,550,553,554,556,557,561,565,571,573,577,579,580,581,583,585,586,593,594,596,597,598,600,601,602,604,608,609,614,619,622,624,625,629,634,635,637,641,646,648,655,657,658,661,665,666,669,672,673,674,675,678,679,680,684,685,689,693,705,709,710,711,759,822
draft_22951_01306	10,11,12,15,19,284,285,286,287,300,333,345,352,353,375,394,421,440,444,452,536,580,583,593,644,680,684,685,689,693,697,705
draft_22951_01307	10,11,12,15,16,19,20,21,179,180,181,182,186,256,257,258,284,285,286,287,300,333,334,341,342,345,347,352,353,356,357,358,359,366,367,371,372,375,376,377,380,382,383,385,388,390,391,392,393,394,397,398,400,401,404,406,417,419,421,431,432,435,438,440,442,443,444,447,450,451,452,454,465,471,473,477,483,485,488,489,491,494,496,499,503,505,507,517,520,521,522,524,525,528,531,536,539,540,541,542,543,546,547,549,550,553,554,556,557,561,565,566,568,571,573,574,575,579,580,581,583,585,586,590,593,594,595,596,597,600,601,602,604,605,607,609,613,614,615,619,620,621,622,624,625,627,629,633,634,635,637,638,641,642,644,646,647,648,651,652,655,656,658,661,663,665,666,667,669,672,674,675,678,679,680,681,689,690,709,710,711,715,778
draft_22951_01308	10,11,12,15,16,19,179,180,181,182,186,256,284,285,286,287,300,333,334,339,341,345,346,352,353,356,357,366,371,372,375,377,378,385,391,392,394,417,421,431,435,438,440,442,444,447,450,452,465,471,491,494,503,517,521,525,536,541,546,547,550,553,554,557,565,571,579,580,581,583,585,593,594,596,598,600,601,604,608,609,614,619,624,625,629,634,635,641,644,646,647,657,661,665,666,669,672,673,674,678,679,680,684,685,689,693,705,709,710,711,759,822
draft_22951_01309	10,11,12,15,19,20,21,179,180,256,284,285,286,287,300,333,334,341,345,347,352,353,356,357,367,371,372,375,377,378,381,385,391,393,394,406,417,421,431,435,438,440,441,442,444,447,450,452,453,465,471,491,494,496,503,517,521,525,536,546,547,549,550,553,554,557,565,571,574,575,579,580,581,582,583,585,586,589,593,595,596,598,600,601,604,605,608,609,614,615,619,620,624,629,634,635,638,639,641,642,643,644,646,656,657,658,661,665,666,667,669,672,673,678,679,680,681,684,685,689,690,692,693,696,699,703,704,705,708,709,710,711,717,780
draft_22951_01310	10,11,12,13,15,16,19,34,179,180,184,185,186,187,193,256,258,284,285,286,287,294,333,334,341,342,345,346,352,353,354,356,357,366,371,372,375,377,378,384,385,391,392,413,417,421,431,433,435,438,442,444,447,450,465,471,491,494,496,501,503,508,517,521,525,532,533,534,536,541,546,547,550,553,554,557,565,571,578,579,580,583,585,586,587,593,594,596,598,600,601,604,608,609,614,619,624,629,634,635,641,657,658,659,661,665,666,669,672,673,678,679,680,684,685,686,689,693,697,705,709,710,711,716,738,768,779,801,831
draft_22951_01311	10,11,12,15,19,20,179,180,256,284,285,286,287,300,309,333,334,341,345,346,352,353,356,357,366,371,372,375,377,378,381,385,391,393,394,407,417,421,431,435,438,441,442,444,447,450,453,465,471,491,496,503,517,521,525,529,537,541,546,547,550,553,557,565,567,571,579,583,585,586,593,596,600,601,603,604,608,609,614,619,629,634,635,641,644,657,658,660,661,665,666,669,678,679,680,684,689,697,709,710,711,759,822
draft_22951_01312	10,11,12,15,284,285,286,333,345,346,352,366,375,391,392,541,583,593,614,680,684,689,697
draft_22951_01313	10,11,12,13,15,16,19,179,180,181,182,186,187,193,256,258,284,285,286,287,333,334,335,345,346,352,353,356,357,366,371,372,375,385,391,392,417,421,431,435,440,442,444,447,452,465,471,491,494,517,521,525,536,541,550,553,554,557,565,570,571,579,580,583,585,593,596,598,600,604,608,609,612,614,619,624,629,634,635,641,646,647,657,661,665,669,672,673,678,679,680,684,685,689,693,697,698,705,709,710,711,712,713,714,777
draft_22951_01314	10,11,12,13,15,16,17,19,179,180,181,182,186,187,193,256,257,258,260,284,285,286,287,300,333,334,341,345,352,353,356,357,358,359,371,372,375,376,377,378,379,380,385,387,388,391,393,394,397,404,417,419,421,431,432,435,438,439,440,442,443,444,447,450,451,452,454,465,471,473,483,485,486,488,491,494,496,500,503,507,517,520,521,524,525,531,536,539,540,546,547,548,550,553,554,556,557,561,565,570,571,577,578,579,580,583,585,586,593,596,597,598,600,601,604,608,609,612,614,619,624,629,634,635,641,648,655,657,658,661,665,666,669,672,673,675,678,679,680,684,685,689,693,705,709,710,711,771,834
draft_22951_01315	10,11,12,13,15,16,19,20,21,144,149,150,179,180,186,187,256,258,284,285,286,287,300,301,333,334,342,345,352,353,356,357,371,372,375,381,382,383,385,391,394,395,399,406,417,421,431,435,440,441,442,444,447,452,453,465,471,477,491,494,499,516,517,519,521,523,525,536,542,543,549,550,553,554,557,565,566,571,574,575,579,580,583,585,590,593,595,596,598,600,604,605,607,608,609,614,615,619,620,621,623,624,627,629,633,634,635,638,641,642,646,651,652,656,657,661,665,667,669,672,673,678,679,680,681,683,684,685,686,687,688,689,690,693,697,700,705,709,710,711,713,736,756,799,819
draft_22951_01316	10,11,12,15,19,144,146,147,256,257,284,285,286,287,333,334,339,341,345,346,347,352,353,356,357,358,359,366,367,371,372,375,377,385,388,391,392,397,398,404,417,419,421,431,432,435,437,438,442,443,444,447,449,450,454,465,471,473,483,491,494,496,503,507,521,522,524,525,531,536,539,540,541,546,547,550,553,554,556,557,565,571,577,578,579,580,581,583,585,586,593,596,598,600,601,604,608,609,614,624,625,629,634,635,641,657,658,661,665,666,669,672,673,674,678,679,680,684,685,686,709,710,711
draft_22951_01317	10,11,12,13,15,16,19,20,144,146,147,179,180,186,187,256,257,258,260,284,285,286,287,300,333,334,341,345,346,352,353,356,357,358,359,366,371,372,373,374,375,377,378,385,386,387,388,391,393,394,397,400,401,404,417,419,421,431,432,435,436,438,440,442,443,444,446,447,448,450,452,454,465,471,473,483,491,492,494,496,503,507,517,521,522,524,525,528,529,531,536,539,540,541,546,547,550,553,554,556,557,565,571,577,578,579,580,583,585,586,593,596,598,600,601,604,608,609,614,619,624,629,634,635,641,644,646,647,657,658,661,665,666,669,672,673,678,679,680,684,685,689,693,696,697,698,705,708,709,710,711,713,717,735,759,780,798,822
draft_22951_01318	10,11,12,15,19,20,179,180,182,186,187,193,256,257,258,260,284,285,286,287,300,333,334,342,345,352,353,356,357,371,372,381,382,383,385,386,394,406,410,417,421,431,433,435,440,441,442,444,447,452,453,465,471,477,491,494,499,517,521,525,536,542,543,549,550,553,554,557,565,566,571,574,575,579,580,581,582,583,585,589,590,593,595,596,598,600,604,605,607,608,609,615,619,620,621,623,624,626,627,633,634,635,638,639,641,642,643,652,656,661,665,667,669,672,673,678,679,680,681,684,685,689,690,692,693,694,695,696,697,698,699,700,705,706,707,709,710,711,713,715,735,736,756,757,778,798,799,819,820
draft_22951_01319	10,11,12,13,15,16,19,179,180,181,182,186,187,193,256,257,258,260,284,285,286,287,300,333,334,341,345,346,352,353,356,357,358,359,366,371,372,373,374,377,382,385,388,391,393,394,397,400,401,404,417,419,421,431,432,435,436,438,440,442,443,444,446,447,448,450,452,454,465,471,473,483,486,491,492,495,496,500,503,507,517,521,522,524,525,528,531,537,539,540,541,546,547,548,550,553,556,557,565,570,571,577,578,579,583,585,586,593,596,600,603,604,608,609,612,614,619,629,634,635,641,644,646,657,658,661,665,666,669,678,679,680,684,689,697,698,709,710,711
draft_22951_01320	10,11,12,15,16,17,144,146,147,151,153,154,158,160,161,179,181,182,256,257,258,259,260,261,262,263,284,285,286,301,333,341,345,352,356,358,359,360,371,372,375,376,377,379,380,385,388,389,390,391,397,404,417,419,423,432,435,438,439,442,443,447,450,451,454,465,468,473,478,483,485,487,488,491,496,503,505,507,516,518,520,524,525,531,539,540,546,547,550,556,557,561,571,573,578,586,593,594,597,600,601,602,614,617,622,629,634,637,645,655,657,658,666,675
draft_22951_01321	10,11,12,13,15,16,19,20,179,180,186,187,256,258,284,285,286,287,300,333,334,341,345,346,352,353,356,357,366,371,372,375,377,378,385,391,393,394,417,421,431,435,438,440,442,444,447,450,452,465,471,491,496,503,517,521,525,529,536,537,541,546,547,550,553,557,565,570,571,579,583,585,586,593,596,600,601,603,604,608,609,612,614,619,629,634,635,641,644,646,657,658,661,665,666,669,678,679,680,684,689,698,709,710,711,717,729,735,759,780,792,798,822
draft_22951_01322	10,11,12,15,19,20,144,146,147,179,180,256,257,258,284,285,286,287,300,333,334,341,342,345,346,352,353,356,357,358,359,366,367,371,372,373,374,375,377,378,382,383,385,386,387,388,391,393,394,397,400,401,404,406,417,419,431,432,435,436,438,442,443,446,447,448,450,454,465,471,473,477,483,491,492,496,499,503,507,517,521,522,524,525,528,529,531,539,540,541,542,543,546,547,549,550,553,556,557,565,566,571,574,575,576,577,578,579,583,585,586,590,593,595,596,600,601,604,605,607,608,609,614,619,620,627,629,634,635,638,639,640,641,642,644,652,653,654,656,657,658,661,665,666,667,669,678,679,680,681,683,684,689,690,691,692,697,699,701,702,703,704,709,710,711,715,741,743,757,759,778,804,806,820,822
draft_22951_01323	10,11,12,13,15,19,20,179,180,186,187,256,258,284,285,286,287,300,309,333,334,339,341,342,345,346,352,353,356,357,366,371,372,375,382,383,385,391,393,394,407,417,421,431,435,440,442,444,447,452,465,471,491,494,499,517,521,525,529,536,541,542,543,549,550,553,554,557,565,571,574,575,579,580,583,585,591,593,596,598,600,604,607,608,609,614,618,619,620,624,629,634,635,638,641,642,644,646,647,652,656,657,661,665,668,669,672,673,678,679,680,681,684,685,689,690,692,693,697,703,704,705,709,710,711,714,715,777,778
draft_22951_01324	10,11,12,13,15,16,34,179,180,181,182,186,256,257,258,284,285,286,294,300,333,334,339,341,345,346,352,356,357,359,366,371,372,373,374,375,376,377,378,385,388,391,393,394,397,404,417,419,422,431,435,436,438,442,443,446,447,448,450,454,465,471,473,483,491,492,496,500,503,507,509,512,517,521,522,524,525,529,531,539,540,541,546,547,548,550,553,556,557,561,565,570,571,577,578,579,583,585,586,593,596,600,601,604,608,609,612,614,619,629,634,635,637,641,644,655,657,658,661,665,666,669,675,678,679,680,684,689,697,709,710,711
draft_22951_01325	10,11,12,13,15,16,19,179,180,186,187,193,194,256,258,260,284,285,286,287,300,333,334,341,345,352,353,356,357,371,372,377,378,385,386,391,393,394,417,421,431,435,438,440,442,444,447,450,452,465,471,491,494,496,503,517,521,525,536,546,547,550,553,554,557,565,571,579,580,583,585,586,593,596,598,600,601,604,608,609,614,619,624,629,634,635,641,644,646,657,658,661,665,666,669,672,673,678,679,680,684,685,689,693,696,697,705,708,709,710,711,713,717,738,756,759,780,801,819,822
draft_22951_01326	10,11,12,13,15,16,17,19,20,144,147,151,154,179,181,182,186,188,189,256,257,258,259,260,261,262,263,284,285,286,287,300,333,334,342,345,346,347,352,353,356,357,359,360,366,367,371,372,373,374,376,377,379,380,382,385,388,389,390,391,392,393,394,397,398,404,405,406,410,417,419,421,431,433,435,436,437,439,440,442,443,444,446,447,448,449,450,451,452,454,465,471,473,477,483,485,488,491,492,494,496,499,503,505,507,517,520,521,522,524,525,529,531,536,537,539,540,541,542,543,546,547,549,550,553,554,556,557,561,565,566,567,571,573,574,575,577,578,579,580,581,583,585,586,590,593,594,595,596,597,598,600,601,602,603,604,605,607,608,609,614,615,616,619,620,621,622,624,625,627,629,633,634,635,637,638,641,642,646,647,648,652,655,656,657,658,660,661,665,666,667,669,672,673,674,675,678,679,681,684,685,692,696,703
draft_22951_01327	10,11,12,13,15,16,19,144,147,179,180,181,182,186,187,193,256,257,258,260,284,285,286,287,301,333,334,342,345,346,347,352,353,356,357,366,367,371,372,382,385,386,391,392,406,410,417,419,421,431,433,435,436,437,442,443,444,447,448,449,465,468,471,477,491,494,499,516,517,521,525,536,540,541,542,543,549,550,553,554,556,557,565,566,570,571,574,575,579,580,583,585,590,593,595,596,598,600,604,605,607,608,609,612,614,615,619,620,621,624,627,629,633,634,635,638,641,642,645,652,656,657,661,665,667,669,672,673,678,679,680,681,684,685,689,697,698,709,710,711,713,735,756,798,819
draft_22951_01328	10,11,12,15,16,19,20,179,180,256,284,285,286,287,300,333,334,336,339,341,342,345,346,352,353,356,357,366,367,371,372,375,382,383,385,391,393,394,406,417,421,431,435,440,442,444,447,452,465,471,477,491,494,499,517,521,525,529,536,537,541,542,549,550,553,554,557,565,566,570,571,574,575,579,580,582,583,585,590,593,595,596,598,600,603,604,605,607,608,609,612,614,619,620,624,626,627,629,634,635,638,639,641,642,643,644,646,647,652,656,657,661,665,667,669,672,673,678,679,680,681,684,685,689,690,693,698,699,705,709,710,711,735,757,798,820
draft_22951_01329	10,11,12,13,15,16,19,20,21,179,180,181,182,186,256,257,258,284,285,286,287,309,333,334,342,345,352,353,356,357,359,366,367,371,372,375,376,377,380,382,383,385,388,390,391,392,397,398,404,406,407,417,419,421,431,435,440,442,443,444,447,450,451,452,454,465,471,473,477,483,485,488,491,494,496,499,505,507,517,520,521,522,524,525,531,536,539,541,542,543,545,546,549,550,553,554,556,557,558,561,565,566,568,571,573,574,575,576,579,580,581,582,583,585,586,590,591,593,594,595,596,597,600,602,604,605,607,609,614,618,619,620,622,625,626,627,629,631,635,637,638,639,640,641,642,643,646,647,648,651,652,653,654,655,656,658,661,663,665,666,667,668,669,674,675,678,679,680,681,684,685,689,690,691,692,693,694,697,698,699,700,701,702,703,705,706,709,710,711,715,736,741,757,762,778,799,804,820,825
draft_22951_01330	10,11,12,15,19,20,179,180,256,284,285,286,287,300,333,334,337,341,342,345,352,353,356,357,371,372,375,381,382,383,385,391,393,394,406,417,421,431,435,440,441,442,444,447,452,453,465,471,477,491,494,499,517,521,525,536,542,543,549,550,553,554,557,565,566,571,574,575,579,580,582,583,585,590,593,595,596,598,600,604,605,607,608,609,614,615,619,620,621,623,624,626,627,629,633,634,635,638,639,641,642,643,644,646,652,656,657,661,665,667,669,672,673,678,679,680,681,684,685,689,690,693,699,705,709,710,711,757,820
draft_22951_01331	10,11,12,15,16,17,179,181,182,186,188,189,256,257,284,285,286,333,345,346,352,366,375,376,380,390,391,392,397,404,419,451,454,485,488,505,520,541,561,573,583,593,597,614,637,655,657,684
draft_22951_01332	10,11,12,13,15,16,19,179,180,186,187,256,258,284,285,286,287,300,333,334,335,341,345,352,353,356,357,371,372,375,377,378,385,391,393,394,417,421,431,435,438,440,442,444,447,450,452,465,471,491,494,496,503,517,521,525,536,546,547,550,553,554,557,565,571,579,580,583,585,586,593,596,598,600,601,604,608,609,614,619,624,629,634,635,641,644,646,657,658,661,665,666,669,672,673,678,679,680,684,685,689,693,697,698,705,709,710,711,712,713,714,729,777,792
draft_22951_01333	10,11,12,13,15,16,19,179,180,181,182,186,256,257,258,284,285,286,287,300,301,333,334,335,345,346,352,353,356,357,359,366,371,372,373,374,375,377,385,388,391,394,395,397,399,404,417,419,421,431,435,436,440,442,443,444,446,447,448,450,452,454,465,468,471,473,483,491,492,494,496,503,507,516,517,519,521,522,524,525,531,536,539,540,541,546,547,550,553,554,556,557,565,571,577,578,579,580,583,585,586,593,596,598,600,601,604,608,609,614,619,624,629,634,635,641,645,657,658,661,665,666,669,672,673,678,679,680,684,685,689,693,697,698,705,709,710,711,712,713,714,777
draft_22951_01334	10,11,12,13,15,19,20,179,180,184,185,186,187,193,256,258,284,285,286,287,309,333,334,339,341,345,346,352,353,356,357,366,371,372,381,385,391,392,407,417,421,431,435,440,441,442,444,447,452,453,465,471,491,494,517,521,525,536,537,541,550,553,554,557,565,567,571,579,580,583,585,593,596,598,600,603,604,608,609,614,618,619,624,629,634,635,638,641,646,647,657,660,661,665,669,672,673,678,679,680,681,684,685,689,690,693,697,699,700,705,709,710,711,713,756,819
draft_22951_01335	10,11,12,15,19,20,179,180,183,186,256,284,285,286,287,300,309,333,334,341,345,352,353,356,357,371,372,377,378,381,385,391,393,394,407,417,421,431,435,438,440,441,442,444,447,450,452,453,465,471,491,496,503,517,521,525,536,546,547,550,553,557,565,571,579,580,583,585,586,593,596,600,601,604,608,609,614,618,619,629,634,635,638,641,644,646,657,658,661,665,666,669,678,679,680,683,684,686,687,688,689,697,709,710,711,713,717,738,756,780,801,819
draft_22951_01336	10,11,12,13,15,16,19,144,146,147,179,180,186,187,256,257,258,260,284,285,286,287,301,333,334,341,345,346,347,352,353,356,357,358,359,366,367,371,372,375,377,378,382,385,386,387,388,391,392,397,406,417,419,423,431,432,435,438,442,443,447,450,454,465,468,471,477,478,491,496,497,499,503,516,517,521,522,524,525,531,539,540,541,542,546,547,549,550,553,556,557,565,566,571,574,575,577,579,583,585,586,590,593,594,595,596,600,601,602,604,605,607,608,609,613,614,615,617,619,620,621,622,627,629,633,634,635,638,639,641,642,645,652,653,656,657,658,661,665,666,667,669,678,679,680,681,684,689,690,699,709,710,711,759,822
draft_22951_01337	10,11,12,13,15,16,19,20,179,180,181,182,186,187,193,256,257,258,260,284,285,286,287,301,309,333,334,341,345,352,353,356,357,358,359,366,371,372,375,377,381,382,385,388,391,397,407,417,419,421,423,431,432,435,438,440,441,442,443,444,447,450,452,453,454,465,468,471,478,491,494,496,497,516,517,519,521,522,524,525,531,536,539,541,546,549,550,553,554,556,557,565,571,574,575,577,579,580,581,582,583,585,586,589,593,596,598,600,601,604,608,609,614,617,618,619,620,624,625,629,634,635,638,639,641,642,643,645,647,656,658,661,665,666,668,669,672,674,678,679,680,681,683,684,685,686,689,690,693,697,698,699,700,705,709,710,711,713
draft_22951_01338	10,11,12,15,16,19,20,179,180,181,182,186,187,193,256,257,258,260,284,285,286,287,300,333,334,341,342,345,352,353,356,357,358,359,371,372,377,378,382,385,387,388,391,393,394,397,400,401,404,417,419,421,431,432,433,435,438,440,442,443,444,447,450,452,454,465,471,473,483,486,491,494,495,496,500,503,507,517,521,524,525,528,531,536,537,539,540,546,547,548,550,553,554,556,557,565,570,571,577,578,579,580,581,583,585,586,589,593,596,598,600,601,603,604,608,609,612,614,619,624,625,629,634,635,641,644,646,657,658,661,665,666,669,672,673,674,678,679,680,684,685,689,693,697,705,709,710,711,771,834
draft_22951_01339	10,11,12,15,16,34,144,146,147,179,180,256,257,258,284,285,286,294,300,333,334,341,345,346,352,356,357,358,359,366,371,372,373,374,375,376,377,378,385,386,387,388,391,393,394,397,400,401,404,417,419,422,431,432,435,436,438,442,443,446,447,448,450,454,465,471,473,483,491,492,496,503,507,509,512,517,521,522,524,525,528,529,531,539,540,541,546,547,550,553,556,557,561,565,571,577,578,579,583,585,586,593,596,600,601,604,608,609,614,619,629,634,635,637,641,644,655,657,658,661,665,666,669,678,679,680,684,689,697,698,709,710,711,713,759,822
draft_22951_01340	10,11,12,13,15,16,19,20,144,146,147,179,180,181,182,186,187,193,194,200,256,258,260,284,285,286,287,333,334,339,341,345,346,352,353,356,357,366,371,372,377,378,385,391,392,417,421,431,435,438,440,442,444,447,450,452,465,471,491,496,503,517,521,525,536,537,541,546,547,550,553,557,565,570,571,579,580,581,583,585,586,593,594,596,600,601,603,604,608,609,612,614,619,629,634,635,641,646,651,657,658,661,665,666,669,678,679,680,684,686,688,689,697,698,709,710,711
draft_22951_01341	10,11,12,15,16,19,20,179,180,181,182,186,187,193,256,257,258,260,284,285,286,287,300,333,334,341,345,352,353,356,357,358,359,371,372,377,378,381,382,385,386,387,388,391,394,397,404,406,410,417,419,421,431,432,435,438,440,441,442,443,444,447,450,452,453,454,465,471,473,477,483,491,493,494,496,499,503,507,517,521,524,525,531,536,539,540,542,546,547,549,550,553,554,556,557,565,566,571,574,575,577,579,580,581,583,585,586,590,593,595,596,598,600,601,604,605,607,608,609,613,614,615,619,620,621,624,625,627,629,633,634,635,638,639,641,642,644,646,652,653,656,657,658,661,665,666,667,669,672,673,674,678,679,680,681,683,684,685,686,689,690,693,699,705,709,710,711,729,738,759,792,801,822
draft_22951_01342	10,11,12,13,15,16,19,20,179,180,186,187,256,258,284,285,286,287,300,309,333,334,339,341,345,346,347,352,353,356,357,366,367,371,372,385,391,393,394,407,417,421,431,435,440,442,444,447,452,465,471,491,517,521,525,529,537,541,550,553,557,565,567,570,571,572,579,583,585,593,596,600,603,604,608,609,612,614,619,629,634,635,641,644,646,647,657,660,661,665,669,678,679,680,684,689,697,698,709,710,711
draft_22951_01343	10,11,12,13,15,16,19,20,144,146,147,179,180,183,186,256,284,285,286,287,333,334,341,342,345,346,352,353,356,357,366,371,372,375,385,391,392,417,421,431,433,435,438,440,442,444,447,450,452,471,491,494,517,521,525,536,537,541,553,554,557,565,571,579,580,583,585,593,596,598,600,603,604,608,609,614,619,624,635,641,646,647,657,661,665,669,672,673,674,678,679,680,684,685,688,689,693,696,697,705,709,710,711,713,756,819
draft_22951_01344	10,11,12,13,15,16,19,20,21,179,180,186,187,256,258,284,285,286,287,300,333,334,341,342,345,346,352,353,356,357,366,367,371,372,375,376,377,378,382,383,385,391,393,394,406,417,421,431,435,438,442,447,450,452,465,471,477,491,496,499,503,517,521,525,529,541,542,543,545,546,547,549,550,553,557,561,565,566,568,571,574,575,576,579,583,585,586,590,593,595,596,600,601,604,605,607,608,609,614,619,620,627,629,631,634,635,637,638,640,641,642,644,646,647,652,654,655,656,658,661,663,665,666,667,669,675,678,679,680,681,683,684,689,690,691,692,700,701,702,703,709,710,711,715,736,741,762,778,799,804,825
draft_22951_01345	10,11,12,15,16,179,180,181,182,186,188,189,193,256,257,258,259,260,284,285,286,333,334,341,345,346,352,356,357,358,359,366,371,372,373,374,377,378,385,386,387,388,391,397,404,417,419,431,432,435,436,438,442,443,446,447,448,450,454,465,471,473,483,491,492,496,503,507,517,521,522,524,525,531,539,540,541,546,547,550,553,556,557,565,570,571,577,578,579,583,585,586,593,596,600,601,604,608,609,612,614,619,629,634,635,641,657,658,661,665,666,669,678,679,680,684,689,697,698,709,710,711,759,822
draft_22951_01346	10,11,12,15,19,20,21,144,146,147,179,180,256,257,258,284,285,286,287,300,333,334,341,345,352,353,356,357,358,359,367,371,372,375,377,378,381,385,386,387,388,391,393,394,397,400,401,404,406,417,419,421,431,432,435,438,441,442,443,444,447,450,453,454,462,465,471,473,483,491,494,495,496,503,507,517,521,524,525,528,531,536,537,539,540,546,547,549,550,553,554,556,557,565,567,571,574,575,577,578,579,580,581,583,585,586,593,595,596,598,600,601,603,604,605,608,609,614,616,619,620,624,625,629,634,635,638,639,641,642,644,656,657,658,660,661,665,666,667,669,672,674,678,679,680,681,682,683,684,685,686,687,688,689,690,692,693,696,697,698,699,704,705,708,709,710,711,713,759,822
draft_22951_01347	10,11,12,13,15,16,17,19,20,179,180,181,182,186,187,188,189,193,200,256,257,258,259,260,262,284,285,286,287,300,301,333,334,341,345,346,352,353,356,357,358,359,366,371,372,373,374,375,377,378,382,385,386,388,391,393,394,397,404,417,419,421,423,431,432,435,436,438,440,442,443,444,446,447,448,450,452,454,465,468,471,473,478,483,491,492,494,496,497,500,503,507,516,517,519,521,522,524,525,531,536,537,539,540,541,546,547,548,550,553,554,556,557,565,570,571,577,578,579,580,583,585,586,593,596,598,600,601,603,604,608,609,612,614,617,619,624,629,634,635,641,644,645,646,647,657,658,661,665,666,669,672,673,678,679,680,684,685,686,689,693,697,698,705,709,710,711,713,714,756,777,819
draft_22951_01348	10,11,12,13,15,19,179,180,186,187,256,284,285,286,287,309,333,334,336,338,342,345,346,352,353,356,357,366,371,372,375,385,391,392,407,417,431,435,442,447,471,491,517,521,525,541,549,553,557,565,571,574,575,579,583,585,593,596,600,604,609,614,618,619,620,635,638,639,641,642,656,657,661,665,668,669,678,679,680,681,684,689,690,697,698,699,709,710,711,713
draft_22951_01349	10,11,12,15,19,144,146,147,179,180,256,257,258,284,285,286,287,333,334,341,345,346,347,352,353,356,357,358,359,366,367,371,372,373,374,375,377,378,385,386,387,388,391,392,397,398,404,417,419,421,431,432,435,436,437,438,442,443,444,446,447,448,449,450,454,465,471,473,483,491,492,494,496,503,507,517,521,522,524,525,531,536,539,540,541,546,547,550,553,554,556,557,565,571,577,578,579,580,583,585,586,593,596,598,600,601,604,608,609,614,619,624,629,634,635,641,657,658,661,665,666,669,672,673,678,679,680,684,685,689,693,696,697,698,705,708,709,710,711,717,735,759,780,798,822
draft_22951_01350	10,11,12,13,15,16,19,20,179,181,182,186,188,189,193,195,196,256,257,284,285,286,287,333,334,339,341,345,346,352,353,356,357,359,366,371,372,373,374,375,377,385,388,391,392,397,404,417,419,421,431,435,436,440,442,443,444,446,447,448,450,452,454,465,471,473,483,491,492,494,496,507,521,522,524,525,531,536,539,541,546,550,553,554,556,557,565,571,577,578,579,580,581,583,585,586,593,594,596,598,600,601,604,608,609,614,619,624,625,629,634,635,641,646,647,657,658,661,665,666,669,672,673,674,678,679,680,684,685,695,696,709,710
draft_22951_01351	10,11,12,13,15,16,34,144,146,147,179,180,181,182,186,256,257,258,259,260,284,285,286,294,333,334,341,345,346,350,352,354,356,357,358,359,366,369,371,372,373,374,375,377,384,385,388,391,397,404,413,417,419,422,431,432,435,436,438,442,443,446,447,448,450,454,465,471,473,474,475,476,481,483,490,491,492,496,501,503,507,508,509,517,521,522,524,525,531,532,534,539,540,541,546,547,550,553,556,557,565,571,577,578,579,583,585,586,587,593,594,596,600,601,604,608,609,614,619,629,634,635,641,657,658,659,661,665,666,669,678,679,680,684,689,697,698,709,710,711,713,714,735,756,777,798,819
draft_22951_01352	10,11,12,15,179,180,186,187,256,284,285,286,300,333,334,337,341,345,352,356,371,372,377,378,385,391,393,394,417,435,438,442,447,450,465,471,491,496,503,517,521,525,546,547,550,553,557,565,571,579,583,585,586,593,596,600,601,604,608,609,614,619,629,634,635,641,644,657,658,661,665,666,669,678,679,680,684,689,697,709,710,711
draft_22951_01353	10,11,12,13,15,16,17,18,144,146,147,151,153,154,179,180,181,182,186,256,257,258,259,260,261,262,284,285,286,333,341,345,346,352,356,359,366,371,372,373,374,375,376,377,378,380,385,388,390,391,392,397,398,404,417,419,435,436,438,442,443,446,447,448,450,451,454,465,471,473,483,485,486,488,491,492,496,500,503,505,507,517,520,521,522,525,540,541,546,547,548,550,553,557,561,565,570,571,573,579,583,585,586,593,596,597,600,601,604,608,609,612,614,619,629,634,635,637,641,655,658,661,665,666,669,675,678,679,680,684
draft_22951_01354	10,11,12,15,19,20,179,180,184,185,186,256,284,285,286,287,309,333,334,341,345,346,352,353,356,357,366,371,372,377,378,381,385,391,392,407,417,421,431,435,438,441,442,444,447,450,453,465,471,491,496,503,517,521,525,536,541,546,547,550,553,557,565,571,579,581,583,585,586,593,596,600,601,604,608,609,614,618,619,629,634,635,639,641,657,658,661,665,666,669,678,679,680,684,689,697,709,710,711,759,822
draft_22951_01355	10,11,12,13,15,16,34,179,180,184,185,186,187,193,256,258,284,285,286,294,333,341,345,346,352,354,356,366,371,372,375,377,378,384,385,391,392,413,417,435,438,442,447,450,465,471,491,496,501,503,508,517,521,525,532,533,534,541,546,547,550,553,557,565,571,578,579,583,585,586,587,593,594,596,600,601,604,608,609,614,619,629,634,635,641,657,658,659,661,665,666,669,678,679,680,684,768,831
draft_22951_01356	10,11,12,15,16,19,20,179,180,181,182,186,256,284,285,286,287,300,333,334,335,345,352,353,356,357,366,371,372,375,376,385,391,392,393,394,417,421,431,435,440,442,444,447,452,471,491,517,521,525,536,541,553,557,561,565,571,579,580,581,583,585,589,593,594,596,598,600,604,608,609,614,619,635,637,641,646,647,648,651,655,661,665,669,678,679,680,684,685,689,693,697,698,705,709,710,711,712,713
draft_22951_01357	10,11,12,15,16,144,146,147,179,180,256,257,258,284,285,286,333,341,345,346,352,356,358,359,360,366,371,372,375,376,377,378,380,385,387,388,390,391,392,397,398,404,417,419,432,435,438,439,442,443,447,450,451,454,465,471,473,483,485,486,488,491,496,500,503,505,507,517,520,521,522,524,525,531,539,540,541,546,547,548,550,553,556,557,561,565,570,571,573,577,579,583,585,586,593,596,597,600,601,604,608,609,612,614,619,629,634,635,637,641,655,657,658,661,665,666,669,675,678,679,680,684,771,834
draft_22951_01358	10,11,12,15,16,19,179,180,181,182,186,187,193,256,257,258,260,284,285,286,287,309,333,334,341,342,345,346,352,353,356,357,358,359,366,371,372,373,374,377,378,382,383,385,387,388,391,397,404,407,417,419,431,432,435,436,438,442,443,446,447,448,450,454,465,471,473,483,486,491,492,496,499,500,503,507,517,521,522,524,525,531,539,540,541,542,543,546,547,548,549,550,553,556,557,565,570,571,574,575,577,578,579,583,585,586,591,593,596,600,601,604,607,608,609,612,614,618,619,620,629,634,635,638,641,642,652,656,657,658,661,665,666,668,669,678,679,680,681,684,689,690,692,697,703,704,709,710,711,715,771,778,834
draft_22951_01359	10,11,12,15,16,19,20,179,180,184,185,186,256,284,285,286,287,333,334,341,345,346,347,352,353,356,357,366,367,371,372,375,376,377,378,381,385,391,392,406,417,421,431,435,438,441,442,444,447,450,452,453,465,471,491,496,503,517,521,525,537,541,546,547,550,553,557,561,565,567,571,579,583,585,586,593,594,596,600,601,603,604,608,609,614,615,616,619,629,634,635,637,641,646,647,655,657,658,660,661,665,666,669,675,678,679,680,684,689,709,710,711,759,822
draft_22951_01360	10,11,12,13,15,144,148,179,180,181,182,186,187,193,256,257,258,260,284,285,286,333,334,341,345,352,356,357,358,359,371,372,377,378,385,386,387,388,391,397,404,417,419,431,432,435,438,442,443,447,450,454,465,471,473,483,491,496,503,507,517,521,524,525,531,539,540,546,547,550,553,556,557,565,571,577,578,579,583,585,586,593,596,600,601,604,608,609,614,619,629,634,635,641,657,658,661,665,666,669,678,679,680,684,689,697,698,709,710,711,713,756,759,819,822,840,843,861,864
draft_22951_01361	10,11,12,13,15,16,17,19,20,179,180,181,182,186,187,193,256,257,258,260,284,285,286,287,300,301,309,333,334,341,342,345,346,352,353,356,357,358,359,366,371,372,376,377,380,382,383,385,388,390,391,393,394,397,400,401,404,407,417,419,421,423,431,432,435,438,440,442,443,444,447,450,451,452,454,465,468,471,473,478,483,485,486,487,488,489,491,495,496,499,500,505,507,516,517,518,520,521,524,525,528,536,537,539,540,542,543,546,548,549,550,553,557,561,565,570,571,573,574,575,579,580,583,585,586,591,593,596,597,600,604,607,608,609,612,614,617,618,619,620,634,635,636,638,639,641,642,645,648,652,655,656,658,661,665,666,668,669,675,678,679,680,681,684,685,689,690,693,697,699,705,709,710,711,757,820
draft_22951_01362	10,11,12,13,15,16,144,146,147,179,180,186,187,256,257,258,260,284,285,286,333,334,336,341,345,346,352,356,357,358,359,360,366,371,372,375,376,377,378,380,385,387,388,390,391,392,397,398,404,417,419,431,432,435,438,439,442,443,447,450,451,454,465,471,473,483,485,486,488,491,496,500,503,505,507,517,520,521,522,524,525,531,539,540,541,546,547,548,550,553,556,557,561,565,570,571,573,577,579,583,585,586,593,596,597,600,601,604,608,609,612,614,619,629,634,635,637,641,655,657,658,661,665,666,669,675,678,679,680,684,689,697,709,710,711,771,834
draft_22951_01363	10,11,12,15,16,19,20,179,181,182,284,285,286,287,300,333,334,335,336,345,352,353,375,376,391,393,394,417,421,435,440,442,444,447,452,491,517,536,557,561,580,581,583,589,593,594,600,614,637,641,646,648,651,655,680,684,685,689,693,709,710,711,712,713
draft_22951_01364	10,11,12,13,15,16,17,19,20,179,180,181,182,186,187,188,189,193,194,200,207,256,257,258,260,262,284,285,286,287,300,301,333,334,339,341,345,346,352,353,356,357,358,359,366,371,372,377,382,385,386,388,391,392,394,395,399,400,417,419,421,423,431,432,435,438,440,442,443,444,447,450,452,465,468,471,478,491,494,495,516,517,519,521,523,524,525,528,531,536,537,539,541,546,550,553,554,556,557,565,570,571,577,579,580,583,585,593,596,598,600,601,604,608,609,612,614,617,619,624,629,634,635,641,645,646,647,657,661,665,666,669,672,673,678,679,680,684,685,686,689,693,695,696,697,698,705,709,710,711,713,756,819
draft_22951_01365	10,11,12,15,19,144,146,147,179,180,183,186,256,257,258,284,285,286,287,300,309,333,334,340,341,342,345,347,352,353,356,357,358,359,367,371,372,377,378,385,386,387,388,391,393,394,397,400,401,404,407,417,419,431,432,435,438,442,443,447,450,454,462,465,471,473,483,491,496,503,507,517,521,524,525,528,531,539,540,546,547,549,550,553,556,557,565,567,571,572,574,575,577,578,579,583,585,586,593,596,600,601,604,608,609,614,618,619,620,629,634,635,638,641,642,644,656,657,658,660,661,665,666,668,669,678,679,680,681,684,689,690,692,697,698,699,700,704,709,710,711,713,759,799,822,827
draft_22951_01366	10,11,12,19,130,131,179,183,284,285,287,333,334,335,336,342,345,353,375,417,421,431,433,435,442,444,447,491,525,536,554,557,580,583,600,641,661,672,679,680,685,689,693,698,709,710,711,712,713
draft_22951_01367	10,11,12,15,19,20,144,146,147,179,180,256,257,258,284,285,286,287,309,333,334,341,345,352,353,356,357,358,359,366,371,372,375,377,378,381,385,386,387,388,391,392,397,398,404,407,417,419,421,431,432,435,438,441,442,443,444,447,450,453,454,462,465,471,473,483,491,494,495,496,503,507,517,521,522,524,525,531,536,537,539,540,541,546,547,549,550,553,554,556,557,565,567,571,574,575,577,578,579,580,583,585,586,593,596,598,600,601,603,604,608,609,614,618,619,620,624,629,634,635,638,641,642,656,657,658,660,661,665,666,668,669,672,673,678,679,680,681,684,685,689,690,692,693,696,697,699,703,704,705,708,709,710,711,759,822
draft_22951_01368	10,11,12,13,15,16,19,179,180,181,182,186,187,188,189,193,200,256,257,258,259,260,262,284,285,286,287,300,333,334,341,345,346,352,353,356,357,358,359,366,371,372,373,374,377,378,385,386,387,388,391,393,394,397,404,417,419,421,431,432,435,436,438,440,442,443,444,446,447,448,450,452,454,465,471,473,483,491,492,494,495,496,503,507,517,521,522,524,525,531,536,537,539,540,541,546,547,550,553,554,556,557,565,570,571,577,578,579,580,583,585,586,593,596,598,600,601,603,604,608,609,612,614,619,624,629,634,635,641,644,646,657,658,661,665,666,669,672,673,678,679,680,684,685,689,693,697,698,705,709,710,711,717,759,780,822
draft_22951_01369	10,11,12,15,19,20,179,180,181,182,186,256,284,285,286,287,300,333,334,335,345,352,353,356,357,371,372,375,385,391,393,394,417,421,431,435,440,442,444,447,452,471,491,517,521,525,536,553,557,565,571,579,580,583,585,593,596,598,600,604,608,609,614,619,635,641,644,646,651,657,661,665,669,678,679,680,684,685,689,693,695,696,697,698,705,709,710,711,712,713
draft_22951_01370	10,11,12,15,19,144,146,147,179,180,256,257,258,284,285,286,287,309,333,341,342,345,346,352,353,356,359,366,371,372,373,374,377,378,382,383,385,388,391,392,397,398,404,407,417,419,435,436,438,442,443,446,447,448,450,454,465,471,473,483,491,492,496,499,503,507,517,521,522,524,525,531,539,540,541,542,543,546,547,549,550,553,556,557,565,571,574,575,577,578,579,583,585,586,591,593,596,600,601,604,607,608,609,614,618,619,620,629,634,635,638,641,642,652,656,657,658,661,665,666,668,669,678,679,680,681,683,684,690,722,785
draft_22951_01371	10,11,12,13,15,16,19,20,179,180,181,182,186,187,193,256,257,258,260,284,285,286,287,301,333,334,341,342,345,346,352,353,356,357,359,366,367,371,372,373,374,375,377,378,382,383,385,386,388,391,397,406,417,419,421,423,431,435,436,438,440,442,443,444,446,447,448,450,452,454,465,468,471,477,478,483,491,494,496,497,499,503,516,517,519,521,524,525,531,536,539,542,543,545,546,547,549,550,553,554,556,557,565,566,568,571,574,575,577,578,579,580,582,583,585,586,590,593,595,596,598,600,601,604,605,607,608,609,614,617,619,620,624,626,627,629,631,634,635,638,639,641,642,643,645,646,652,653,656,657,658,661,663,665,666,667,669,672,678,679,680,681,683,684,685,686,687,689,690,692,693,697,699,700,705,709,710,711,713,715,736,756,757,762,778,799,819,820,825
draft_22951_01372	10,11,12,13,15,19,179,180,186,187,256,258,284,285,286,287,300,333,334,336,342,345,346,352,353,356,357,366,367,371,372,375,382,383,385,391,393,394,406,417,431,435,442,447,465,471,477,491,499,517,521,525,529,541,542,543,549,550,553,557,565,566,571,574,575,579,583,585,590,593,595,596,600,604,605,607,608,609,614,619,620,627,629,634,635,638,641,642,652,656,657,661,665,667,669,678,679,680,681,684,689,690,692,697,698,703,709,710,711,713,714,715,777,778
draft_22951_01373	10,11,12,13,15,16,19,179,180,186,187,256,258,284,285,286,287,309,333,334,341,342,345,346,352,353,356,357,366,371,372,375,377,378,382,383,385,391,392,407,417,419,431,435,436,438,442,443,447,448,450,454,465,471,491,496,499,503,517,521,525,539,541,542,543,546,547,549,550,553,556,557,565,571,574,575,577,579,583,585,586,591,593,596,600,601,604,607,608,609,614,618,619,620,629,634,635,638,639,641,642,652,653,656,657,658,661,665,666,668,669,678,679,680,681,684,689,690,692,699,703,704,709,710,711,717,729,743,757,780,792,806,820
draft_22951_01374	10,11,12,13,15,16,17,18,179,181,182,186,188,189,193,195,196,200,202,203,256,257,258,259,284,285,286,301,333,334,345,346,352,356,357,359,366,371,372,373,374,376,377,380,385,388,390,391,392,397,404,417,419,423,431,435,436,442,443,446,447,448,450,451,454,465,471,473,483,485,488,491,492,496,503,505,507,517,520,521,522,524,525,531,539,540,541,546,547,550,553,556,557,561,565,571,573,577,578,579,583,585,586,593,594,596,597,600,601,604,608,609,614,619,629,634,635,637,641,655,657,658,661,665,666,669,678,679,684,709,710
draft_22951_01375	10,11,12,13,15,19,144,146,147,179,180,186,187,256,284,285,286,287,309,333,334,336,338,342,345,346,352,353,356,357,366,371,372,385,391,392,407,417,431,435,442,447,471,491,517,521,525,541,549,553,557,565,571,574,575,579,583,585,593,596,600,604,609,614,618,619,620,635,638,639,641,642,656,657,661,665,668,669,678,679,680,681,684,689,690,697,698,699,709,710,711,713
draft_22951_01376	10,11,12,13,15,16,19,179,180,186,187,256,258,284,285,286,287,309,333,334,341,342,345,346,352,353,356,357,366,371,372,375,377,378,382,383,385,391,392,407,417,419,431,435,436,438,442,443,447,448,450,454,465,471,491,496,499,503,517,521,525,539,541,542,543,546,547,549,550,553,556,557,565,571,574,575,577,579,583,585,586,591,593,596,600,601,604,607,608,609,614,618,619,620,629,634,635,638,639,641,642,652,653,656,657,658,661,665,666,668,669,678,679,680,681,684,689,690,692,699,703,704,709,710,711,717,743,757,780,806,820
draft_22951_01377	10,11,12,13,15,16,179,180,186,187,214,219,220,256,258,284,285,286,300,333,334,341,345,346,352,356,357,366,371,372,375,377,378,385,391,392,393,394,417,431,435,438,442,447,450,465,471,491,496,503,517,521,525,529,541,546,547,550,553,557,565,571,578,579,583,585,586,593,594,596,600,601,604,608,609,614,619,629,634,635,641,644,657,658,661,665,666,669,678,679,680,684,689,697,698,709,710,711,759,822
draft_22951_01378	10,11,12,13,15,19,20,21,144,146,147,179,180,256,257,258,284,285,286,287,309,333,334,341,345,346,352,353,356,357,358,359,366,371,372,375,377,381,385,388,391,392,397,398,404,407,417,419,421,431,432,435,438,441,442,443,444,447,450,453,454,465,471,473,483,491,496,503,507,517,521,522,524,525,531,536,537,539,540,541,546,547,550,553,556,557,565,567,571,577,578,579,580,583,585,586,593,596,600,601,603,604,608,609,614,618,619,629,634,635,638,641,657,658,660,661,665,666,669,678,679,680,681,683,684,685,686,689,690,693,697,698,699,705,709,710,711,714,777
draft_22951_01379	10,11,12,13,14,15,19,20,21,179,180,181,182,186,187,193,194,200,256,258,260,284,285,286,287,309,333,334,335,336,338,340,342,345,346,347,352,353,356,357,366,367,371,372,375,381,385,391,392,407,417,421,431,435,441,442,444,447,453,471,491,517,521,525,536,541,549,553,557,565,571,572,574,575,579,580,583,585,593,596,598,600,604,609,614,618,619,620,635,638,641,642,656,657,661,665,668,669,678,679,680,681,683,684,685,689,690,693,697,698,699,700,705,709,710,711,712,713,714,777
draft_22951_01380	10,11,12,13,15,19,20,179,180,181,182,186,187,193,256,257,258,260,284,285,286,287,309,333,334,341,345,352,353,356,357,358,359,371,372,377,378,381,385,386,387,388,391,397,404,407,417,419,421,431,432,435,438,441,442,443,444,447,450,453,454,465,471,473,483,491,494,496,503,507,517,521,524,525,531,536,539,540,546,547,549,550,553,554,556,557,565,571,574,575,577,578,579,580,583,585,586,593,596,598,600,601,604,608,609,614,618,619,620,624,629,634,635,638,641,642,656,657,658,661,665,666,668,669,672,673,678,679,680,681,683,684,685,686,689,690,693,697,698,699,700,705,709,710,711,713,759,822
draft_22951_01381	10,11,12,13,15,16,19,179,180,186,187,193,194,256,258,260,284,285,286,287,300,301,333,334,341,345,346,352,353,356,357,366,371,372,377,378,385,386,394,395,399,417,419,421,431,435,436,438,440,442,443,444,447,448,450,452,465,468,471,491,494,503,516,517,519,521,525,536,539,546,547,550,553,554,556,557,565,571,577,579,580,583,585,593,596,598,600,601,604,608,609,619,624,634,635,641,644,645,661,665,666,669,672,673,678,679,680,684,685,689,693,696,697,698,705,708,709,710,711,713,717,735,756,780,798,819
draft_22951_01382	10,11,12,15,19,179,180,186,187,256,258,284,285,286,287,300,333,334,341,342,345,352,353,356,357,367,371,372,375,377,378,382,383,385,394,406,417,431,435,438,442,447,450,465,471,477,491,499,503,517,521,525,542,543,544,546,547,549,550,553,557,565,566,567,571,574,575,579,583,585,590,593,595,596,600,601,604,605,607,608,609,616,619,620,627,634,635,638,641,642,644,652,656,661,665,666,667,669,678,679,680,681,684,689,690,697,698,699,700,709,710,711,713,715,738,764,778,801,827
draft_22951_01383	10,11,12,15,19,20,144,146,147,179,180,256,257,258,284,285,286,287,300,333,334,341,342,345,352,353,356,357,358,359,371,372,375,377,385,388,391,393,394,397,400,401,404,417,419,421,431,432,433,435,438,442,443,444,447,450,454,465,471,473,483,491,494,495,496,507,517,521,524,525,528,531,536,537,539,540,546,550,553,554,556,557,565,571,578,579,580,581,583,585,586,593,596,598,600,601,603,604,608,609,614,619,624,625,629,634,635,641,644,657,658,661,665,666,669,672,673,674,678,679,680,684,685,686,689,693,695,696,697,698,705,707,708,709,710,711,713
draft_22951_01384	10,11,12,13,15,16,19,179,180,181,182,186,256,284,285,286,287,333,334,335,345,346,352,353,356,357,366,371,372,375,385,391,392,417,421,431,435,440,442,444,447,452,465,471,491,494,521,525,536,541,550,553,554,557,565,570,571,579,580,583,585,593,596,598,600,604,608,609,612,614,619,624,629,634,635,641,646,647,657,661,665,669,672,673,678,679,680,684,685,689,693,697,698,705,709,710,711,712,713,735,798
draft_22951_01385	10,11,12,15,19,20,144,146,147,179,180,256,257,258,284,285,286,287,300,333,334,341,342,345,346,352,353,356,357,358,359,366,371,372,373,374,375,377,378,381,382,383,385,386,387,388,391,393,394,397,400,401,404,406,417,419,421,431,432,435,436,438,441,442,443,444,446,447,448,450,453,454,462,465,471,473,477,483,491,492,496,498,499,503,507,517,521,522,524,525,528,529,531,539,540,541,542,543,544,546,547,549,550,553,556,557,565,566,567,571,574,575,577,578,579,583,585,586,590,593,595,596,600,601,604,605,607,608,609,614,615,616,619,620,621,623,627,629,633,634,635,638,639,641,642,644,652,653,656,657,658,660,661,665,666,667,669,678,679,680,681,684,689,690,697,699,709,710,711,759,822
draft_22951_01386	10,11,12,15,284,285,286,300,333,345,346,352,366,375,391,393,394,529,541,583,593,614,644,657,680,684
draft_22951_01387	10,11,12,13,15,16,19,20,21,144,149,150,179,180,186,187,256,258,284,285,286,287,300,309,333,334,336,345,346,352,353,356,357,366,371,372,381,385,391,392,393,394,407,417,421,431,435,440,441,442,444,447,452,453,465,471,491,494,517,521,525,529,536,541,550,553,554,557,565,571,579,580,583,585,593,596,598,600,604,608,609,614,618,619,624,629,634,635,638,641,644,646,647,651,657,661,665,669,672,673,678,679,680,681,683,684,685,686,688,689,690,693,697,698,699,705,709,710,711,713,756,819
draft_22951_01388	10,11,12,15,16,19,20,144,146,147,179,180,256,284,285,286,287,300,333,334,341,345,346,347,352,353,356,357,366,367,371,372,375,376,377,378,381,385,391,392,393,394,406,417,421,431,435,438,441,442,444,447,450,452,453,465,471,491,494,496,503,517,521,525,536,541,546,547,549,550,553,554,557,561,565,571,574,575,579,580,583,585,586,593,595,596,598,600,601,604,605,608,609,614,615,619,620,624,629,634,635,637,638,641,642,644,646,647,655,656,657,658,661,665,666,667,669,672,673,675,678,679,680,681,684,685,689,690,692,693,696,699,703,704,705,708,709,710,711,717,780
draft_22951_01389	10,11,12,15,16,34,179,180,184,185,186,187,193,284,285,286,294,300,333,334,336,337,341,345,352,376,391,393,394,419,422,432,443,454,509,512,539,540,561,583,593,614,644,655,680,684,689,697,698,709,710,711,713
draft_22951_01390	10,11,12,15,19,144,147,179,180,186,187,256,257,258,260,284,285,286,287,300,333,334,341,342,345,352,353,356,357,371,372,377,378,382,383,385,386,394,406,410,417,421,431,433,435,438,442,444,447,450,465,471,477,491,494,499,503,517,521,525,536,542,543,546,547,549,550,553,554,557,565,566,571,574,575,579,580,581,583,585,590,593,595,596,598,600,601,604,605,607,608,609,615,619,620,621,624,625,627,633,634,635,638,639,641,642,644,652,653,656,661,665,666,667,669,672,673,674,678,679,680,681,683,684,685,686,689,690,692,693,696,697,698,699,704,705,708,709,710,711,713,743,757,759,806,820,822
draft_22951_01391	10,11,12,15,19,144,147,179,180,186,187,256,257,258,260,284,285,286,287,300,333,334,341,342,345,352,353,356,357,371,372,377,378,382,383,385,386,394,406,410,417,421,431,433,435,438,442,444,447,450,465,471,477,491,494,499,503,517,521,525,536,542,543,546,547,549,550,553,554,557,565,566,571,574,575,579,580,581,583,585,590,593,595,596,598,600,601,604,605,607,608,609,615,619,620,621,624,625,627,633,634,635,638,639,641,642,644,652,653,656,661,665,666,667,669,672,673,674,678,679,680,681,684,685,689,690,692,693,696,697,698,699,704,705,708,709,710,711,713,717,743,757,780,806,820
draft_22951_01392	10,11,12,13,15,16,19,20,21,144,149,150,179,180,186,187,256,258,284,285,286,287,300,309,333,334,341,345,346,352,353,356,357,366,371,372,377,378,381,385,391,392,393,394,407,417,421,431,435,438,440,441,442,444,447,450,452,453,465,471,491,494,496,503,517,521,525,536,541,546,547,549,550,553,554,557,565,571,574,575,579,580,583,585,586,593,596,598,600,601,604,608,609,614,618,619,620,624,629,634,635,638,641,642,644,646,647,651,656,657,658,661,665,666,668,669,672,673,678,679,680,681,683,684,685,686,688,689,690,693,697,699,705,709,710,711,713,738,756,801,819
draft_22951_01393	10,11,12,13,15,179,180,186,187,214,218,256,258,284,285,286,333,334,345,346,352,356,357,366,371,372,375,385,391,392,417,431,435,442,447,471,491,517,521,525,541,553,557,565,571,579,583,585,596,600,604,609,614,619,635,641,661,665,669,678,679,680,689,697,698,709,710,711,713,756,819
draft_22951_01394	10,11,12,13,15,16,179,180,186,187,214,219,220,256,258,284,285,286,333,334,341,345,346,352,356,357,366,371,372,375,377,378,385,391,392,417,431,435,438,442,447,450,465,471,491,496,503,517,521,525,541,546,547,550,553,557,565,571,578,579,583,585,586,593,594,596,600,601,604,608,609,614,619,629,634,635,641,657,658,661,665,666,669,678,679,680,684,689,697,698,709,710,711,759,822
draft_22951_01395	10,11,12,15,19,20,144,146,147,179,180,183,186,256,257,258,284,285,286,287,300,309,333,334,341,345,352,353,356,357,358,359,371,372,377,378,381,385,386,387,388,391,393,394,397,400,401,404,407,417,419,421,431,432,435,438,441,442,443,444,447,450,453,454,465,471,473,483,491,494,496,503,507,517,521,524,525,528,531,536,539,540,546,547,549,550,553,554,556,557,565,571,574,575,577,578,579,580,583,585,586,593,596,598,600,601,604,608,609,614,618,619,620,624,629,634,635,638,641,642,644,656,657,658,661,665,666,668,669,672,673,678,679,680,681,684,685,689,690,692,693,696,697,698,699,700,703,704,705,708,709,710,711,713,717,735,759,780,798,822
draft_22951_01396	10,11,12,13,15,16,19,20,21,179,180,181,182,186,187,193,256,257,258,260,284,285,286,287,300,309,333,334,341,342,345,352,353,356,357,359,367,371,372,375,376,377,378,380,382,383,385,388,390,391,392,393,394,397,398,400,401,404,406,407,417,419,421,431,435,438,440,442,443,444,447,450,451,452,454,465,471,473,477,483,485,488,489,491,494,496,499,503,505,507,517,520,521,524,525,528,531,536,539,542,543,546,547,549,550,553,554,556,557,558,561,565,566,571,573,574,575,576,578,579,580,581,582,583,585,586,590,591,593,594,595,596,597,600,601,602,604,605,607,608,609,614,618,619,620,622,625,626,627,629,634,635,637,638,639,640,641,642,643,646,648,651,652,653,654,655,656,657,658,661,665,666,667,668,669,674,675,678,679,680,681,684,685,689,690,691,692,693,694,697,698,699,701,702,703,705,706,709,710,711,715,741,757,778,804,820
draft_22951_01397	10,11,12,13,15,16,17,19,20,21,179,180,181,182,186,187,193,256,257,258,260,284,285,286,287,300,333,334,341,342,345,346,352,353,356,357,358,359,366,367,371,372,375,376,377,378,380,382,383,385,386,387,388,390,391,392,393,394,397,398,404,406,417,419,421,431,432,435,438,440,442,443,444,447,450,451,452,454,465,471,473,477,483,485,488,491,494,496,499,503,505,507,517,520,521,522,524,525,531,536,539,540,541,542,543,544,545,546,547,549,550,553,554,556,557,561,565,566,567,568,571,573,574,575,577,579,580,581,583,585,586,590,593,594,595,596,597,598,600,601,602,604,605,607,608,609,614,616,619,620,622,624,625,627,629,631,634,635,637,638,639,641,642,644,646,647,648,651,652,653,655,656,657,658,660,661,663,665,666,667,669,672,673,674,675,678,679,680,681,683,684,685,686,687,689,690,692,693,694,695,696,698,700,703,704,705,706,708,709,710,711,715,717,735,736,738,743,759,762,764,778,780,798,799,801,806,822,825,827
draft_22951_01398	10,11,12,15,16,19,179,180,256,284,285,286,287,300,333,334,336,341,345,346,352,353,356,357,366,371,372,375,377,378,385,391,392,393,394,417,421,431,435,438,440,442,444,447,450,452,465,471,491,494,496,503,517,521,525,529,536,541,546,547,550,553,554,557,565,571,579,580,583,585,586,593,596,598,600,601,604,608,609,614,619,624,629,634,635,641,644,646,647,657,658,661,665,666,669,672,673,678,679,680,684,685,689,693,696,705,708,709,710,711,717,780
draft_22951_01399	10,11,12,15,34,179,180,181,182,186,256,257,258,284,285,286,294,333,334,341,345,346,350,352,354,356,357,358,359,366,369,371,372,373,374,375,377,378,384,385,386,387,388,391,397,404,413,417,419,431,432,435,436,438,442,443,446,447,448,450,454,465,471,473,483,491,492,496,501,503,507,508,517,521,522,524,525,531,532,533,534,539,540,541,546,547,550,553,556,557,565,571,577,578,579,583,585,586,587,593,596,600,601,604,608,609,614,619,629,634,635,641,657,658,659,661,665,666,669,678,679,680,684,689,697,709,710,711,737,759,768,800,822,831
draft_22951_01400	10,11,12,13,15,179,180,186,187,214,218,256,258,284,285,286,300,333,334,345,346,352,356,357,366,371,372,375,385,391,393,394,417,431,435,442,447,471,491,517,521,525,529,541,553,557,565,571,579,583,585,596,600,604,609,614,619,635,641,644,661,665,669,678,679,680,689,697,698,709,710,711,713,756,819
draft_22951_01401	10,11,12,13,15,19,20,179,180,186,187,256,258,284,285,286,287,333,334,345,346,347,352,353,356,357,366,367,371,372,375,385,391,392,406,417,431,435,442,447,471,491,517,521,525,541,549,553,557,565,567,571,574,575,579,583,585,595,596,600,604,605,609,615,616,619,620,635,638,641,642,656,657,660,661,665,667,669,678,679,680,681,689,690,699,709,710,711
draft_22951_01402	10,11,12,13,15,16,17,144,146,147,179,180,181,182,186,188,189,193,256,257,258,284,285,286,333,334,341,345,346,352,356,357,358,359,366,371,372,376,377,378,379,380,385,386,387,388,390,391,392,397,404,417,419,431,432,435,438,439,442,443,447,450,451,454,465,471,473,483,485,488,491,496,503,505,507,517,520,521,524,525,531,539,540,541,546,547,550,553,556,557,561,565,571,573,577,579,583,585,586,593,594,596,597,600,601,602,604,608,609,614,619,622,629,634,635,637,641,655,657,658,661,665,666,669,675,678,679,680,684,689,709,710,711,759,822
draft_22951_01403	10,11,12,13,15,16,19,20,34,144,147,179,180,181,182,186,256,257,258,284,285,286,287,294,333,334,337,341,345,346,347,350,352,353,354,356,366,367,369,371,372,375,377,378,384,385,391,392,406,413,417,421,422,435,438,440,442,444,447,450,452,465,471,472,481,491,496,501,503,508,514,517,521,525,532,533,536,541,546,547,550,553,557,565,567,571,579,583,585,586,587,593,594,596,600,601,604,608,609,614,616,619,629,634,635,638,641,646,657,658,659,660,661,665,666,669,678,679,680,683,684,709,711
draft_22951_01404	10,11,12,13,15,16,17,19,20,179,180,181,182,186,187,193,256,257,258,260,284,285,286,287,300,333,341,345,347,352,353,356,367,371,372,375,376,377,378,380,385,390,391,392,393,394,397,400,401,404,406,417,419,421,435,438,442,447,450,451,452,454,465,471,485,488,489,491,496,503,505,517,520,521,525,546,547,550,553,557,561,565,571,573,578,579,583,585,586,593,596,597,600,601,604,608,609,613,614,619,629,634,635,637,641,648,655,657,658,661,665,666,669,675,678,679,680,684
draft_22951_01405	10,11,12,15,19,20,144,147,179,180,256,257,258,284,285,286,287,300,333,334,342,345,346,347,352,353,356,357,366,367,371,372,375,382,385,391,393,394,406,410,417,421,431,433,435,437,440,442,444,447,449,452,465,471,477,491,494,499,517,521,525,529,536,537,541,542,543,549,550,553,554,557,565,566,567,571,574,575,579,580,583,585,590,593,595,596,598,600,603,604,605,607,608,609,614,615,616,619,620,621,624,627,629,633,634,635,638,641,642,646,647,652,656,657,660,661,665,667,669,672,673,678,679,680,681,684,685,689,692,693,696,703,705,709,710,711,714,777
draft_22951_01406	10,11,12,13,15,16,17,19,20,179,180,181,182,186,187,188,189,193,200,256,257,258,260,284,285,286,287,333,334,339,341,345,346,352,353,356,357,358,359,366,371,372,375,376,377,380,382,385,388,390,391,392,397,398,404,417,419,421,431,432,435,438,440,442,443,444,447,450,451,452,454,465,471,473,483,485,488,491,494,495,496,503,505,507,517,520,521,522,524,525,531,536,537,539,540,541,546,547,550,553,554,556,557,561,565,570,571,573,579,580,581,583,585,586,593,594,596,597,598,600,601,602,603,604,608,609,612,614,619,622,624,625,629,634,635,637,641,646,647,648,651,655,657,658,661,665,666,669,672,673,674,675,678,679,680,684,686,688,689,697,698,709,710,711
draft_22951_01407	10,11,12,13,15,16,17,19,20,179,180,181,182,186,188,189,193,195,196,200,256,257,258,259,260,261,262,284,285,286,287,300,301,333,334,339,341,345,346,352,353,356,357,358,359,366,371,372,373,374,375,376,377,378,379,380,382,385,388,391,392,393,394,397,398,404,417,419,421,423,431,432,435,436,438,439,440,442,443,444,446,447,448,450,451,452,454,465,471,473,483,485,488,491,492,494,496,503,507,517,520,521,522,524,525,531,536,539,540,541,546,547,550,553,554,556,557,561,565,571,577,578,579,580,581,583,585,586,593,594,596,597,598,600,601,604,608,609,614,619,624,625,629,634,635,637,641,644,646,648,655,657,658,661,665,666,669,672,674,675,678,679,680,684,685,686,693,695,696,708,709,710,711,713
draft_22951_01408	10,11,12,15,19,144,146,147,179,180,256,257,258,284,285,286,287,309,333,334,341,345,346,347,352,353,356,357,358,359,366,367,371,372,373,374,375,377,378,385,386,387,388,391,392,397,398,404,407,417,419,431,432,435,436,438,442,443,446,447,448,450,454,465,471,473,483,491,492,496,503,507,517,521,522,524,525,531,539,540,541,546,547,550,553,556,557,565,571,572,577,578,579,583,585,586,593,596,600,601,604,608,609,614,618,619,629,634,635,638,641,642,656,657,658,661,665,666,669,678,679,680,681,683,684,689,690,692,697,698,699,703,704,709,710,711,713,759,822
draft_22951_01409	10,11,12,13,15,16,19,20,179,180,186,187,256,258,284,285,286,287,300,301,333,334,342,345,346,352,353,356,357,366,367,371,372,375,382,383,385,394,395,399,406,417,419,421,431,435,436,440,442,443,444,447,448,452,465,468,471,477,491,494,499,516,517,519,521,525,536,539,542,543,545,549,550,553,554,556,557,565,566,568,571,574,575,577,579,580,583,585,590,593,595,596,598,600,604,605,607,608,609,619,620,624,627,631,634,635,638,641,642,645,652,656,661,663,665,667,669,672,673,678,679,680,681,684,685,689,690,693,699,700,705,709,710,711,736,757,762,799,820,825
draft_22951_01410	10,11,12,13,15,179,180,183,186,187,190,193,200,256,258,284,285,286,300,333,334,335,336,345,346,352,356,357,366,371,372,375,385,391,393,394,417,431,435,442,447,471,491,517,521,525,529,541,553,557,565,571,579,583,585,593,596,600,604,609,614,619,635,641,644,661,665,669,678,679,680,684,689,697,698,709,710,711,712,713,756,777,798,819
draft_22951_01411	10,11,12,15,19,20,179,180,256,284,285,286,287,300,333,334,341,345,352,353,356,357,367,371,372,375,377,378,381,385,391,393,394,406,417,421,431,435,438,440,441,442,444,447,450,452,453,465,471,491,496,503,517,521,525,536,546,547,550,553,557,565,571,579,580,583,585,586,593,596,600,601,604,608,609,614,619,629,634,635,638,641,644,646,657,658,661,665,666,669,678,679,680,683,684,686,687,688,689,698,709,710,711,717,735,759,780,798,822
draft_22951_01412	10,11,12,13,15,34,144,147,179,180,183,186,256,257,258,284,285,286,294,300,333,334,345,346,350,352,354,356,357,366,369,371,372,384,385,391,393,394,413,417,422,431,435,442,447,465,471,472,481,491,501,508,517,521,525,529,532,541,550,553,557,565,571,579,583,585,587,593,596,600,604,608,609,614,619,629,634,635,641,644,657,659,661,665,669,678,679,680,684,689,697,698,709,710,711,713,821
draft_22951_01413	10,11,12,15,19,144,146,147,179,180,256,257,258,284,285,286,287,309,333,334,340,342,345,346,347,352,353,356,357,359,366,367,371,372,373,374,377,385,388,391,392,397,398,404,407,417,419,431,435,436,442,443,446,447,448,450,454,465,471,473,483,491,492,496,503,507,517,521,522,524,525,531,539,540,541,546,547,549,550,553,556,557,565,567,571,572,574,575,577,578,579,583,585,586,593,596,600,601,604,608,609,614,618,619,620,629,634,635,638,641,642,656,657,658,660,661,665,666,668,669,678,679,680,681,684,689,690,697,699,709,710,711
draft_22951_01414	10,11,12,15,16,144,146,147,151,153,154,179,180,256,257,258,259,260,284,285,286,300,301,333,334,341,345,346,352,356,357,358,359,366,371,372,373,374,377,378,385,386,387,388,391,392,394,395,397,398,399,400,404,417,419,423,431,432,435,436,438,442,443,446,447,448,450,454,465,468,471,473,478,483,491,492,496,497,503,507,516,517,521,522,523,524,525,528,531,539,540,541,546,547,550,553,556,557,565,571,577,578,579,583,585,586,593,594,596,600,601,602,604,608,609,614,617,619,622,629,634,635,641,644,645,657,658,661,665,666,669,678,679,680,684,689,709,710,711,717,750,759,780,813,822
draft_22951_01415	10,11,12,15,19,20,144,146,147,150,151,179,180,256,257,258,284,285,286,287,333,334,341,345,346,347,352,353,356,357,359,366,367,371,372,373,374,377,378,381,385,388,391,392,397,398,404,406,417,419,421,431,435,436,438,441,442,443,444,446,447,448,450,453,454,465,471,473,483,491,492,494,496,503,507,517,521,522,524,525,531,536,539,540,541,546,547,549,550,553,554,556,557,565,571,574,575,577,578,579,580,583,585,586,593,595,596,598,600,601,604,605,608,609,614,615,619,620,624,629,634,635,638,641,642,656,657,658,661,665,666,667,669,672,673,678,679,680,681,683,684,685,687,689,690,692,693,696,697,699,703,704,705,708,709,710,711,713,717,738,756,780,801,819
draft_22951_01416	10,11,12,13,15,16,179,180,181,182,184,185,186,187,193,194,200,207,256,257,258,260,262,284,285,286,333,334,336,341,345,346,352,356,357,358,359,366,371,372,377,378,385,386,387,388,391,397,404,417,419,431,432,435,436,438,442,443,447,448,450,454,465,471,473,483,491,496,503,507,517,521,524,525,531,539,540,546,547,550,553,556,557,565,571,577,578,579,583,585,586,593,596,600,601,604,608,609,614,619,629,634,635,641,657,658,661,665,666,669,678,679,680,684,689,697,698,709,710,711,713,759,822
draft_22951_01417	10,11,12,13,15,16,17,19,144,146,147,179,180,181,182,186,187,193,256,257,258,259,260,262,284,285,286,287,300,301,333,334,341,345,346,352,353,356,357,358,359,366,371,372,373,374,376,377,378,380,382,385,386,387,388,390,391,393,394,397,400,401,404,417,419,421,423,431,432,435,436,438,440,442,443,444,446,447,448,450,451,452,454,465,468,471,473,478,483,485,486,487,488,489,491,492,495,496,500,503,505,507,516,517,518,520,521,522,524,525,528,529,531,536,537,539,540,541,546,547,548,550,553,556,557,561,565,570,571,573,577,578,579,580,583,585,586,593,594,596,597,598,600,601,604,608,609,612,614,617,619,629,634,635,636,641,644,645,648,655,657,658,661,665,666,669,675,678,679,680,684,685,689,693,697,698,705,709,710,711,713,759,822
draft_22951_01418	10,11,12,15,16,17,34,144,146,147,151,153,154,179,180,256,257,258,284,285,286,294,301,333,334,345,346,352,356,357,359,360,366,371,372,375,376,380,385,390,391,392,397,398,404,417,419,422,423,431,435,439,442,443,447,451,454,465,468,471,473,485,487,488,491,497,505,507,509,516,517,518,520,521,522,525,531,539,541,550,553,556,557,561,565,571,573,577,579,583,585,593,596,597,600,604,608,609,614,619,629,634,635,637,641,645,655,657,661,665,669,678,679,680,684,689,709,710,711
draft_22951_01419	10,11,12,19,179,180,256,284,285,287,333,334,342,345,353,356,357,371,372,375,385,417,421,431,433,435,442,444,447,471,491,517,521,525,553,554,557,565,571,579,583,585,596,600,604,609,619,635,641,661,665,669,672,673,678,679,680,689,709,710,711
draft_22951_01420	10,11,12,13,15,16,19,20,179,180,181,182,186,256,257,258,284,285,286,287,300,333,334,341,345,346,347,352,353,356,357,358,359,366,367,371,372,375,377,378,382,385,386,387,388,391,392,393,394,397,404,406,417,419,421,431,432,435,438,440,442,443,444,447,450,452,454,465,471,473,477,483,491,494,496,499,503,507,517,521,524,525,529,531,536,539,540,541,542,543,546,547,549,550,553,554,556,557,565,566,570,571,574,575,577,578,579,580,583,585,586,590,593,595,596,598,600,601,604,605,607,608,609,612,613,614,615,619,620,621,624,627,629,633,634,635,638,641,642,644,646,647,652,656,657,658,661,665,666,667,669,672,673,678,679,680,681,683,684,685,686,687,689,690,692,693,697,698,699,704,705,709,710,711,713,759,822
draft_22951_01421	10,11,12,13,15,34,144,147,179,180,186,187,256,257,258,260,284,285,286,294,300,333,334,339,341,345,346,350,352,354,356,357,366,369,371,372,384,385,391,393,394,413,417,422,431,435,442,447,465,471,472,481,491,501,508,514,517,521,525,529,532,533,541,550,553,557,565,571,579,583,585,587,593,596,600,604,608,609,614,619,629,634,635,641,657,659,661,665,669,678,679,680,684,689,697,698,709,710,711
draft_22951_01422	10,11,12,13,15,19,179,180,181,182,186,187,193,256,257,258,260,284,285,286,287,333,334,341,342,345,352,353,356,357,358,359,371,372,375,377,378,382,383,385,386,387,388,391,397,404,406,417,419,431,432,435,438,442,443,447,450,454,465,471,473,477,483,491,496,499,503,507,517,521,524,525,531,539,540,542,543,546,547,549,550,553,556,557,565,566,571,574,575,577,578,579,583,585,586,590,593,595,596,600,601,604,605,607,608,609,614,615,619,620,621,627,629,633,634,635,638,639,641,642,652,653,656,657,658,661,665,666,667,669,678,679,680,681,684,689,690,697,698,699,700,709,710,711,717,735,736,759,780,798,799,822
draft_22951_01423	10,11,12,15,16,19,144,149,150,179,180,256,284,285,286,287,300,333,334,335,339,341,345,346,352,353,356,357,366,371,372,375,377,378,385,391,392,394,417,421,431,435,438,440,442,444,447,450,452,465,471,491,496,503,517,521,525,536,541,546,547,550,553,557,565,571,579,581,583,585,586,593,594,596,600,601,604,608,609,614,619,629,634,635,641,644,657,658,661,665,666,669,678,679,680,684,689,697,698,709,710,711,712,713,759,822
draft_22951_01424	10,11,12,13,15,16,19,144,146,147,151,153,154,179,180,186,187,256,257,258,259,260,262,284,285,286,287,300,333,334,341,345,346,352,353,356,357,358,359,366,371,372,373,374,377,378,385,386,387,388,391,393,394,397,400,401,404,417,419,421,431,432,435,436,438,440,442,443,444,446,447,448,450,452,454,465,471,473,483,491,492,494,496,503,507,517,521,522,524,525,528,529,531,536,539,540,541,546,547,550,553,554,556,557,565,571,577,578,579,580,581,583,585,586,593,594,596,598,600,601,604,608,609,614,619,624,625,629,634,635,641,644,646,647,657,658,661,665,666,669,672,673,674,678,679,680,684,685,686,689,693,697,698,705,709,710,711,713,759,822
draft_22951_01425	10,11,12,15,19,20,144,147,179,180,256,257,258,284,285,286,287,333,334,342,345,346,347,352,353,356,357,366,367,371,372,375,382,385,391,392,406,410,417,421,431,433,435,437,440,442,444,447,449,452,463,465,471,477,491,494,499,517,521,525,536,537,538,541,542,543,549,550,553,554,557,565,566,567,571,574,575,579,580,583,585,590,593,595,596,598,600,603,604,605,606,607,608,609,614,615,616,619,620,621,624,627,629,633,634,635,638,641,642,646,647,652,656,657,660,661,665,667,669,672,673,678,679,680,681,684,685,689,692,694,695,696,703,709,710,711
draft_22951_01426	10,11,12,13,15,16,19,20,179,180,181,182,186,187,193,256,257,258,260,284,285,286,287,309,333,334,341,345,346,352,353,356,357,358,359,366,371,372,377,378,381,382,385,387,388,391,392,397,398,404,407,417,419,421,431,432,435,438,440,441,442,443,444,447,450,452,453,454,465,471,473,483,486,491,495,496,500,503,507,517,521,522,524,525,531,536,537,539,540,541,546,547,548,550,553,556,557,565,567,570,571,577,578,579,580,583,585,586,593,596,598,600,601,603,604,608,609,612,614,619,629,634,635,641,646,647,657,658,660,661,665,666,669,678,679,680,684,685,689,693,697,705,709,710,711,771,834
draft_22951_01427	10,11,12,13,15,16,19,34,179,180,184,185,186,187,193,256,258,284,285,286,287,294,333,334,339,341,342,345,346,352,353,354,356,357,366,371,372,375,377,378,384,385,391,392,413,417,421,431,433,435,438,442,444,447,450,465,471,491,494,496,501,503,508,517,521,525,532,533,534,536,541,546,547,550,553,554,557,565,570,571,578,579,580,583,585,586,587,593,596,598,600,601,604,608,609,612,614,619,624,629,634,635,641,657,658,659,661,665,666,669,672,673,678,679,680,684,685,686,689,693,697,705,709,710,711,716,738,768,779,801,831
draft_22951_01428	10,11,12,13,15,179,180,186,187,214,218,256,258,284,285,286,333,334,345,346,352,356,357,366,371,372,375,385,391,392,417,431,435,442,447,471,491,517,521,525,541,553,557,565,571,579,583,585,596,600,604,609,614,619,635,641,661,665,669,678,679,680,689,697,698,709,710,711,713,756,819
draft_22951_01429	10,11,12,13,15,16,19,20,21,179,180,186,187,193,194,256,258,284,285,286,287,300,301,309,333,334,336,345,352,353,356,357,371,372,381,385,394,395,399,407,417,421,431,435,440,441,442,444,447,452,453,471,491,511,516,517,519,521,523,525,536,553,557,565,571,579,580,583,585,593,596,598,600,604,608,609,618,619,635,638,641,644,661,665,669,678,679,680,681,683,684,685,686,687,688,689,690,693,697,698,699,705,709,710,711,713,819
draft_22951_01430	10,11,12,13,15,179,180,184,185,186,256,284,285,286,333,334,339,341,345,346,352,356,357,366,371,372,375,385,391,392,417,431,435,442,447,465,471,491,517,521,525,541,550,553,557,565,571,579,583,585,593,596,600,604,608,609,614,619,629,634,635,641,657,661,665,669,678,679,680,684,689,709,710,711
draft_22951_01431	10,11,12,13,15,16,19,20,21,179,180,181,182,186,187,193,256,257,258,260,284,285,286,287,300,301,333,334,341,345,346,352,353,356,357,358,359,366,367,371,372,375,377,378,381,382,385,386,388,391,393,394,397,406,417,419,421,423,431,432,435,438,440,441,442,443,444,447,450,452,453,454,465,468,471,478,491,494,496,497,503,516,517,519,521,522,524,525,531,536,537,539,540,541,546,547,549,550,553,554,556,557,565,570,571,574,575,577,579,580,583,585,586,593,595,596,598,600,601,603,604,605,608,609,612,614,617,619,620,624,629,634,635,638,641,642,644,645,646,647,656,657,658,661,665,666,667,669,672,673,678,679,680,681,684,685,686,689,690,692,693,696,697,699,703,704,705,708,709,710,711,713,717,756,780,819
draft_22951_01432	10,11,12,15,16,19,144,146,147,179,180,181,182,186,256,257,258,259,260,284,285,286,287,333,334,342,345,346,352,353,356,357,359,366,371,372,373,374,377,382,385,388,391,397,404,406,410,417,419,421,431,433,435,436,440,442,443,444,446,447,448,450,452,454,462,465,471,473,477,483,491,492,493,494,495,496,498,503,507,517,521,522,524,525,531,536,537,539,540,541,543,544,546,547,549,550,553,554,556,557,565,566,567,571,574,575,577,578,579,580,583,585,586,593,595,596,598,600,601,603,604,605,608,609,613,614,615,616,619,620,621,624,629,633,634,635,638,641,642,646,647,656,657,658,660,661,665,666,667,669,672,673,678,679,680,681,683,684,685,686,689,690,693,697,699,705,709,710,711
draft_22951_01433	10,11,12,13,15,16,19,20,179,180,181,182,186,187,193,256,257,258,260,284,285,286,287,300,301,309,333,334,336,341,342,345,346,352,353,356,357,358,359,366,371,372,375,377,378,382,383,385,386,388,391,393,394,397,407,417,419,421,423,431,432,435,438,440,442,443,444,447,450,452,454,465,468,471,478,491,494,496,497,499,503,516,517,519,521,522,524,525,531,536,537,539,540,541,542,543,546,547,549,550,553,554,556,557,565,570,571,574,575,577,579,580,583,585,586,591,593,596,598,600,601,603,604,607,608,609,612,614,617,618,619,620,624,629,634,635,638,641,642,644,645,646,647,652,656,657,658,661,665,666,668,669,672,673,678,679,680,681,683,684,685,686,689,690,693,697,698,699,700,705,709,710,711,713,714,722,736,738,756,757,759,777,785,799,801,819,820,822
draft_22951_01434	10,11,12,15,16,19,144,146,147,179,180,256,257,258,284,285,286,287,300,333,334,345,346,352,353,356,357,359,366,371,372,373,374,375,377,385,388,391,392,393,394,397,398,404,417,419,421,431,435,436,440,442,443,444,446,447,448,450,452,454,465,471,473,483,491,492,494,496,503,507,517,521,522,524,525,529,531,536,539,540,541,546,547,550,553,554,556,557,565,570,571,577,578,579,580,583,585,586,593,596,598,600,601,604,608,609,612,614,619,624,629,634,635,641,644,646,647,657,658,661,665,666,669,672,673,678,679,680,684,685,689,693,705,709,710,711,714,777
draft_22951_01435	10,11,12,15,19,20,144,146,147,179,180,256,257,258,284,285,286,287,300,309,333,334,341,345,352,353,356,357,358,359,371,372,377,381,385,388,391,393,394,397,400,401,404,407,417,419,421,431,432,435,438,441,442,443,444,447,450,453,454,465,471,473,483,491,496,503,507,517,521,524,525,528,531,536,539,540,546,547,550,553,556,557,565,571,577,578,579,580,583,585,586,593,596,600,601,604,608,609,614,618,619,629,634,635,638,641,644,657,658,661,665,666,669,678,679,680,681,683,684,685,686,689,690,693,697,698,699,705,709,710,711
draft_22951_01436	10,11,12,15,19,20,179,180,181,182,186,256,257,258,284,285,286,287,333,334,342,345,346,352,353,356,357,359,366,371,372,373,374,377,381,382,383,385,388,391,397,404,406,417,419,421,431,435,436,441,442,443,444,446,447,448,450,453,454,465,471,473,477,483,491,492,494,496,499,503,507,517,521,522,524,525,531,536,539,540,541,542,543,546,547,549,550,553,554,556,557,565,566,571,574,575,577,578,579,580,581,583,585,586,590,593,595,596,598,600,601,604,605,607,608,609,614,615,619,620,621,623,624,625,627,629,633,634,635,638,639,641,642,652,656,657,658,661,665,666,667,669,672,673,674,678,679,680,681,684,685,690,692,696,703,709,710
draft_22951_01437	10,11,12,13,15,19,20,21,144,150,179,180,184,185,186,187,193,256,258,284,285,286,287,300,333,334,336,341,342,345,352,353,356,357,367,368,371,372,375,377,378,381,382,383,385,391,393,394,406,417,421,431,435,438,440,442,444,447,450,452,465,471,477,491,496,499,503,517,521,525,536,542,543,545,546,547,549,550,553,557,564,565,566,568,571,574,575,579,580,583,585,586,590,593,595,596,600,601,604,605,607,608,609,611,614,619,620,627,629,631,634,635,638,639,641,642,644,646,652,653,656,657,658,661,662,663,665,666,667,669,678,679,680,681,683,684,685,689,690,692,693,696,697,698,699,700,703,704,705,708,709,710,711,713,715,722,736,743,759,762,778,785,799,806,822,825
draft_22951_01438	10,11,12,13,15,19,20,21,179,180,186,187,256,258,284,285,286,287,333,334,339,341,342,345,346,347,352,353,356,357,366,367,371,372,375,381,382,383,385,391,392,406,417,421,431,435,441,442,444,447,453,471,477,491,494,499,517,521,525,536,541,542,543,545,549,553,554,557,565,566,568,571,574,575,579,580,583,585,590,593,595,596,598,600,604,605,607,608,609,614,615,619,620,624,627,631,635,638,641,642,652,656,657,661,663,665,667,669,672,673,678,679,680,681,682,683,684,685,687,689,690,691,693,694,697,699,700,701,702,705,706,709,710,711,715,736,762,778,799,825
draft_22951_01439	10,11,12,13,15,16,179,180,181,182,186,187,193,194,200,256,257,258,260,262,284,285,286,300,333,334,341,345,352,356,357,358,359,360,371,372,376,377,378,379,380,385,386,387,388,390,391,393,394,397,404,417,419,431,432,435,438,439,442,443,447,450,451,454,465,471,473,483,485,488,491,496,503,505,507,517,520,521,524,525,531,539,540,546,547,550,553,556,557,561,565,571,573,577,578,579,583,585,586,593,594,596,597,600,601,602,604,608,609,614,619,622,629,634,635,637,641,644,655,657,658,661,665,666,669,675,678,679,680,684,689,709,710,711,759,822
draft_22951_01440	10,11,12,15,16,19,144,146,147,179,180,256,257,258,284,285,286,287,300,333,334,341,345,352,353,356,357,358,359,371,372,375,377,378,385,388,391,393,394,397,400,401,404,417,419,421,431,432,435,438,440,442,443,444,447,450,452,454,465,471,473,483,491,494,496,503,507,517,521,524,525,528,531,536,539,540,546,547,550,553,554,556,557,565,571,578,579,580,581,583,585,586,593,594,596,598,600,601,604,608,609,614,619,624,625,629,634,635,641,644,646,657,658,661,665,666,669,672,674,678,679,680,684,685,686,709,710,711,713
draft_22951_01441	10,11,12,13,15,16,19,179,180,181,182,186,187,193,256,257,258,260,284,285,286,287,333,334,341,345,352,353,356,357,358,359,360,371,372,375,376,377,378,380,382,385,386,387,388,390,391,392,397,398,404,417,419,421,431,432,435,438,439,440,442,443,444,447,450,451,452,454,465,471,473,483,485,488,491,494,496,503,505,507,517,520,521,524,525,531,536,539,540,546,547,550,553,554,556,557,561,565,571,573,577,578,579,580,581,583,585,586,593,594,596,597,598,600,601,602,604,608,609,614,619,622,624,625,629,634,635,637,641,646,648,655,657,658,661,665,666,669,672,673,674,675,678,679,680,684,685,689,693,705,709,710,711,738,759,801,822
draft_22951_01442	10,11,12,15,16,19,20,179,180,182,186,256,257,258,284,285,286,287,300,333,334,336,341,342,345,346,352,353,356,357,366,371,372,375,377,378,381,382,383,385,386,391,393,394,406,410,417,421,431,433,435,438,441,442,444,447,450,453,465,471,477,491,494,496,499,517,521,525,529,536,537,541,542,543,544,546,548,549,550,553,554,557,565,566,567,570,571,574,575,579,580,581,583,585,586,590,593,595,596,598,600,601,604,605,607,608,609,612,614,615,616,619,620,621,623,624,625,627,629,633,634,635,638,639,641,642,644,652,653,656,657,658,661,665,666,667,669,672,673,674,678,679,680,681,683,684,685,686,689,690,693,694,695,697,699,705,706,707,709,710,711,757,820
draft_22951_01443	10,11,12,15,284,285,286,333,345,346,352,366,375,391,392,541,583,593,614,657,680,684
draft_22951_01444	10,11,12,13,15,16,19,20,144,146,147,179,180,181,182,183,186,193,256,257,258,284,285,286,287,333,334,336,341,345,346,352,353,356,358,359,366,371,372,375,377,378,385,387,388,391,392,397,404,417,419,421,432,435,438,440,442,443,444,447,450,452,454,465,471,473,483,486,491,496,500,503,507,517,521,524,525,531,536,539,540,541,546,547,548,550,553,556,557,565,570,571,577,578,579,580,583,585,586,593,594,596,600,601,604,608,609,612,614,619,629,634,635,641,646,647,651,657,658,661,665,666,669,678,679,680,684,685,686,688,709,710,711,713,771,834
draft_22951_01445	10,11,12,13,15,16,19,20,179,180,181,182,186,187,193,256,257,258,260,284,285,286,287,300,333,334,336,341,345,346,352,353,356,357,359,366,371,372,373,374,375,377,385,388,391,393,394,397,404,417,419,421,431,435,436,438,440,442,443,444,446,447,448,450,452,454,465,471,473,483,491,492,494,496,503,507,517,521,522,524,525,529,531,536,537,539,540,541,546,547,550,553,554,556,557,565,570,571,577,578,579,580,583,585,586,593,594,596,598,600,601,603,604,608,609,612,614,619,624,629,634,635,641,646,647,657,658,661,665,666,669,672,673,678,679,680,684,685,689,693,697,698,705,709,710,711,713,714,777
draft_22951_01446	10,11,12,13,15,16,17,144,146,147,151,153,154,179,180,186,187,256,257,258,259,260,262,284,285,286,300,301,333,334,341,345,346,352,356,357,358,359,366,371,372,375,377,378,385,386,387,388,391,393,394,397,400,401,404,417,419,431,432,435,436,438,442,443,447,448,450,454,465,471,473,483,491,496,503,507,517,521,524,525,528,531,539,540,546,547,550,553,556,557,565,571,577,578,579,583,585,586,593,596,600,601,604,608,609,614,619,629,634,635,641,644,657,658,661,665,666,669,678,679,680,684,689,697,698,709,710,711,713,759,822
draft_22951_01447	10,11,12,13,15,16,144,146,147,151,153,154,179,180,183,186,187,193,256,257,258,259,260,262,284,285,286,300,333,334,341,345,346,352,356,357,358,359,360,366,371,372,376,377,378,380,385,386,387,388,390,391,392,393,394,397,398,400,401,404,417,419,431,432,435,438,439,442,443,447,450,451,454,465,471,473,483,485,486,488,489,491,496,500,503,505,507,517,520,521,522,524,525,528,531,539,540,541,546,547,548,550,553,556,557,561,565,570,571,573,577,578,579,583,585,586,593,594,596,597,600,601,604,608,609,612,614,619,629,634,635,637,641,644,655,657,658,661,665,666,669,675,678,679,680,684,689,697,698,709,710,711,713,759,771,822,834
draft_22951_01448	10,11,12,13,15,19,20,21,179,180,186,187,256,258,284,285,286,287,333,334,341,342,345,352,353,356,357,371,372,375,377,378,381,382,383,385,386,391,392,406,417,421,431,435,438,440,441,442,444,447,450,452,453,465,471,477,491,496,499,503,517,521,525,542,543,546,547,549,550,553,557,565,566,571,574,575,579,583,585,586,590,593,595,596,600,601,604,605,607,608,609,614,615,619,620,621,623,627,629,633,634,635,638,641,642,646,651,652,656,657,658,661,665,666,667,669,678,679,680,681,683,684,689,690,697,699,700,709,710,711,713,715,736,738,756,759,778,799,801,819,822
draft_22951_01449	10,11,12,15,16,144,146,147,179,180,181,182,186,187,193,256,257,258,259,260,262,284,285,286,300,333,334,341,345,352,356,357,358,359,360,371,372,376,377,378,379,380,385,386,387,388,389,390,391,393,394,397,400,401,404,417,419,431,432,435,438,439,442,443,447,450,451,454,465,471,473,483,485,486,488,489,491,496,500,503,505,507,517,520,521,524,525,528,531,539,540,546,547,548,550,553,556,557,561,565,570,571,573,577,578,579,583,585,586,593,594,596,597,600,601,602,604,608,609,612,614,619,622,629,634,635,637,641,644,655,657,658,661,665,666,669,675,678,679,680,684,689,697,709,710,711,759,771,822,834
draft_22951_01450	10,11,12,13,15,16,179,180,181,182,186,187,188,189,193,200,256,257,258,260,284,285,286,333,334,341,345,346,352,356,357,358,359,366,371,372,377,378,385,386,387,388,391,392,397,404,417,419,431,432,435,438,442,443,447,450,454,465,471,473,483,491,496,503,507,517,521,524,525,531,539,540,541,546,547,550,553,556,557,565,571,577,578,579,583,585,586,593,594,596,600,601,602,604,608,609,614,619,622,629,634,635,641,657,658,661,665,666,669,678,679,680,684,689,697,698,709,710,711,759,822
draft_22951_01451	10,11,12,13,15,16,17,19,20,21,179,180,181,182,186,188,189,193,256,257,258,259,260,284,285,286,287,300,333,334,341,345,346,352,353,356,357,358,359,360,366,371,372,375,376,377,378,379,380,382,385,386,388,389,390,391,392,393,394,397,398,404,417,419,421,431,432,435,438,439,440,442,443,444,447,450,451,452,454,465,471,473,483,485,488,491,494,496,503,505,507,517,520,521,522,524,525,531,536,537,539,540,541,546,547,550,553,554,556,557,561,565,570,571,573,578,579,580,581,583,585,586,593,594,596,597,598,600,601,602,603,604,608,609,612,614,619,622,624,625,629,634,635,637,641,644,646,647,648,651,655,657,658,661,665,666,669,672,673,674,675,678,679,680,684,685,686,688,693,696,708,709,710,711,713
draft_22951_01452	10,11,12,13,15,16,19,20,144,147,179,180,181,182,186,187,193,256,257,258,259,260,262,284,285,286,287,300,301,333,334,341,342,345,347,352,353,356,357,358,359,367,371,372,375,377,378,382,385,386,388,391,393,394,397,406,410,417,419,421,423,431,432,433,435,437,438,440,442,443,444,447,449,450,452,454,463,465,468,471,477,478,483,491,494,496,499,503,516,517,519,521,524,525,531,536,537,538,539,540,542,543,546,547,549,550,553,554,556,557,565,566,567,571,574,575,577,578,579,580,583,585,586,590,593,595,596,598,600,601,603,604,605,606,607,608,609,614,615,616,617,619,620,621,624,627,629,633,634,635,638,641,642,644,645,646,652,656,657,658,660,661,665,666,667,669,672,673,678,679,680,681,684,685,686,689,692,693,694,695,696,697,703,705,709,710,711,713,729,756,792,819
draft_22951_01453	10,11,12,15,284,285,286,333,345,346,352,366,375,391,392,541,583,593,614,680,684,689,697
draft_22951_01454	10,11,12,13,15,16,17,144,146,147,151,153,154,158,160,161,179,180,256,257,258,259,260,261,262,284,285,286,301,333,334,341,345,346,352,356,357,358,359,366,371,372,373,374,375,377,378,385,388,391,397,417,419,423,431,432,435,436,438,442,443,446,447,448,450,454,465,468,471,478,483,491,492,496,497,503,516,517,521,522,524,525,531,539,540,541,546,547,550,553,556,557,565,571,577,578,579,583,585,586,593,594,596,600,601,602,604,608,609,614,617,619,622,629,634,635,641,645,657,658,661,665,666,669,678,679,680,684,689,697,698,709,710,711,717,780
draft_22951_01455	10,11,12,13,15,19,20,179,180,186,187,284,285,286,287,300,333,340,342,345,346,347,352,353,366,367,391,393,394,406,529,541,567,583,615,616,638,644,657,660,680,681,690
draft_22951_01456	10,11,12,19,20,179,180,256,284,285,287,333,334,342,345,353,356,357,367,371,372,375,382,383,385,406,417,421,431,433,435,442,444,447,471,477,491,499,517,521,525,542,543,549,553,554,557,565,566,571,574,575,579,583,585,590,595,596,600,604,605,607,609,619,620,627,635,638,641,642,652,656,661,665,667,669,672,673,678,679,680,681,689,690,709,710,711,715,778
draft_22951_01457	10,11,12,13,15,19,20,21,144,149,150,179,180,186,187,256,258,284,285,286,287,309,333,334,341,345,352,353,356,357,371,372,375,377,378,381,385,391,392,407,417,421,431,435,438,440,441,442,444,447,450,452,453,465,471,491,494,496,503,517,521,525,536,546,547,549,550,553,554,557,565,571,574,575,579,580,583,585,586,593,596,598,600,601,604,608,609,614,618,619,620,624,629,634,635,638,641,642,646,651,656,657,658,661,665,666,668,669,672,673,678,679,680,681,684,685,686,688,689,690,692,693,694,695,696,697,698,699,700,703,705,709,710,711,713,714,735,756,759,777,798,819,822
draft_22951_01458	10,11,12,13,15,16,19,34,144,149,150,179,180,186,187,256,284,285,286,287,294,300,333,334,339,341,345,346,352,353,356,357,366,371,372,376,385,391,392,393,394,417,421,422,431,435,440,442,444,447,452,465,471,491,494,509,512,517,521,525,529,536,541,550,553,554,557,561,565,570,571,579,580,583,585,593,596,598,600,604,608,609,612,614,619,624,629,634,635,637,641,644,646,647,655,657,661,665,669,672,673,678,679,680,684,685,686,689,693,697,705,709,710,711,713,756,819
draft_22951_01459	10,11,12,13,15,19,20,21,144,150,179,180,184,185,186,187,193,256,258,284,285,286,287,300,333,334,336,341,342,345,352,353,356,357,367,368,371,372,375,377,378,381,382,383,385,391,393,394,406,417,421,431,435,438,440,442,444,447,450,452,465,471,477,491,496,499,503,517,521,525,536,542,543,545,546,547,549,550,553,557,564,565,566,568,571,574,575,579,580,583,585,586,590,593,595,596,600,601,604,605,607,608,609,611,614,619,620,627,629,631,634,635,638,639,641,642,644,646,652,653,656,657,658,661,662,663,665,666,667,669,678,679,680,681,683,684,685,689,690,692,693,694,696,697,698,699,700,703,704,705,706,708,709,710,711,713,715,722,736,743,757,759,762,778,785,799,806,820,822,825
draft_22951_01460	10,11,12,13,15,19,20,144,146,147,179,180,186,187,256,284,285,286,287,333,334,336,341,342,345,352,353,356,357,371,372,375,377,378,385,391,392,417,421,431,433,435,438,440,442,444,447,450,452,465,471,491,494,496,503,517,521,525,536,546,547,550,553,554,557,565,571,579,580,583,585,586,593,596,598,600,601,604,608,609,614,619,624,629,634,635,641,646,651,657,658,661,665,666,669,672,673,678,679,680,684,685,686,688,689,693,697,705,709,710,711,713,738,801,819
draft_22951_01461	10,11,12,15,19,20,144,146,147,179,180,256,257,258,284,285,286,287,300,309,333,334,341,345,352,353,356,357,358,359,371,372,375,377,381,385,388,391,393,394,397,400,401,404,407,417,419,421,431,432,435,438,441,442,443,444,447,450,453,454,462,465,471,473,483,491,494,495,496,503,507,517,521,524,525,528,531,536,537,539,540,546,547,549,550,553,554,556,557,565,567,571,574,575,577,578,579,580,583,585,586,593,596,598,600,601,603,604,608,609,614,618,619,620,624,629,634,635,638,641,642,644,656,657,658,660,661,665,666,668,669,672,673,678,679,680,681,684,685,689,690,692,693,696,697,698,699,704,705,708,709,710,711,714,777
draft_22951_01462	10,11,12,13,15,16,17,19,20,144,146,147,151,153,154,179,180,186,187,256,257,258,260,284,285,286,287,300,333,334,339,341,345,346,352,353,356,357,358,359,366,371,372,375,376,377,378,385,386,387,388,391,392,393,394,397,400,401,404,417,419,421,431,432,435,438,440,442,443,444,447,450,452,454,465,471,473,483,491,496,503,507,517,521,524,525,528,529,531,536,537,539,540,541,546,547,550,553,556,557,561,565,570,571,577,578,579,580,583,585,586,593,596,600,601,603,604,608,609,612,614,619,629,634,635,637,641,644,646,647,655,657,658,661,665,666,669,675,678,679,680,684,685,689,696,697,698,709,710,711,713,759,822
draft_22951_01463	10,11,12,13,15,16,19,20,144,146,147,179,180,184,185,186,187,193,256,257,258,260,284,285,286,287,300,333,334,341,345,346,352,353,356,357,358,359,366,371,372,373,374,377,378,385,386,387,388,391,392,393,394,397,400,401,404,417,419,421,431,432,435,436,438,440,442,443,444,446,447,448,450,452,454,465,471,473,483,491,492,496,503,507,517,521,522,524,525,528,529,531,536,537,539,540,541,546,547,548,550,553,556,557,565,570,571,577,578,579,580,583,585,586,593,596,600,601,603,604,608,609,612,614,619,629,634,635,641,644,646,647,657,658,661,665,666,669,678,679,680,684,685,689,693,697,698,705,709,710,711,713,759,771,822,834
draft_22951_01464	10,11,12,15,34,144,148,179,180,181,182,186,256,257,258,284,285,286,294,300,333,334,341,345,352,354,356,357,358,359,371,372,377,378,384,385,386,387,388,391,393,394,397,400,401,404,417,419,422,431,432,435,438,442,443,447,450,454,465,471,473,483,491,496,503,507,509,512,517,521,524,525,528,531,539,540,546,547,550,553,556,557,565,571,577,578,579,583,585,586,593,596,600,601,604,608,609,614,619,629,634,635,641,644,657,658,661,665,666,669,678,679,680,684,689,697,698,709,710,711,713,759,822,861
draft_22951_01465	10,11,12,13,15,16,19,179,180,181,182,186,187,193,256,257,258,260,284,285,286,287,300,333,334,339,341,345,346,352,353,356,357,359,366,371,372,373,374,377,385,388,391,393,394,397,404,417,419,421,431,435,436,440,442,443,444,446,447,448,450,452,454,465,471,473,483,491,492,494,496,503,507,517,521,522,524,525,529,531,536,539,540,541,546,547,550,553,554,556,557,565,571,577,578,579,580,581,583,585,586,593,594,596,598,600,601,604,608,609,614,619,624,625,629,634,635,641,646,647,657,658,661,665,666,669,672,673,674,678,679,680,684,685,689,696,697,698,709,710,711
draft_22951_01466	10,11,12,13,15,16,19,179,180,184,185,186,187,193,256,258,284,285,286,287,300,333,334,339,341,342,345,346,352,353,356,357,366,367,371,372,375,377,378,382,383,385,391,393,394,406,417,431,435,438,442,447,450,465,471,477,491,496,499,503,517,521,525,529,541,542,543,544,546,547,549,550,553,557,565,566,567,571,574,575,579,583,585,586,590,593,595,596,600,601,604,605,607,608,609,614,616,619,620,627,629,634,635,638,641,642,644,652,656,657,658,660,661,665,666,667,669,678,679,680,681,684,689,690,697,698,699,700,709,710,711,736,759,764,799,822,827
draft_22951_01467	10,11,12,13,15,16,17,19,20,144,149,150,179,180,184,185,186,187,193,256,258,284,285,286,287,300,301,333,334,341,342,345,346,352,353,356,357,366,367,371,372,375,376,377,378,382,383,385,391,394,395,399,406,417,419,431,435,438,439,442,443,446,447,448,450,451,454,465,468,471,477,478,488,491,496,499,503,516,517,518,520,521,523,525,539,541,542,543,545,546,547,549,550,553,556,557,561,565,566,568,571,574,575,576,577,579,583,585,586,590,593,595,596,600,601,604,605,607,608,609,614,619,620,627,629,631,634,635,638,639,640,641,642,652,653,654,656,658,661,663,665,666,667,669,678,679,680,681,683,684,689,690,691,692,701,702,703,704,709,710,711,722,741,743,762,785,804,806,825
draft_22951_01468	10,11,12,13,15,16,17,19,20,144,146,147,151,153,154,179,180,186,187,256,257,258,284,285,286,287,300,333,334,339,341,345,346,352,353,356,357,358,359,366,371,372,373,374,376,377,378,385,386,387,388,391,392,393,394,397,400,401,404,417,419,421,431,432,435,436,438,440,442,443,444,446,447,448,450,452,454,465,471,473,483,491,492,496,503,507,517,521,522,524,525,528,529,531,536,537,539,540,541,546,547,550,553,556,557,561,565,570,571,577,578,579,580,581,583,585,586,593,594,596,600,601,603,604,608,609,612,614,619,629,634,635,637,641,644,646,647,648,651,655,657,658,661,665,666,669,678,679,680,684,686,688,689,697,698,709,710,711,713,759,822
draft_22951_01469	10,11,12,15,19,20,144,146,147,179,180,256,257,258,284,285,286,287,309,333,334,341,345,352,353,356,357,358,359,371,372,375,377,378,381,385,388,391,392,397,398,404,407,417,419,421,431,432,435,438,441,442,443,444,447,450,453,454,465,471,473,483,491,494,496,503,507,517,521,524,525,531,536,539,540,546,547,549,550,553,554,556,557,565,571,574,575,577,578,579,580,581,583,585,586,593,596,598,600,601,604,608,609,614,618,619,620,624,625,629,634,635,638,639,641,642,656,657,658,661,665,666,668,669,672,673,674,678,679,680,681,684,685,689,690,693,699,705,709,710,711,759,822
draft_22951_01470	10,11,12,13,15,179,180,181,182,186,187,193,256,257,258,260,284,285,286,333,334,341,345,352,356,357,358,359,371,372,375,377,385,388,391,397,404,417,419,431,432,435,438,442,443,447,450,454,465,471,473,483,491,496,503,507,517,521,524,525,531,539,540,546,547,550,553,556,557,565,571,577,578,579,583,585,586,593,596,600,601,604,608,609,614,619,629,634,635,641,657,658,661,665,666,669,678,679,680,684,689,697,698,709,710,711,713
draft_22951_01471	10,11,12,13,15,16,19,144,147,179,180,186,187,256,257,258,260,284,285,286,287,300,333,334,336,341,342,345,347,352,353,356,357,367,371,372,375,377,378,382,385,394,406,410,417,421,431,433,435,437,438,442,444,447,449,450,465,471,477,491,494,499,517,521,525,536,542,543,546,549,550,553,554,557,565,566,571,574,575,579,580,583,585,590,593,595,596,598,600,601,604,605,607,608,609,615,619,620,621,624,627,633,634,635,638,641,642,652,656,661,665,666,667,669,672,673,678,679,680,681,684,685,689,690,693,697,698,699,700,705,709,710,711,713,717,735,759,780,798,822
draft_22951_01472	10,11,12,15,19,179,180,184,185,186,187,193,256,258,284,285,286,287,300,333,334,341,342,345,346,352,353,356,357,366,371,372,377,378,385,386,391,393,394,417,421,431,433,435,438,442,444,447,450,465,471,491,494,496,503,517,521,525,529,536,541,546,547,550,553,554,557,565,571,579,580,581,583,585,586,593,596,598,600,601,604,608,609,614,619,624,625,629,634,635,641,644,657,658,661,665,666,669,672,673,674,678,679,680,684,685,689,693,697,698,705,709,710,711,713,714,717,735,738,756,759,777,780,798,801,819,822
draft_22951_01473	10,11,12,19,20,116,117,144,147,256,257,284,285,287,333,334,336,342,345,347,353,356,367,371,372,382,385,406,410,417,421,433,435,437,442,444,447,449,471,477,491,494,499,517,521,525,536,542,543,549,553,554,557,565,566,571,574,575,579,580,583,585,590,595,596,598,600,604,605,607,609,615,620,621,624,627,633,635,638,641,642,652,656,661,665,667,669,672,673,678,679,681,685,709
draft_22951_01474	10,11,12,19,20,21,179,180,186,187,256,258,284,285,287,309,333,334,342,345,353,356,357,371,372,382,383,385,407,417,421,431,433,435,442,444,447,471,491,494,499,517,521,525,536,542,543,549,553,554,557,565,571,574,575,576,579,580,582,583,585,591,596,598,600,604,607,609,618,619,620,624,626,635,638,640,641,642,643,652,654,656,661,665,668,669,672,673,678,679,680,681,685,689,690,691,693,694,697,699,702,705,706,709,710,711,715,741,757,778,804,820
draft_22951_01475	10,11,12,13,15,16,19,20,144,149,150,179,180,256,284,285,286,287,300,333,334,337,341,345,346,352,353,356,357,366,371,372,375,385,391,392,393,394,417,418,421,428,429,431,435,440,442,444,447,452,461,465,471,491,494,517,521,525,536,541,550,553,554,557,565,571,579,580,583,585,593,596,598,600,604,608,609,614,619,624,629,634,635,641,644,646,647,651,657,661,665,669,672,673,678,679,680,684,685,686,688,689,693,697,705,709,710,711,713,756,819
draft_22951_01476	10,11,12,15,16,19,20,34,144,146,147,179,180,186,187,256,257,258,260,284,285,286,287,294,300,333,341,345,352,354,356,358,359,367,371,372,375,376,377,378,380,381,384,385,387,388,390,391,393,394,397,400,401,404,406,413,417,419,421,432,435,438,442,443,447,450,451,452,453,454,465,471,473,483,485,486,488,489,491,496,500,501,503,505,507,508,517,520,521,524,525,528,531,532,533,539,540,546,547,548,550,553,556,557,560,561,565,570,571,573,577,579,583,585,586,587,593,596,597,600,601,604,608,609,612,614,619,629,630,634,635,637,641,644,648,655,658,659,661,665,666,669,675,678,679,680,684,726,747,771,789,810,834
draft_22951_01477	10,11,12,15,19,179,180,186,187,256,258,284,285,286,287,333,334,342,345,346,352,353,356,357,366,371,372,375,385,386,391,392,417,421,431,433,435,442,444,446,447,450,471,491,494,503,517,521,525,536,541,553,554,557,565,571,579,580,583,585,596,598,600,604,609,619,624,635,641,661,665,669,672,673,674,678,679,680,685,689,693,697,698,705,709,710,711,713,714,735,756,777,798,819
draft_22951_01478	10,11,12,15,16,19,20,144,146,147,179,180,186,187,256,257,258,260,284,285,286,287,300,333,341,342,345,346,347,352,353,356,358,359,366,367,371,372,376,377,378,380,382,383,385,387,388,390,391,392,393,394,397,398,400,401,404,406,417,419,421,432,435,438,442,443,447,450,451,452,454,465,471,473,477,483,485,486,488,489,491,496,499,500,503,505,507,517,520,521,522,524,525,528,531,539,540,541,542,543,546,547,548,549,550,553,556,557,561,565,566,567,570,571,573,574,575,577,579,583,585,586,590,593,595,596,597,600,601,604,605,607,608,609,612,614,615,616,619,620,621,627,629,633,634,635,637,638,641,642,644,646,647,652,655,656,657,658,660,661,665,666,667,669,675,678,679,680,681,684,690,771,834
draft_22951_01479	10,11,12,15,19,20,179,180,182,186,187,193,256,257,258,260,284,285,286,287,300,333,334,341,342,345,352,353,356,357,371,372,377,378,381,382,383,385,386,391,393,394,406,410,417,421,431,433,435,438,441,442,444,447,450,453,465,471,477,491,494,496,499,503,517,521,525,536,542,543,546,547,549,550,553,554,557,565,566,571,574,575,578,579,580,581,583,585,586,590,593,595,596,598,600,601,604,605,607,608,609,614,615,619,620,621,623,624,625,627,629,633,634,635,638,639,641,642,644,652,653,656,657,658,661,665,666,667,669,672,673,674,678,679,680,681,684,685,689,690,693,694,695,697,699,705,706,707,709,710,711,757,820
draft_22951_01480	10,11,12,13,15,16,19,20,179,180,186,187,193,194,256,258,260,284,285,286,287,300,301,309,333,334,342,345,346,352,353,356,357,366,371,372,382,383,385,386,394,395,399,407,417,419,421,431,435,436,440,442,443,444,447,448,452,465,468,471,491,494,499,516,517,519,521,525,536,539,542,543,549,550,553,554,556,557,565,571,574,575,577,579,580,582,583,585,591,593,596,598,600,604,607,608,609,618,619,620,624,626,634,635,638,639,641,642,643,645,652,656,661,665,668,669,672,673,678,679,680,681,684,685,689,690,693,697,698,699,700,705,709,710,711,713,714,715,735,736,756,757,777,778,798,799,819,820
draft_22951_01481	10,11,12,13,15,16,19,20,179,180,181,182,186,188,189,193,196,200,256,257,258,259,260,261,262,284,285,286,287,333,334,341,342,345,346,352,353,356,357,358,359,360,366,371,372,373,374,376,377,378,380,381,382,383,385,386,387,388,390,391,397,404,406,410,417,419,421,431,432,433,435,436,438,439,441,442,443,444,446,447,448,450,451,453,454,465,471,473,477,483,485,488,491,492,494,496,499,503,505,507,517,520,521,522,524,525,531,536,539,540,541,542,543,546,547,549,550,553,554,556,557,561,565,566,571,573,574,575,577,578,579,580,581,583,585,586,590,593,594,595,596,597,598,600,601,602,604,605,607,608,609,614,615,619,620,621,622,623,624,625,627,629,633,634,635,637,638,639,641,642,652,653,655,656,657,658,661,665,666,667,669,672,673,674,675,678,679,680,681,684,685,689,690,692,693,694,695,696,697,698,699,703,705,706,707,709,710,711,757,820
draft_22951_01482	10,11,12,13,15,16,34,144,149,150,179,180,181,182,186,187,193,256,284,285,286,294,300,333,334,336,339,341,345,346,352,356,357,366,371,372,375,376,377,378,385,391,392,393,394,417,422,431,435,438,442,447,450,465,471,491,496,503,509,512,517,521,525,529,541,546,547,550,553,557,561,565,571,579,583,585,586,593,594,596,600,601,604,608,609,614,619,629,634,635,637,641,644,655,657,658,661,665,666,669,675,678,679,680,684,689,697,698,709,710,711,713,717,735,759,780,798,822
draft_22951_01483	10,11,12,15,284,285,286,300,333,345,346,352,366,375,394,529,583,593,644,680,684,689,697
draft_22951_01484	10,11,12,13,15,16,144,146,147,151,153,154,179,180,256,257,258,259,260,284,285,286,333,334,335,341,345,346,352,356,358,359,366,371,372,373,374,375,376,377,378,380,385,387,388,390,391,392,397,398,404,405,417,419,432,435,436,438,442,443,446,447,448,450,451,454,465,471,473,483,485,486,488,491,492,496,500,503,505,507,517,520,521,522,524,525,531,539,540,541,546,547,548,550,553,556,557,561,565,570,571,573,577,578,579,583,585,586,593,596,597,600,601,604,608,609,612,614,619,629,634,635,637,641,655,657,658,661,665,666,669,675,678,679,680,684,709,712,771,834
draft_22951_01485	10,11,12,15,19,179,180,256,284,285,286,287,300,333,334,337,341,345,352,353,356,357,371,372,375,385,391,393,394,417,418,421,428,429,431,435,440,442,444,447,452,461,471,491,517,521,525,536,553,557,565,571,579,580,583,585,593,596,598,600,604,608,609,614,619,635,641,644,646,657,661,665,669,678,679,680,684,685,689,693,697,705,709,710,711
draft_22951_01486	10,11,12,13,15,16,19,20,21,179,180,186,187,256,258,284,285,286,287,300,333,334,341,345,352,353,356,357,367,371,372,375,377,378,381,385,391,393,394,406,417,421,431,435,438,440,441,442,444,447,450,452,453,465,471,491,494,496,503,517,521,525,536,546,547,549,550,553,554,557,565,571,574,575,579,580,581,583,585,586,589,593,594,595,596,598,600,601,604,605,608,609,614,619,620,624,629,634,635,638,641,642,644,646,656,657,658,661,665,666,667,669,672,673,678,679,680,681,684,685,689,690,692,693,696,699,703,704,705,708,709,710,711,717,780
draft_22951_01487	10,11,12,19,20,179,180,186,187,256,258,284,285,287,309,333,334,342,345,353,356,357,371,372,382,383,385,407,417,421,431,433,435,442,444,447,471,491,494,499,517,521,525,536,542,543,549,553,554,557,565,571,574,575,579,580,582,583,585,591,596,598,600,604,607,609,618,619,620,624,626,635,638,641,642,643,652,656,661,665,668,669,672,673,678,679,680,681,685,689,690,693,697,699,700,705,709,710,711,736,757,799,820
draft_22951_01488	10,11,12,13,15,16,17,144,146,147,179,180,181,182,186,187,188,189,193,194,200,207,256,257,258,259,260,261,262,284,285,286,333,334,341,345,346,352,356,357,358,359,360,366,371,372,373,374,375,376,377,378,380,385,386,387,388,390,391,392,397,398,404,417,419,431,432,435,436,438,439,442,443,446,447,448,450,451,454,465,471,473,483,485,486,488,491,492,496,500,503,505,507,517,520,521,522,524,525,531,539,540,541,546,547,548,550,553,556,557,561,565,570,571,573,577,578,579,583,585,586,593,594,596,597,600,601,604,608,609,612,614,619,629,634,635,637,641,655,657,658,661,665,666,669,675,678,679,680,684,689,697,698,709,710,711,713,759,771,822,834
draft_22951_01489	10,11,12,15,19,179,180,184,185,186,256,284,285,286,287,300,333,334,336,337,341,342,345,352,353,356,357,367,371,372,375,377,378,382,383,385,391,393,394,406,417,431,435,438,442,447,450,465,471,477,491,496,499,517,521,525,542,543,544,546,549,550,553,557,565,566,567,571,574,575,579,583,585,586,590,593,595,596,600,601,604,605,607,608,609,614,616,619,620,627,629,634,635,638,641,642,644,652,656,657,658,660,661,665,666,667,669,678,679,680,681,684,689,690,697,698,699,700,709,710,711,713,736,759,764,799,822,827
draft_22951_01490	10,11,12,15,16,19,20,179,183,184,185,186,284,285,286,287,300,333,334,336,339,340,341,342,345,346,347,352,353,366,367,375,376,381,391,393,394,406,417,419,421,432,435,441,442,443,444,447,452,453,454,491,517,525,529,536,539,540,541,557,561,580,581,583,593,600,614,615,638,639,641,644,646,647,655,661,679,680,681,684,685,689,690,693,697,698,699,705,709,710,711
draft_22951_01491	10,11,12,13,15,16,19,20,144,146,147,179,180,186,187,256,257,258,260,284,285,286,287,300,333,334,341,345,346,352,353,356,357,358,359,366,371,372,375,377,378,385,386,387,388,391,393,394,397,400,401,404,417,419,421,431,432,435,438,440,442,443,444,447,450,452,454,465,471,473,483,491,494,496,503,507,517,521,524,525,528,529,531,536,537,539,540,541,546,547,550,553,554,556,557,565,570,571,577,578,579,580,583,585,586,593,596,598,600,601,603,604,608,609,612,614,619,624,629,634,635,641,644,646,647,657,658,661,665,666,669,672,673,678,679,680,684,685,689,693,697,698,705,709,710,711,713,759,822
draft_22951_01492	10,11,12,13,15,19,179,180,181,182,186,187,193,256,258,284,285,286,287,333,334,342,345,346,352,353,356,357,366,371,372,375,385,391,392,417,421,431,433,435,442,444,447,465,471,491,517,521,525,536,541,553,554,557,565,571,579,581,583,585,593,596,600,604,609,614,619,635,641,657,661,665,669,672,673,678,679,680,684,689,709,710,711,714,777
draft_22951_01493	10,11,12,15,284,285,286,333,345,346,352,366,375,391,392,541,583,593,614,680,684,689,697
draft_22951_01494	10,11,12,15,16,34,179,180,181,182,186,256,284,285,286,294,300,333,341,345,346,352,356,366,371,372,376,377,378,385,391,392,393,394,417,422,435,438,442,447,450,465,471,491,496,503,509,512,517,521,525,541,546,547,550,553,557,561,565,571,579,583,585,586,593,596,600,601,604,608,609,614,619,629,634,635,637,641,644,655,657,658,661,665,666,669,675,678,679,680,684
draft_22951_01495	10,11,12,15,19,144,146,147,179,180,183,186,256,257,258,284,285,286,287,300,333,334,341,342,345,352,353,356,357,358,359,371,372,377,378,385,386,387,388,391,393,394,397,400,401,404,417,419,421,431,432,433,435,438,442,443,444,447,450,454,465,471,473,483,491,494,495,496,503,507,517,521,524,525,528,531,536,537,539,540,546,547,550,553,554,556,557,565,571,577,578,579,580,583,585,586,593,596,598,600,601,603,604,608,609,614,619,624,629,634,635,641,644,657,658,661,665,666,669,672,678,679,680,684,685,689,693,696,697,698,705,708,709,710,711,713,759,822
draft_22951_01496	10,11,12,15,19,20,144,146,147,179,180,183,186,256,257,258,284,285,286,287,300,309,333,334,336,341,345,352,353,356,357,358,359,371,372,377,378,381,385,386,387,388,391,393,394,397,400,401,404,407,417,419,421,431,432,435,438,441,442,443,444,447,450,453,454,465,471,473,483,491,496,503,507,517,521,524,525,528,531,536,539,540,546,547,550,553,556,557,565,571,577,578,579,580,581,583,585,586,593,596,598,600,601,604,608,609,614,618,619,629,634,635,638,639,641,642,644,656,657,658,661,665,666,669,678,679,680,681,684,685,689,690,693,697,698,699,700,705,709,710,711,713,759,798,822
draft_22951_01497	10,11,12,13,15,16,19,144,146,147,179,180,184,185,186,187,193,256,257,258,260,284,285,286,287,300,301,333,334,336,341,345,346,352,353,356,357,358,359,366,371,372,373,374,377,378,385,386,387,388,391,393,394,395,397,399,400,401,404,417,419,421,431,432,435,436,438,440,442,443,444,446,447,448,450,452,454,465,468,471,473,483,491,492,496,503,507,516,517,519,521,522,524,525,528,529,531,536,539,540,541,546,547,550,553,556,557,565,571,577,578,579,580,583,585,586,593,596,598,600,601,604,608,609,614,619,629,634,635,641,644,645,657,658,661,665,666,669,678,679,680,684,685,686,689,693,696,697,698,705,708,709,710,711,713,759,822
draft_22951_01498	10,11,12,13,15,16,19,34,179,180,186,187,256,258,284,285,286,287,294,300,301,333,334,341,345,352,353,356,357,371,372,375,376,377,378,385,391,393,394,395,399,417,421,422,431,435,438,440,442,444,447,450,452,465,471,491,494,496,503,509,511,512,516,517,518,519,521,523,525,536,546,547,550,553,554,557,561,565,571,579,580,583,585,586,593,596,598,600,601,604,608,609,614,619,624,629,634,635,636,641,644,655,658,661,665,666,669,672,673,675,678,679,680,684,685,689,693,698,705,709,710,711,735,738,798,801
draft_22951_01499	10,11,12,15,19,20,144,147,179,180,256,257,258,284,285,286,287,300,333,334,342,345,346,347,352,353,356,357,366,367,371,372,375,382,385,391,393,394,406,410,417,421,431,433,435,437,440,442,444,447,449,452,465,471,477,491,494,499,517,521,525,529,536,537,541,542,543,549,550,553,554,557,565,566,567,571,574,575,579,580,583,585,590,593,595,596,598,600,603,604,605,607,608,609,614,615,616,619,620,621,624,627,629,633,634,635,638,641,642,646,647,652,656,657,660,661,665,667,669,672,673,678,679,680,681,684,685,689,692,693,696,697,698,703,705,709,710,711,713,714,735,756,777,798,819
draft_22951_01500	10,11,12,15,19,20,179,180,256,284,285,286,287,300,333,341,345,346,347,352,353,356,366,367,371,372,375,377,378,381,385,391,393,394,406,417,421,435,438,441,442,444,447,450,453,465,471,491,496,503,517,521,525,529,537,541,546,547,550,553,557,565,567,571,579,583,585,586,593,596,600,601,603,604,608,609,614,615,616,619,629,634,635,641,644,657,658,660,661,665,666,669,678,679,680,684
draft_22951_01501	10,11,12,15,19,20,144,146,147,179,180,256,257,258,284,285,286,287,309,333,334,341,345,346,352,353,356,357,358,359,366,371,372,373,374,375,377,378,381,385,386,387,388,391,392,397,398,404,407,417,419,421,431,432,435,436,438,441,442,443,444,446,447,448,450,453,454,465,471,473,483,491,492,496,503,507,517,521,522,524,525,531,536,539,540,541,546,547,550,553,556,557,565,571,577,578,579,580,583,585,586,593,596,600,601,604,608,609,614,618,619,629,634,635,638,641,657,658,661,665,666,669,678,679,680,681,684,685,689,690,692,693,696,697,698,699,700,703,705,709,710,711,713,759,822
draft_22951_01502	10,11,12,13,15,16,19,20,144,146,147,149,150,151,179,180,186,187,256,257,258,260,284,285,286,287,300,333,334,341,345,346,352,353,356,357,358,359,366,371,372,375,377,378,385,386,387,388,391,392,393,394,397,400,401,404,417,419,421,431,432,435,438,440,442,443,444,447,450,452,454,465,471,473,483,491,494,496,503,507,517,521,524,525,528,529,531,536,537,539,540,541,546,547,550,553,554,556,557,565,570,571,577,578,579,580,583,585,586,593,596,598,600,601,603,604,608,609,612,614,619,624,629,634,635,641,644,646,647,651,657,658,661,665,666,669,672,673,678,679,680,684,685,686,688,689,693,697,698,705,709,710,711,713,756,759,819,822
draft_22951_01503	10,11,12,13,15,16,19,20,144,146,147,179,180,181,182,186,187,193,194,200,201,207,256,258,260,262,284,285,286,287,333,334,339,341,345,346,352,353,356,357,366,371,372,377,378,385,386,391,392,417,421,431,435,438,440,442,444,447,450,452,465,471,491,496,503,517,521,525,536,537,541,546,547,550,553,557,565,570,571,579,580,581,583,585,586,593,594,596,600,601,603,604,608,609,612,614,619,629,634,635,641,646,651,657,658,661,665,666,669,678,679,680,684,686,688,689,697,698,709,710,711,713,738,756,759,801,819,822
draft_22951_01504	10,11,12,15,179,180,181,182,186,187,193,256,257,258,260,284,285,286,333,334,341,345,352,356,357,358,359,371,372,375,377,378,385,386,387,388,391,397,404,417,419,431,432,435,438,442,443,447,450,454,465,471,473,483,491,496,503,507,517,521,524,525,531,539,540,546,547,550,553,556,557,565,571,577,578,579,583,585,586,593,596,600,601,604,608,609,614,619,629,634,635,641,657,658,661,665,666,669,678,679,680,684,689,697,698,709,710,711,713,714,735,738,756,759,777,798,801,819,822
draft_22951_01505	10,11,12,13,15,19,20,179,180,181,182,186,187,193,256,257,258,260,284,285,286,287,309,333,334,341,345,352,353,356,357,358,359,371,372,375,377,378,381,385,386,387,388,391,397,404,407,417,419,421,431,432,435,438,441,442,443,444,447,450,453,454,465,471,473,483,491,494,496,503,507,517,521,524,525,531,536,539,540,546,547,549,550,553,554,556,557,565,571,574,575,577,578,579,580,583,585,586,593,596,598,600,601,604,608,609,614,618,619,620,624,629,634,635,638,641,642,656,657,658,661,665,666,668,669,672,673,678,679,680,681,683,684,685,686,689,690,693,697,698,699,700,705,709,710,711,713,714,759,777,822
draft_22951_01506	10,11,12,13,14,15,16,19,20,21,22,144,146,147,179,180,181,182,184,185,186,187,193,194,200,207,256,257,258,260,284,285,286,287,300,333,334,336,339,340,341,342,345,346,347,352,353,356,357,358,359,366,367,371,372,375,377,378,381,382,383,385,386,387,388,391,392,393,394,397,400,401,404,406,417,419,421,431,432,435,438,441,442,443,444,447,450,453,454,465,471,473,477,483,491,494,496,499,503,507,517,521,524,525,528,531,536,539,540,541,542,543,545,546,547,549,550,553,554,556,557,565,566,568,570,571,574,575,576,577,578,579,580,582,583,585,586,590,593,595,596,598,600,601,604,605,607,608,609,612,614,615,619,620,624,627,629,631,634,635,638,639,640,641,642,643,644,652,653,654,656,657,658,661,663,665,666,667,669,672,673,678,679,680,681,682,683,684,685,687,689,690,691,692,693,694,696,697,698,699,700,701,702,703,704,705,706,708,709,710,711,713,715,736,741,743,759,762,778,798,799,804,806,819,820,822,825
draft_22951_01507	10,11,12,13,15,19,20,144,146,147,150,151,179,180,186,187,256,257,258,260,284,285,286,287,300,333,334,340,341,342,345,346,347,352,353,356,357,358,359,366,367,371,372,373,374,377,378,381,385,386,387,388,391,393,394,397,400,401,404,406,417,419,421,431,432,435,436,438,441,442,443,444,446,447,448,450,453,454,465,471,473,483,491,492,494,496,503,507,517,521,522,524,525,528,529,531,536,539,540,541,546,547,549,550,553,554,556,557,565,571,574,575,577,578,579,580,583,585,586,593,595,596,598,600,601,604,605,608,609,614,615,619,620,624,629,634,635,638,639,641,642,644,656,657,658,661,665,666,667,669,672,673,678,679,680,681,683,684,685,687,689,690,693,697,698,699,700,705,709,710,711,713,756,759,819,822
draft_22951_01508	10,11,12,13,15,16,17,19,20,21,144,146,147,151,153,154,179,180,181,182,186,187,193,256,258,284,285,286,287,333,334,339,341,345,346,352,353,356,357,366,371,372,385,391,392,417,421,431,435,440,442,444,447,452,471,491,517,521,525,536,537,541,553,557,565,570,571,579,580,581,583,585,593,594,596,600,603,604,608,609,612,614,619,635,641,646,647,651,657,661,665,669,678,679,680,684,686,688,689,697,709,710,711
draft_22951_01509	10,11,12,15,16,19,144,149,150,179,180,186,187,256,258,284,285,286,287,300,333,334,341,345,346,352,353,356,357,366,371,372,377,378,385,391,392,394,417,421,431,435,438,440,442,444,447,450,452,465,471,491,494,496,503,517,521,525,536,541,546,547,550,553,554,557,565,571,579,580,581,583,585,586,593,594,596,598,600,601,604,608,609,614,619,624,625,629,634,635,641,644,646,647,657,658,661,665,666,669,672,673,674,678,679,680,684,685,689,693,697,705,709,710,711,759,822
draft_22951_01510	10,11,12,13,15,16,19,179,180,186,187,284,285,286,287,300,333,334,336,337,341,345,346,352,353,366,375,391,392,393,394,421,440,444,452,529,536,541,570,580,583,593,612,614,644,646,647,657,680,684,685,689,693,697,698,705,709,710,711,777
draft_22951_01511	10,11,12,15,19,284,285,286,287,300,333,345,352,353,375,394,421,440,444,452,536,580,583,593,644,680,684,685,689,693,697,705
draft_22951_01512	10,11,12,13,15,16,19,20,144,147,179,180,181,182,186,256,257,258,284,285,286,287,300,333,334,339,341,342,345,346,347,352,353,356,357,366,367,371,372,375,377,378,382,385,391,392,393,394,406,410,417,421,431,433,435,437,438,440,442,444,447,449,450,452,463,465,471,477,491,494,496,499,503,517,521,525,536,537,538,541,542,543,546,547,549,550,553,554,557,565,566,567,571,574,575,579,580,581,583,585,586,590,593,594,595,596,598,600,601,603,604,605,606,607,608,609,614,615,616,619,620,621,624,625,627,629,633,634,635,638,641,642,644,646,647,652,656,657,658,660,661,665,666,667,669,672,673,674,678,679,680,681,684,685,689,692,693,694,695,696,703,705,709,710,711,759,822
draft_22951_01513	10,11,12,13,15,16,19,34,179,180,186,187,256,258,284,285,286,287,294,300,301,333,334,345,346,352,353,356,357,366,371,372,376,385,391,393,394,395,399,417,421,422,431,435,440,442,444,447,452,465,471,491,509,511,512,516,517,518,519,521,523,525,529,536,541,550,553,557,561,565,571,579,580,583,585,593,596,600,604,608,609,614,619,629,634,635,636,641,644,655,661,665,669,678,679,680,684,685,689,693,697,705,709,710,711
draft_22951_01514	10,11,12,13,15,16,34,144,146,147,179,180,186,187,193,194,256,257,258,260,262,284,285,286,294,333,334,341,345,350,352,354,356,357,358,359,369,371,372,376,377,378,380,384,385,388,391,392,397,398,404,413,417,419,422,431,432,435,438,442,443,447,450,451,454,465,471,473,474,475,476,481,483,488,490,491,496,501,503,507,508,509,517,520,521,525,531,532,534,539,540,546,547,550,553,556,557,565,571,577,578,579,583,585,586,587,593,596,597,600,601,604,608,609,614,619,629,634,635,641,657,658,661,665,666,669,678,679,680,684,689,697,709,710,711
draft_22951_01515	10,11,12,19,20,179,180,186,187,256,258,284,285,287,309,333,334,342,345,353,356,357,371,372,382,383,385,407,417,421,431,433,435,442,444,447,471,491,494,499,517,521,525,536,542,543,549,553,554,557,565,571,574,575,579,580,582,583,585,591,596,598,600,604,607,609,618,619,620,624,626,635,638,641,642,643,652,656,661,665,668,669,672,673,678,679,680,681,682,685,687,689,690,693,697,699,700,705,709,710,711,720,736,757,783,799,820
draft_22951_01516	10,11,12,13,15,16,19,20,144,146,147,151,153,154,179,180,256,257,258,259,260,284,285,286,287,300,333,334,341,342,345,346,352,353,356,357,358,359,366,371,372,373,374,375,377,378,385,386,387,388,391,392,393,394,397,398,400,401,404,417,419,421,431,432,433,435,436,438,442,443,444,446,447,448,450,454,465,471,473,483,491,492,494,496,503,507,517,521,522,524,525,528,529,531,536,539,540,541,546,547,550,553,554,556,557,565,571,577,578,579,580,581,583,585,586,593,596,598,600,601,604,608,609,614,619,624,625,629,634,635,641,644,657,658,661,665,666,669,672,674,678,679,680,684,685,686,688,689,697,698,709,710,711,713,759,822
draft_22951_01517	10,11,12,13,15,16,19,20,144,146,147,151,153,154,179,180,256,257,258,259,260,284,285,286,287,300,309,333,334,341,345,346,352,353,356,357,358,359,366,371,372,373,374,375,377,378,381,385,386,387,388,391,392,393,394,397,398,400,401,404,407,417,419,421,431,432,435,436,438,441,442,443,444,446,447,448,450,453,454,465,471,473,483,491,492,494,496,503,507,517,521,522,524,525,528,529,531,536,539,540,541,546,547,549,550,553,554,556,557,565,571,574,575,577,578,579,580,581,583,585,586,593,596,598,600,601,604,608,609,614,618,619,620,624,625,629,634,635,638,639,641,642,644,656,657,658,661,665,666,668,669,672,673,674,678,679,680,681,683,684,685,686,689,697,698,709,710,711,713,759,822
draft_22951_01518	10,11,12,15,19,20,144,146,147,256,257,284,285,286,287,300,333,334,341,345,347,352,353,356,357,358,359,367,371,372,375,377,381,385,388,391,393,394,397,400,401,404,406,417,419,421,431,432,435,438,441,442,443,444,447,450,453,454,462,465,471,473,483,491,494,495,496,503,507,521,524,525,528,531,536,537,539,540,546,547,549,550,553,554,556,557,565,567,571,574,575,577,578,579,580,583,585,586,593,595,596,598,600,601,603,604,605,608,609,614,615,616,620,624,629,634,635,638,641,642,644,656,657,658,660,661,665,666,667,669,672,678,679,680,681,684,685,690,692,693,696,704,708,709,710,711
draft_22951_01519	10,11,12,13,15,16,19,20,21,179,180,186,187,256,258,284,285,286,287,300,309,333,334,336,339,341,345,346,352,353,356,357,366,371,372,375,381,385,391,393,394,407,417,421,431,435,440,441,442,444,447,452,453,465,471,491,494,517,521,525,529,536,537,541,550,553,554,557,565,567,570,571,579,580,583,585,593,596,598,600,603,604,608,609,612,614,619,624,629,634,635,641,644,646,647,657,660,661,665,669,672,673,678,679,680,684,685,689,693,697,698,705,709,710,711,713,714,777
draft_22951_01520	10,11,12,13,15,16,19,179,180,184,185,186,187,193,194,200,201,207,256,258,260,262,284,285,286,287,333,334,345,346,352,353,356,357,366,371,372,385,391,392,417,421,431,435,440,442,444,447,452,465,471,491,494,517,521,525,536,541,550,553,554,557,565,571,579,580,583,585,593,596,598,600,604,608,609,614,619,624,629,634,635,641,646,647,657,661,665,669,672,673,678,679,680,684,685,689,693,697,705,709,710,711,713,714,756,777,819
draft_22951_01521	10,11,12,15,16,34,179,180,183,186,256,284,285,286,294,300,333,334,341,345,352,356,357,366,371,372,375,376,377,378,385,391,393,394,417,422,431,435,438,442,447,450,465,471,491,496,503,509,512,517,521,525,529,541,546,547,550,553,557,561,565,571,579,583,585,586,593,596,600,601,604,608,609,614,619,629,634,635,637,641,644,655,658,661,665,666,669,675,678,679,680,684,689,697,709,710,711,713,717,738,756,780,801,819
draft_22951_01522	10,11,12,13,15,16,19,20,144,147,179,180,186,187,256,257,258,260,284,285,286,287,300,333,334,341,342,345,352,353,356,357,371,372,375,377,378,382,383,385,386,391,393,394,406,410,417,421,431,433,435,438,440,442,444,447,450,452,463,465,471,477,491,494,496,499,503,517,521,525,536,537,538,542,543,546,547,548,549,550,553,554,557,565,566,567,570,571,574,575,579,580,583,585,586,590,593,595,596,598,600,601,603,604,605,606,607,608,609,612,614,615,616,619,620,621,624,627,629,633,634,635,638,641,642,644,646,652,656,657,658,660,661,665,666,667,669,672,673,678,679,680,681,684,685,689,690,692,693,694,695,696,697,698,699,703,705,706,707,709,710,711,717,735,738,757,759,771,780,798,801,820,822,834
draft_22951_01523	10,11,12,13,15,179,180,186,187,256,258,284,285,286,333,334,345,346,352,356,357,366,371,372,375,385,391,392,417,431,435,442,447,471,491,517,521,525,541,553,557,565,571,579,583,585,593,596,600,604,609,614,619,635,641,657,661,665,669,678,679,680,684,689,697,709,710,711
draft_22951_01524	10,11,12,13,15,16,19,20,21,144,146,147,150,151,179,180,186,187,256,258,284,285,286,287,333,334,339,341,342,345,346,347,352,353,356,357,366,367,368,371,372,375,377,378,381,382,383,385,391,392,406,417,421,431,435,438,440,442,444,447,450,452,465,471,477,491,496,499,503,517,521,525,536,537,541,542,543,545,546,547,549,550,553,557,564,565,566,568,570,571,574,575,579,580,581,583,585,586,590,593,594,595,596,600,601,603,604,605,607,608,609,611,612,614,615,619,620,621,627,629,631,633,634,635,638,641,642,646,647,651,652,656,657,658,661,662,663,665,666,667,669,678,679,680,681,683,684,686,688,689,690,692,700,703,709,710,711,715,722,736,762,778,785,799,825
draft_22951_01525	10,11,12,13,15,16,17,34,35,179,180,181,182,186,187,193,256,258,284,285,286,294,300,333,334,336,341,345,346,352,356,357,366,371,372,375,376,377,378,385,391,392,393,394,417,422,431,435,438,442,447,450,465,471,491,496,503,509,512,517,521,525,529,541,546,547,550,553,557,561,565,570,571,579,583,585,586,593,596,600,601,604,608,609,612,614,619,629,634,635,637,641,644,655,657,658,661,665,666,669,675,678,679,680,684,689,697,698,709,710,711,713,759,822
draft_22951_01526	10,11,12,15,19,20,179,180,256,284,285,286,287,333,334,341,345,346,347,352,353,356,357,366,367,371,372,375,377,378,381,385,391,392,406,417,421,431,435,438,441,442,444,447,450,453,465,471,491,494,496,503,517,521,525,536,541,546,547,549,550,553,554,557,565,571,574,575,579,580,583,585,586,593,595,596,598,600,601,604,605,608,609,614,615,619,620,624,629,634,635,638,641,642,656,657,658,661,665,666,667,669,672,673,678,679,680,681,684,685,689,690,692,693,696,699,703,704,705,708,709,710,711,717,780
draft_22951_01527	10,11,12,15,19,144,146,147,179,180,256,257,258,284,285,286,287,300,333,334,341,342,345,352,353,356,357,358,359,371,372,375,377,385,388,391,393,394,397,400,401,404,417,419,421,431,432,433,435,438,442,443,444,447,450,454,465,471,473,483,491,494,496,507,517,521,524,525,528,531,536,539,540,546,550,553,554,556,557,565,571,578,579,580,581,583,585,586,593,596,598,600,601,604,608,609,614,619,624,625,629,634,635,641,644,657,658,661,665,666,669,672,673,674,678,679,680,684,685,686,689,693,697,698,705,709,710,711,713
draft_22951_01528	10,11,12,13,15,16,34,144,146,147,179,180,186,187,256,257,258,260,284,285,286,294,333,334,341,345,346,350,352,354,356,357,358,359,366,369,371,372,375,376,377,378,380,384,385,388,391,392,397,398,404,413,417,419,422,431,432,435,438,442,443,447,450,451,454,465,471,473,474,475,476,481,483,488,490,491,496,501,503,507,508,509,517,520,521,522,525,531,532,534,539,540,541,546,547,550,553,556,557,565,571,577,579,583,585,587,593,596,597,600,601,604,608,609,614,619,629,634,635,641,657,661,665,666,669,678,679,680,684,689,697,709,710,711,713,717,738,756,780,801,819
draft_22951_01529	10,11,12,13,15,16,19,20,144,146,147,179,180,186,187,256,258,284,285,286,287,300,333,334,336,341,342,345,346,352,353,356,357,366,367,371,372,375,377,378,382,383,385,391,392,393,394,406,417,421,431,435,438,440,442,444,447,450,452,465,471,477,491,496,499,503,517,521,525,536,541,542,543,546,547,549,550,553,557,565,566,571,574,575,579,580,581,583,585,586,590,593,594,595,596,600,601,604,605,607,608,609,614,619,620,627,629,634,635,638,641,642,644,646,647,652,656,657,658,661,665,666,667,669,678,679,680,681,683,684,686,688,689,690,698,709,710,711,717,722,735,759,780,785,798,822
draft_22951_01530	10,11,12,13,15,16,17,179,180,181,182,186,187,193,194,200,256,257,258,260,262,284,285,286,300,333,334,341,345,352,356,357,358,359,371,372,375,376,377,378,379,380,385,386,387,388,390,391,393,394,397,404,417,419,431,432,435,438,439,442,443,447,450,451,454,465,471,473,483,485,488,491,496,503,505,507,517,520,521,524,525,531,539,540,546,547,550,553,556,557,561,565,571,573,577,578,579,583,585,586,593,594,596,597,600,601,602,604,608,609,614,619,622,629,634,635,637,641,644,655,657,658,661,665,666,669,675,678,679,680,684,689,709,710,711,759,822
draft_22951_01531	10,11,12,13,15,16,19,20,21,179,180,186,187,193,194,256,258,260,284,285,286,287,333,334,341,342,345,352,353,356,357,366,367,371,372,375,377,378,382,383,385,391,392,406,417,421,431,435,438,440,442,444,447,450,452,465,471,477,491,494,496,499,503,517,521,525,536,541,542,543,546,547,549,550,553,554,557,565,566,571,574,575,579,580,583,585,586,590,593,595,596,598,600,601,604,605,607,608,609,614,619,620,624,627,629,634,635,638,641,642,646,647,652,656,657,658,661,665,666,667,669,672,673,678,679,680,681,683,684,685,689,690,693,695,696,698,705,709,710,711,722,735,785,798
draft_22951_01532	10,11,12,15,16,19,20,179,180,183,186,187,193,256,258,284,285,286,287,300,333,334,341,342,345,352,353,356,357,371,372,377,378,385,394,417,421,431,433,435,438,442,444,447,450,465,471,491,494,503,517,521,525,536,546,547,550,553,554,557,565,571,579,580,581,583,585,593,596,598,600,601,604,608,609,619,624,625,634,635,641,644,661,665,666,669,672,673,674,678,679,680,684,685,686,688,689,693,697,698,705,709,710,711,713,738,756,759,777,798,801,819,822
draft_22951_01533	10,11,12,13,15,16,19,20,179,180,184,185,186,187,193,256,258,284,285,286,287,300,333,334,336,339,341,345,346,347,352,353,356,357,366,367,371,372,375,376,381,385,391,393,394,406,417,419,421,431,432,435,441,442,443,444,447,452,453,454,465,471,491,517,521,525,529,536,539,540,541,549,550,553,557,561,565,571,574,575,579,580,581,583,585,593,595,596,600,604,605,608,609,614,615,619,620,629,634,635,638,639,641,642,644,646,647,655,656,661,665,667,669,678,679,680,681,684,685,689,690,693,697,698,699,705,709,710,711
draft_22951_01534	10,11,12,15,16,34,179,180,181,182,186,256,284,285,286,294,300,333,334,341,345,346,352,356,357,366,371,372,375,376,377,378,385,391,392,393,394,417,422,431,435,438,442,447,450,465,471,491,496,503,509,512,517,521,525,529,541,546,547,550,553,557,561,565,571,579,583,585,586,593,596,600,601,604,608,609,614,619,629,634,635,637,641,655,658,661,665,666,669,675,678,679,680,684,689,709,710,711,759,822
draft_22951_01535	10,11,12,15,144,146,147,179,180,256,257,258,284,285,286,300,333,334,341,345,346,352,356,357,358,359,366,371,372,373,374,375,377,378,385,386,387,388,391,393,394,397,400,401,404,417,419,431,432,435,436,438,442,443,446,447,448,450,454,465,471,473,483,491,492,496,503,507,517,521,522,524,525,528,529,531,539,540,541,546,547,550,553,556,557,565,571,577,578,579,583,585,586,593,596,600,601,604,608,609,614,619,629,634,635,641,644,657,658,661,665,666,669,678,679,680,684,689,697,698,709,710,711,735,759,798,822
draft_22951_01536	10,11,12,19,20,21,179,180,186,187,256,258,284,285,287,309,333,334,342,345,353,356,357,371,372,382,383,385,407,417,421,431,433,435,442,444,447,471,491,494,499,517,521,525,536,542,543,545,549,553,554,557,565,568,571,574,575,576,579,580,582,583,585,591,596,598,600,604,607,609,618,619,620,624,626,632,635,638,640,641,642,643,652,654,656,661,664,665,668,669,672,673,678,679,680,681,685,687,689,690,691,693,694,697,699,700,702,705,706,709,710,711,715,736,741,757,762,778,799,804,820,825
draft_22951_01537	10,11,12,13,15,19,20,179,180,181,182,186,187,193,256,257,258,260,284,285,286,287,300,309,333,334,341,342,345,352,353,356,357,358,359,371,372,375,377,378,382,383,385,386,387,388,391,393,394,397,400,401,404,407,417,419,421,431,432,435,438,440,442,443,444,447,450,452,454,465,471,473,483,491,494,496,499,503,507,517,521,524,525,528,531,536,539,540,542,546,547,549,550,553,554,556,557,565,571,574,575,578,579,580,582,583,585,586,591,593,596,598,600,601,604,607,608,609,614,618,619,620,624,626,629,634,635,638,639,641,642,643,644,646,652,653,656,657,658,661,665,666,668,669,672,678,679,680,681,684,685,689,690,693,696,697,698,699,700,705,708,709,710,711,713,714,735,738,756,759,777,798,801,819,822
draft_22951_01538	10,11,12,15,179,180,181,182,186,187,193,256,257,258,260,284,285,286,333,334,341,345,346,352,356,357,358,359,366,371,372,373,374,377,378,385,386,387,388,391,397,404,417,419,431,432,435,436,438,442,443,446,447,448,450,454,465,471,473,483,491,492,496,503,507,517,521,522,524,525,531,539,540,541,546,547,550,553,556,557,565,571,577,578,579,583,585,586,593,596,600,601,604,608,609,614,619,629,634,635,641,657,658,661,665,666,669,678,679,680,684,689,697,698,709,710,711,713,714,735,738,756,759,777,798,801,819,822
draft_22951_01539	10,11,12,13,15,16,17,144,146,147,151,153,154,179,180,186,187,193,194,256,257,258,259,260,262,284,285,286,300,301,333,334,341,345,346,352,356,357,358,359,366,371,372,376,377,378,380,385,387,388,390,391,392,393,394,397,398,404,405,417,419,423,431,432,435,438,442,443,447,450,451,454,465,468,471,473,483,485,486,487,488,491,496,500,503,505,507,517,518,520,521,522,524,525,531,539,540,541,546,547,548,550,553,556,557,561,565,570,571,573,577,579,583,585,586,593,596,597,600,601,604,608,609,612,614,619,629,634,635,636,637,641,644,655,657,658,661,665,666,669,675,678,679,680,684,689,709,710,711,771,834
draft_22951_01540	10,11,12,13,15,16,19,20,144,146,147,151,153,154,179,180,256,257,258,284,285,286,287,300,333,334,339,341,345,346,352,353,356,357,358,359,366,371,372,373,374,375,376,377,378,385,386,387,388,391,392,393,394,397,398,404,417,419,421,431,432,435,436,438,440,442,443,444,446,447,448,450,452,454,465,471,473,483,491,492,496,503,507,517,521,522,524,525,531,537,539,540,541,546,547,550,553,554,556,557,561,565,570,571,577,578,579,583,585,586,593,596,600,601,603,604,608,609,612,614,619,629,634,635,637,641,646,648,651,655,657,658,661,665,666,669,672,673,678,679,680,684,689,697,698,709,710,711,713,759,822
draft_22951_01541	10,11,12,13,19,20,21,179,180,182,186,187,193,256,257,258,260,284,285,287,333,334,342,345,353,356,357,367,371,372,375,382,383,385,386,406,410,417,421,431,433,435,442,444,447,463,471,477,491,494,499,517,521,525,536,538,542,543,545,549,553,554,557,565,566,568,571,574,575,576,579,580,582,583,585,589,590,595,596,598,600,604,605,606,607,609,615,619,620,621,624,626,627,631,633,635,638,640,641,642,643,652,654,656,661,663,665,667,669,672,673,678,679,680,681,682,685,687,689,690,691,693,694,697,698,699,700,701,702,705,706,709,710,711,715,736,741,757,762,778,799,804,820,825
draft_22951_01542	10,11,12,15,19,144,146,147,179,180,256,257,258,284,285,286,287,309,333,334,341,345,347,352,353,356,357,358,359,367,371,372,375,377,378,385,388,391,392,397,398,404,407,417,419,431,432,435,438,442,443,447,450,454,465,471,473,483,491,496,503,507,517,521,524,525,531,539,540,546,547,549,550,553,556,557,565,571,572,574,575,577,578,579,583,585,586,593,596,600,601,604,608,609,614,618,619,620,629,634,635,638,639,641,642,656,657,658,661,665,666,668,669,678,679,680,681,684,689,690,699,709,710,711,759,822
draft_22951_01543	10,11,12,15,16,17,34,144,146,147,179,180,256,257,258,284,285,286,294,300,301,333,334,341,345,346,352,356,357,358,359,366,371,372,375,376,377,378,385,388,391,392,394,395,397,398,399,404,417,419,422,431,432,435,436,438,442,443,447,448,450,454,465,468,471,473,483,491,496,503,507,512,517,518,521,524,525,531,539,540,546,547,550,553,556,557,565,571,577,578,579,583,585,586,593,596,600,601,604,608,609,614,619,629,634,635,636,641,645,657,658,661,665,666,669,678,679,680,684,709,710,711
draft_22951_01544	10,11,12,15,19,144,146,147,179,180,186,187,256,257,258,260,284,285,286,287,300,333,334,341,345,347,352,353,356,357,358,359,367,371,372,377,378,385,386,387,388,391,393,394,397,400,401,404,417,419,421,431,432,435,437,438,442,443,444,447,449,450,454,465,471,473,483,491,494,496,503,507,517,521,524,525,528,531,536,539,540,546,547,550,553,554,556,557,565,571,577,578,579,580,581,583,585,586,593,596,598,600,601,604,608,609,614,619,624,625,629,634,635,641,644,657,658,661,665,666,669,672,674,678,679,680,684,685,686,689,693,697,698,705,709,710,711,713,759,822
draft_22951_01545	10,11,12,13,15,16,19,144,146,147,179,180,256,257,258,284,285,286,287,300,301,333,334,341,345,346,352,353,356,357,358,359,366,371,372,373,374,375,377,385,388,391,392,394,395,397,398,399,404,417,419,421,431,432,435,436,438,440,442,443,444,446,447,448,450,452,454,465,468,471,473,483,491,492,496,503,507,516,517,519,521,522,524,525,531,536,539,540,541,546,547,550,553,556,557,565,571,577,578,579,580,581,583,585,586,593,594,596,598,600,601,604,608,609,614,619,629,634,635,641,644,645,657,658,661,665,666,669,678,679,680,684,685,689,693,709,710,711
draft_22951_01546	10,11,12,15,16,34,35,284,285,286,294,300,333,345,350,354,369,375,376,394,413,419,451,479,489,490,508,583,587,659,680,689,697
draft_22951_01547	10,11,12,15,16,19,20,21,179,180,256,284,285,286,287,300,333,334,341,345,346,347,352,353,356,366,367,371,372,375,377,378,381,385,391,393,394,406,417,421,431,435,438,441,442,444,446,447,450,453,465,471,491,496,503,517,521,525,529,536,541,546,547,548,550,553,554,557,565,570,571,574,579,582,583,585,586,589,593,595,596,600,601,604,608,609,612,614,615,619,629,634,635,640,641,643,644,658,661,665,666,667,669,673,674,678,679,680,684,771,834
draft_22951_01548	10,11,12,13,15,16,34,35,179,180,181,182,184,185,186,187,193,200,256,258,284,285,286,294,333,341,345,346,350,352,354,356,366,369,371,372,375,377,378,384,385,391,392,413,417,435,438,442,447,450,465,471,491,496,501,503,508,517,521,525,532,533,534,541,546,547,550,553,557,565,570,571,578,579,583,585,586,587,593,594,596,600,601,604,608,609,612,614,619,629,630,634,635,641,657,658,659,661,665,666,669,678,679,680,684,725,747,768,788,810,831
draft_22951_01549	10,11,12,13,15,16,34,179,180,181,182,186,187,193,256,257,258,260,284,285,286,294,300,333,334,341,345,346,352,356,357,359,366,371,372,373,374,376,377,378,385,388,391,392,393,394,397,404,417,419,422,431,435,436,438,442,443,446,447,448,450,454,465,471,473,483,491,492,496,500,503,507,509,512,517,521,522,524,525,531,539,540,541,546,547,548,550,553,556,557,561,565,570,571,577,578,579,583,585,586,593,596,600,601,604,608,609,612,614,619,629,634,635,637,641,644,655,657,658,661,665,666,669,675,678,679,680,684,689,697,709,710,711
draft_22951_01550	10,11,12,13,15,16,19,20,21,179,180,186,187,256,258,284,285,286,287,300,301,333,334,336,345,347,352,353,356,357,367,371,372,375,381,385,394,395,399,406,417,421,431,435,440,441,442,444,447,452,453,465,471,491,511,516,517,519,521,523,525,536,553,554,557,565,571,574,579,580,583,585,593,595,596,598,600,604,608,609,615,619,620,635,641,644,661,665,667,669,672,673,678,679,680,684,685,689,693,697,698,705,709,710,711,713
draft_22951_01551	10,11,12,15,144,146,147,179,180,256,257,258,284,285,286,300,333,334,341,345,346,352,356,357,358,359,366,371,372,373,374,375,377,378,385,386,387,388,391,393,394,397,400,401,404,417,419,431,432,435,436,438,442,443,446,447,448,450,454,465,471,473,483,491,492,496,503,507,517,521,522,524,525,528,529,531,539,540,541,546,547,550,553,556,557,565,571,577,578,579,583,585,586,593,596,600,601,604,608,609,614,619,629,634,635,641,644,657,658,661,665,666,669,678,679,680,684,689,697,698,709,710,711,717,735,759,780,798,822
draft_22951_01552	10,11,12,13,15,16,19,20,144,147,179,180,186,187,256,257,258,260,284,285,286,287,300,333,334,339,341,342,345,346,347,352,353,356,357,366,367,371,372,382,385,391,393,394,406,410,417,421,431,433,435,437,440,442,444,447,449,452,465,471,477,491,494,499,517,521,525,529,536,537,541,542,543,549,550,553,554,557,565,566,567,570,571,574,575,579,580,583,585,590,593,595,596,598,600,603,604,605,607,608,609,612,614,615,616,619,620,621,624,627,629,633,634,635,638,641,642,644,646,647,652,656,657,660,661,665,667,669,672,673,678,679,680,681,684,685,689,692,693,696,697,703,705,709,710,711
draft_22951_01553	10,11,12,13,15,16,19,20,144,146,147,179,180,186,187,256,257,258,260,284,285,286,287,301,309,333,334,341,342,345,352,353,356,357,359,371,372,375,377,378,382,383,385,388,391,397,407,417,419,421,423,431,435,438,440,442,443,444,447,450,452,454,465,468,471,478,483,491,494,496,499,503,516,517,519,521,524,525,531,536,539,542,543,546,547,549,550,553,554,556,557,558,565,571,574,575,578,579,580,581,582,583,585,586,591,593,594,596,600,601,602,604,607,608,609,614,617,618,619,620,622,625,626,629,634,635,638,639,641,642,643,645,646,652,653,656,657,658,661,665,666,668,669,674,678,679,680,681,683,684,685,690,693,709,710,722,785
draft_22951_01554	10,11,12,13,15,16,34,179,180,181,182,186,187,188,189,193,200,256,257,258,259,260,262,284,285,286,294,333,334,341,345,346,350,352,354,356,357,358,359,366,369,371,372,373,374,375,377,378,384,385,386,387,388,391,397,404,413,417,419,431,432,435,436,438,442,443,446,447,448,450,454,465,471,473,483,486,491,492,496,500,501,503,507,508,517,521,522,524,525,531,532,533,534,539,540,541,546,547,548,550,553,556,557,565,570,571,577,578,579,583,585,586,587,593,596,600,601,604,608,609,612,614,619,629,634,635,641,657,658,659,661,665,666,669,678,679,680,684,689,697,709,710,711,737,759,768,771,800,822,831,834
draft_22951_01555	10,11,12,15,16,34,179,180,256,284,285,286,294,300,301,333,334,336,345,346,352,356,357,366,371,372,375,376,385,394,395,399,417,419,422,431,435,436,442,443,447,448,468,471,491,512,517,518,521,525,539,553,556,557,565,571,577,579,583,585,596,600,604,609,619,635,636,641,645,661,665,669,678,679,680,689,697,698,709,710,711,713,714,777
draft_22951_01556	10,11,12,13,15,16,34,144,146,147,179,180,186,187,256,257,258,260,284,285,286,294,300,301,333,334,336,345,352,356,357,359,360,366,371,372,375,376,380,385,390,391,392,394,395,397,398,399,400,404,417,419,422,423,431,435,439,442,443,447,451,454,468,471,473,485,487,488,489,491,505,507,509,512,516,517,518,520,521,522,523,525,539,540,541,553,557,561,565,571,573,579,583,585,593,596,597,600,604,608,609,614,619,635,641,645,655,661,665,669,678,679,680,684,689,697,698,709,710,711,713
draft_22951_01557	10,11,12,13,15,19,20,179,180,185,186,187,193,194,200,256,258,284,285,286,287,300,333,334,336,340,341,342,345,347,352,353,356,357,367,371,372,375,377,378,382,383,385,394,406,417,431,435,438,442,447,450,465,471,477,491,499,503,517,521,525,542,543,546,547,549,550,553,557,565,566,571,574,575,576,579,583,585,590,593,595,596,600,601,604,605,607,608,609,615,619,620,627,634,635,638,640,641,642,644,652,656,661,665,666,667,669,678,679,680,681,682,683,684,689,690,691,697,698,699,700,701,702,709,710,711,713,720,736,738,756,757,783,799,801,819,820
draft_22951_01558	10,11,12,19,20,179,180,186,187,256,258,284,285,287,309,333,334,342,345,353,356,357,371,372,382,383,385,407,417,421,431,433,435,442,444,447,471,491,494,499,517,521,525,536,542,543,549,553,554,557,565,571,574,575,579,580,583,585,591,596,598,600,604,607,609,618,619,620,624,635,638,641,642,652,656,661,665,668,669,672,673,678,679,680,681,685,689,690,693,694,697,705,706,709,710,711,715,778
draft_22951_01559	10,11,12,13,15,16,19,20,179,180,186,187,256,258,284,285,286,287,300,333,334,341,342,345,352,353,356,357,371,372,375,376,377,378,385,391,393,394,417,421,431,433,435,438,442,444,447,450,452,465,471,491,494,496,503,517,521,525,536,546,547,550,553,554,557,561,565,571,579,580,583,585,586,593,596,598,600,601,604,608,609,614,619,624,629,634,635,637,641,644,646,655,658,661,665,666,669,672,673,675,678,679,680,684,685,686,689,693,697,705,709,710,711,717,738,780,801
draft_22951_01560	10,11,12,15,19,144,146,147,179,180,256,257,258,284,285,286,287,333,334,341,345,347,352,353,356,357,358,359,366,367,371,372,375,377,378,385,386,387,388,391,392,397,398,404,417,419,421,431,432,435,437,438,442,443,444,447,449,450,454,465,471,473,483,491,494,496,503,507,517,521,522,524,525,531,536,539,540,541,546,547,550,553,554,556,557,565,571,577,578,579,580,581,583,585,586,593,596,598,600,601,604,608,609,614,619,624,625,629,634,635,641,657,658,661,665,666,669,672,674,678,679,680,684,685,686,689,693,697,698,705,709,710,711,713,717,735,759,780,798,822
draft_22951_01561	10,11,12,15,19,20,144,146,147,179,180,256,257,258,284,285,286,287,309,333,334,341,345,352,353,356,357,358,359,371,372,375,377,378,381,385,388,391,392,397,398,404,407,417,419,421,431,432,435,438,441,442,443,444,447,450,453,454,465,471,473,483,491,494,496,503,507,517,521,524,525,531,536,539,540,546,547,549,550,553,554,556,557,565,571,574,575,577,578,579,580,583,585,586,593,596,598,600,601,604,608,609,614,618,619,620,624,629,634,635,638,641,642,656,657,658,661,665,666,668,669,672,673,678,679,680,681,683,684,685,686,689,690,693,699,705,709,710,711,738,801
draft_22951_01562	10,11,12,15,16,19,20,179,180,181,182,186,256,257,258,284,285,286,287,300,333,334,341,342,345,346,352,353,356,357,358,359,366,371,372,373,374,375,377,378,382,383,385,386,387,388,391,393,394,397,400,401,404,417,419,421,431,432,433,435,436,438,440,442,443,444,446,447,448,450,452,454,465,471,473,483,491,492,494,496,503,507,517,521,522,524,525,528,529,531,536,539,540,541,546,547,550,553,554,556,557,565,571,577,578,579,580,581,583,585,586,589,593,594,596,598,600,601,604,608,609,614,619,624,625,629,634,635,641,644,646,647,657,658,661,665,666,669,672,673,674,678,679,680,684,685,689,693,696,697,698,705,708,709,710,711,759,822
draft_22951_01563	10,11,12,13,15,16,179,180,181,182,184,185,186,187,193,194,200,201,207,256,257,258,260,262,284,285,286,333,334,336,341,345,346,352,356,357,358,359,366,371,372,377,378,385,386,387,388,391,397,404,417,419,431,432,435,436,438,442,443,447,448,450,454,465,471,473,483,491,496,503,507,517,521,524,525,531,539,540,546,547,550,553,556,557,565,571,577,578,579,583,585,586,593,596,600,601,604,608,609,614,619,629,634,635,641,657,658,661,665,666,669,678,679,680,684,689,697,698,709,710,711,713,735,756,759,798,819,822
draft_22951_01564	10,11,12,15,16,19,144,148,179,180,181,182,186,187,193,256,257,258,260,284,285,286,287,333,334,341,342,345,352,353,356,357,358,359,371,372,377,378,385,387,388,391,397,404,417,419,421,431,432,433,435,438,442,443,444,447,450,454,465,471,473,483,486,491,494,495,496,500,503,507,517,521,524,525,531,536,537,539,540,546,547,548,550,553,554,556,557,565,570,571,577,578,579,580,581,583,585,586,593,596,598,600,601,603,604,608,609,612,614,619,624,625,629,634,635,641,657,658,661,665,666,669,672,673,674,678,679,680,684,685,686,689,693,696,697,705,709,710,711,713,756,771,819,834,843,861,864,876
draft_22951_01565	10,11,12,13,15,16,144,146,147,179,180,181,182,186,187,193,256,257,258,260,284,285,286,333,334,341,345,346,352,356,357,359,366,371,372,373,374,376,377,378,385,388,391,392,397,404,417,419,431,435,436,438,442,443,446,447,448,450,454,465,471,473,483,491,492,496,503,507,517,521,522,524,525,531,539,540,541,546,547,550,553,556,557,561,565,570,571,577,578,579,583,585,586,593,594,596,600,601,604,608,609,612,614,619,629,634,635,637,641,655,657,658,661,665,666,669,675,678,679,680,684,709,710
draft_22951_01566	10,11,12,13,15,19,20,179,180,186,187,256,284,285,286,287,333,334,336,345,346,347,352,353,356,357,366,367,371,372,375,381,385,391,392,406,417,421,431,435,441,442,444,447,453,471,491,517,521,525,536,541,553,557,565,567,571,579,580,583,585,596,598,600,604,609,615,616,619,635,638,641,642,656,657,660,661,665,669,678,679,680,681,685,689,690,693,697,698,699,705,709,710,711,713
draft_22951_01567	10,11,12,15,19,179,180,256,284,285,286,287,300,333,334,337,341,345,352,353,356,357,371,372,375,385,391,393,394,417,418,421,428,429,431,435,440,442,444,447,452,461,471,491,517,521,525,536,553,557,565,571,579,580,583,585,593,596,600,604,609,614,619,635,641,644,646,657,661,665,669,678,679,680,684,685,689,693,697,705,709,710,711
draft_22951_01568	10,11,12,13,15,19,144,146,147,179,180,186,187,256,257,258,260,284,285,286,287,300,333,334,341,342,345,352,353,356,357,358,359,371,372,375,377,378,385,386,387,388,391,393,394,397,400,401,404,417,419,421,431,432,433,435,438,442,443,444,447,450,454,465,471,473,483,491,494,496,503,507,517,521,524,525,528,531,536,539,540,546,547,550,553,554,556,557,565,571,577,578,579,580,581,583,585,586,593,596,598,600,601,604,608,609,614,619,624,625,629,634,635,641,644,657,658,661,665,666,669,672,674,678,679,680,684,685,686,689,693,697,698,705,709,710,711,713,759,822
draft_22951_01569	10,11,12,13,15,19,20,179,180,186,187,256,258,284,285,286,287,300,333,334,341,342,345,352,353,356,357,371,372,375,377,378,385,391,393,394,417,421,431,433,435,438,440,442,444,447,450,452,465,471,491,494,496,503,517,521,525,536,546,547,550,553,554,557,565,571,579,580,583,585,586,593,596,598,600,601,604,608,609,614,619,624,629,634,635,641,644,646,657,658,661,665,666,669,672,673,678,679,680,684,685,686,689,693,697,705,709,710,711,714,738,777,801
draft_22951_01570	10,11,12,15,19,179,180,186,187,256,258,284,285,286,287,300,333,334,341,342,345,352,353,356,357,371,372,375,377,378,385,394,417,421,431,433,435,438,442,444,447,450,465,471,491,494,503,517,521,525,536,546,547,550,553,554,557,565,571,579,580,583,585,593,596,598,600,601,604,608,609,619,624,634,635,641,644,661,665,666,669,672,673,678,679,680,684,685,686,689,693,697,698,705,709,710,711,713,714,735,738,756,777,798,801,819
draft_22951_01571	10,11,12,15,19,144,146,147,179,180,256,257,258,284,285,286,287,333,334,341,345,347,352,353,356,357,358,359,367,371,372,375,377,378,385,388,391,392,397,398,404,417,419,421,431,432,435,437,438,442,443,444,447,449,450,454,465,471,473,483,491,494,496,503,507,517,521,524,525,531,536,539,540,546,547,550,553,554,556,557,565,571,577,578,579,580,581,583,585,586,593,596,598,600,601,604,608,609,614,619,624,625,629,634,635,641,657,658,661,665,666,669,672,673,674,678,679,680,684,685,686,709,710,711
draft_22951_01572	10,11,12,15,19,20,144,146,147,179,180,256,257,258,284,285,286,287,309,333,334,341,345,352,353,356,357,358,359,371,372,375,377,378,381,385,388,391,392,397,398,404,407,417,419,421,431,432,435,438,441,442,443,444,447,450,453,454,465,471,473,483,491,494,496,503,507,517,521,524,525,531,536,539,540,546,547,549,550,553,554,556,557,565,571,574,575,577,578,579,580,583,585,586,593,596,598,600,601,604,608,609,614,618,619,620,624,629,634,635,638,641,642,656,657,658,661,665,666,668,669,672,673,678,679,680,681,684,685,689,690,692,693,696,699,703,704,705,708,709,710,711,717,780
draft_22951_01573	10,11,12,13,15,16,144,146,147,179,180,186,187,256,257,258,260,284,285,286,333,334,341,345,346,352,356,357,358,359,366,371,372,374,375,376,377,378,380,385,387,388,390,391,392,397,398,404,417,419,431,432,435,438,442,443,447,448,450,451,454,465,471,473,483,485,486,488,491,492,496,500,503,505,507,520,521,522,524,525,531,539,540,541,546,547,548,550,553,556,557,561,565,570,571,573,577,579,583,585,586,593,596,597,600,601,604,608,609,612,614,619,629,634,635,637,641,655,657,658,661,665,666,669,675,678,679,680,684,689,697,698,709,710,711,713,714,717,735,738,756,771,777,780,798,801,819,834
draft_22951_01574	10,11,12,13,15,16,19,20,179,180,182,186,187,193,194,200,256,257,258,260,262,284,285,286,287,300,333,334,341,342,345,352,353,356,357,371,372,377,378,382,383,385,386,391,393,394,406,410,417,419,421,431,433,435,438,440,442,443,444,447,450,452,465,471,477,491,494,496,499,503,517,521,525,536,539,542,543,546,547,549,550,553,554,556,557,565,566,571,574,575,577,579,580,581,582,583,585,586,589,590,593,595,596,598,600,601,604,605,607,608,609,614,615,619,620,621,624,626,627,629,633,634,635,638,639,641,642,643,644,646,652,656,657,658,661,665,666,667,669,672,673,678,679,680,681,683,684,685,689,690,692,693,694,695,696,697,698,699,703,705,706,707,709,710,711,722,757,785,820
draft_22951_01575	10,11,12,15,179,180,181,182,186,187,193,256,257,258,260,284,285,286,333,334,341,345,352,356,357,358,359,371,372,377,378,385,386,387,388,391,397,404,417,419,431,432,435,438,442,443,447,450,454,465,471,473,483,491,496,503,507,517,521,524,525,531,539,540,546,547,550,553,556,557,565,571,577,578,579,583,585,586,593,596,600,601,604,608,609,614,619,629,634,635,641,657,658,661,665,666,669,678,679,680,684,689,697,698,709,710,711,759,822
draft_22951_01576	10,11,12,15,19,179,180,184,185,186,187,193,256,258,284,285,286,287,300,333,334,341,342,345,346,352,353,356,357,366,371,372,377,378,385,391,393,394,417,421,431,433,435,438,442,444,447,450,465,471,491,494,496,503,517,521,525,529,536,541,546,547,550,553,554,557,565,571,579,580,581,583,585,586,593,596,598,600,601,604,608,609,614,619,624,625,629,634,635,641,644,657,658,661,665,666,669,672,673,674,678,679,680,684,685,689,693,697,698,705,709,710,711,713,717,735,759,780,798,822
draft_22951_01577	10,11,12,15,16,34,144,146,147,179,180,256,257,258,284,285,286,294,300,333,341,345,346,352,356,358,359,366,371,372,375,376,377,378,385,388,391,392,393,394,397,398,404,417,419,422,432,435,438,442,443,447,450,454,465,471,473,483,491,496,503,507,509,512,517,521,522,524,525,529,531,539,540,541,546,547,550,553,556,557,561,565,570,571,577,578,579,583,585,586,593,596,600,601,604,608,609,612,614,619,629,634,635,637,641,644,655,657,658,661,665,666,669,675,678,679,680,684
draft_22951_01578	10,11,12,13,15,16,19,20,21,179,180,181,182,186,187,193,256,257,258,260,284,285,286,287,333,334,341,345,346,352,353,356,357,358,359,366,367,371,372,375,376,377,378,380,381,382,385,386,387,388,390,391,392,397,398,404,406,417,419,421,431,432,435,438,440,441,442,443,444,447,450,451,452,453,454,465,471,473,483,485,488,491,494,496,503,505,507,517,520,521,522,524,525,531,536,539,540,541,546,547,549,550,553,554,556,557,561,565,571,573,574,575,577,579,580,581,583,585,586,593,594,595,596,597,598,600,601,602,604,605,608,609,614,619,620,622,624,625,629,634,635,637,638,641,642,646,647,648,651,655,656,657,658,661,665,666,667,669,672,673,674,675,678,679,680,681,684,685,689,690,693,699,700,705,709,710,711,714,759,777,822
draft_22951_01579	10,11,12,15,16,34,179,180,186,187,256,258,284,285,286,294,300,333,334,341,345,352,356,357,371,372,375,376,377,378,385,391,393,394,417,422,431,435,438,442,447,450,465,471,491,496,503,509,512,517,521,525,546,547,550,553,557,561,565,571,579,583,585,586,593,596,600,601,604,608,609,614,619,629,634,635,637,641,644,655,658,661,665,666,669,675,678,679,680,684,689,698,709,710,711,735,759,798,822
draft_22951_01580	10,11,12,13,15,19,20,21,144,149,150,179,180,184,185,186,187,193,256,258,284,285,286,287,333,334,339,341,342,345,346,347,352,353,356,357,366,367,371,372,375,382,383,385,391,392,406,417,421,431,435,440,442,444,447,452,465,471,477,491,494,499,517,521,525,536,541,542,543,545,549,550,553,554,557,565,566,568,571,574,575,579,580,583,585,590,593,595,596,598,600,604,605,607,608,609,613,614,615,619,620,621,624,627,629,631,633,634,635,638,639,641,642,646,647,652,656,657,661,663,665,667,669,672,673,678,679,680,681,682,683,684,685,686,687,689,690,691,692,693,694,697,699,700,701,702,703,705,706,709,710,711,713,715,720,736,756,757,762,778,783,799,819,820,825
draft_22951_01581	10,11,12,13,15,16,17,19,20,179,180,186,187,193,194,256,258,260,284,285,286,287,300,301,333,334,341,345,352,353,356,357,371,372,375,377,378,385,391,393,394,395,399,417,421,431,435,438,440,442,444,447,450,452,465,471,491,496,503,511,516,517,519,521,523,525,536,546,547,550,553,554,557,565,571,578,579,580,583,585,586,593,596,598,600,601,604,608,609,614,619,629,634,635,641,644,646,657,658,661,665,666,669,672,674,678,679,680,684,685,689,693,697,705,709,710,711,729,792
draft_22951_01582	10,11,12,13,15,16,19,20,144,146,147,151,154,179,180,181,182,186,256,257,258,259,260,261,262,284,285,286,287,302,333,334,341,342,345,347,352,353,356,357,358,359,360,367,371,372,375,376,377,378,380,382,385,386,387,388,390,391,396,397,404,406,410,417,419,421,424,431,432,433,435,437,438,439,440,442,443,444,447,449,450,451,452,454,455,462,463,465,471,473,477,483,485,488,491,494,495,496,499,503,505,507,515,517,520,521,524,525,531,536,537,538,539,540,542,543,546,547,549,550,553,554,556,557,561,565,566,567,568,571,573,574,575,577,578,579,580,583,585,586,590,593,595,596,597,598,600,601,603,604,605,606,607,608,609,614,615,616,619,620,621,624,627,629,633,634,635,638,641,642,646,648,652,655,656,657,658,660,661,663,665,666,667,669,672,673,678,679,680,681,684,685,689,691,692,694,695,696,697,698,703,709,710,711,713,759,822
draft_22951_01583	10,11,12,15,16,19,179,180,181,182,186,256,257,258,284,285,286,287,300,333,334,339,341,345,346,352,353,356,357,358,359,366,371,372,375,377,378,385,386,387,388,391,393,394,397,404,417,419,421,431,432,435,438,440,442,443,444,447,450,452,454,465,471,473,483,491,494,495,496,503,507,517,521,524,525,529,531,536,537,539,540,541,546,547,550,553,554,556,557,565,570,571,577,578,579,580,583,585,586,593,596,598,600,601,603,604,608,609,612,614,619,624,629,634,635,641,644,646,647,657,658,661,665,666,669,672,673,678,679,680,684,685,689,693,697,705,709,710,711,759,822
draft_22951_01584	10,11,12,13,15,19,179,180,181,182,186,187,193,256,258,284,285,286,287,333,334,342,345,346,352,353,356,357,366,371,372,375,385,391,392,417,421,431,433,435,442,444,447,465,471,491,517,521,525,536,541,553,554,557,565,571,579,581,583,585,593,596,600,604,609,614,619,635,641,657,661,665,669,672,673,678,679,680,684,689,697,698,709,710,711,713,714,735,756,777,798,819
draft_22951_01585	10,11,12,19,34,144,148,179,180,256,284,285,287,294,333,334,342,345,350,353,354,356,369,371,372,384,385,413,417,421,431,433,435,442,444,447,471,491,501,508,517,521,525,532,533,536,553,554,557,565,571,579,580,583,585,587,596,600,604,609,619,635,641,659,661,665,669,672,673,678,679,680
draft_22951_01586	10,11,12,13,15,16,17,19,20,21,144,149,150,179,180,181,182,186,187,193,194,200,256,258,260,284,285,286,287,300,333,334,341,345,346,352,353,356,357,366,371,372,377,378,385,391,392,393,394,417,421,431,435,438,440,442,444,447,450,452,465,471,491,494,496,503,517,521,525,536,537,541,546,547,550,553,554,557,565,570,571,579,580,581,583,585,586,593,594,596,598,600,601,603,604,608,609,612,614,619,624,625,629,634,635,641,644,646,647,651,657,658,661,665,666,669,672,673,674,678,679,680,684,685,686,688,689,693,697,705,709,710,711,713,756,759,819,822
draft_22951_01587	10,11,12,15,19,144,146,147,179,180,256,257,258,284,285,286,287,309,333,334,341,342,345,346,352,353,356,357,359,366,371,372,373,374,375,377,378,382,383,385,388,391,392,397,398,404,407,417,419,431,435,436,438,442,443,446,447,448,450,454,465,471,473,483,491,492,496,499,503,507,517,521,522,524,525,531,539,540,541,542,543,544,546,547,549,550,553,556,557,565,567,571,574,575,577,578,579,583,585,586,588,591,593,596,600,601,604,607,608,609,614,618,619,620,629,634,635,638,641,642,652,656,657,658,660,661,665,666,668,669,678,679,680,681,684,689,690,700,709,710,711,717,736,764,780,799,827
draft_22951_01588	10,11,12,13,15,19,20,179,180,184,185,186,187,193,256,258,284,285,286,287,300,333,334,341,342,345,352,353,356,357,371,372,375,385,391,393,394,417,421,431,433,435,438,442,444,447,450,471,491,494,517,521,525,536,553,554,557,565,571,579,580,583,585,596,598,600,604,609,619,624,635,641,644,657,661,665,669,672,673,674,678,679,680,685,689,693,695,697,698,705,707,709,710,711
draft_22951_01589	10,11,12,13,15,19,20,179,180,183,184,185,186,190,193,200,256,284,285,286,287,300,333,334,335,336,341,342,345,352,353,356,357,371,372,375,385,391,393,394,417,421,431,433,435,438,442,444,447,450,471,491,517,521,525,536,553,554,557,565,571,579,580,583,585,593,596,600,604,609,614,619,635,641,644,657,661,665,669,672,674,678,679,680,684,685,689,693,695,696,697,698,705,707,709,710,711,712,713,714,777
draft_22951_01590	10,11,12,13,15,16,19,144,146,147,179,180,256,257,258,284,285,286,287,300,333,334,341,345,352,353,356,357,358,359,371,372,375,377,378,385,388,391,393,394,397,400,401,404,417,419,421,431,432,435,438,440,442,443,444,447,450,452,454,465,471,473,483,491,494,496,503,507,517,521,524,525,528,531,536,539,540,546,547,550,553,554,556,557,565,571,578,579,580,581,583,585,586,593,594,596,598,600,601,604,608,609,614,619,624,625,629,634,635,641,644,646,657,658,661,665,666,669,672,674,678,679,680,684,685,686,689,698,709,710,711,713,717,735,759,780,798,822
draft_22951_01591	10,11,12,13,15,284,285,286,333,345,346,352,366,375,391,392,541,593,614,657
draft_22951_01592	10,11,12,13,15,16,19,20,21,179,180,181,182,185,186,192,193,200,256,257,258,284,285,286,287,333,334,336,338,342,345,347,352,353,356,357,359,366,367,371,372,375,376,377,380,382,383,385,388,390,391,392,397,398,404,406,417,419,421,431,435,440,442,443,444,447,450,451,452,454,465,471,473,477,483,485,488,491,494,496,499,505,507,517,520,521,522,524,525,531,536,539,541,542,543,546,549,550,553,554,556,557,561,565,566,571,573,574,575,579,580,581,582,583,585,586,590,593,594,595,596,597,600,602,604,605,607,609,613,614,615,619,620,621,622,625,626,627,629,633,635,637,638,639,640,641,642,643,646,647,648,651,652,653,655,656,658,661,665,666,667,669,674,675,678,679,680,681,684,685,689,690,691,692,693,694,697,698,699,700,701,702,703,705,706,709,710,711,713,757,820
draft_22951_01593	10,11,12,15,19,144,146,147,179,180,256,257,258,284,285,286,287,333,334,341,342,345,346,352,353,356,357,359,366,371,372,373,374,375,377,378,385,388,391,392,397,398,404,417,419,421,431,433,435,436,438,442,443,444,446,447,448,450,454,465,471,473,483,491,492,494,496,503,507,517,521,522,524,525,531,536,539,540,541,546,547,550,553,554,556,557,565,571,577,578,579,580,583,585,586,593,596,598,600,601,604,608,609,614,619,624,629,634,635,641,657,658,661,665,666,669,672,673,678,679,680,684,685,689,693,696,697,705,708,709,710,711,717,780
draft_22951_01594	10,11,12,15,16,144,146,147,179,180,181,182,186,187,193,256,257,258,259,260,262,284,285,286,300,333,334,341,345,352,356,357,358,359,360,371,372,375,376,377,378,379,380,385,386,387,388,389,390,391,393,394,397,400,401,404,417,419,431,432,435,438,439,442,443,447,450,451,454,465,471,473,483,485,486,488,489,491,496,500,503,505,507,517,520,521,524,525,528,531,539,540,546,547,548,550,553,556,557,561,565,570,571,573,577,578,579,583,585,586,593,594,596,597,600,601,602,604,608,609,612,614,619,622,629,634,635,637,641,644,655,657,658,661,665,666,669,675,678,679,680,684,689,697,698,709,710,711,717,735,759,771,780,798,822,834
draft_22951_01595	10,11,12,13,15,16,17,34,179,180,181,182,186,188,189,193,256,257,258,259,260,284,285,286,294,333,341,345,350,352,354,356,358,359,369,371,372,375,376,377,378,380,385,387,388,390,391,397,404,413,417,419,432,435,438,442,443,447,450,451,454,465,471,473,474,476,483,485,486,488,490,491,496,500,503,505,507,508,517,520,521,524,525,531,539,540,546,547,548,550,553,556,557,561,565,570,571,573,577,578,579,583,585,586,587,593,594,596,597,600,601,602,604,608,609,612,614,619,622,629,634,635,637,641,655,657,658,661,665,666,669,675,678,679,680,684,771,834
draft_22951_01596	10,11,12,13,15,16,19,20,21,144,146,147,179,180,186,187,256,284,285,286,287,300,333,334,336,339,341,345,346,347,352,353,356,357,366,367,371,372,375,377,378,381,385,391,392,393,394,406,417,421,431,435,438,440,441,442,444,447,450,452,453,465,471,491,494,496,503,517,521,525,536,541,546,547,549,550,553,554,557,565,571,574,575,579,580,581,583,585,586,593,594,595,596,598,600,601,604,605,608,609,614,615,619,620,624,629,634,635,638,641,642,644,646,647,656,657,658,661,665,666,667,669,672,673,678,679,680,681,684,685,686,688,689,690,692,693,696,699,703,704,705,708,709,710,711,717,780
draft_22951_01597	10,11,12,13,15,16,34,144,146,147,179,180,186,187,256,257,258,260,284,285,286,294,300,333,334,341,345,346,352,356,357,358,359,366,371,372,373,374,376,377,378,385,386,387,388,391,393,394,397,400,401,404,417,419,422,431,432,435,436,438,442,443,446,447,448,450,454,465,471,473,483,491,492,496,503,507,509,512,517,521,522,524,525,528,529,531,539,540,541,546,547,550,553,556,557,561,565,571,577,578,579,583,585,586,593,596,600,601,604,608,609,614,619,629,634,635,637,641,644,655,657,658,661,665,666,669,675,678,679,680,684,689,697,698,709,710,711,713,759,822
draft_22951_01598	10,11,12,13,19,20,21,144,147,151,154,179,183,256,257,258,259,284,285,287,333,334,336,342,345,347,353,356,367,371,372,375,382,385,406,410,417,421,431,433,435,437,442,444,447,449,471,477,491,494,499,517,521,525,536,542,543,549,553,554,557,565,566,571,574,575,579,580,583,585,589,590,595,596,598,600,604,605,607,609,615,620,621,624,627,633,635,638,641,642,652,656,661,665,667,669,672,673,678,679,680,681,685,687,688,689,690,691,693,694,695,697,698,699,700,701,702,705,706,707,709,710,711,713
draft_22951_01599	10,11,12,13,15,19,20,179,181,182,183,186,190,193,256,257,284,285,286,287,333,334,335,341,342,345,352,353,356,357,358,359,371,372,375,377,385,388,391,397,404,417,419,421,431,432,433,435,438,442,443,444,447,450,454,465,471,473,483,491,494,496,507,521,524,525,531,536,539,540,546,550,553,554,556,557,565,571,577,578,579,580,581,583,585,586,593,596,598,601,604,608,609,614,619,624,625,629,634,635,641,657,658,661,665,666,669,672,673,674,678,679,680,684,685,689,693,695,696,697,698,705,707,708,709,710,711,712,777,801,822
draft_22951_01600	10,11,12,15,16,34,144,146,147,179,180,186,187,256,284,285,286,294,300,301,333,341,345,352,356,371,372,376,377,378,385,391,393,394,395,399,417,422,435,438,442,447,450,465,471,478,491,496,503,509,512,516,517,518,521,523,525,546,547,550,553,557,561,565,571,579,583,585,586,593,596,600,601,604,608,609,614,619,629,634,635,636,637,641,644,655,658,661,665,666,669,675,678,679,680,684
draft_22951_01601	10,11,12,13,15,19,20,144,149,150,179,180,186,187,256,258,284,285,286,287,333,334,341,342,345,346,352,353,356,357,366,371,372,375,377,378,381,382,383,385,391,392,406,417,421,431,435,438,440,441,442,444,447,450,452,453,465,471,477,491,494,496,499,503,517,521,525,536,541,542,543,546,547,549,550,553,554,557,565,566,571,574,575,579,580,583,585,586,590,593,595,596,598,600,601,604,605,607,608,609,614,615,619,620,621,623,624,627,629,633,634,635,638,641,642,646,647,652,656,657,658,661,665,666,667,669,672,673,678,679,680,681,684,685,689,690,692,693,694,697,703,705,706,709,710,711,715,759,778,822
draft_22951_01602	10,11,12,13,15,19,20,179,180,183,186,256,284,285,286,287,309,333,334,336,342,345,346,352,353,356,357,366,371,372,375,385,391,407,417,419,421,431,433,435,436,442,443,444,447,448,454,471,491,499,517,521,525,536,539,553,554,556,557,565,571,579,580,583,585,593,596,600,604,609,618,619,635,638,641,661,665,669,672,678,679,680,681,685,689,690,693,694,697,698,699,705,709,710,711,713
draft_22951_01603	10,11,12,13,15,19,20,144,148,179,180,186,187,256,258,284,285,286,287,300,333,334,336,342,345,346,352,353,356,357,366,371,372,375,385,391,393,394,417,421,431,433,435,440,442,444,447,452,465,471,491,494,517,521,525,529,536,541,550,553,554,557,565,571,579,580,583,585,593,596,598,600,604,608,609,614,619,624,629,634,635,641,644,646,647,657,661,665,669,672,673,678,679,680,684,685,689,693,695,696,697,698,705,707,709,710,711,713,735,756,798,819,840,861
draft_22951_01604	10,11,12,13,15,16,19,20,21,179,180,181,182,186,187,193,194,200,256,257,258,260,262,284,285,286,287,300,301,333,334,336,341,342,345,346,352,353,356,357,358,359,366,367,371,372,375,377,382,383,385,386,388,391,393,394,395,399,400,406,417,419,421,423,431,432,435,438,440,442,443,444,447,450,452,465,468,471,477,478,491,494,495,499,516,517,519,521,523,524,525,528,529,531,536,537,539,541,542,543,545,546,549,550,553,554,556,557,565,566,568,570,571,574,575,577,579,580,583,585,590,593,595,596,598,600,601,604,605,607,608,609,612,614,617,619,620,624,627,629,631,634,635,638,641,642,644,645,646,647,652,656,657,661,663,665,666,667,669,672,673,678,679,680,681,684,685,686,689,690,692,693,695,696,697,698,699,700,703,705,709,710,711,713,715,736,756,762,778,799,819,825
draft_22951_01605	10,11,12,15,19,20,144,146,147,179,180,256,257,258,284,285,286,287,333,334,341,342,345,352,353,356,357,358,359,366,371,372,375,377,378,381,382,383,385,386,387,388,391,392,397,398,404,406,417,419,421,431,432,435,438,441,442,443,444,447,450,453,454,465,471,473,477,483,491,496,499,503,507,517,521,522,524,525,531,539,540,541,542,543,546,547,549,550,553,556,557,565,566,571,574,575,577,578,579,583,585,586,590,593,595,596,600,601,604,605,607,608,609,614,615,619,620,621,623,627,629,633,634,635,638,641,642,652,656,657,658,661,665,666,667,669,678,679,680,681,683,684,689,690,692,697,699,700,703,704,709,710,711,722,736,759,785,799,822
draft_22951_01606	10,11,12,13,15,16,19,20,179,180,186,187,193,194,256,258,260,284,285,286,287,300,301,333,334,342,345,352,353,356,357,371,372,375,385,394,395,399,417,421,431,433,435,440,442,444,447,452,465,471,491,494,511,516,517,519,521,523,525,536,550,553,554,557,565,571,579,580,583,585,593,596,598,600,604,608,609,619,624,634,635,641,661,665,669,672,673,678,679,680,684,685,686,688,689,693,697,698,705,709,710,711,713,735,756,798,819
draft_22951_01607	10,11,12,13,15,16,19,179,180,186,187,193,194,256,258,260,284,285,286,287,300,301,333,334,341,345,346,352,353,356,357,366,371,372,377,378,385,386,394,395,399,417,419,421,431,435,436,438,440,442,443,444,447,448,450,452,465,468,471,491,494,503,516,517,519,521,525,536,539,546,547,550,553,554,556,557,565,571,577,579,580,581,583,585,593,594,596,598,600,601,604,608,609,619,624,625,634,635,641,644,645,661,665,666,669,672,673,674,678,679,680,684,685,689,693,697,698,705,709,710,711,713,735,756,759,798,819,822
draft_22951_01608	10,11,12,13,15,19,20,179,180,256,284,285,286,287,300,309,333,334,336,345,352,353,356,357,371,372,381,385,394,407,417,421,431,435,440,441,442,444,447,452,453,471,491,517,521,525,536,553,557,565,571,579,580,583,585,593,596,600,604,609,618,619,635,638,641,644,661,665,669,678,679,680,681,684,685,689,690,693,697,698,699,705,709,710,711
draft_22951_01609	10,11,12,13,15,19,20,179,180,181,182,186,187,193,256,257,258,260,284,285,286,287,309,333,334,341,345,352,353,356,357,358,359,371,372,375,377,378,381,385,386,387,388,391,397,404,407,417,419,421,431,432,435,438,441,442,443,444,447,450,453,454,465,471,473,483,491,494,496,503,507,517,521,524,525,531,536,539,540,546,547,549,550,553,554,556,557,565,571,574,575,577,578,579,580,583,585,586,593,596,598,600,601,604,608,609,614,618,619,620,624,629,634,635,638,641,642,656,657,658,661,665,666,668,669,672,673,678,679,680,681,683,684,685,686,689,690,693,697,698,699,700,705,709,710,711,713,714,735,756,759,777,798,819,822
draft_22951_01610	10,11,12,13,15,16,19,20,179,180,186,187,256,258,284,285,286,287,300,301,309,333,334,342,345,346,352,353,356,357,366,371,372,382,383,385,394,395,399,407,417,419,421,431,435,436,440,442,443,444,447,448,452,468,471,491,499,516,517,519,521,525,536,539,542,543,549,553,556,557,565,571,574,575,577,579,580,583,585,591,593,596,600,604,607,609,618,619,620,635,638,641,642,644,645,652,656,661,665,668,669,678,679,680,681,684,685,689,690,693,697,699,705,709,710,711,757,820
draft_22951_01611	10,11,12,15,34,179,180,184,185,186,256,284,285,286,294,300,333,334,337,341,345,352,354,356,357,371,372,375,385,391,393,394,417,422,431,435,442,447,465,471,491,509,512,517,521,525,550,553,557,565,571,579,583,585,593,596,600,604,608,609,614,619,629,634,635,641,644,657,661,665,669,678,679,680,684,689,697,698,709,710,711,713,735,756,798,819
draft_22951_01612	10,11,12,13,15,16,19,20,179,180,181,182,186,187,193,256,257,258,260,284,285,286,287,333,341,342,345,347,352,353,356,358,359,367,371,372,375,377,378,382,383,385,387,388,391,397,404,406,417,419,432,435,438,442,443,447,450,454,462,465,471,473,477,483,486,491,496,499,500,503,507,517,521,524,525,531,539,540,542,543,545,546,547,548,549,550,553,556,557,565,566,567,568,570,571,574,575,576,577,578,579,583,585,586,590,593,595,596,600,601,604,605,607,608,609,612,614,615,616,619,620,621,627,629,631,633,634,635,638,639,640,641,642,652,654,656,657,658,660,661,663,665,666,667,669,678,679,680,681,684,690,691,701,702,741,762,771,804,825,834
draft_22951_01613	10,11,12,15,16,34,179,180,256,284,285,286,294,300,333,334,337,341,345,346,352,356,357,366,371,372,375,376,385,391,393,394,417,422,431,435,442,447,465,471,491,509,512,517,521,525,529,541,550,553,557,561,565,571,579,583,585,593,596,600,604,608,609,614,619,629,634,635,637,641,644,655,661,665,669,678,679,680,684,689,709,710,711
draft_22951_01614	10,11,12,13,19,20,21,179,180,182,186,187,193,256,257,258,260,284,285,287,333,334,342,345,353,356,357,367,371,372,375,382,383,385,386,406,410,417,421,431,433,435,442,444,447,463,471,477,491,494,499,517,521,525,536,538,542,543,545,549,553,554,557,565,566,568,571,574,575,579,580,582,583,585,589,590,595,596,598,600,604,605,606,607,609,615,619,620,621,624,626,627,631,633,635,638,641,642,643,652,656,661,663,665,667,669,672,673,678,679,680,681,682,685,687,689,690,691,693,694,697,698,699,700,701,702,705,706,709,710,711,715,736,757,762,778,799,820,825
draft_22951_01615	10,11,12,13,15,179,180,181,182,186,187,193,256,257,258,260,284,285,286,333,334,341,345,352,356,357,358,359,371,372,375,377,378,385,386,387,388,391,397,404,417,419,431,432,435,438,442,443,447,450,454,465,471,473,483,491,496,503,507,517,521,524,525,531,539,540,546,547,550,553,556,557,565,571,577,578,579,583,585,586,593,596,600,601,604,608,609,614,619,629,634,635,641,657,658,661,665,666,669,678,679,680,684,689,697,698,709,710,711,714,759,777,822
draft_22951_01616	10,11,12,15,19,20,144,146,147,179,180,256,257,258,284,285,286,287,300,333,334,341,345,346,347,352,353,356,357,358,359,366,367,371,372,373,374,375,377,381,385,388,391,393,394,397,400,401,404,406,417,419,421,431,432,435,436,438,441,442,443,444,446,447,448,450,453,454,465,471,473,483,491,492,494,496,507,517,521,522,524,525,528,529,531,536,539,540,541,546,549,550,553,554,556,557,565,571,574,575,578,579,580,581,583,585,586,593,595,596,598,600,601,604,605,608,609,614,615,619,620,624,625,629,634,635,638,639,641,642,644,656,657,658,661,665,666,667,669,672,674,678,679,680,681,683,684,685,686,689,690,693,697,698,699,705,709,710,711,713
draft_22951_01617	10,11,12,13,15,16,19,20,179,180,186,187,256,258,284,285,286,287,300,333,334,337,341,345,352,353,356,357,371,372,375,385,391,393,394,417,418,421,428,429,431,435,438,440,442,444,447,450,452,461,465,471,491,494,503,517,521,525,536,537,550,553,554,557,565,570,571,579,580,583,585,593,596,598,600,603,604,608,609,612,614,619,624,629,634,635,641,644,646,657,661,665,669,672,673,678,679,680,684,685,689,693,705,709,710,711
draft_22951_01618	10,11,12,13,15,16,17,19,20,21,179,180,181,182,186,187,188,189,193,195,196,200,207,256,257,258,259,260,262,284,285,286,287,300,333,334,341,345,346,352,353,356,357,358,359,360,366,371,372,375,376,377,378,379,380,382,385,386,388,389,390,391,392,393,394,397,398,404,417,419,421,431,432,435,438,439,440,442,443,444,447,450,451,452,454,465,471,473,483,485,488,491,494,496,503,505,507,517,520,521,522,524,525,531,536,537,539,540,541,546,547,550,553,554,556,557,561,565,570,571,573,578,579,580,581,583,585,586,593,594,596,597,598,600,601,602,603,604,608,609,612,614,619,622,624,625,629,634,635,637,641,644,646,647,648,651,655,657,658,661,665,666,669,672,673,674,675,678,679,680,684,685,686,688,693,696,708,709,710,711,713
draft_22951_01619	10,11,12,15,284,285,286,300,333,345,346,352,366,375,391,393,394,529,541,583,593,614,644,680,684,689,697
draft_22951_01620	10,11,12,15,19,20,144,146,147,179,180,186,187,256,257,258,260,284,285,286,287,309,333,334,341,345,346,352,353,356,357,358,359,366,371,372,375,377,378,381,385,386,387,388,391,392,397,398,404,407,417,419,421,431,432,435,438,441,442,443,444,447,450,453,454,465,471,473,483,491,494,496,503,507,517,521,522,524,525,531,536,539,540,541,546,547,549,550,553,554,556,557,565,571,574,575,577,578,579,580,583,585,586,593,596,598,600,601,604,608,609,614,618,619,620,624,629,634,635,638,641,642,656,657,658,661,665,666,668,669,672,673,678,679,680,681,684,685,689,690,692,693,696,697,698,699,700,703,704,705,708,709,710,711,713,717,735,759,780,798,822
draft_22951_01621	10,11,12,13,15,16,17,19,20,21,144,149,150,179,180,181,182,186,188,189,193,195,196,200,256,257,258,259,260,284,285,286,287,333,334,341,345,346,352,353,356,357,358,359,360,366,371,372,375,376,377,378,379,380,382,385,386,388,389,390,391,392,397,398,404,417,419,421,431,432,435,438,439,440,442,443,444,447,450,451,452,454,465,471,473,483,485,488,491,494,496,503,505,507,517,520,521,522,524,525,531,536,537,539,540,541,546,547,550,553,554,556,557,561,565,570,571,573,578,579,580,581,583,585,586,593,594,596,597,598,600,601,602,603,604,608,609,612,614,619,622,624,625,629,634,635,637,641,646,647,648,651,655,657,658,661,665,666,669,672,673,674,675,678,679,680,684,685,686,688,689,693,696,697,708,709,710,711,713,759,822
draft_22951_01622	10,11,12,13,15,16,19,20,21,179,180,186,187,193,194,256,258,260,284,285,286,287,300,333,334,341,342,345,352,353,356,357,367,371,372,375,377,378,382,383,385,391,393,394,406,417,421,431,435,438,440,442,444,447,450,452,465,471,477,491,494,496,499,503,517,521,525,536,537,542,543,544,545,546,547,549,550,553,554,557,565,566,567,568,570,571,574,575,579,580,583,585,586,590,593,595,596,598,600,601,603,604,605,607,608,609,612,614,616,619,620,624,627,629,631,634,635,638,641,642,644,646,652,656,657,658,660,661,663,665,666,667,669,672,673,678,679,680,681,684,685,689,690,693,700,705,709,710,711,715,736,762,764,778,799,825,827
draft_22951_01623	10,11,12,15,19,20,284,285,286,287,300,309,333,345,346,352,353,366,375,381,391,393,394,407,421,440,441,444,452,453,529,536,541,580,583,593,614,618,638,644,646,647,657,680,681,684,685,689,692,693,696,697,703,705
draft_22951_01624	10,11,12,13,15,16,19,144,146,147,179,180,186,187,256,257,258,284,285,286,287,300,333,334,336,341,345,346,352,353,356,357,358,359,366,371,372,375,377,378,385,386,387,388,391,393,394,397,400,401,404,417,419,421,431,432,435,438,440,442,443,444,447,450,452,454,465,471,473,483,491,496,503,507,517,521,524,525,528,529,531,536,539,540,541,546,547,550,553,556,557,565,571,577,578,579,580,583,585,586,593,596,600,601,604,608,609,614,619,629,634,635,641,644,646,647,657,658,661,665,666,669,678,679,680,684,685,689,693,697,698,705,709,710,711,713,759,822
draft_22951_01625	10,11,12,13,15,16,17,19,20,21,179,180,186,187,193,194,256,258,260,284,285,286,287,300,333,341,342,345,346,347,352,353,356,366,367,371,372,376,377,378,382,383,385,391,393,394,406,417,421,435,438,442,447,450,452,465,471,477,491,496,499,503,517,521,525,529,541,542,543,546,547,549,550,553,557,561,565,566,567,571,574,575,579,583,585,586,590,593,594,595,596,600,601,602,604,605,607,608,609,614,615,616,619,620,621,627,629,633,634,635,637,638,641,642,644,646,647,652,655,656,658,660,661,665,666,667,669,675,678,679,680,681,684,690,750,813
draft_22951_01626	10,11,12,13,15,16,19,20,179,180,181,182,186,187,193,256,257,258,260,284,285,286,287,301,333,334,341,345,352,353,356,357,358,359,360,367,371,372,375,376,377,380,381,385,388,390,391,397,404,406,417,419,421,423,431,432,435,438,439,441,442,443,444,447,450,451,453,454,462,465,468,471,473,478,483,485,486,487,488,491,495,496,500,505,507,516,517,518,520,521,524,525,531,537,539,546,548,550,553,556,557,561,565,567,570,571,573,577,579,583,585,586,593,596,597,600,603,604,608,609,612,614,616,617,619,629,634,635,641,645,655,657,658,660,661,665,666,669,675,678,679,680,684,689,697,698,709,710,711
draft_22951_01627	10,11,12,13,15,16,19,20,144,149,150,179,180,186,187,193,194,256,258,260,284,285,286,287,300,333,334,341,345,352,353,356,357,371,372,377,378,385,386,391,392,394,417,421,431,435,438,440,442,444,447,450,452,465,471,491,494,496,503,517,521,525,536,546,547,550,553,554,557,565,571,579,580,583,585,586,593,596,598,600,601,604,608,609,614,619,624,629,634,635,641,644,646,651,657,658,661,665,666,669,672,673,678,679,680,684,685,686,688,689,693,696,697,705,708,709,710,711,713,717,738,756,780,801,819
draft_22951_01628	10,11,12,13,15,16,17,19,20,144,146,147,149,150,151,179,180,186,187,256,257,258,260,284,285,286,287,300,301,333,334,339,341,342,345,346,352,353,356,357,358,359,366,367,371,372,375,376,377,378,379,380,382,383,385,388,394,395,399,406,417,419,423,431,432,435,438,439,442,443,447,450,451,465,468,471,477,478,486,487,491,499,500,503,511,516,517,518,521,523,524,525,529,539,540,542,543,544,546,547,548,549,550,553,557,565,566,567,570,571,574,575,579,583,585,590,593,594,595,596,600,601,604,605,607,608,609,616,619,620,627,634,635,636,638,641,642,645,652,656,661,665,666,667,669,678,679,680,681,684,689,690,692,697,699,704,709,710,711,715,764,778,827
draft_22951_01629	10,11,12,13,15,16,19,144,146,147,179,180,186,187,256,257,258,260,284,285,286,287,300,333,334,341,345,346,352,353,356,357,358,359,366,371,372,375,377,378,385,386,387,388,391,393,394,397,400,401,404,417,419,421,431,432,435,438,440,442,443,444,447,450,452,454,465,471,473,483,491,494,496,503,507,517,521,524,525,528,529,531,536,539,540,541,546,547,550,553,554,556,557,565,571,577,578,579,580,583,585,586,593,596,598,600,601,604,608,609,614,619,624,629,634,635,641,644,646,647,657,658,661,665,666,669,672,673,678,679,680,684,685,689,693,697,698,705,709,710,711,713,714,759,777,822
draft_22951_01630	10,11,12,13,15,16,144,146,147,151,153,154,179,180,186,187,193,194,256,257,258,259,260,262,284,285,286,300,333,334,341,345,346,352,356,357,358,359,360,366,371,372,373,374,375,376,377,378,380,385,386,387,388,390,391,393,394,397,400,401,404,417,419,431,432,435,436,438,439,442,443,446,447,448,450,451,454,465,471,473,483,485,486,488,489,491,492,496,500,503,505,507,517,520,521,522,524,525,528,529,531,539,540,541,546,547,548,550,553,556,557,561,565,570,571,573,577,578,579,583,585,586,593,594,596,597,600,601,604,608,609,612,614,619,629,634,635,637,641,644,655,657,658,661,665,666,669,675,678,679,680,684,689,697,698,709,710,711,713,714,759,777,822
draft_22951_01631	10,11,12,13,19,20,21,179,180,182,186,187,193,256,257,258,260,284,285,287,333,334,342,345,353,356,357,367,371,372,375,382,383,385,386,406,410,417,421,431,433,435,442,444,447,463,471,477,491,494,499,517,521,525,536,538,542,543,545,549,553,554,557,565,566,568,571,574,575,576,579,580,582,583,585,589,590,595,596,598,600,604,605,606,607,609,615,619,620,621,624,626,627,631,633,635,638,640,641,642,643,652,654,656,661,663,665,667,669,672,673,678,679,680,681,685,687,689,690,691,693,694,697,698,699,700,701,702,705,706,709,710,711,715,736,741,757,762,778,799,804,820,825
draft_22951_01632	10,11,12,15,16,19,20,21,144,149,150,179,180,256,284,285,286,287,300,301,333,334,341,345,346,347,352,353,356,366,367,371,372,375,377,378,381,385,391,394,395,399,406,417,421,431,435,438,441,442,444,447,450,453,465,471,478,491,496,503,516,517,521,523,525,536,537,541,546,547,550,553,554,557,565,567,571,574,579,581,583,585,586,593,595,596,600,601,604,608,609,614,615,616,619,620,629,634,635,639,641,657,658,661,665,666,667,669,672,674,678,679,680,684
draft_22951_01633	10,11,12,15,16,34,35,179,181,182,186,188,189,256,257,258,259,284,285,286,294,333,345,346,352,354,356,359,366,369,371,372,373,374,377,384,385,388,391,397,404,413,417,419,435,436,442,443,446,447,448,450,454,465,471,473,474,476,480,483,490,491,492,496,501,503,507,508,517,521,522,524,525,531,532,533,539,540,541,546,547,550,553,556,557,565,571,577,578,579,583,585,586,587,593,596,600,601,604,608,609,614,619,629,634,635,641,657,658,661,665,666,669,678,679,684
draft_22951_01634	10,11,12,13,15,16,19,20,144,145,179,180,181,182,186,256,284,285,286,287,333,334,336,342,345,346,347,352,353,356,366,367,371,372,382,383,385,391,392,406,417,421,435,440,442,444,447,452,463,471,477,491,499,517,521,525,536,538,541,542,543,549,553,557,565,566,567,570,571,574,575,579,580,583,585,590,593,595,596,600,604,605,606,607,609,612,614,615,616,619,620,621,627,633,635,638,641,642,646,647,652,656,657,660,661,665,667,669,678,679,680,681,684,685,689,690,693,697,705,709,710,711
draft_22951_01635	10,11,12,13,15,16,19,144,149,150,179,180,186,187,256,258,284,285,286,287,300,333,334,341,342,345,352,353,356,357,366,371,372,375,377,378,385,391,392,393,394,417,421,431,433,435,438,442,444,447,450,465,471,491,494,496,503,517,521,525,536,537,541,546,547,550,553,554,557,565,571,579,580,581,583,585,586,593,596,598,600,601,603,604,608,609,614,619,624,625,629,634,635,641,644,657,658,661,665,666,669,672,673,674,678,679,680,684,685,689,693,697,705,709,710,711,717,759,780,822
draft_22951_01636	10,11,12,13,15,19,20,179,180,186,187,256,258,284,285,286,287,300,309,333,334,335,339,341,345,346,352,353,356,357,366,371,372,375,381,385,391,393,394,407,417,421,431,435,440,441,442,444,447,452,453,465,471,491,494,517,521,525,529,536,541,550,553,554,557,565,571,579,580,581,583,585,593,596,598,600,604,608,609,614,618,619,624,629,634,635,638,639,641,644,646,647,657,661,665,669,672,673,678,679,680,681,684,685,689,690,693,697,698,699,705,709,710,711,712,713,714,777
draft_22951_01637	10,11,12,13,15,16,19,179,180,181,182,186,187,188,189,193,194,200,207,256,257,258,259,260,262,284,285,286,287,309,333,334,341,342,345,346,352,353,356,357,358,359,366,371,372,373,374,377,378,382,383,385,386,387,388,391,397,404,407,417,419,431,432,435,436,438,442,443,446,447,448,450,454,465,471,473,483,491,492,496,499,503,507,517,521,522,524,525,531,539,540,541,542,543,546,547,549,550,553,556,557,565,571,574,575,577,578,579,583,585,586,591,593,596,600,601,604,607,608,609,614,618,619,620,629,634,635,638,641,642,652,656,657,658,661,665,666,668,669,678,679,680,681,683,684,689,690,697,698,699,700,709,710,711,713,729,736,738,756,759,792,799,801,819,822
draft_22951_01638	10,11,12,13,15,16,34,179,180,186,187,193,194,256,258,260,284,285,286,294,300,301,333,334,345,346,352,356,357,366,371,372,376,385,386,394,395,399,417,419,422,431,435,436,442,443,447,448,468,471,491,512,517,518,521,525,539,553,556,557,565,571,579,583,585,596,600,604,609,619,635,636,641,645,661,665,669,678,679,680,689,697,698,709,710,711,713,714,735,756,777,798,819
draft_22951_01639	10,11,12,15,284,285,286,333,345,346,352,366,375,391,392,541,583,593,614,680,684,689,697
draft_22951_01640	10,11,12,13,15,16,19,179,180,184,185,186,187,193,194,200,256,258,260,284,285,286,287,300,333,334,341,345,346,352,353,356,357,366,371,372,375,376,377,378,385,391,392,393,394,417,421,431,435,438,440,442,444,447,450,452,465,471,491,494,496,503,517,521,525,529,536,541,546,547,550,553,554,557,561,565,571,579,580,581,583,585,586,593,594,596,598,600,601,604,608,609,614,619,624,625,629,634,635,637,641,644,646,647,648,655,657,658,661,665,666,669,672,673,674,675,678,679,680,684,685,689,693,697,698,705,709,710,711,714,729,759,777,792,822
draft_22951_01641	10,11,12,13,15,16,19,179,180,181,182,186,187,193,194,200,256,257,258,260,262,284,285,286,287,333,334,341,345,352,353,356,357,358,359,360,371,372,376,377,378,380,382,385,386,387,388,390,391,392,397,398,404,417,419,421,431,432,435,438,439,440,442,443,444,447,450,451,452,454,465,471,473,483,485,488,491,494,496,503,505,507,517,520,521,524,525,531,536,539,540,546,547,550,553,554,556,557,561,565,571,573,577,578,579,580,581,583,585,586,593,594,596,597,598,600,601,602,604,608,609,614,619,622,624,625,629,634,635,637,641,646,648,655,657,658,661,665,666,669,672,673,674,675,678,679,680,684,685,689,693,705,709,710,711,759,822
draft_22951_01642	10,11,12,13,19,20,144,145,179,180,183,186,190,193,284,285,287,309,333,334,335,336,338,342,345,353,375,407,417,421,431,433,435,442,444,447,463,491,517,525,536,538,554,557,565,580,583,600,618,638,641,661,665,672,679,680,681,685,689,690,693,697,698,699,700,705,709,710,711,712,713,777,798,819,840,841,861,862
draft_22951_01643	10,11,12,13,15,16,19,144,146,147,151,153,154,179,180,256,257,258,284,285,286,287,333,334,339,341,345,346,352,353,356,357,359,366,371,372,373,374,377,385,388,391,392,397,398,404,417,419,421,431,435,436,440,442,443,444,446,447,448,450,452,454,465,471,473,483,491,492,496,503,507,517,521,522,524,525,531,536,537,539,540,541,546,547,550,553,556,557,565,570,571,577,578,579,580,583,585,586,593,596,600,601,603,604,608,609,612,614,619,629,634,635,641,646,647,657,658,661,665,666,669,678,679,680,684,685,689,693,697,705,709,710,711
draft_22951_01644	10,11,12,13,15,16,34,144,146,147,179,180,186,187,193,194,256,257,258,260,262,284,285,286,294,333,334,341,345,346,350,352,354,356,357,358,359,366,369,371,372,376,377,378,380,384,385,388,391,392,397,398,404,413,417,419,422,431,432,435,438,442,443,447,450,451,454,465,471,473,474,475,476,481,483,488,490,491,496,501,503,507,508,509,517,520,521,522,525,531,532,534,539,540,541,546,547,550,553,556,557,565,571,577,579,583,585,587,593,596,597,600,601,604,608,609,614,619,629,634,635,641,657,661,665,666,669,678,679,680,684,689,697,709,710,711
draft_22951_01645	10,11,12,13,15,16,19,179,180,184,185,186,187,193,256,258,284,285,286,287,300,333,334,338,341,342,345,346,347,352,353,356,357,366,367,371,372,375,377,378,385,391,392,393,394,406,417,431,435,438,442,447,450,465,471,491,496,503,517,521,525,529,541,546,547,549,550,553,557,560,565,571,574,575,579,583,585,586,593,595,596,600,601,604,605,608,609,613,614,615,619,620,629,634,635,638,639,641,642,644,656,657,658,661,665,666,667,669,678,679,680,681,684,689,690,692,697,698,699,703,704,709,710,711,713,717,759,780,822
draft_22951_01646	10,11,12,13,15,16,19,179,180,186,187,256,258,284,285,286,287,300,333,334,341,345,346,352,353,356,357,366,371,372,375,377,378,385,391,393,394,417,421,431,435,438,440,442,444,447,450,452,465,471,491,496,503,517,521,525,529,537,541,546,547,550,553,557,565,570,571,579,583,585,586,593,596,600,601,603,604,608,609,612,614,619,629,634,635,641,644,646,657,658,661,665,666,669,678,679,680,684,689,698,709,710,711,735,759,798,822
draft_22951_01647	10,11,12,13,15,19,20,179,180,183,186,187,193,256,284,285,286,287,300,309,333,334,336,341,345,352,353,356,357,371,372,377,378,381,385,391,393,394,407,417,421,431,435,438,440,441,442,444,447,450,452,453,465,471,491,496,503,517,521,525,536,546,547,550,553,557,565,571,579,580,583,585,586,593,596,600,601,604,608,609,614,618,619,629,634,635,638,641,644,646,657,658,661,665,666,669,678,679,680,681,683,684,685,686,687,688,689,690,693,697,699,705,709,710,711,713,717,738,756,780,801,819
draft_22951_01648	10,11,12,15,19,20,179,180,256,284,285,286,287,300,333,334,342,345,346,352,353,356,357,366,371,372,375,381,382,383,385,391,393,394,406,417,421,431,435,440,441,442,444,447,452,453,465,471,477,491,494,499,517,521,525,529,536,541,542,543,549,550,553,554,557,565,566,571,574,575,579,580,583,585,590,593,595,596,598,600,604,605,607,608,609,614,615,619,620,621,623,624,627,629,633,634,635,638,641,642,644,646,647,652,656,657,661,665,667,669,672,673,678,679,680,681,684,685,689,690,692,693,694,703,705,706,709,710,711,715,778
draft_22951_01649	10,11,12,13,15,19,20,179,180,181,182,186,187,193,256,257,258,260,284,285,286,287,333,334,342,345,352,353,356,357,359,367,371,372,375,377,382,383,385,386,388,391,397,404,406,410,417,419,421,431,433,435,440,442,443,444,447,450,452,454,465,471,473,477,483,491,493,494,496,499,507,517,521,524,525,531,536,539,540,542,543,546,549,550,553,554,556,557,565,566,571,574,575,577,579,580,581,582,583,585,586,589,590,593,595,596,598,600,601,604,605,607,608,609,613,614,615,619,620,621,624,625,626,627,629,633,634,635,638,639,641,642,643,646,651,652,653,656,657,658,661,665,666,667,669,672,673,674,678,679,680,681,684,685,689,690,693,699,705,709,710,711,715,757,778,820
draft_22951_01650	10,11,12,13,15,19,144,147,179,180,181,182,183,186,187,193,200,256,257,258,259,260,262,284,285,286,287,333,334,341,342,345,347,352,353,356,357,358,359,367,371,372,377,378,382,385,386,387,388,391,397,404,406,410,417,419,421,431,432,433,435,437,438,442,443,444,447,449,450,454,465,471,473,477,483,491,494,496,499,503,507,517,521,524,525,531,536,539,540,542,543,546,547,549,550,553,554,556,557,565,566,571,574,575,577,578,579,580,583,585,586,590,593,595,596,598,600,601,604,605,607,608,609,614,615,619,620,621,624,627,629,633,634,635,638,641,642,652,656,657,658,661,665,666,667,669,672,673,678,679,680,681,683,684,685,686,689,690,693,697,698,699,700,705,709,710,711,713,717,735,738,756,759,780,798,801,819,822
draft_22951_01651	10,11,12,15,19,20,179,183,284,285,286,287,300,333,334,345,346,347,352,353,366,367,375,381,391,393,394,406,417,421,431,435,440,441,442,444,447,452,453,465,491,517,525,529,541,554,557,574,583,593,595,600,614,615,620,641,644,646,647,657,661,667,672,673,679,680,684,689,697
draft_22951_01652	10,11,12,13,15,19,20,179,180,181,182,186,187,193,256,257,258,260,284,285,286,287,333,334,341,342,345,346,352,353,356,357,358,359,366,371,372,373,374,377,378,381,382,383,385,386,387,388,391,397,404,406,417,419,421,431,432,435,436,438,441,442,443,444,446,447,448,450,453,454,462,465,471,473,477,483,491,492,494,496,498,499,503,507,517,521,522,524,525,531,536,539,540,541,542,543,544,546,547,549,550,553,554,556,557,565,566,567,571,574,575,577,578,579,580,583,585,586,590,593,595,596,598,600,601,604,605,607,608,609,614,615,616,619,620,621,623,624,627,629,633,634,635,638,641,642,652,656,657,658,660,661,665,666,667,669,672,673,678,679,680,681,684,685,689,690,693,697,699,700,705,709,710,711,736,759,764,799,822,827
draft_22951_01653	10,11,12,15,19,284,285,286,287,300,333,345,352,353,375,394,421,440,444,452,536,580,583,593,644,680,684,685,689,693,697,705
draft_22951_01654	10,11,12,15,16,34,179,180,181,182,186,256,284,285,286,294,300,333,334,345,346,352,356,357,366,371,372,375,376,385,391,392,393,394,417,422,431,435,442,447,471,491,509,512,517,521,525,529,541,553,557,561,565,571,579,583,585,593,596,600,604,608,609,614,619,635,637,641,655,661,665,669,678,679,680,684,689,697,709,710,711
draft_22951_01655	10,11,12,15,19,144,149,150,179,180,186,187,256,258,284,285,286,287,309,333,334,341,342,345,346,352,353,356,357,366,371,372,377,378,382,383,385,391,392,407,417,431,435,438,442,447,450,465,471,491,496,499,503,517,521,525,541,542,543,546,547,549,550,553,557,565,571,574,575,579,583,585,586,591,593,596,600,601,604,607,608,609,614,618,619,620,629,634,635,638,639,641,642,652,653,656,657,658,661,665,666,668,669,678,679,680,681,684,689,690,692,697,703,704,709,710,711,713,743,756,806,819
draft_22951_01656	10,11,12,13,15,19,20,179,180,186,187,256,258,284,285,286,287,300,333,334,341,342,345,352,353,356,357,367,371,372,375,377,378,382,383,385,391,393,394,406,417,421,431,435,438,440,442,444,447,450,452,465,471,477,491,496,499,503,517,521,525,536,542,543,546,547,549,550,553,557,565,566,571,574,575,579,580,583,585,586,590,593,595,596,598,600,601,604,605,607,608,609,614,619,620,627,629,634,635,638,641,642,644,646,652,656,657,658,661,665,666,667,669,678,679,680,681,683,684,685,687,689,690,693,697,699,705,709,710,711,738,757,801,820
draft_22951_01657	10,11,12,13,15,16,19,20,179,180,184,185,186,256,284,285,286,287,300,333,334,335,336,339,340,341,342,345,346,347,352,353,356,357,366,367,371,372,375,376,381,385,391,393,394,406,417,419,421,431,432,435,441,442,443,444,447,452,453,454,465,471,491,517,521,525,529,536,539,540,541,550,553,557,561,565,571,579,580,581,583,585,593,596,600,604,608,609,614,615,619,629,634,635,638,639,641,644,646,647,655,661,665,669,678,679,680,681,684,685,689,690,693,697,698,699,705,709,710,711,712
draft_22951_01658	10,11,12,13,15,16,17,34,35,179,180,186,187,256,258,284,285,286,294,300,333,334,339,341,345,346,352,356,357,366,371,372,375,376,377,378,385,391,393,394,417,422,431,435,438,442,447,450,465,471,491,496,509,512,517,521,525,529,541,546,550,553,557,561,565,570,571,579,583,585,586,593,596,600,601,604,608,609,612,614,619,629,634,635,637,641,644,655,658,661,665,666,669,675,678,679,680,684,689,698,709,710,711,735,759,798,822
draft_22951_01659	10,11,12,13,15,19,20,144,149,150,179,180,184,185,186,187,193,256,258,284,285,286,287,333,334,339,341,342,345,346,347,352,353,356,357,366,367,371,372,375,382,383,385,391,392,406,417,421,431,435,440,442,444,447,452,465,471,477,491,494,499,517,521,525,536,541,542,543,549,550,553,554,557,565,566,571,574,575,579,580,583,585,590,593,595,596,598,600,604,605,607,608,609,613,614,615,619,620,621,624,627,629,633,634,635,638,639,641,642,646,647,652,656,657,661,665,667,669,672,673,678,679,680,681,682,683,684,685,686,687,689,690,693,697,699,700,705,709,710,711,713,720,736,756,757,783,799,819,820
draft_22951_01660	10,11,12,13,15,16,19,20,179,180,181,182,186,187,193,256,257,258,260,284,285,286,287,333,334,341,342,345,346,352,353,356,357,358,359,366,371,372,373,374,375,377,378,381,382,383,385,387,388,391,397,404,406,417,419,421,431,432,435,436,438,441,442,443,444,446,447,448,450,453,454,465,471,473,477,483,486,491,492,496,499,500,503,507,517,521,522,524,525,531,539,540,541,542,543,546,547,548,549,550,553,556,557,565,566,570,571,574,575,577,578,579,583,585,586,590,593,595,596,600,601,604,605,607,608,609,612,614,615,619,620,621,623,627,629,633,634,635,638,641,642,652,656,657,658,661,665,666,667,669,678,679,680,681,684,689,690,692,697,703,704,709,710,711,715,771,778,834
draft_22951_01661	10,11,12,13,15,16,19,20,144,147,179,180,256,257,258,284,285,286,287,300,301,333,334,335,341,342,345,346,347,352,353,356,357,366,367,371,372,375,382,385,391,393,394,395,399,406,410,417,419,421,431,432,433,435,437,440,442,443,444,447,449,452,463,465,468,471,477,491,494,499,516,517,519,521,525,529,536,537,538,539,540,541,542,543,549,550,553,554,556,557,565,566,567,570,571,574,575,577,579,580,583,585,590,593,595,596,598,600,603,604,605,606,607,608,609,612,614,615,616,619,620,621,624,627,629,633,634,635,638,641,642,644,645,646,647,652,656,657,660,661,665,667,669,672,673,678,679,680,681,684,685,689,692,694,695,696,697,698,703,709,710,711,712,713,714,777
draft_22951_01662	10,11,12,13,15,16,17,19,20,179,180,186,187,193,194,256,258,260,284,285,286,287,300,301,333,334,336,341,345,346,352,353,356,357,366,371,372,375,377,378,385,391,392,393,394,395,399,417,419,421,431,432,435,438,440,442,443,444,447,450,452,465,468,471,491,496,503,516,517,519,521,525,529,536,537,539,540,541,546,547,550,553,556,557,565,570,571,577,579,580,583,585,586,593,596,598,600,601,603,604,608,609,612,614,619,629,634,635,641,644,645,646,647,657,658,661,665,666,669,678,679,680,684,685,689,693,697,698,705,709,710,711,713,717,780
draft_22951_01663	10,11,12,13,15,19,20,144,146,147,179,180,181,182,186,256,257,258,259,260,284,285,286,287,333,334,341,345,346,347,352,353,356,357,358,359,366,367,371,372,373,374,377,378,385,387,388,391,392,397,398,404,405,417,419,421,431,432,435,436,437,438,442,443,444,446,447,448,449,450,454,465,471,473,483,491,492,494,495,496,503,507,517,521,522,524,525,531,536,537,539,540,541,546,547,550,553,554,556,557,565,571,577,578,579,580,581,583,585,586,593,596,598,600,601,603,604,608,609,614,619,624,625,629,634,635,641,657,658,661,665,666,669,672,674,678,679,680,684,685,686,689,693,695,696,697,698,705,708,709,710,711,713
draft_22951_01664	10,11,12,13,15,16,19,20,144,147,179,180,186,187,256,257,258,260,284,285,286,287,300,333,334,341,342,345,346,352,353,356,357,366,371,372,375,376,377,378,382,383,385,386,391,393,394,406,410,417,421,431,433,435,438,442,444,447,450,452,465,471,477,491,494,496,499,503,517,521,525,529,536,541,542,543,546,547,549,550,553,554,557,561,565,566,571,574,575,579,580,581,583,585,586,590,593,595,596,598,600,601,604,605,607,608,609,614,615,619,620,621,624,625,627,629,633,634,635,637,638,639,641,642,644,646,647,652,653,655,656,658,661,665,666,667,669,672,673,674,675,678,679,680,681,684,685,689,690,692,693,696,697,698,699,703,704,705,708,709,710,711,713,717,743,757,780,806,820
draft_22951_01665	10,11,12,15,284,285,286,300,333,345,346,352,366,375,394,529,583,593,644,680,684,689,697
draft_22951_01666	10,11,12,13,15,16,19,20,21,179,180,182,186,187,193,256,257,258,260,284,285,286,287,300,333,334,341,342,345,347,352,353,356,357,367,371,372,375,377,378,381,382,383,385,386,391,393,394,406,410,417,421,431,433,435,438,441,442,444,447,450,453,465,471,477,491,494,496,499,503,517,521,525,536,537,542,543,544,546,547,548,549,550,553,554,557,565,566,567,570,571,574,575,578,579,580,581,583,585,586,590,593,595,596,598,600,601,604,605,607,608,609,612,614,615,616,619,620,621,623,624,625,627,629,633,634,635,638,639,641,642,644,652,653,656,657,658,661,665,666,667,669,672,673,674,678,679,680,681,683,684,685,686,689,690,692,693,694,695,696,697,699,703,704,705,706,707,708,709,710,711,717,757,780,820
draft_22951_01667	10,11,12,19,20,144,147,148,151,179,180,256,257,258,284,285,287,333,334,342,345,347,353,356,357,367,371,372,382,385,406,410,417,421,431,433,435,437,442,444,447,449,471,477,491,494,499,517,521,525,536,542,543,549,553,554,557,565,566,571,574,575,579,580,583,585,589,590,595,596,598,600,604,605,607,609,615,619,620,621,624,627,633,635,638,641,642,652,656,661,665,667,669,672,673,678,679,680,681,685,688,689,693,697,705,709,710,711,713,756,819,861
draft_22951_01668	10,11,12,13,15,16,19,20,179,180,181,182,183,186,187,193,200,256,257,258,260,284,285,286,287,333,334,341,342,345,346,352,353,356,357,358,359,366,371,372,375,377,378,382,385,387,388,391,392,397,398,404,417,419,421,431,432,433,435,438,440,442,443,444,447,450,452,454,465,471,473,483,486,491,494,495,496,500,503,507,517,521,522,524,525,531,536,537,539,540,541,546,547,548,550,553,554,556,557,565,570,571,577,578,579,580,583,585,586,593,596,598,600,601,603,604,608,609,612,614,619,624,629,634,635,641,646,647,657,658,661,665,666,669,672,673,678,679,680,684,685,689,693,697,698,705,709,710,711,713,714,735,756,771,777,798,819,834
draft_22951_01669	10,11,12,13,15,16,19,20,144,150,179,180,181,182,186,187,193,256,257,258,260,284,285,286,287,333,341,342,345,347,352,353,356,358,359,367,368,371,372,375,377,378,381,382,383,385,387,388,391,397,404,406,417,419,432,435,438,442,443,447,450,454,462,465,471,473,477,483,486,491,496,499,500,503,507,517,521,524,525,531,539,540,542,543,545,546,547,548,549,550,553,556,557,564,565,566,567,568,570,571,574,575,576,577,578,579,583,585,586,590,593,595,596,600,601,604,605,607,608,609,611,612,614,615,616,619,620,621,627,629,631,633,634,635,638,639,640,641,642,652,654,656,657,658,660,661,662,663,665,666,667,669,678,679,680,681,682,684,690,691,701,702,720,741,762,771,783,804,825,834
draft_22951_01670	10,11,12,15,19,144,146,147,179,180,186,187,256,257,258,260,284,285,286,287,309,333,334,341,342,345,346,352,353,356,357,359,366,371,372,373,374,377,378,382,383,385,386,388,391,392,397,398,404,407,417,419,431,435,436,438,442,443,446,447,448,450,454,465,471,473,483,491,492,496,499,503,507,517,521,522,524,525,531,539,540,541,542,543,546,547,549,550,553,556,557,565,571,574,575,577,578,579,583,585,586,591,593,596,600,601,604,607,608,609,614,618,619,620,629,634,635,638,641,642,652,656,657,658,661,665,666,668,669,678,679,680,681,683,684,689,690,697,699,700,709,710,711,713,715,736,738,756,759,778,799,801,819,822
draft_22951_01671	10,11,12,13,15,16,34,179,180,181,182,186,187,193,256,258,284,285,286,294,300,333,334,341,345,346,352,356,357,366,371,372,375,376,377,378,385,391,392,393,394,417,422,431,435,438,442,447,450,465,471,491,496,503,509,512,517,521,525,529,541,546,547,550,553,557,561,565,571,579,583,585,586,593,596,600,601,604,608,609,614,619,629,634,635,637,641,655,658,661,665,666,669,675,678,679,680,684,689,697,709,710,711,713,738,756,759,801,819,822
draft_22951_01672	10,11,12,15,16,34,144,146,147,179,180,256,284,285,286,294,300,301,333,334,336,341,345,352,356,371,372,375,376,377,378,385,391,393,394,395,399,417,422,435,438,442,447,450,465,471,478,491,496,503,509,512,516,517,518,521,523,525,546,547,550,553,557,561,565,571,579,583,585,586,593,596,600,601,604,608,609,614,619,629,634,635,636,637,641,644,655,658,661,665,666,669,675,678,679,680,684,709,710
draft_22951_01673	10,11,12,13,15,16,19,20,179,180,181,182,186,187,193,256,257,258,260,284,285,286,287,333,341,342,345,347,352,353,356,358,359,367,371,372,375,377,378,382,383,385,387,388,391,397,404,406,417,419,432,435,438,442,443,447,450,454,462,465,471,473,477,483,486,491,496,499,500,503,507,517,521,524,525,531,539,540,542,543,546,547,548,549,550,553,556,557,565,566,567,570,571,574,575,577,578,579,583,585,586,590,593,595,596,600,601,604,605,607,608,609,612,614,615,616,619,620,621,627,629,633,634,635,638,639,641,642,652,656,657,658,660,661,665,666,667,669,678,679,680,681,682,684,690,720,771,783,834
draft_22951_01674	10,11,12,13,15,16,17,19,20,179,180,181,182,186,188,189,193,256,257,258,259,260,284,285,286,287,300,333,334,341,345,346,352,353,356,357,358,359,360,366,371,372,375,376,377,379,380,382,385,386,388,389,390,391,392,393,394,397,398,404,417,419,421,431,432,435,438,439,440,442,443,444,447,450,451,452,454,465,471,473,483,485,488,491,494,496,503,505,507,517,520,521,522,524,525,529,531,536,537,539,540,541,546,547,550,553,554,556,557,561,565,570,571,573,578,579,580,581,583,585,586,593,594,596,597,598,600,601,602,603,604,608,609,612,614,619,622,624,625,629,634,635,637,641,644,646,647,648,651,655,657,658,661,665,666,669,672,674,675,678,679,680,684,685,689,693,696,697,708,709,710,711,713
draft_22951_01675	10,11,12,13,15,284,285,286,300,333,334,336,345,346,352,366,375,391,393,394,529,541,583,593,614,644,657,680,684,689,709,710,711
draft_22951_01676	10,11,12,13,15,19,144,148,179,180,181,182,186,187,193,256,257,258,260,284,285,286,287,333,334,341,342,345,352,353,356,357,358,359,371,372,377,378,385,386,387,388,391,397,404,417,419,421,431,432,433,435,438,442,443,444,447,450,454,465,471,473,483,491,494,496,503,507,517,521,524,525,531,536,539,540,546,547,550,553,554,556,557,565,571,577,578,579,580,581,583,585,586,593,596,598,600,601,604,608,609,614,619,624,625,629,634,635,641,657,658,661,665,666,669,672,673,674,678,679,680,684,685,686,689,693,696,697,698,705,708,709,710,711,713,756,759,819,822,840,843,861,864
draft_22951_01677	10,11,12,13,15,19,20,179,180,182,186,187,193,256,257,258,260,284,285,286,287,300,333,334,341,342,345,352,353,356,357,371,372,375,377,378,381,382,383,385,386,391,393,394,406,410,417,421,431,433,435,438,441,442,444,447,450,453,465,471,477,491,494,496,499,503,517,521,525,536,542,543,546,547,549,550,553,554,557,565,566,571,574,575,578,579,580,581,583,585,586,590,593,595,596,598,600,601,604,605,607,608,609,614,615,619,620,621,623,624,625,627,629,633,634,635,638,639,641,642,644,652,653,656,657,658,661,665,666,667,669,672,673,674,678,679,680,681,684,685,689,690,693,694,695,697,699,705,706,707,709,710,711,713,717,738,756,757,780,801,819,820
draft_22951_01678	10,11,12,13,15,19,20,179,180,186,187,256,258,284,285,286,287,300,333,334,341,342,345,352,353,356,357,367,371,372,375,377,378,382,383,385,391,393,394,406,417,421,431,435,438,440,442,444,447,450,452,465,471,477,491,494,496,499,503,517,521,525,536,542,543,544,546,547,549,550,553,554,557,565,566,567,571,574,575,576,579,580,583,585,586,590,593,595,596,598,600,601,604,605,607,608,609,614,616,619,620,624,627,629,634,635,638,640,641,642,644,646,652,654,656,657,658,660,661,665,666,667,669,672,673,678,679,680,681,683,684,685,689,690,691,693,701,702,705,709,710,711,714,722,741,764,777,785,804,827
draft_22951_01679	10,11,12,13,15,16,19,144,146,147,179,180,186,187,256,257,258,260,284,285,286,287,300,301,333,334,335,341,345,346,352,353,356,357,358,359,366,371,372,373,374,375,377,378,385,386,387,388,391,393,394,395,397,399,400,401,404,417,419,421,431,432,435,436,438,440,442,443,444,446,447,448,450,452,454,465,468,471,473,483,491,492,494,496,503,507,516,517,519,521,522,524,525,528,529,531,536,539,540,541,546,547,550,553,554,556,557,565,571,577,578,579,580,583,585,586,593,596,598,600,601,604,608,609,614,619,624,629,634,635,641,644,645,657,658,661,665,666,669,672,673,678,679,680,684,685,689,693,697,698,705,709,710,711,712,713,714,759,777,822
draft_22951_01680	10,11,12,13,19,20,21,179,180,182,186,187,193,256,257,258,260,284,285,287,333,334,342,345,347,353,356,357,367,371,372,375,382,383,385,386,406,410,417,421,431,433,435,437,442,444,447,449,471,477,491,494,499,517,521,525,536,542,543,549,553,554,557,565,566,571,574,575,579,580,582,583,585,589,590,595,596,598,600,604,605,607,609,615,619,620,621,624,626,627,633,635,638,641,642,643,652,656,661,665,667,669,672,673,678,679,680,681,682,685,687,689,690,693,694,695,697,698,699,700,705,706,707,709,710,711,713,720,736,756,757,783,799,819,820
draft_22951_01681	10,11,12,13,15,16,19,20,144,147,179,180,256,257,258,284,285,286,287,300,333,334,342,345,346,347,352,353,356,357,366,367,371,372,382,385,391,393,394,406,410,417,421,431,433,435,437,440,442,444,447,449,452,465,471,477,491,494,499,517,521,525,529,536,537,541,542,543,549,550,553,554,557,565,566,567,570,571,574,575,579,580,583,585,590,593,595,596,598,600,603,604,605,607,608,609,612,614,615,616,619,620,621,624,627,629,633,634,635,638,641,642,644,646,647,652,656,657,660,661,665,667,669,672,673,678,679,680,681,684,685,689,692,696,697,703,709,710,711
draft_22951_01682	10,11,12,13,15,16,19,20,144,146,147,151,153,154,179,180,186,187,256,257,258,284,285,286,287,300,333,334,336,341,345,346,352,353,356,357,358,359,366,371,372,375,377,378,385,386,387,388,391,392,393,394,397,400,401,404,417,419,421,431,432,435,438,440,442,443,444,447,450,452,454,465,471,473,483,491,496,503,507,517,521,524,525,528,531,536,539,540,541,546,547,550,553,556,557,565,571,577,578,579,580,583,585,586,593,596,600,601,604,608,609,614,619,629,634,635,641,644,646,647,651,657,658,661,665,666,669,678,679,680,684,685,686,688,689,693,697,698,705,709,710,711,713,759,819,822
draft_22951_01683	10,11,12,13,15,16,19,20,179,180,181,182,186,187,193,256,257,258,260,284,285,286,287,333,334,341,345,346,352,353,356,357,358,359,366,367,371,372,375,377,378,381,382,385,387,388,391,392,397,398,404,406,417,419,421,431,432,435,438,440,441,442,443,444,447,450,452,453,454,465,471,473,483,486,491,495,496,500,503,507,517,521,522,524,525,531,536,537,539,540,541,546,547,548,550,553,556,557,565,567,570,571,577,578,579,580,583,585,586,593,596,598,600,601,603,604,608,609,612,614,616,619,629,634,635,641,646,647,657,658,660,661,665,666,669,678,679,680,684,685,689,693,697,705,709,710,711,771,834
draft_22951_01684	10,11,12,13,15,16,17,19,179,180,186,187,193,194,256,258,260,284,285,286,287,300,301,333,334,339,341,345,346,352,353,356,357,366,371,372,375,377,378,385,386,391,392,393,394,395,399,417,419,421,431,435,436,438,440,442,443,444,447,448,450,452,465,468,471,491,496,503,516,517,519,521,525,529,536,537,539,541,546,547,550,553,556,557,565,570,571,577,579,583,585,586,593,596,600,601,603,604,608,609,612,614,619,629,634,635,641,644,645,657,658,661,665,666,669,678,679,680,684,689,697,709,710,711,713,717,738,756,780,801,819
draft_22951_01685	10,11,12,15,16,34,179,180,181,182,186,256,284,285,286,294,300,333,334,339,341,345,346,352,356,357,366,371,372,375,376,385,391,392,393,394,417,422,431,435,442,447,465,471,491,509,512,517,521,525,529,541,550,553,557,561,565,571,579,583,585,593,596,600,604,608,609,614,619,629,634,635,637,641,655,657,661,665,669,678,679,680,684,689,709,710,711
draft_22951_01686	10,11,12,19,20,179,180,186,187,256,258,284,285,287,309,333,334,342,345,353,356,357,371,372,382,383,385,407,417,421,431,433,435,442,444,447,471,491,494,499,517,521,525,536,542,543,549,553,554,557,565,571,574,575,576,579,580,582,583,585,591,596,598,600,604,607,609,618,619,620,624,626,635,638,640,641,642,643,652,654,656,661,665,668,669,672,673,678,679,680,681,685,689,690,691,693,694,697,699,702,705,706,709,710,711,715,741,757,778,804,820
draft_22951_01687	10,11,12,13,15,16,19,20,21,179,180,181,182,186,187,193,256,258,284,285,286,287,333,334,342,345,346,352,353,356,357,366,371,372,375,381,382,383,385,391,392,406,417,421,431,435,440,441,442,444,447,452,453,471,477,491,499,517,521,525,536,541,542,543,549,553,557,565,566,570,571,574,575,579,580,583,585,590,593,595,596,600,604,605,607,609,612,614,615,619,620,621,623,627,633,635,638,641,642,646,647,652,656,657,661,665,667,669,678,679,680,681,683,686,687,688,689,690,709,710,711,715,778
draft_22951_01688	10,11,12,13,15,16,19,20,179,180,186,187,193,194,256,258,260,284,285,286,287,300,333,334,341,345,352,353,356,357,367,371,372,375,376,377,378,381,385,386,391,393,394,406,417,421,431,435,438,441,442,444,447,450,452,453,465,471,491,494,496,503,517,521,525,536,546,547,549,550,553,554,557,561,565,571,574,575,579,580,583,585,586,593,595,596,598,600,601,604,605,608,609,614,619,620,624,629,634,635,637,638,641,642,644,646,655,656,658,661,665,666,667,669,672,673,675,678,679,680,681,684,685,689,690,692,693,696,697,699,703,704,705,708,709,710,711,713,717,738,756,759,780,801,819,822
draft_22951_01689	10,11,12,15,16,34,144,147,179,180,181,182,186,256,257,258,259,260,284,285,286,294,333,341,345,346,350,352,354,356,358,359,366,369,371,372,373,374,377,378,384,385,387,388,391,397,404,413,417,419,422,432,435,436,438,442,443,446,447,448,450,454,465,471,472,473,481,483,486,491,492,496,500,501,503,507,508,514,517,521,522,524,525,531,532,533,539,540,541,546,547,548,550,553,556,557,565,570,571,577,578,579,583,585,586,587,593,596,600,601,604,608,609,612,614,619,629,634,635,641,657,658,659,661,665,666,669,678,679,680,684,771,834
draft_22951_01690	10,11,12,13,15,16,19,20,21,179,180,186,187,193,194,256,258,260,284,285,286,287,300,301,333,334,341,342,345,346,347,352,353,356,357,366,367,371,372,375,377,378,382,383,385,391,393,394,395,399,406,417,419,421,431,435,436,438,440,442,443,444,447,448,450,452,465,468,471,477,491,494,496,499,503,516,517,519,521,525,536,539,542,543,546,547,549,550,553,554,556,557,565,566,571,574,575,577,579,580,582,583,585,586,590,593,595,596,598,600,601,604,605,607,608,609,614,615,619,620,621,624,626,627,629,633,634,635,638,639,641,642,643,644,645,646,652,653,656,657,658,661,665,666,667,669,672,673,678,679,680,681,684,685,689,690,692,693,696,699,700,703,704,705,708,709,710,711,717,736,743,757,780,799,806,820
draft_22951_01691	10,11,12,13,15,16,19,20,179,180,184,185,186,256,284,285,286,287,300,333,334,336,339,341,345,346,347,352,353,356,357,366,367,371,372,375,376,381,385,391,393,394,406,417,419,421,431,432,435,441,442,443,444,447,452,453,454,465,471,491,517,521,525,529,536,539,540,541,550,553,557,561,565,571,579,580,581,583,585,593,596,600,604,608,609,614,615,619,629,634,635,638,639,641,644,646,647,655,661,665,669,678,679,680,681,684,685,689,690,693,697,698,699,705,709,710,711,714,777
draft_22951_01692	10,11,12,13,15,16,17,19,179,180,181,182,186,187,193,194,200,256,257,258,260,262,284,285,286,287,300,301,333,334,341,345,346,352,353,356,357,358,359,366,371,372,375,376,377,378,380,382,385,386,387,388,390,391,392,394,395,397,398,399,404,417,419,421,431,432,435,436,438,440,442,443,444,447,448,450,451,452,454,465,468,471,473,483,485,488,491,494,496,503,505,507,517,518,520,521,524,525,531,536,539,540,541,546,547,550,553,554,556,557,561,565,571,573,577,578,579,580,581,583,585,586,593,594,596,597,598,600,601,602,604,608,609,614,619,622,624,625,629,634,635,637,641,645,646,648,655,657,658,661,665,666,669,672,673,674,675,678,679,680,684,685,689,693,705,709,710,711,717,759,780,822
draft_22951_01693	10,11,12,15,19,20,144,146,147,179,180,183,186,256,257,258,284,285,286,287,309,333,334,341,345,346,352,353,356,357,358,359,366,371,372,377,378,381,385,386,387,388,391,392,397,398,404,407,417,419,421,431,432,435,438,441,442,443,444,447,450,453,454,465,471,473,483,491,496,503,507,517,521,522,524,525,531,536,539,540,541,546,547,550,553,556,557,565,571,577,578,579,581,583,585,586,593,596,600,601,604,608,609,614,618,619,629,634,635,639,641,657,658,661,665,666,669,678,679,680,684,689,697,698,709,710,711,713,759,822
draft_22951_01694	10,11,12,15,16,19,20,144,146,147,151,153,154,179,180,256,257,258,259,260,284,285,286,287,300,333,334,341,345,346,352,353,356,357,358,359,366,367,371,372,373,374,375,377,378,381,385,386,387,388,391,392,393,394,397,398,400,401,404,406,417,419,421,431,432,435,436,438,441,442,443,444,446,447,448,450,453,454,462,465,471,473,483,491,492,494,495,496,500,503,507,517,521,522,524,525,528,531,536,537,539,540,541,546,547,548,549,550,553,554,556,557,565,567,570,571,574,575,577,578,579,580,581,583,585,586,593,594,595,596,598,600,601,602,603,604,605,608,609,612,614,616,619,620,622,624,625,629,634,635,638,639,641,642,644,656,657,658,660,661,665,666,667,669,672,674,678,679,680,681,684,685,689,690,692,693,696,697,699,704,705,708,709,710,711,759,822
draft_22951_01695	10,11,12,13,15,16,19,20,179,180,184,185,186,187,193,194,200,256,258,260,284,285,286,287,333,334,339,341,342,345,346,352,353,356,357,366,367,371,372,375,377,378,382,383,385,391,392,406,417,421,431,435,438,440,442,444,447,450,452,465,471,477,491,494,496,499,503,517,521,525,536,541,542,543,546,547,549,550,553,554,557,565,566,571,574,575,579,580,583,585,586,590,593,594,595,596,598,600,601,604,605,607,608,609,614,619,620,624,627,629,634,635,638,641,642,646,647,652,656,657,658,661,665,666,667,669,672,673,678,679,680,681,683,684,685,687,689,690,693,697,700,705,709,710,711,736,759,799,822
draft_22951_01696	10,11,12,13,15,16,19,20,144,146,147,179,180,181,182,186,187,193,256,257,258,259,260,262,284,285,286,287,333,334,341,345,346,352,353,356,357,358,359,366,371,372,373,374,375,376,377,378,380,382,385,386,387,388,390,391,392,397,398,404,417,419,421,431,432,435,436,438,440,442,443,444,446,447,448,450,451,452,454,465,471,473,483,485,486,488,491,492,494,496,500,503,505,507,517,520,521,522,524,525,531,536,539,540,541,546,547,548,550,553,554,556,557,561,565,570,571,573,577,578,579,580,581,583,585,586,593,594,596,597,598,600,601,602,604,608,609,612,614,619,622,624,625,629,634,635,637,641,646,647,648,651,655,657,658,661,665,666,669,672,674,675,678,679,680,684,685,686,689,693,697,698,705,709,710,711
draft_22951_01697	10,11,12,13,15,19,20,179,180,186,187,256,258,284,285,286,287,300,309,333,334,336,342,345,346,352,353,356,357,366,371,372,375,382,383,385,391,393,394,407,417,421,431,435,440,442,444,447,452,465,471,491,494,499,517,521,525,529,536,541,542,543,549,550,553,554,557,565,571,574,575,579,580,582,583,585,591,593,596,598,600,604,607,608,609,614,618,619,620,624,626,629,634,635,638,639,641,642,643,646,647,652,656,657,661,665,668,669,672,673,678,679,680,681,684,685,689,690,692,693,697,698,699,700,703,705,709,710,711,713,714,715,735,736,756,757,777,778,798,799,819,820
draft_22951_01698	10,11,12,13,15,16,17,19,20,179,180,181,182,186,188,189,193,256,257,258,259,260,284,285,286,287,300,333,334,336,341,345,346,352,353,356,357,358,359,360,366,371,372,375,376,377,378,379,380,382,385,386,388,389,390,391,392,393,394,397,398,404,417,419,421,431,432,435,438,439,440,442,443,444,447,450,451,452,454,465,471,473,483,485,488,491,494,496,503,505,507,517,520,521,522,524,525,529,531,536,537,539,540,541,546,547,550,553,554,556,557,561,565,570,571,573,578,579,580,581,583,585,586,593,594,596,597,598,600,601,602,603,604,608,609,612,614,619,622,624,625,629,634,635,637,641,644,646,647,648,651,655,657,658,661,665,666,669,672,674,675,678,679,680,684,685,693,696,708,709,710,711,713
draft_22951_01699	10,11,12,13,15,16,34,179,180,181,182,186,187,188,189,193,200,256,257,258,259,260,262,284,285,286,294,333,334,345,346,352,354,356,357,359,366,371,372,373,374,377,384,385,386,388,391,397,404,413,417,419,431,435,436,442,443,446,447,448,450,454,465,471,473,474,476,483,490,491,492,496,501,503,507,508,517,521,522,524,525,531,532,539,540,541,546,547,550,553,556,557,565,571,577,578,579,583,585,586,587,593,596,600,601,604,608,609,614,619,629,634,635,641,657,658,659,661,665,666,669,678,679,680,684,689,697,709,710,711,713,756,819
draft_22951_01700	10,11,12,13,15,16,19,20,21,179,180,181,182,186,187,193,256,257,258,260,284,285,286,287,300,309,333,334,341,342,345,347,352,353,356,357,359,367,371,372,375,376,377,378,380,382,383,385,388,390,391,392,393,394,397,398,400,401,404,406,407,417,419,421,431,435,438,440,442,443,444,447,450,451,452,454,465,471,473,477,483,485,488,489,491,494,496,499,503,505,507,517,520,521,524,525,528,531,536,539,542,543,546,547,549,550,553,554,556,557,558,561,565,566,571,573,574,575,578,579,580,581,582,583,585,586,590,591,593,594,595,596,597,600,601,602,604,605,607,608,609,614,615,618,619,620,621,622,625,626,627,629,633,634,635,637,638,639,641,642,643,646,648,651,652,653,655,656,657,658,661,665,666,667,668,669,674,675,678,679,680,681,684,685,689,690,693,697,698,699,705,709,710,711,715,717,778,780
draft_22951_01701	10,11,12,13,15,16,17,34,144,146,147,179,180,256,257,258,284,285,286,294,300,301,333,334,341,345,346,352,356,357,358,359,366,371,372,375,376,377,378,385,388,391,392,394,395,397,398,399,404,417,419,422,431,432,435,436,438,442,443,447,448,450,454,465,468,471,473,483,491,496,503,507,512,517,518,521,524,525,531,539,540,546,547,550,553,556,557,565,571,577,578,579,583,585,586,593,596,600,601,604,608,609,614,619,629,634,635,636,641,645,657,658,661,665,666,669,678,679,680,684,689,697,709,710,711,713,738,756,759,801,819,822
draft_22951_01702	10,11,12,19,20,34,144,147,179,180,256,257,258,284,285,287,294,333,334,342,345,350,353,354,356,357,369,371,372,384,385,413,417,421,422,431,433,435,442,444,447,471,472,481,491,494,501,508,514,517,521,525,532,533,536,553,554,557,565,571,579,580,583,585,587,596,598,600,604,609,619,624,635,641,659,661,665,669,672,673,678,679,680,685,689,693,697,698,705,709,710,711
draft_22951_01703	10,11,12,13,15,19,20,144,146,147,179,180,256,257,258,284,285,286,287,309,333,334,341,345,352,353,356,357,358,359,371,372,375,377,378,381,385,388,391,392,397,398,404,407,417,419,421,431,432,435,438,441,442,443,444,447,450,453,454,465,471,473,483,491,496,503,507,517,521,524,525,531,539,540,546,547,550,553,554,556,557,565,571,574,577,578,579,583,585,586,593,596,600,601,604,608,609,614,619,620,629,634,635,641,657,658,661,665,666,668,669,672,673,678,679,680,684,689,709,710,711,717,780
draft_22951_01704	10,11,12,15,19,144,146,147,179,180,256,257,284,285,286,287,333,334,339,341,345,346,347,352,353,356,357,358,359,366,367,371,372,375,377,385,388,391,392,397,398,404,417,419,421,431,432,435,437,438,442,443,444,447,449,450,454,465,471,473,483,491,494,496,503,507,521,522,524,525,531,536,539,540,541,546,547,550,553,554,556,557,565,571,577,578,579,580,581,583,585,586,593,596,598,600,601,604,608,609,614,624,625,629,634,635,641,657,658,661,665,666,669,672,673,674,678,679,680,684,685,686,709,710,711
draft_22951_01705	10,11,12,13,15,16,34,179,180,186,187,193,194,256,258,260,284,285,286,294,300,333,334,341,345,346,352,356,357,366,371,372,376,377,378,385,386,391,393,394,417,422,431,435,438,442,447,450,465,471,491,496,503,509,512,517,521,525,529,541,546,547,550,553,557,561,565,571,579,583,585,586,593,596,600,601,604,608,609,614,619,629,634,635,637,641,644,655,658,661,665,666,669,675,678,679,680,684,689,697,709,710,711,713,738,756,759,801,819,822
draft_22951_01706	10,11,12,13,15,19,20,21,179,180,186,187,256,258,284,285,286,287,300,333,334,341,342,345,347,352,353,356,357,367,371,372,375,377,378,382,383,385,391,393,394,406,417,421,431,435,438,440,442,444,447,450,452,465,471,477,491,494,496,499,503,517,521,525,536,542,543,545,546,547,549,550,553,554,557,565,566,568,571,574,575,576,579,580,583,585,586,590,593,595,596,598,600,601,604,605,607,608,609,614,615,619,620,621,624,627,629,631,633,634,635,638,639,640,641,642,644,646,652,653,654,656,657,658,661,663,665,666,667,669,672,673,678,679,680,681,683,684,685,687,689,690,691,692,693,694,700,701,702,703,704,705,706,709,710,711,715,722,736,741,743,762,778,785,799,804,806,825
draft_22951_01707	10,11,12,13,15,16,34,144,146,147,179,180,186,187,193,194,256,257,258,260,262,284,285,286,294,300,333,334,341,345,352,356,357,358,359,371,372,376,377,378,380,385,388,390,391,392,393,394,397,398,400,401,404,417,419,422,431,432,435,438,442,443,447,450,451,454,465,471,473,483,485,486,488,489,491,496,500,503,505,507,509,512,517,520,521,524,525,528,531,539,546,547,548,550,553,556,557,561,565,570,571,573,577,578,579,583,585,586,593,596,597,600,601,604,608,609,612,614,619,629,634,635,637,641,655,657,658,661,665,666,669,675,678,679,680,684,689,697,698,709,710,711
draft_22951_01708	10,11,12,15,19,144,147,179,180,186,187,256,257,258,260,284,285,286,287,300,333,334,341,342,345,352,353,356,357,371,372,377,378,382,383,385,386,394,406,410,417,421,431,433,435,438,442,444,447,450,465,471,477,491,494,499,503,517,521,525,536,537,542,543,544,546,547,549,550,553,554,557,565,566,567,571,574,575,579,580,583,585,590,593,595,596,598,600,601,604,605,607,608,609,615,616,619,620,621,624,627,633,634,635,638,641,642,644,652,656,661,665,666,667,669,672,673,678,679,680,681,684,685,689,690,692,693,696,697,698,699,700,704,705,708,709,710,711,738,757,764,801,820,827
draft_22951_01709	10,11,12,13,19,20,144,145,179,180,183,186,187,193,284,285,287,309,333,334,335,336,338,342,345,353,375,407,417,421,431,433,435,442,444,447,491,525,536,554,557,580,583,600,618,638,641,661,672,679,680,681,685,689,690,693,697,698,699,700,705,709,710,711,712,713,777,798,819,840,841,861,862
draft_22951_01710	10,11,12,13,15,19,20,179,180,181,182,186,187,193,256,257,258,260,284,285,286,287,309,333,334,341,342,345,352,353,356,357,358,359,371,372,375,377,378,382,383,385,386,387,388,391,392,397,398,404,407,417,419,421,431,432,435,438,440,442,443,444,447,450,452,454,465,471,473,483,491,494,496,499,503,507,517,521,524,525,531,536,539,540,542,546,547,549,550,553,554,556,557,565,571,574,575,577,578,579,580,582,583,585,586,591,593,596,598,600,601,604,607,608,609,614,618,619,620,624,626,629,634,635,638,639,641,642,643,646,652,653,656,657,658,661,665,666,668,669,672,678,679,680,681,684,685,689,690,693,696,697,698,699,705,708,709,710,711,759,822
draft_22951_01711	10,11,12,19,20,144,147,179,180,256,257,258,284,285,287,333,334,342,345,347,353,356,357,367,371,372,382,385,406,410,417,421,431,433,435,437,442,444,447,449,471,477,491,494,499,517,521,525,536,542,543,549,553,554,557,565,566,571,574,575,579,580,583,585,590,595,596,598,600,604,605,607,609,615,619,620,621,624,627,633,635,638,641,642,652,656,661,665,667,669,672,673,678,679,680,681,685,689,693,697,705,709,710,711
draft_22951_01712	10,11,12,13,19,20,179,180,186,187,256,258,284,285,287,333,334,342,345,353,356,357,367,371,372,375,382,383,385,406,417,421,431,433,435,442,444,447,471,477,491,494,499,517,521,525,536,542,543,545,549,553,554,557,565,566,568,571,574,575,579,580,583,585,590,595,596,598,600,604,605,607,609,619,620,624,627,631,635,638,641,642,652,656,661,663,665,667,669,672,673,678,679,680,681,685,689,690,693,697,700,705,709,710,711,715,736,762,778,799,825
draft_22951_01713	10,11,12,13,15,16,19,20,144,146,147,179,180,181,182,186,187,193,256,258,284,285,286,287,333,334,336,341,342,345,346,352,353,356,357,366,367,371,372,375,377,378,382,383,385,391,392,406,417,421,431,435,438,440,442,444,447,450,452,465,471,477,491,496,499,503,517,521,525,536,541,542,543,546,547,549,550,553,557,565,566,571,574,575,579,580,581,583,585,586,590,593,594,595,596,600,601,604,605,607,608,609,614,619,620,627,629,634,635,638,641,642,646,647,652,656,657,658,661,665,666,667,669,678,679,680,681,683,684,686,688,689,690,697,698,709,710,711,722,785
draft_22951_01714	10,11,12,15,16,144,146,147,179,180,181,182,186,187,193,256,257,258,259,260,262,284,285,286,333,334,341,345,352,356,357,358,359,360,366,371,372,375,376,377,378,379,380,385,386,387,388,389,390,391,392,397,398,404,417,419,431,432,435,438,439,442,443,447,450,451,454,465,471,473,483,485,486,488,491,496,500,503,505,507,517,520,521,522,524,525,531,539,540,541,546,547,548,550,553,556,557,561,565,570,571,573,577,578,579,583,585,586,593,594,596,597,600,601,602,604,608,609,612,614,619,622,629,634,635,637,641,655,657,658,661,665,666,669,675,678,679,680,684,689,697,709,710,711,759,771,822,834
draft_22951_01715	10,11,12,13,15,16,19,20,144,147,179,180,256,257,258,284,285,286,287,300,333,334,335,341,342,345,346,347,352,353,356,357,366,367,371,372,375,376,377,378,382,385,391,393,394,406,410,417,421,431,433,435,437,438,442,444,447,449,450,452,465,471,477,491,494,496,499,503,517,521,525,529,536,537,541,542,543,546,547,549,550,553,554,557,561,565,566,567,571,574,575,579,580,583,585,586,590,593,595,596,598,600,601,603,604,605,607,608,609,614,615,616,619,620,621,624,627,629,633,634,635,637,638,641,642,644,646,647,652,655,656,658,660,661,665,666,667,669,672,673,675,678,679,680,681,684,685,689,692,696,697,698,703,709,710,711,712,713,717,780
draft_22951_01716	10,11,12,13,15,16,19,20,179,180,186,187,193,194,256,258,260,284,285,286,287,300,301,309,333,334,338,342,345,346,352,353,356,357,366,371,372,375,385,394,395,399,407,417,419,421,431,435,436,440,442,443,444,447,448,452,463,468,471,491,516,517,519,521,525,536,538,539,549,553,556,557,565,567,571,574,575,577,579,580,583,585,593,596,598,600,604,608,609,618,619,620,635,638,641,642,645,656,661,665,668,669,678,679,680,681,684,685,689,690,693,697,698,699,705,709,710,711,713,756,819
draft_22951_01717	10,11,12,15,34,179,180,186,187,214,219,220,256,258,284,285,286,294,333,334,341,345,352,354,356,357,371,372,375,377,378,384,385,391,413,417,419,431,432,435,438,442,443,447,450,454,465,471,491,501,503,508,517,521,525,532,533,534,539,540,546,547,550,553,556,557,565,571,577,579,583,585,587,593,596,600,601,604,608,609,619,634,635,641,659,661,665,666,669,678,679,680,684,689,697,709,710,711,758,768,821,831
draft_22951_01718	10,11,12,19,20,179,180,186,187,256,258,284,285,287,309,333,334,342,345,353,356,357,371,372,382,383,385,407,417,421,431,433,435,442,444,447,471,491,494,499,517,521,525,536,542,543,549,553,554,557,565,571,574,575,579,580,582,583,585,591,596,598,600,604,607,609,618,619,620,624,626,635,638,641,642,643,652,656,661,665,668,669,672,673,678,679,680,681,685,689,690,693,697,699,705,709,710,711,757,820
draft_22951_01719	10,11,12,15,144,146,147,179,180,186,187,256,257,258,260,284,285,286,300,333,334,341,345,352,356,357,358,359,371,372,377,378,385,386,387,388,391,393,394,397,400,401,404,417,419,431,432,435,438,442,443,447,450,454,465,471,473,483,491,496,503,507,517,521,524,525,528,531,539,540,546,547,550,553,556,557,565,571,577,578,579,583,585,586,593,596,600,601,604,608,609,614,619,629,634,635,641,644,657,658,661,665,666,669,678,679,680,684,689,697,698,709,710,711,713,759,822
draft_22951_01720	10,11,12,13,19,20,179,180,186,187,256,258,284,285,287,333,334,342,345,353,356,357,367,371,372,375,382,383,385,406,417,421,431,433,435,442,444,447,471,477,491,494,499,517,521,525,536,542,543,549,553,554,557,565,566,571,574,575,576,579,580,582,583,585,590,595,596,598,600,604,605,607,609,619,620,624,626,627,635,638,640,641,642,643,652,654,656,661,665,667,669,672,673,678,679,680,681,685,689,690,691,693,697,699,701,702,705,709,710,711,741,757,804,820
draft_22951_01721	10,11,12,13,19,20,21,144,150,179,180,186,187,256,258,284,285,287,333,334,342,345,353,356,357,367,368,371,372,375,381,382,383,385,406,417,421,431,433,435,442,444,447,471,477,491,494,499,517,521,525,536,542,543,545,549,553,554,557,564,565,566,568,571,574,575,576,579,580,583,585,590,595,596,598,600,604,605,607,609,611,619,620,624,627,631,635,638,640,641,642,652,654,656,661,662,663,665,667,669,672,673,678,679,680,681,685,687,689,690,691,693,694,697,699,700,701,702,705,706,709,710,711,715,736,741,762,778,799,804,825
draft_22951_01722	10,11,12,15,16,19,179,180,181,182,186,187,193,256,257,258,260,284,285,286,287,333,334,341,342,345,346,352,353,356,357,358,359,366,367,371,372,373,374,375,377,378,382,383,385,387,388,391,397,404,406,417,419,431,432,435,436,438,442,443,446,447,448,450,454,465,471,473,477,483,486,491,492,496,499,500,503,507,517,521,522,524,525,531,539,540,541,542,543,546,547,548,549,550,553,556,557,565,566,570,571,574,575,577,578,579,583,585,586,590,593,595,596,600,601,604,605,607,608,609,612,614,619,620,627,629,634,635,638,641,642,652,656,657,658,661,665,666,667,669,678,679,680,681,684,689,690,692,697,703,704,709,710,711,715,771,778,834
draft_22951_01723	10,11,12,15,19,20,179,180,256,284,285,286,287,300,333,334,335,341,345,347,352,353,356,357,367,371,372,375,377,378,381,385,391,393,394,406,417,421,431,435,438,440,441,442,444,447,450,452,453,465,471,491,494,496,503,517,521,525,536,546,547,549,550,553,554,557,565,571,574,575,579,580,583,585,586,593,595,596,598,600,601,604,605,608,609,614,615,619,620,624,629,634,635,638,641,642,644,646,656,657,658,661,665,666,667,669,672,673,678,679,680,681,684,685,689,690,692,693,696,699,703,704,705,708,709,710,711,712,717,780
draft_22951_01724	10,11,12,13,19,20,144,145,179,180,183,186,187,193,284,285,287,309,333,334,335,336,340,342,345,347,353,367,375,407,417,421,431,433,435,442,444,447,491,525,536,554,557,572,580,583,600,618,638,641,661,672,679,680,681,685,689,690,693,694,697,698,699,700,705,706,709,710,711,712,713,777,778,798,799,819,820,840,861
draft_22951_01725	10,11,12,13,15,284,285,286,300,333,345,346,352,366,375,391,393,394,529,541,583,593,614,644,657,680,684,689,697
draft_22951_01726	10,11,12,13,15,19,20,144,147,179,180,256,257,258,284,285,286,287,300,333,334,335,342,345,346,352,353,356,357,366,371,372,375,382,385,391,393,394,406,410,417,421,431,433,435,440,442,444,447,452,463,465,471,477,491,494,499,517,521,525,529,536,537,538,541,542,543,549,550,553,554,557,565,566,567,571,574,575,579,580,583,585,590,593,595,596,598,600,603,604,605,606,607,608,609,614,615,616,619,620,621,624,627,629,633,634,635,638,641,642,646,647,652,656,657,660,661,665,667,669,672,673,678,679,680,681,684,685,689,690,692,693,694,695,696,698,700,703,705,706,707,709,710,711,712
draft_22951_01727	10,11,12,13,15,16,19,179,180,186,187,193,194,256,258,260,284,285,286,287,300,301,333,334,341,345,346,352,353,356,357,366,371,372,377,378,385,386,391,393,394,395,399,417,419,421,431,435,436,438,440,442,443,444,447,448,450,452,465,468,471,491,496,503,516,517,519,521,525,529,537,539,541,546,547,550,553,556,557,565,570,571,577,579,583,585,586,593,596,600,601,603,604,608,609,612,614,619,629,634,635,641,644,645,657,658,661,665,666,669,678,679,680,684,689,697,709,710,711,713,717,738,756,780,801,819
draft_22951_01728	10,11,12,15,19,20,144,146,147,179,180,183,186,256,257,258,284,285,286,287,300,333,334,341,345,352,353,356,357,358,359,367,371,372,375,377,378,381,385,386,387,388,391,393,394,397,400,401,404,406,417,419,421,431,432,435,438,441,442,443,444,447,450,453,454,465,471,473,483,491,494,496,503,507,517,521,524,525,528,531,536,539,540,546,547,549,550,553,554,556,557,565,571,574,575,577,578,579,580,583,585,586,593,595,596,598,600,601,604,605,608,609,614,619,620,624,629,634,635,638,641,642,644,656,657,658,661,665,666,667,669,672,673,678,679,680,681,684,685,689,690,692,693,696,697,698,699,700,703,704,705,708,709,710,711,713,717,735,759,780,798,822
draft_22951_01729	10,11,12,13,15,19,20,21,179,180,181,182,186,187,193,256,257,258,260,284,285,286,287,333,334,341,342,345,352,353,356,357,358,359,371,372,375,377,378,381,382,383,385,386,387,388,391,397,404,406,410,417,419,421,431,432,435,438,440,441,442,443,444,447,450,452,453,454,465,471,473,477,483,491,493,494,496,499,503,507,517,521,524,525,531,536,539,540,542,543,546,547,549,550,553,554,556,557,565,566,571,574,575,577,579,580,581,583,585,586,590,593,595,596,598,600,601,604,605,607,608,609,613,614,615,619,620,621,623,624,625,627,629,633,634,635,638,639,641,642,646,652,653,656,657,658,661,665,666,667,669,672,673,674,678,679,680,681,684,685,689,690,693,699,705,709,710,711,757,759,820,822
draft_22951_01730	10,11,12,15,19,144,146,147,179,180,183,186,256,257,258,284,285,286,287,300,333,334,341,342,345,352,353,356,357,358,359,371,372,375,377,378,385,386,387,388,391,393,394,397,400,401,404,417,419,421,431,432,433,435,438,442,443,444,447,450,454,465,471,473,483,491,494,495,496,507,521,524,525,528,531,536,537,539,546,550,553,554,556,557,565,571,577,578,579,580,583,585,586,593,596,598,600,601,603,604,608,609,614,619,624,629,634,635,641,657,658,661,665,666,669,672,678,679,680,684,685,689,693,696,697,698,705,708,709,710,711,713,717,735,759,780,798,822
draft_22951_01731	10,11,12,13,15,19,144,146,147,179,180,186,187,256,257,258,260,284,285,286,287,309,333,334,341,345,346,347,352,353,356,357,358,359,366,367,371,372,373,374,377,378,385,386,387,388,391,392,397,398,404,407,417,419,431,432,435,436,438,442,443,446,447,448,450,454,465,471,473,483,491,492,496,503,507,517,521,522,524,525,531,539,540,541,546,547,550,553,556,557,565,571,572,577,578,579,583,585,586,593,596,600,601,604,608,609,614,618,619,629,634,635,638,641,657,658,661,665,666,669,678,679,680,681,684,689,690,692,697,698,699,700,703,709,710,711,713,759,822
draft_22951_01732	10,11,12,13,15,16,19,144,146,147,179,180,181,182,186,187,193,256,257,258,259,260,262,284,285,286,287,302,333,334,336,345,346,352,353,356,357,359,360,366,371,372,373,374,376,377,380,385,388,390,391,396,397,404,417,419,421,424,431,435,436,439,440,442,443,444,446,447,448,450,451,452,454,455,465,471,473,483,485,488,491,492,496,503,505,507,515,517,520,521,522,524,525,531,536,539,540,541,546,547,550,553,556,557,561,565,571,573,577,578,579,580,583,585,586,593,596,597,598,600,601,604,608,609,614,619,629,634,635,638,641,642,646,648,655,656,657,658,661,665,666,669,678,679,680,681,684,685,689,690,693,697,698,699,705,709,710,711,713
draft_22951_01733	10,11,12,13,15,16,17,19,20,179,180,181,182,186,188,189,193,256,257,258,259,260,284,285,286,287,300,333,334,339,341,345,346,352,353,356,357,358,359,360,366,371,372,375,376,377,379,380,382,385,386,388,389,390,391,392,393,394,397,398,404,417,419,421,431,432,435,438,439,440,442,443,444,447,450,451,452,454,465,471,473,483,485,488,491,494,496,503,505,507,517,520,521,522,524,525,529,531,536,537,539,540,541,546,547,550,553,554,556,557,561,565,570,571,573,578,579,580,581,583,585,586,593,594,596,597,598,600,601,602,603,604,608,609,612,614,619,622,624,625,629,634,635,637,641,644,646,647,648,651,655,657,658,661,665,666,669,672,674,675,678,679,680,684,685,689,693,696,697,708,709,710,711,713
draft_22951_01734	10,11,12,13,15,16,19,20,179,180,186,187,193,194,256,258,260,284,285,286,287,300,301,309,333,334,342,345,346,352,353,356,357,366,371,372,375,382,383,385,386,394,395,399,407,417,419,421,431,435,436,440,442,443,444,447,448,452,465,468,471,491,494,499,516,517,519,521,525,536,539,542,543,549,550,553,554,556,557,565,571,574,575,577,579,580,582,583,585,591,593,596,598,600,604,607,608,609,618,619,620,624,626,634,635,638,639,641,642,643,645,652,656,661,665,668,669,672,673,678,679,680,681,684,685,689,690,693,697,698,699,700,705,709,710,711,713,714,715,735,736,756,757,777,778,798,799,819,820
draft_22951_01735	10,11,12,13,15,19,20,179,180,256,284,285,286,287,300,333,334,342,345,346,352,353,356,357,366,371,372,375,381,382,383,385,391,393,394,406,417,421,431,435,440,441,442,444,447,452,453,465,471,477,491,494,499,517,521,525,529,536,541,542,543,549,550,553,554,557,565,566,571,574,575,579,580,583,585,590,593,595,596,598,600,604,605,607,608,609,614,615,619,620,621,623,624,627,629,633,634,635,638,641,642,644,646,647,652,656,657,661,665,667,669,672,673,678,679,680,681,684,685,689,690,692,693,694,703,705,706,709,710,711,715,778
draft_22951_01736	10,11,12,15,19,20,179,180,183,186,187,193,256,258,284,285,286,287,300,333,334,341,342,345,352,353,356,357,371,372,375,377,378,385,394,417,421,431,433,435,438,442,444,447,450,465,471,491,494,517,521,525,536,546,550,553,554,557,565,571,579,580,581,583,585,593,596,598,600,601,604,608,609,619,624,625,634,635,641,661,665,666,669,672,673,674,678,679,680,684,685,686,688,689,693,697,698,705,709,710,711,713,714,735,738,756,759,777,798,801,819,822
draft_22951_01737	10,11,12,15,16,34,179,180,186,187,284,285,286,294,300,333,339,341,345,346,352,366,376,391,393,394,422,509,512,529,541,561,583,593,614,637,644,655,680,684
draft_22951_01738	10,11,12,13,15,16,179,180,181,182,186,187,188,189,193,200,256,257,258,259,260,262,284,285,286,333,334,341,345,346,352,356,357,358,359,366,371,372,373,374,377,385,388,391,397,404,417,419,431,432,435,436,438,442,443,446,447,448,450,454,465,471,473,483,491,492,496,503,507,517,521,522,524,525,531,539,540,541,546,547,550,553,556,557,565,570,571,577,578,579,583,585,586,593,596,600,601,604,608,609,612,614,619,629,634,635,641,657,658,661,665,666,669,678,679,680,684,689,697,698,709,710,711,713
draft_22951_01739	10,11,12,13,15,16,19,179,180,184,185,186,187,193,194,200,256,258,260,284,285,286,287,300,333,334,336,341,345,346,352,353,356,357,366,371,372,375,376,377,378,385,391,392,393,394,417,421,431,435,438,440,442,444,447,450,452,465,471,491,494,496,503,517,521,525,529,536,541,546,547,550,553,554,557,561,565,571,579,580,581,583,585,586,593,594,596,598,600,601,604,608,609,614,619,624,625,629,634,635,637,641,644,646,647,648,655,657,658,661,665,666,669,672,673,674,675,678,679,680,684,685,689,693,697,698,705,709,710,711,713,759,822
draft_22951_01740	10,11,12,13,15,16,19,20,21,179,180,186,187,256,258,284,285,286,287,300,301,333,334,336,342,345,347,352,353,356,357,367,371,372,375,382,383,385,394,395,399,406,417,421,431,435,440,442,444,447,452,463,465,471,477,491,494,499,511,516,517,519,521,523,525,536,538,542,543,549,550,553,554,557,565,566,567,571,574,575,579,580,583,585,590,593,595,596,598,600,604,605,606,607,608,609,615,616,619,620,621,624,627,633,634,635,638,641,642,644,652,656,661,665,667,669,672,673,678,679,680,681,684,685,689,690,692,693,694,697,698,699,700,705,706,709,710,711,713,715,778
draft_22951_01741	10,11,12,13,15,16,19,20,21,179,180,181,182,186,187,193,256,257,258,260,284,285,286,287,309,333,334,342,345,347,352,353,356,357,359,366,367,371,372,375,376,377,380,382,383,385,388,390,391,392,397,398,404,406,407,417,419,421,431,435,440,442,443,444,447,450,451,452,454,465,471,473,477,483,485,488,491,494,496,499,505,507,517,520,521,522,524,525,531,536,539,541,542,543,546,549,550,553,554,556,557,558,561,565,566,571,573,574,575,579,580,581,582,583,585,586,590,591,593,594,595,596,597,600,602,604,605,607,609,614,615,618,619,620,621,622,625,626,627,629,633,635,637,638,639,641,642,643,646,647,648,651,652,653,655,656,658,661,665,666,667,668,669,674,675,678,679,680,681,684,685,689,690,693,697,698,699,705,709,710,711,715,778
draft_22951_01742	10,11,12,13,15,16,17,19,20,179,180,181,182,186,188,189,193,256,257,258,259,260,284,285,286,287,333,334,341,345,346,352,353,356,357,358,359,360,366,371,372,375,376,377,378,379,380,382,385,386,388,389,390,391,392,397,398,404,417,419,421,431,432,435,438,439,440,442,443,444,447,450,451,452,454,465,471,473,483,485,488,491,494,496,503,505,507,517,520,521,522,524,525,531,536,537,539,540,541,546,547,550,553,554,556,557,561,565,570,571,573,578,579,580,581,583,585,586,593,594,596,597,598,600,601,602,603,604,608,609,612,614,619,622,624,625,629,634,635,637,641,646,647,648,651,655,657,658,661,665,666,669,672,674,675,678,679,680,684,685,693,696,708,709,710,711,713
draft_22951_01743	10,11,12,13,15,16,19,20,144,146,147,179,180,181,182,186,187,193,256,257,258,260,284,285,286,287,300,333,334,341,345,352,353,356,357,358,359,371,372,375,376,377,378,385,388,391,392,393,394,397,398,404,417,419,421,431,432,435,438,440,442,443,444,447,450,452,454,465,471,473,483,491,496,503,507,517,521,524,525,531,536,539,540,546,547,550,553,554,556,557,561,565,571,577,578,579,581,583,585,586,589,593,594,596,600,601,604,608,609,614,619,629,634,635,637,641,646,648,651,655,657,658,661,665,666,669,672,673,675,678,679,680,684,689,709,710,711,717,780
draft_22951_01744	10,11,12,13,15,16,144,146,147,179,180,186,187,193,194,200,201,256,257,258,260,262,284,285,286,300,333,334,341,345,352,356,357,358,359,360,371,372,375,376,377,380,385,388,390,391,393,394,397,400,401,404,417,419,431,432,435,438,439,442,443,447,450,451,454,465,471,473,483,485,486,488,489,491,496,500,505,507,517,520,521,524,525,528,531,539,546,548,550,553,556,557,561,565,570,571,573,577,579,583,585,586,593,596,597,600,604,608,609,612,614,619,629,634,635,637,641,655,657,658,661,665,666,669,675,678,679,680,684,689,697,698,709,710,711,713,714,735,756,777,798,819
draft_22951_01745	10,11,12,13,15,19,20,21,179,180,181,182,186,187,193,256,257,258,260,284,285,286,287,333,334,341,345,352,353,356,357,358,359,367,371,372,375,377,378,381,385,386,387,388,391,397,404,406,417,419,421,431,432,435,438,441,442,443,444,447,450,453,454,465,471,473,483,491,494,496,503,507,517,521,524,525,531,536,539,540,546,547,549,550,553,554,556,557,565,571,574,575,577,578,579,580,583,585,586,593,595,596,598,600,601,604,605,608,609,614,619,620,624,629,634,635,638,641,642,656,657,658,661,665,666,667,669,672,673,678,679,680,681,683,684,685,686,689,690,693,697,698,699,700,705,709,710,711,713,756,759,819,822
draft_22951_01746	10,11,12,13,15,16,19,144,146,147,179,180,183,186,187,193,256,257,258,260,284,285,286,287,300,333,334,341,345,352,353,356,357,358,359,371,372,375,377,378,385,386,387,388,391,393,394,397,400,401,404,417,419,421,431,432,435,438,440,442,443,444,447,450,452,454,465,471,473,483,491,494,496,503,507,517,521,524,525,528,531,536,539,540,546,547,550,553,554,556,557,565,571,577,578,579,580,583,585,586,593,596,598,600,601,604,608,609,614,619,624,629,634,635,641,644,646,657,658,661,665,666,669,672,673,678,679,680,684,685,689,693,697,698,705,709,710,711,713,714,729,738,759,777,792,801,822
draft_22951_01747	10,11,12,15,16,34,144,146,147,179,180,256,284,285,286,294,300,301,333,334,341,345,352,356,357,371,372,375,376,377,378,385,391,393,394,395,399,417,422,431,435,438,442,447,450,465,471,478,491,496,503,509,512,516,517,518,521,523,525,546,547,550,553,557,561,565,571,579,583,585,586,593,596,600,601,604,608,609,614,619,629,634,635,636,637,641,644,655,658,661,665,666,669,675,678,679,680,684,689,709,710,711,717,780
draft_22951_01748	10,11,12,13,15,19,20,21,144,146,147,179,180,256,257,258,284,285,286,287,300,333,334,341,345,347,352,353,356,357,358,359,367,371,372,375,377,381,385,388,391,393,394,397,400,401,404,406,417,419,421,431,432,435,438,441,442,443,444,447,450,453,454,462,465,471,473,483,491,494,495,496,507,517,521,524,525,528,531,536,537,539,540,546,549,550,553,554,556,557,565,567,571,574,575,578,579,580,583,585,586,593,595,596,598,600,601,603,604,605,608,609,614,615,616,619,620,624,629,634,635,638,641,642,644,656,657,658,660,661,665,666,667,669,672,678,679,680,681,684,685,689,690,692,693,696,699,700,703,704,705,708,709,710,711,713
draft_22951_01749	10,11,12,15,19,20,144,146,147,150,151,179,180,186,187,256,257,258,260,284,285,286,287,300,333,334,341,342,345,352,353,356,357,358,359,367,368,371,372,377,378,381,382,383,385,386,387,388,391,393,394,397,400,401,404,406,417,419,431,432,435,438,442,443,447,450,454,465,471,473,477,483,491,496,499,503,507,517,521,524,525,528,531,539,540,542,543,545,546,547,549,550,553,556,557,564,565,566,568,571,574,575,577,578,579,583,585,586,590,593,595,596,600,601,604,605,607,608,609,611,614,619,620,627,629,631,634,635,638,639,641,642,644,652,653,656,657,658,661,662,663,665,666,667,669,678,679,680,681,683,684,689,690,692,697,698,699,700,703,704,709,710,711,715,722,736,743,759,762,778,785,799,806,822,825
draft_22951_01750	10,11,12,13,15,19,20,21,144,149,150,179,180,186,187,256,258,284,285,286,287,333,334,345,346,347,352,353,356,357,366,367,371,372,381,385,391,392,406,417,421,431,435,440,441,442,444,447,452,453,465,471,491,494,517,521,525,536,541,549,550,553,554,557,565,571,574,575,579,580,583,585,593,595,596,598,600,604,605,608,609,614,615,619,620,624,629,634,635,638,641,642,646,647,651,656,657,661,665,667,669,672,673,678,679,680,681,683,684,685,686,688,689,690,693,697,699,705,709,710,711,713,756,819
draft_22951_01751	10,11,12,15,16,34,144,146,147,179,180,256,284,285,286,294,300,301,333,334,336,341,345,352,356,357,371,372,375,376,377,378,385,391,393,394,395,399,417,422,431,435,438,442,447,450,465,471,478,491,496,503,509,512,516,517,518,521,523,525,546,547,550,553,557,561,565,571,579,583,585,586,593,596,600,601,604,608,609,614,619,629,634,635,636,637,641,644,655,658,661,665,666,669,675,678,679,680,684,689,709,710,711,717,780
draft_22951_01752	10,11,12,19,20,144,147,148,151,179,180,256,257,258,284,285,287,333,334,342,345,353,356,357,371,372,375,382,385,406,410,417,421,431,433,435,442,444,447,471,477,491,494,499,517,521,525,536,542,543,549,553,554,557,565,566,571,574,575,579,580,583,585,589,590,595,596,598,600,604,605,607,609,615,619,620,621,624,627,633,635,638,641,642,652,656,661,665,667,669,672,673,678,679,680,681,685,688,689,693,697,705,709,710,711,713,756,819,861
draft_22951_01753	10,11,12,13,15,19,20,21,179,180,186,187,256,258,284,285,286,287,300,333,334,341,345,347,352,353,356,357,367,371,372,375,377,378,381,385,391,393,394,406,417,421,431,435,438,440,441,442,444,447,450,452,453,463,465,471,491,494,496,503,517,521,525,536,538,546,547,549,550,553,554,557,565,568,571,574,575,579,580,581,583,585,586,593,595,596,598,600,601,604,605,606,608,609,614,615,619,620,624,625,629,634,635,638,639,641,642,644,646,656,657,658,661,663,665,666,667,669,672,673,674,678,679,680,681,684,685,689,690,693,699,705,709,710,711,759,822
draft_22951_01754	10,11,12,19,20,144,147,179,180,256,257,258,284,285,287,333,334,342,345,347,353,356,357,367,371,372,375,382,385,406,410,417,421,431,433,435,437,442,444,447,449,471,477,491,494,499,517,521,525,536,542,543,549,553,554,557,565,566,571,574,575,579,580,583,585,590,595,596,598,600,604,605,607,609,615,619,620,621,624,627,633,635,638,641,642,652,656,661,665,667,669,672,673,678,679,680,681,685,689,693,697,698,705,709,710,711,714,777
draft_22951_01755	10,11,12,13,15,16,19,20,179,180,183,184,185,186,193,256,284,285,286,287,301,333,334,336,341,342,345,352,353,356,357,366,371,372,375,385,391,417,421,431,433,435,438,440,442,444,447,450,452,471,491,516,517,519,521,525,536,541,553,554,557,565,571,579,580,583,585,593,596,600,604,609,614,619,635,641,646,657,661,665,669,672,674,678,679,680,684,685,689,693,695,696,697,698,705,707,709,710,711,713,714,777
draft_22951_01756	10,11,12,13,19,20,21,179,180,186,187,256,258,284,285,287,333,334,342,345,353,356,357,367,371,372,375,382,383,385,406,417,421,431,433,435,442,444,447,471,477,491,494,499,517,521,525,536,542,543,545,549,553,554,557,565,566,568,571,574,575,576,579,580,582,583,585,590,595,596,598,600,604,605,607,609,619,620,624,626,627,631,635,638,640,641,642,643,652,654,656,661,663,665,667,669,672,673,678,679,680,681,682,685,687,689,690,691,693,697,699,700,701,702,705,709,710,711,715,720,736,741,757,762,778,783,799,804,820,825
draft_22951_01757	10,11,12,13,19,20,144,145,179,180,183,186,187,193,284,285,287,309,333,334,335,336,338,342,345,353,375,407,417,421,431,433,435,442,444,447,463,491,525,536,538,554,557,580,583,600,618,638,641,661,672,679,680,681,685,689,690,693,697,698,699,700,705,709,710,711,712,713,777,798,819,840,841,861,862
draft_22951_01758	10,11,12,13,15,19,20,179,180,181,182,186,187,193,194,200,256,257,258,260,262,284,285,286,287,309,333,334,341,342,345,346,352,353,356,357,358,359,366,371,372,377,378,382,383,385,386,387,388,391,392,397,398,404,407,417,419,421,431,432,435,438,440,442,443,444,447,450,452,454,465,471,473,483,491,494,496,499,503,507,517,521,522,524,525,531,536,539,540,541,542,546,547,549,550,553,554,556,557,565,571,574,575,577,578,579,580,582,583,585,586,591,593,596,598,600,601,604,607,608,609,614,618,619,620,624,626,629,634,635,638,639,641,642,643,646,647,652,653,656,657,658,661,665,666,668,669,672,678,679,680,681,684,685,689,690,693,696,697,698,699,705,708,709,710,711,759,822
draft_22951_01759	10,11,12,13,15,16,17,19,20,179,180,181,182,186,187,188,189,193,200,256,257,258,259,260,262,284,285,286,287,300,333,334,341,345,346,352,353,356,357,358,359,360,366,371,372,375,376,377,378,379,380,382,385,386,388,389,390,391,392,393,394,397,398,404,417,419,421,431,432,435,438,439,440,442,443,444,447,450,451,452,454,465,471,473,483,485,488,491,494,496,503,505,507,517,520,521,522,524,525,531,536,537,539,540,541,546,547,550,553,554,556,557,561,565,570,571,573,578,579,580,581,583,585,586,593,594,596,597,598,600,601,602,603,604,608,609,612,614,619,622,624,625,629,634,635,637,641,644,646,647,648,651,655,657,658,661,665,666,669,672,674,675,678,679,680,684,685,689,693,696,698,708,709,710,711,713,717,735,759,780,798,822
draft_22951_01760	10,11,12,13,15,16,19,20,21,144,149,150,179,180,186,187,193,194,256,258,260,284,285,286,287,300,333,334,339,341,345,346,347,352,353,356,357,366,367,371,372,375,377,378,381,385,391,392,393,394,406,417,421,431,435,438,440,441,442,444,447,450,452,453,465,471,491,494,496,503,517,521,525,536,537,541,546,547,550,553,554,557,565,567,571,579,580,583,585,586,593,596,598,600,601,603,604,608,609,614,615,616,619,624,629,634,635,638,641,644,646,647,651,657,658,660,661,665,666,669,672,673,678,679,680,681,684,685,686,688,689,690,693,697,699,705,709,710,711,713,717,756,780,819
draft_22951_01761	10,11,12,13,19,20,21,179,180,182,186,187,193,256,257,258,260,284,285,287,333,334,342,345,353,356,357,367,371,372,375,382,383,385,386,406,410,417,421,431,433,435,442,444,447,471,477,491,494,499,517,521,525,536,542,543,545,549,553,554,557,565,566,568,571,574,575,579,580,582,583,585,589,590,595,596,598,600,604,605,607,609,615,619,620,621,624,626,627,631,633,635,638,641,642,643,652,656,661,663,665,667,669,672,673,678,679,680,681,682,685,687,689,690,691,693,694,697,698,699,700,701,702,705,706,709,710,711,715,735,736,757,762,778,798,799,820,825
draft_22951_01762	10,11,12,15,19,284,285,286,287,300,333,345,352,353,375,394,421,440,444,452,536,580,583,593,644,680,684,685,689,693,697,705
draft_22951_01763	10,11,12,13,15,19,20,144,147,179,180,186,187,256,257,258,260,284,285,286,287,333,334,341,342,345,352,353,356,357,366,371,372,375,377,378,382,383,385,386,391,392,406,410,417,421,431,433,435,438,440,442,444,447,450,452,463,465,471,477,491,494,496,499,503,517,521,525,536,537,538,541,542,543,546,547,549,550,553,554,557,565,566,567,571,574,575,579,580,583,585,586,590,593,595,596,598,600,601,603,604,605,606,607,608,609,614,615,616,619,620,621,624,627,629,633,634,635,638,641,642,646,647,652,656,657,658,660,661,665,666,667,669,672,673,678,679,680,681,684,685,689,690,692,693,694,695,696,697,698,699,703,705,706,707,709,710,711,713,757,820
draft_22951_01764	10,11,12,13,15,19,20,179,180,186,187,256,258,284,285,286,287,300,309,333,334,342,345,346,352,353,356,357,366,371,372,382,383,385,391,393,394,407,417,421,431,435,440,442,444,447,452,465,471,491,494,499,517,521,525,529,536,541,542,543,549,550,553,554,557,565,571,574,575,579,580,582,583,585,591,593,596,598,600,604,607,608,609,614,618,619,620,624,626,629,634,635,638,639,641,642,643,644,646,647,652,656,657,661,665,668,669,672,673,678,679,680,681,684,685,689,690,693,697,699,705,709,710,711,757,820
draft_22951_01765	10,11,12,13,15,19,20,179,180,256,284,285,286,287,333,334,342,345,346,352,353,356,357,366,371,372,375,381,382,383,385,391,392,406,417,421,431,435,440,441,442,444,447,452,453,465,471,477,491,494,499,517,521,525,536,541,542,543,549,550,553,554,557,565,566,571,574,575,579,580,583,585,590,593,595,596,598,600,604,605,607,608,609,614,615,619,620,621,623,624,627,629,633,634,635,638,641,642,646,647,652,656,657,661,665,667,669,672,673,678,679,680,681,684,685,689,690,692,693,694,703,705,706,709,710,711,715,778
draft_22951_01766	10,11,12,13,15,16,17,18,144,146,147,151,153,154,179,180,186,187,193,194,256,257,258,259,260,262,284,285,286,301,333,334,341,345,352,356,357,359,360,371,372,375,376,377,378,380,385,390,391,397,417,419,423,431,435,438,439,442,443,447,450,451,454,465,471,478,483,487,488,491,496,503,505,516,517,518,520,521,525,531,539,546,547,550,553,556,557,561,565,571,577,579,583,585,586,593,596,597,600,601,604,608,609,614,619,629,634,635,641,655,657,658,661,665,666,669,675,678,679,680,684,689,709,710,711,714,759,777,822
draft_22951_01767	10,11,12,13,15,16,19,20,179,180,186,187,256,258,284,285,286,287,300,301,333,334,335,342,345,346,352,353,356,357,366,367,371,372,375,382,383,385,394,395,399,406,417,419,421,431,435,436,440,442,443,444,447,448,452,465,468,471,477,491,494,499,516,517,519,521,525,536,539,542,543,549,550,553,554,556,557,565,566,571,574,575,577,579,580,583,585,590,593,595,596,598,600,604,605,607,608,609,619,620,624,627,634,635,638,641,642,645,652,656,661,665,667,669,672,673,678,679,680,681,684,685,689,690,693,697,698,699,705,709,710,711,712,713,714,757,777,820
draft_22951_01768	10,11,12,13,19,20,179,180,182,186,187,193,256,257,258,260,284,285,287,333,334,342,345,353,356,357,371,372,375,382,383,385,386,406,410,417,421,431,433,435,442,444,447,471,477,491,494,499,517,521,525,536,542,543,549,553,554,557,565,566,571,574,575,579,580,582,583,585,589,590,595,596,598,600,604,605,607,609,615,619,620,621,624,626,627,633,635,638,641,642,643,652,656,661,665,667,669,672,673,678,679,680,681,685,689,690,693,697,698,699,705,709,710,711,735,757,798,820
draft_22951_01769	10,11,12,13,14,15,16,17,19,20,179,180,181,182,186,187,188,189,193,194,200,207,256,257,258,259,260,262,284,285,286,287,333,334,345,346,352,353,356,357,359,366,371,372,373,374,376,377,379,380,385,388,391,392,397,404,417,419,421,431,435,436,439,440,442,443,444,446,447,448,450,451,452,454,465,471,473,483,485,488,491,492,494,496,503,507,517,520,521,522,524,525,531,536,539,540,541,546,547,550,553,554,556,557,561,565,571,577,578,579,580,583,585,586,593,596,597,598,600,601,604,608,609,614,619,624,629,634,635,637,641,646,647,648,655,657,658,661,665,666,669,672,673,675,678,679,680,684,685,689,693,695,696,698,705,709,710,711,735,798
draft_22951_01770	10,11,12,13,15,16,19,179,180,186,187,193,194,256,258,260,284,285,286,287,300,301,333,334,336,341,345,346,352,353,356,357,366,371,372,375,377,378,385,391,392,394,395,399,417,419,421,431,435,436,438,440,442,443,444,447,448,450,452,465,468,471,491,496,503,516,517,519,521,525,536,539,541,546,547,550,553,556,557,565,571,577,579,580,583,585,586,593,596,598,600,601,604,608,609,614,619,629,634,635,641,644,645,658,661,665,666,669,678,679,680,684,685,689,693,697,698,705,709,710,711,713,717,780
draft_22951_01771	10,11,12,15,179,180,186,187,256,258,284,285,286,300,333,341,345,352,356,371,372,377,378,385,391,393,394,417,435,438,442,447,450,465,471,491,496,503,517,521,525,546,547,550,553,557,565,571,578,579,583,585,586,593,596,600,601,604,608,609,614,619,629,634,635,641,644,657,658,661,665,666,669,678,679,680,684
draft_22951_01772	10,11,12,13,15,16,34,144,146,147,179,180,183,186,187,193,256,257,258,260,284,285,286,294,300,333,334,341,345,346,352,356,357,358,359,366,371,372,376,377,378,385,386,387,388,391,393,394,397,400,401,404,417,419,422,431,432,435,438,442,443,447,450,454,465,471,473,483,491,496,503,507,509,512,517,521,524,525,528,529,531,539,540,541,546,547,550,553,556,557,561,565,571,577,578,579,583,585,586,593,596,600,601,604,608,609,614,619,629,634,635,637,641,644,655,657,658,661,665,666,669,678,679,680,684,689,697,698,709,710,711,713,717,735,759,780,798,822
draft_22951_01773	10,11,12,15,19,144,146,147,179,180,186,187,256,257,258,260,284,285,286,287,333,334,341,342,345,352,353,356,357,358,359,371,372,377,378,382,383,385,387,388,391,397,404,406,410,417,419,421,431,432,433,435,438,440,442,443,444,447,450,452,454,462,465,471,473,477,483,491,493,494,495,496,498,499,503,507,517,521,524,525,531,536,537,539,540,542,543,544,546,547,549,550,553,554,556,557,565,566,567,571,574,575,577,579,580,583,585,586,590,593,595,596,598,600,601,603,604,605,607,608,609,613,614,615,616,619,620,621,624,627,629,633,634,635,638,641,642,646,652,656,657,658,660,661,665,666,667,669,672,673,678,679,680,681,684,685,689,690,693,699,705,709,710,711,764,827
draft_22951_01774	10,11,12,13,15,16,19,179,180,186,187,193,194,256,258,260,284,285,286,287,300,301,333,334,341,345,346,352,353,356,357,366,371,372,377,378,385,386,391,393,394,395,399,417,419,421,431,435,436,438,440,442,443,444,447,448,450,452,465,468,471,491,496,503,516,517,519,521,525,529,537,540,541,546,547,550,553,556,557,565,570,571,579,583,585,586,593,596,600,601,603,604,608,609,612,614,619,629,634,635,641,644,645,657,658,661,665,666,669,678,679,680,684,689,697,709,710,711,713,738,756,759,801,819,822
draft_22951_01775	10,11,12,15,144,146,147,179,180,256,257,258,284,285,286,333,334,345,346,352,356,357,359,366,371,372,373,374,377,385,388,391,392,397,398,404,417,419,431,435,436,442,443,446,447,448,450,454,465,471,473,483,491,492,496,503,507,517,521,522,524,525,531,539,540,541,546,547,550,553,556,557,565,571,577,578,579,583,585,586,593,596,600,601,604,608,609,614,619,629,634,635,641,657,658,661,665,666,669,678,679,680,684,689,697,709,710,711
draft_22951_01776	10,11,12,13,15,19,20,144,146,147,179,180,186,187,256,257,258,260,284,285,286,287,300,333,334,341,345,352,353,356,357,358,359,367,371,372,375,377,381,385,388,391,393,394,397,400,401,404,406,417,419,421,431,432,435,438,441,442,443,444,447,450,453,454,465,471,473,483,491,494,496,507,517,521,524,525,528,531,536,539,540,546,549,550,553,554,556,557,565,571,574,575,577,578,579,580,581,583,585,586,593,595,596,598,600,601,604,605,608,609,614,619,620,624,625,629,634,635,638,639,641,642,644,656,657,658,661,665,666,667,669,672,674,678,679,680,681,683,684,685,686,689,690,693,697,698,699,700,705,709,710,711,713
draft_22951_01777	10,11,12,13,15,16,144,146,147,179,180,256,257,258,284,285,286,333,341,345,346,352,356,358,359,360,366,371,372,375,376,377,378,380,385,387,388,390,391,392,397,398,404,417,419,432,435,438,439,442,443,447,450,451,454,465,471,473,483,485,486,488,491,496,500,503,505,507,517,520,521,522,524,525,531,539,540,541,546,547,548,550,553,556,557,561,565,570,571,573,577,579,583,585,586,593,596,597,600,601,604,608,609,612,614,619,629,634,635,637,641,655,657,658,661,665,666,669,675,678,679,680,684,689,697,771,834
draft_22951_01778	10,11,12,13,15,19,20,179,180,186,187,256,258,284,285,286,287,300,333,334,341,342,345,352,353,356,357,367,371,372,375,377,378,382,383,385,391,393,394,406,417,421,431,435,438,440,442,444,447,450,452,465,471,477,491,496,499,503,517,521,525,536,542,543,545,546,547,549,550,553,557,565,566,568,571,574,575,579,580,583,585,586,590,593,595,596,598,600,601,604,605,607,608,609,614,619,620,627,629,631,634,635,638,641,642,644,646,652,656,657,658,661,663,665,666,667,669,678,679,680,681,684,685,689,690,692,693,694,697,699,700,703,705,706,709,710,711,715,717,736,762,778,780,799,825
draft_22951_01779	10,11,12,13,15,19,20,144,147,151,154,179,180,186,187,256,257,258,259,260,262,284,285,286,287,300,333,334,342,345,346,347,352,353,356,357,366,367,371,372,382,383,385,386,391,393,394,406,410,417,421,431,433,435,437,440,442,444,447,449,452,465,471,477,491,494,499,517,521,525,529,536,541,542,543,549,550,553,554,557,565,566,571,574,575,579,580,581,582,583,585,589,590,593,595,596,598,600,604,605,607,608,609,614,615,619,620,621,624,626,627,629,633,634,635,638,639,641,642,643,644,646,647,652,656,657,661,665,667,669,672,673,678,679,680,681,684,685,689,690,693,697,698,699,700,705,709,710,711,713,735,757,798,820
draft_22951_01780	10,11,12,15,144,146,147,179,180,183,186,256,257,258,284,285,286,300,333,334,341,345,352,356,357,358,359,371,372,377,378,385,386,387,388,391,393,394,397,400,401,404,417,419,431,432,435,438,442,443,447,450,454,465,471,473,483,491,496,503,507,517,521,524,525,528,531,539,540,546,547,550,553,556,557,565,571,577,578,579,583,585,586,593,596,600,601,604,608,609,614,619,629,634,635,641,644,657,658,661,665,666,669,678,679,680,684,689,697,698,709,710,711,713,759,822
draft_22951_01781	10,11,12,13,15,16,17,19,20,179,180,181,182,186,187,188,189,193,200,256,257,258,259,260,262,284,285,286,287,300,333,334,339,341,345,346,352,353,356,357,358,359,360,366,371,372,375,376,377,378,379,380,382,385,386,388,389,390,391,392,393,394,397,398,404,417,419,421,431,432,435,438,439,440,442,443,444,447,450,451,452,454,465,471,473,483,485,488,491,494,496,503,505,507,517,520,521,522,524,525,529,531,536,537,539,540,541,546,547,550,553,554,556,557,561,565,570,571,573,578,579,580,581,583,585,586,593,594,596,597,598,600,601,602,603,604,608,609,612,614,619,622,624,625,629,634,635,637,641,644,646,647,648,651,655,657,658,661,665,666,669,672,674,675,678,679,680,684,685,689,693,696,697,708,709,710,711,713
draft_22951_01782	10,11,12,13,19,20,144,147,151,154,179,180,256,257,258,259,284,285,287,333,334,342,345,347,353,356,357,367,371,372,382,385,406,410,417,421,431,433,435,437,442,444,447,449,471,477,491,494,499,517,521,525,536,542,543,549,553,554,557,565,566,571,574,575,580,583,585,590,595,598,600,605,607,615,620,621,624,627,633,638,641,642,652,656,661,665,667,672,673,678,679,680,685,693,709
draft_22951_01783	10,11,12,13,15,19,20,179,180,186,187,256,258,284,285,286,287,300,333,334,341,342,345,352,353,356,357,371,372,375,377,378,385,391,393,394,417,421,431,433,435,438,440,442,444,447,450,452,465,471,491,494,496,503,517,521,525,536,546,547,550,553,554,557,565,571,579,580,583,585,586,593,596,598,600,601,604,608,609,614,619,624,629,634,635,641,644,646,657,658,661,665,666,669,672,673,678,679,680,684,685,689,693,697,705,709,710,711,717,780
draft_22951_01784	10,11,12,13,19,20,179,180,186,187,256,258,284,285,287,333,334,342,345,353,356,357,367,371,372,375,382,383,385,406,417,421,431,433,435,442,444,447,471,477,491,494,499,517,521,525,536,542,543,549,553,554,557,565,566,571,574,575,579,580,583,585,590,595,596,598,600,604,605,607,609,619,620,624,627,635,638,641,642,652,656,661,665,667,669,672,673,678,679,680,681,685,689,690,693,694,697,705,706,709,710,711,715,778
draft_22951_01785	10,11,12,13,15,16,19,20,144,146,147,179,180,186,187,193,194,200,201,256,258,260,262,284,285,286,287,300,333,334,339,341,345,346,352,353,356,357,366,371,372,377,378,385,386,391,392,393,394,417,421,431,435,438,440,442,444,447,450,452,465,471,491,496,503,517,521,525,529,536,537,541,546,547,550,553,557,565,570,571,579,580,581,583,585,586,593,594,596,600,601,603,604,608,609,612,614,619,629,634,635,641,644,646,651,657,658,661,665,666,669,678,679,680,684,686,688,689,697,709,710,711,713,717,738,756,759,780,801,819,822
draft_22951_01786	10,11,12,13,15,19,144,146,147,179,180,186,187,256,257,258,284,285,286,287,333,334,336,341,342,345,346,352,353,356,357,358,359,366,371,372,373,374,375,377,378,385,386,387,388,391,392,397,398,404,417,419,421,431,432,433,435,436,438,442,443,444,446,447,448,450,454,465,471,473,483,491,492,496,503,507,517,521,522,524,525,531,536,539,540,541,546,547,550,553,556,557,565,571,577,578,579,580,583,585,586,593,596,598,600,601,604,608,609,614,619,629,634,635,641,657,658,661,665,666,669,678,679,680,684,685,686,689,693,696,697,698,705,708,709,710,711,713,759,777,822
draft_22951_01787	10,11,12,13,15,19,179,180,186,187,193,194,256,258,260,284,285,286,287,300,333,334,341,342,345,346,352,353,356,357,366,367,371,372,375,377,378,382,383,385,386,391,393,394,406,417,431,435,438,442,447,450,465,471,477,491,496,499,503,517,521,525,529,541,542,543,546,547,549,550,553,557,565,566,571,574,575,579,583,585,586,590,593,595,596,600,601,604,605,607,608,609,614,619,620,627,629,634,635,638,639,641,642,644,652,656,657,658,661,665,666,667,669,678,679,680,681,684,689,690,697,698,699,700,709,710,711,713,714,715,735,736,756,757,777,778,798,799,819,820
draft_22951_01788	10,11,12,13,15,16,19,144,146,147,179,180,186,187,193,194,256,257,258,260,262,284,285,286,287,300,301,333,334,341,345,346,352,353,356,357,358,359,366,371,372,375,377,378,385,386,387,388,391,392,394,395,397,398,399,404,417,419,421,431,432,435,436,438,440,442,443,444,447,448,450,452,454,465,468,471,473,483,491,494,496,503,507,516,517,519,521,522,524,525,531,536,539,540,541,546,547,550,553,554,556,557,565,571,577,578,579,580,583,585,586,593,596,598,600,601,604,608,609,614,619,624,629,634,635,641,645,657,658,661,665,666,669,672,673,678,679,680,684,685,689,693,697,698,705,709,710,711,713,714,717,735,759,777,780,798,822
draft_22951_01789	10,11,12,13,15,16,19,179,180,186,187,193,194,256,258,260,284,285,286,287,300,333,334,339,341,345,346,352,353,356,357,366,371,372,375,377,378,385,391,392,393,394,417,421,431,435,438,440,442,444,447,450,452,465,471,491,494,496,503,517,521,525,529,536,541,546,547,550,553,554,557,565,571,579,580,583,585,586,593,596,598,600,601,604,608,609,614,619,624,629,634,635,641,646,647,657,658,661,665,666,669,672,673,678,679,680,684,685,689,693,696,697,698,705,708,709,710,711,717,780
draft_22951_01790	10,11,12,15,144,146,147,179,180,256,257,258,284,285,286,333,334,341,345,346,352,356,357,358,359,366,371,372,373,374,375,377,378,385,386,387,388,391,392,397,398,404,417,419,431,432,435,436,438,442,443,446,447,448,450,454,465,471,473,483,491,492,496,503,507,517,521,522,524,525,531,539,540,541,546,547,550,553,556,557,565,571,577,578,579,583,585,586,593,596,600,601,604,608,609,614,619,629,634,635,641,657,658,661,665,666,669,678,679,680,684,689,697,698,709,710,711,713,714,735,738,756,759,777,798,801,819,822
draft_22951_01791	10,11,12,15,144,146,147,179,180,186,187,256,257,258,260,284,285,286,300,333,334,341,345,352,356,357,358,359,371,372,377,378,385,386,387,388,391,393,394,397,400,401,404,417,419,431,432,435,438,442,443,447,450,454,465,471,473,483,491,496,503,507,517,521,524,525,528,531,539,540,546,547,550,553,556,557,565,571,577,578,579,583,585,586,593,596,600,601,604,608,609,614,619,629,634,635,641,644,657,658,661,665,666,669,678,679,680,684,689,697,698,709,710,711,759,822
draft_22951_01792	10,11,12,13,15,16,19,144,146,147,179,180,186,187,193,194,256,257,258,260,262,284,285,286,287,300,333,334,341,345,346,352,356,357,358,359,366,371,372,376,377,378,385,386,387,388,391,392,393,394,397,398,404,417,419,421,431,432,435,438,442,443,447,450,452,454,465,471,473,483,491,496,503,507,517,521,522,524,525,529,531,539,540,541,546,547,550,553,556,557,561,565,571,577,578,579,583,585,586,593,594,596,600,601,604,608,609,614,619,629,634,635,637,641,644,646,647,655,657,658,661,665,666,669,675,678,679,680,684,689,697,698,709,710,711,713,759,822
draft_22951_01793	10,11,12,13,15,16,19,179,180,181,182,186,187,193,194,200,256,257,258,260,262,284,285,286,287,301,333,334,341,342,345,352,353,356,357,358,359,371,372,377,382,383,385,386,388,406,417,419,423,431,432,435,438,442,443,447,450,465,468,471,477,478,491,499,516,517,521,524,525,531,539,542,543,546,549,550,553,556,557,565,566,571,574,575,577,579,583,585,590,593,595,596,600,601,604,605,607,608,609,613,615,617,619,620,621,627,633,634,635,638,641,642,645,652,656,661,665,666,667,669,678,679,680,681,683,684,689,690,697,698,699,700,709,710,711,713,756,819
draft_22951_01794	10,11,12,13,15,19,20,21,144,146,147,179,180,256,257,258,284,285,286,287,300,333,334,341,345,347,352,353,356,357,358,359,367,371,372,375,377,381,385,388,391,393,394,397,400,401,404,406,417,419,421,431,432,435,438,441,442,443,444,447,450,453,454,462,465,471,473,483,491,494,495,496,507,517,521,524,525,528,531,536,537,539,540,546,549,550,553,554,556,557,565,567,571,574,575,578,579,580,581,583,585,586,593,595,596,598,600,601,603,604,605,608,609,614,615,616,619,620,624,625,629,634,635,638,639,641,642,644,656,657,658,660,661,665,666,667,669,672,674,678,679,680,681,683,684,685,686,689,690,691,692,693,694,695,696,699,701,704,708,709,710,711,713
draft_22951_01795	10,11,12,13,15,16,179,180,181,182,186,187,193,194,200,256,257,258,260,284,285,286,333,334,335,339,341,345,346,352,356,357,358,359,360,366,371,372,375,376,377,378,379,380,385,386,387,388,390,391,392,397,404,417,419,431,432,435,438,439,442,443,447,450,451,454,465,471,473,483,485,488,491,496,503,505,507,517,520,521,524,525,531,539,540,541,546,547,550,553,556,557,561,565,571,573,577,579,583,585,586,593,594,596,597,600,601,602,604,608,609,614,619,622,629,634,635,637,641,655,657,658,661,665,666,669,675,678,679,680,684,689,697,698,709,710,711,712,713,714,759,777,822
draft_22951_01796	10,11,12,13,15,19,20,144,147,179,180,186,187,256,257,258,260,284,285,286,287,300,333,334,336,341,342,345,352,353,356,357,371,372,375,377,378,382,383,385,386,391,393,394,406,410,417,421,431,433,435,438,440,442,444,447,450,452,463,465,471,477,491,494,496,499,503,517,521,525,536,537,538,542,543,546,547,549,550,553,554,557,565,566,567,571,574,575,579,580,583,585,586,590,593,595,596,598,600,601,603,604,605,606,607,608,609,614,615,616,619,620,621,624,627,629,633,634,635,638,641,642,644,646,652,656,657,658,660,661,665,666,667,669,672,673,678,679,680,681,684,685,689,690,692,693,694,695,696,697,698,699,703,705,706,707,709,710,711,713,757,759,820,822
draft_22951_01797	10,11,12,13,15,16,19,144,146,147,179,180,181,182,186,187,193,256,257,258,259,260,262,284,285,286,287,301,333,334,341,345,346,352,353,356,357,358,359,366,371,372,375,377,378,382,385,386,387,388,391,392,397,398,404,417,419,421,431,432,435,436,438,440,442,443,444,447,448,450,452,454,465,468,471,473,478,483,491,494,496,503,507,516,517,519,521,522,524,525,531,536,539,540,541,546,547,550,553,554,556,557,565,571,577,578,579,580,583,585,586,593,596,598,600,601,604,608,609,614,619,624,629,634,635,641,645,646,657,658,661,665,666,669,672,678,679,680,684,685,689,693,696,697,698,708,709,710,711,713,717,735,759,780,798,822
draft_22951_01798	10,11,12,15,19,20,144,146,147,179,180,256,257,258,284,285,286,287,333,334,339,341,345,346,347,352,353,356,357,359,366,367,371,372,373,374,375,377,381,385,388,391,392,397,398,404,406,417,419,421,431,435,436,441,442,443,444,446,447,448,450,453,454,465,471,473,483,491,492,496,503,507,517,521,522,524,525,531,536,537,539,540,541,546,547,550,553,556,557,565,567,571,577,578,579,580,583,585,586,593,596,600,601,603,604,608,609,614,615,616,619,629,634,635,638,641,657,658,660,661,665,666,669,678,679,680,681,684,685,689,690,693,697,699,705,709,710,711
draft_22951_01799	10,11,12,13,15,19,20,179,180,181,182,186,187,193,256,257,258,260,284,285,286,287,333,334,336,345,346,347,352,353,356,357,359,366,367,371,372,373,374,377,381,385,388,391,397,404,406,417,419,421,431,435,436,441,442,443,444,446,447,448,450,453,454,465,471,473,483,491,492,494,496,503,507,517,521,522,524,525,531,536,539,540,541,546,547,549,550,553,554,556,557,565,571,574,575,577,578,579,580,581,583,585,586,593,595,596,598,600,601,604,605,608,609,614,615,619,620,624,625,629,634,635,638,639,641,642,656,657,658,661,665,666,667,669,672,673,674,678,679,680,681,684,685,689,690,692,696,697,698,699,703,709,710,711,713
draft_22951_01800	10,11,12,13,15,16,19,20,144,149,150,179,180,181,182,186,187,193,194,200,256,257,258,260,262,284,285,286,287,309,333,334,341,345,346,352,353,356,357,359,366,371,372,375,376,377,378,380,382,385,388,390,391,392,397,398,404,407,417,419,421,431,435,436,438,440,442,443,444,447,448,450,451,452,454,465,471,473,483,485,488,491,494,496,499,503,505,507,517,520,521,524,525,531,536,539,542,546,547,549,550,553,554,556,557,558,561,565,571,573,574,578,579,581,582,583,585,586,591,593,594,596,597,600,601,602,604,608,609,614,618,619,622,625,626,629,634,635,637,639,641,642,643,646,648,651,653,655,657,658,661,665,666,668,669,674,675,678,679,680,684,689,697,709,710,711,759,822
draft_22951_01801	10,11,12,13,15,19,20,21,144,146,147,179,180,186,187,256,258,284,285,286,287,333,334,336,342,345,346,352,353,356,357,366,367,371,372,375,382,383,385,391,392,406,417,421,431,435,440,442,444,447,452,471,477,491,499,517,521,525,536,541,542,543,545,549,553,557,565,566,568,571,574,575,579,580,583,585,590,593,595,596,600,604,605,607,608,609,614,619,620,627,631,635,638,641,642,646,647,651,652,656,657,661,663,665,667,669,678,679,680,681,684,685,686,688,689,690,692,693,697,698,699,700,703,705,709,710,711,713,714,715,736,762,777,778,799,825
draft_22951_01802	10,11,12,13,19,20,21,179,180,186,187,256,258,284,285,287,333,334,342,345,353,356,357,367,371,372,375,382,383,385,406,417,421,431,433,435,442,444,447,471,477,491,494,499,517,521,525,536,542,543,545,549,553,554,557,565,566,568,571,574,575,576,579,580,583,585,590,595,596,598,600,604,605,607,609,619,620,624,627,631,635,638,640,641,642,652,654,656,661,663,665,667,669,672,673,678,679,680,681,685,689,690,691,693,697,698,700,701,702,705,709,710,711,714,715,736,741,762,777,778,799,804,825
draft_22951_01803	10,11,12,13,15,19,20,21,179,180,186,187,256,258,284,285,286,287,333,334,341,342,345,346,347,352,353,356,357,366,367,371,372,375,377,378,382,383,385,391,392,406,417,421,431,435,438,440,442,444,447,450,452,465,471,477,491,494,496,499,503,517,521,525,536,541,542,543,545,546,547,549,550,553,554,557,565,566,568,571,574,575,576,579,580,583,585,586,590,593,595,596,598,600,601,604,605,607,608,609,614,615,619,620,621,624,627,629,631,633,634,635,638,640,641,642,646,647,652,654,656,657,658,661,663,665,666,667,669,672,673,678,679,680,681,683,684,685,687,689,690,691,692,693,694,700,701,702,703,705,706,709,710,711,715,736,741,762,778,799,804,825
draft_22951_01804	10,11,12,13,15,16,34,179,180,181,182,186,256,284,285,286,294,300,333,334,336,339,341,345,346,352,356,357,366,371,372,375,376,385,391,392,393,394,417,422,431,435,442,447,471,491,509,512,517,521,525,529,541,553,557,561,565,571,579,583,585,593,596,600,604,609,614,619,635,637,641,644,655,657,661,665,669,678,679,680,684,689,697,698,709,710,711
draft_22951_01805	10,11,12,13,15,16,34,144,146,147,179,180,183,186,187,193,194,200,256,257,258,260,262,284,285,286,294,300,333,334,341,345,346,352,356,357,358,359,366,371,372,376,377,378,385,386,387,388,391,393,394,397,400,401,404,417,419,422,431,432,435,438,442,443,447,450,454,465,471,473,483,491,496,503,507,509,512,517,521,524,525,528,529,531,539,540,541,546,547,550,553,556,557,561,565,571,577,578,579,583,585,586,593,596,600,601,604,608,609,614,619,629,634,635,637,641,644,655,657,658,661,665,666,669,675,678,679,680,684,689,697,698,709,710,711,713,717,735,738,756,759,780,798,801,819,822
draft_22951_01806	10,11,12,13,15,16,17,34,35,179,180,181,182,186,188,189,193,256,257,258,259,260,284,285,286,294,333,334,345,346,350,352,354,356,357,359,366,369,371,372,373,374,375,376,377,380,385,388,390,391,397,404,413,417,419,431,435,436,442,443,446,447,448,450,451,454,465,471,473,474,476,483,485,488,490,491,492,496,503,505,507,508,517,520,521,522,524,525,531,539,540,541,546,547,550,553,556,557,561,565,571,573,577,579,583,585,586,587,594,596,597,600,602,604,609,614,619,622,629,635,637,641,655,658,661,665,669,675,678,679,680,689,697,698,709,710,711,713,714,735,756,777,798,819
draft_22951_01807	10,11,12,13,15,16,19,20,179,180,186,187,193,194,256,258,260,284,285,286,287,300,333,334,341,342,345,346,347,352,353,356,357,366,367,371,372,375,376,377,378,382,383,385,391,392,393,394,406,417,421,431,435,438,442,447,450,452,465,471,477,491,496,499,503,517,521,525,529,541,542,543,545,546,547,549,550,553,557,561,565,566,568,571,574,575,578,579,583,585,586,590,593,595,596,600,601,604,605,607,608,609,614,615,619,620,621,627,629,631,633,634,635,637,638,641,642,644,646,647,652,655,656,657,658,661,663,665,666,667,669,675,678,679,680,681,684,689,690,692,697,699,700,703,709,710,711,715,736,762,778,799,825
draft_22951_01808	10,11,12,13,19,20,179,180,186,187,256,258,284,285,287,309,333,334,342,345,353,356,357,371,372,375,382,383,385,407,417,421,431,433,435,442,444,447,471,491,494,499,517,521,525,536,542,543,549,553,554,557,565,571,574,575,579,580,582,583,585,591,596,598,600,604,607,609,618,619,620,624,626,635,638,641,642,643,652,656,661,665,668,669,672,673,678,679,680,681,685,689,690,693,697,699,705,709,710,711,714,757,777,820
draft_22951_01809	10,11,12,13,19,20,179,180,186,187,256,258,284,285,287,333,334,342,345,353,356,357,367,371,372,375,382,383,385,406,417,421,431,433,435,442,444,447,471,477,491,499,517,521,525,542,543,549,553,554,557,565,566,571,574,575,579,583,585,590,595,596,600,604,605,607,609,619,620,627,635,638,641,642,652,656,661,665,667,669,672,673,678,679,680,681,689,690,709,710,711,715,778
draft_22951_01810	10,11,12,13,15,19,20,144,148,179,180,184,185,186,187,193,194,200,256,258,260,284,285,286,287,300,309,333,334,336,339,341,345,346,352,353,356,357,366,371,372,377,378,381,385,386,391,393,394,407,417,421,431,435,438,441,442,444,447,450,453,465,471,491,494,496,503,517,521,525,529,536,541,546,547,549,550,553,554,557,565,571,574,575,579,580,583,585,586,593,596,598,600,601,604,608,609,614,618,619,620,624,629,634,635,638,641,642,644,656,657,658,661,665,666,668,669,672,673,678,679,680,681,684,685,689,690,692,693,696,697,698,699,700,703,704,705,708,709,710,711,713,717,735,756,759,780,798,819,822
draft_22951_01811	10,11,12,13,15,19,144,146,147,179,180,186,187,193,194,256,257,258,260,262,284,285,286,287,300,309,333,334,338,341,342,345,346,352,353,356,357,358,359,366,371,372,373,374,377,378,385,386,387,388,391,393,394,397,400,401,404,407,417,419,431,432,435,436,438,442,443,446,447,448,450,454,465,471,473,483,491,492,496,503,507,517,521,522,524,525,528,529,531,539,540,541,546,547,549,550,553,556,557,565,571,574,575,577,578,579,583,585,586,593,596,600,601,604,608,609,614,618,619,620,629,634,635,638,641,642,644,656,657,658,661,665,666,668,669,678,679,680,681,683,684,689,690,692,697,698,699,703,704,709,710,711,713,759,822
draft_22951_01812	10,11,12,13,15,19,20,21,144,146,147,179,180,183,186,256,257,258,284,285,286,287,300,333,334,336,341,345,347,352,353,356,357,358,359,367,371,372,375,377,378,381,385,386,387,388,391,393,394,397,400,401,404,406,417,419,421,431,432,435,438,441,442,443,444,447,450,453,454,465,471,473,483,491,494,496,503,507,517,521,524,525,528,531,536,539,540,546,547,549,550,553,554,556,557,565,571,574,575,577,578,579,580,581,583,585,586,593,595,596,598,600,601,604,605,608,609,614,615,619,620,624,629,634,635,638,639,641,642,644,656,657,658,661,665,666,667,669,672,673,678,679,680,681,684,685,689,690,692,693,696,697,698,699,700,703,704,705,708,709,710,711,713,717,735,759,780,798,822
draft_22951_01813	10,11,12,15,19,20,144,146,147,179,180,183,186,256,257,258,284,285,286,287,333,334,341,345,346,352,353,356,357,358,359,366,367,371,372,375,377,378,381,385,386,387,388,391,392,397,398,404,406,417,419,421,431,432,435,438,441,442,443,444,447,450,453,454,465,471,473,483,491,496,503,507,517,521,522,524,525,531,537,539,540,541,546,547,550,553,556,557,565,567,571,577,578,579,583,585,586,593,596,600,601,603,604,608,609,614,616,619,629,634,635,641,657,658,660,661,665,666,669,678,679,680,684,689,697,698,709,710,711,713,759,822
draft_22951_01814	10,11,12,19,284,285,287,333,342,345,353,375,417,421,433,435,442,444,447,491,517,525,554,557,583,600,641,661,672,673,679,680,689
draft_22951_01815	10,11,12,13,15,19,20,21,144,149,150,179,180,186,187,193,194,256,258,260,284,285,286,287,333,334,341,345,347,352,353,356,357,367,371,372,375,377,378,381,385,386,391,392,406,417,421,431,435,438,440,441,442,444,447,450,452,453,465,471,491,494,496,503,517,521,525,536,546,547,549,550,553,554,557,565,571,574,575,579,580,583,585,586,593,595,596,598,600,601,604,605,608,609,614,615,619,620,624,629,634,635,638,641,642,646,651,656,657,658,661,665,666,667,669,672,673,678,679,680,681,684,685,686,688,689,690,692,693,694,695,696,697,698,699,700,703,705,709,710,711,713,714,735,738,756,759,777,798,801,819,822
draft_22951_01816	10,11,12,13,15,19,20,179,180,186,187,256,258,284,285,286,287,300,333,334,341,345,347,352,353,356,357,367,371,372,375,377,378,381,385,391,393,394,406,417,421,431,435,438,440,441,442,444,447,450,452,453,465,471,491,494,496,503,517,521,525,536,546,547,549,550,553,554,557,565,571,574,575,579,580,583,585,586,593,595,596,598,600,601,604,605,608,609,614,615,619,620,624,629,634,635,638,641,642,644,646,656,657,658,661,665,666,667,669,672,673,678,679,680,681,684,685,689,690,692,693,696,699,703,704,705,708,709,710,711,714,717,777,780
draft_22951_01817	10,11,12,13,15,16,19,179,180,186,187,193,194,256,258,260,284,285,286,287,300,301,333,334,339,341,345,346,352,353,356,357,366,371,372,375,377,378,385,386,391,393,394,395,399,417,419,421,431,432,435,438,440,442,443,444,447,450,452,465,468,471,491,496,503,516,517,519,521,525,529,536,537,540,541,546,547,550,553,556,557,565,570,571,579,583,585,586,593,596,600,601,603,604,608,609,612,614,619,629,634,635,641,644,645,657,658,661,665,666,669,678,679,680,684,689,697,709,710,711,713,717,738,756,780,801,819
draft_22951_01818	10,11,12,13,15,16,19,20,179,180,186,187,193,194,200,201,256,258,260,262,284,285,286,287,300,301,309,333,334,341,342,345,352,353,356,357,371,372,375,382,383,385,386,394,395,399,407,417,419,421,431,432,435,440,442,443,444,447,452,465,468,471,491,494,499,516,517,519,521,525,536,539,540,542,543,549,550,553,554,556,557,565,571,574,575,577,579,580,582,583,585,591,593,596,598,600,604,607,608,609,618,619,620,624,626,634,635,638,639,641,642,643,645,652,656,661,665,668,669,672,673,678,679,680,681,684,685,689,690,693,697,698,699,700,705,709,710,711,713,714,715,735,736,756,757,777,778,798,799,819,820
draft_22951_01819	10,11,12,15,16,179,180,181,182,186,187,193,256,257,258,260,284,285,286,333,334,341,345,346,352,356,357,358,359,366,371,372,373,374,375,377,378,385,387,388,391,397,404,417,419,431,432,435,436,438,442,443,446,447,448,450,454,465,471,473,483,486,491,492,496,500,503,507,517,521,522,524,525,531,539,540,541,546,547,548,550,553,556,557,565,570,571,577,578,579,583,585,586,593,596,600,601,604,608,609,612,614,619,629,634,635,641,657,658,661,665,666,669,678,679,680,684,689,697,698,709,710,711,714,771,777,834
draft_22951_01820	10,11,12,13,15,16,19,20,179,180,186,187,193,194,200,201,256,258,260,262,284,285,286,287,300,301,309,333,334,338,341,342,345,352,353,356,357,371,372,375,376,377,378,385,391,393,394,395,399,407,417,421,431,435,438,440,442,444,447,450,452,463,465,471,478,491,496,503,516,517,518,519,521,523,525,536,538,546,547,549,550,553,557,561,565,567,571,574,575,579,580,583,585,586,593,596,598,600,601,604,608,609,614,618,619,620,629,634,635,636,637,638,641,642,644,646,655,656,658,661,665,666,668,669,675,678,679,680,681,684,685,689,690,693,697,698,699,705,709,710,711,713,735,798
draft_22951_01821	10,11,12,13,15,19,144,148,179,180,186,187,193,194,256,258,260,284,285,286,287,300,333,334,341,342,345,346,352,353,356,357,366,371,372,375,377,378,385,391,393,394,417,421,431,433,435,438,442,444,447,450,465,471,491,494,496,503,517,521,525,529,536,541,546,547,550,553,554,557,565,571,579,580,581,583,585,586,593,596,598,600,601,604,608,609,614,619,624,629,634,635,641,644,657,658,661,665,666,669,672,673,678,679,680,684,685,689,693,697,698,705,709,710,711,713,714,717,735,756,777,780,798,819,840,861
draft_22951_01822	10,11,12,15,144,146,147,179,180,256,257,258,284,285,286,300,333,334,336,341,345,346,352,356,357,358,359,366,371,372,373,374,375,377,385,388,391,393,394,397,400,401,404,417,419,431,432,435,436,438,442,443,446,447,448,450,454,465,471,473,483,491,492,496,503,507,517,521,522,524,525,528,529,531,539,540,541,546,547,550,553,556,557,565,571,577,578,579,583,585,586,593,596,600,601,604,608,609,614,619,629,634,635,641,644,657,658,661,665,666,669,678,679,680,684,689,697,698,709,710,711,713
draft_22951_01823	10,11,12,15,34,179,180,181,182,186,187,193,256,257,258,260,284,285,286,294,333,334,341,345,352,354,356,357,358,359,371,372,377,378,384,385,386,387,388,391,397,404,413,417,419,431,432,435,438,442,443,447,450,454,465,471,473,474,476,483,490,491,496,501,503,507,508,517,521,524,525,531,532,533,539,540,546,547,550,553,556,557,565,571,577,578,579,583,585,586,587,593,596,600,601,604,608,609,614,619,629,634,635,641,657,658,659,661,665,666,669,678,679,680,684,689,697,709,710,711,759,822
draft_22951_01824	10,11,12,13,15,19,20,144,147,179,180,186,187,193,194,256,257,258,260,284,285,286,287,300,333,334,336,342,345,346,352,353,356,357,366,371,372,382,383,385,386,391,393,394,406,410,417,421,431,433,435,440,442,444,447,452,471,477,491,494,499,517,521,525,529,536,541,542,543,549,553,554,557,565,566,571,574,575,579,580,583,585,590,593,595,596,598,600,604,605,607,608,609,614,615,619,620,621,624,627,633,635,638,641,642,644,646,647,652,656,657,661,665,667,669,672,673,678,679,680,681,684,685,689,690,693,697,698,699,700,705,709,710,711,713,715,735,757,778,798,820
draft_22951_01825	10,11,12,13,15,19,20,179,180,256,284,285,286,287,300,333,334,341,345,347,352,353,356,357,367,371,372,375,377,378,381,385,391,393,394,406,417,421,431,435,438,440,441,442,444,447,450,452,453,465,471,491,494,496,503,517,521,525,536,546,547,549,550,553,554,557,565,571,574,575,579,580,583,585,586,593,595,596,598,600,601,604,605,608,609,614,615,619,620,624,629,634,635,638,641,642,644,646,656,657,658,661,665,666,667,669,672,673,678,679,680,681,684,685,689,690,692,693,696,699,703,704,705,708,709,710,711,717,780
draft_22951_01826	10,11,12,13,15,19,179,180,186,187,214,219,220,256,258,284,285,286,287,333,334,341,345,347,352,353,356,357,366,367,371,372,375,377,378,385,391,392,417,421,431,435,437,438,442,444,447,449,450,465,471,491,494,496,503,517,521,525,536,541,546,547,550,553,554,557,565,571,578,579,580,583,585,586,593,596,598,600,601,604,608,609,614,619,624,629,634,635,641,657,658,661,665,666,669,672,673,678,679,680,684,685,689,693,696,697,698,705,708,709,710,711,717,735,759,780,798,822
draft_22951_01827	10,11,12,13,15,16,19,20,179,180,186,187,193,194,200,201,256,258,260,262,284,285,286,287,300,333,334,341,342,345,352,353,356,357,371,372,377,378,385,394,417,421,431,433,435,438,442,444,447,450,465,471,491,494,503,517,521,525,536,546,547,550,553,554,557,565,571,579,580,581,583,585,593,596,598,600,601,604,608,609,619,624,625,634,635,641,644,661,665,666,669,672,673,674,678,679,680,684,685,689,693,697,698,705,709,710,711,713,714,738,759,777,801,822
draft_22951_01828	10,11,12,13,15,19,20,179,180,181,182,186,187,193,194,200,256,257,258,260,262,284,285,286,287,309,333,334,335,341,345,352,353,356,357,358,359,371,372,375,377,378,381,385,386,387,388,391,397,404,407,417,419,421,431,432,435,438,441,442,443,444,447,450,453,454,465,471,473,483,491,494,496,503,507,517,521,524,525,531,536,539,540,546,547,549,550,553,554,556,557,565,571,574,575,577,578,579,580,583,585,586,593,596,598,600,601,604,608,609,614,618,619,620,624,629,634,635,638,641,642,656,657,658,661,665,666,668,669,672,673,678,679,680,681,683,684,685,686,689,690,693,697,698,699,700,705,709,710,711,712,713,714,717,735,738,756,759,777,780,798,801,819,822
draft_22951_01829	10,11,12,15,34,144,146,147,151,154,179,180,256,257,258,259,260,284,285,286,294,300,333,334,341,345,350,352,354,356,357,358,359,369,371,372,375,377,378,384,385,386,387,388,391,393,394,397,400,401,404,413,417,419,422,431,432,435,438,442,443,447,450,454,465,471,472,473,481,483,491,496,501,503,507,508,514,517,521,524,525,528,531,532,533,539,540,546,547,550,553,556,557,565,571,577,578,579,583,585,586,587,593,596,600,601,604,608,609,614,619,629,634,635,641,644,657,658,659,661,665,666,669,678,679,680,684,689,697,698,709,710,711,714,738,759,777,801,822
draft_22951_01830	10,11,12,13,15,16,19,179,180,181,182,186,187,193,194,200,256,258,260,284,285,286,287,333,334,341,345,346,352,353,356,357,366,371,372,377,378,385,391,392,417,421,431,435,438,440,442,444,447,450,452,465,471,491,494,496,503,517,521,525,536,541,546,547,550,553,554,557,565,570,571,579,580,583,585,586,593,596,598,600,601,604,608,609,612,614,619,624,629,634,635,641,646,647,657,658,661,665,666,669,672,673,678,679,680,684,685,689,693,697,698,705,709,710,711,713,714,777
draft_22951_01831	10,11,12,15,179,180,186,187,256,258,284,285,286,300,333,334,341,345,352,356,357,371,372,375,377,378,385,391,393,394,417,431,435,438,442,447,450,465,471,491,496,503,517,521,525,546,547,550,553,557,565,571,578,579,583,585,586,593,596,600,601,604,608,609,614,619,629,634,635,641,644,657,658,661,665,666,669,678,679,680,684,689,709,710,711,717,780
draft_22951_01832	10,11,12,13,19,20,21,179,180,183,185,186,190,193,200,256,284,285,287,333,334,335,336,342,345,353,356,357,367,371,372,375,382,383,385,406,417,421,431,433,435,442,444,447,471,477,491,499,517,521,525,536,542,543,545,549,553,554,557,565,566,568,571,574,575,579,580,583,585,590,595,596,600,604,605,607,609,615,619,620,627,631,635,638,641,642,652,656,661,663,665,667,669,672,678,679,680,681,685,689,690,693,694,695,697,698,699,700,705,706,707,709,710,711,712,713,736,757,762,799,820,825
draft_22951_01833	10,11,12,13,15,19,179,180,186,187,256,258,284,285,286,287,300,333,334,335,341,342,345,346,352,353,356,357,366,371,372,375,377,378,385,391,393,394,417,421,431,433,435,438,442,444,447,450,465,471,491,494,496,503,517,521,525,529,536,541,546,547,550,553,554,557,565,571,579,580,581,583,585,586,593,596,598,600,601,604,608,609,614,619,624,629,634,635,641,644,657,658,661,665,666,669,672,673,678,679,680,684,685,689,693,697,698,705,709,710,711,712,713,714,717,777,780
draft_22951_01834	10,11,12,13,15,19,144,146,147,179,180,183,186,256,257,258,284,285,286,287,300,333,334,335,341,342,345,352,353,356,357,358,359,371,372,375,377,378,385,386,387,388,391,393,394,397,400,401,404,417,419,421,431,432,433,435,438,442,443,444,447,450,454,465,471,473,483,491,494,495,496,503,507,517,521,524,525,528,531,536,537,539,540,546,547,550,553,554,556,557,565,571,577,578,579,580,583,585,586,593,596,598,600,601,603,604,608,609,614,619,624,629,634,635,641,644,657,658,661,665,666,669,672,678,679,680,684,685,689,693,696,697,698,705,708,709,710,711,712,713,717,735,759,780,798,822
draft_22951_01835	10,11,12,13,15,19,20,179,180,186,187,256,258,284,285,286,287,300,333,334,341,342,345,352,353,356,357,371,372,375,377,378,381,382,383,385,391,393,394,406,417,421,431,435,438,440,441,442,444,447,450,452,453,465,471,477,491,494,496,499,503,517,521,525,536,542,543,546,547,549,550,553,554,557,565,566,571,574,575,579,580,583,585,586,590,593,595,596,598,600,601,604,605,607,608,609,614,615,619,620,621,623,624,627,629,633,634,635,638,641,642,644,646,652,656,657,658,661,665,666,667,669,672,673,678,679,680,681,684,685,689,690,692,693,694,697,703,705,706,709,710,711,715,717,778,780
draft_22951_01836	10,11,12,13,15,16,19,144,146,147,179,180,186,187,193,194,256,257,258,260,262,284,285,286,287,300,333,334,336,341,345,346,352,353,356,357,359,366,371,372,373,374,377,378,385,388,391,392,393,394,397,398,404,417,419,421,431,435,436,438,440,442,443,444,446,447,448,450,452,454,465,471,473,483,491,492,496,503,507,517,521,522,524,525,529,531,536,539,540,541,546,547,550,553,556,557,565,571,577,578,579,580,583,585,586,593,596,598,600,601,604,608,609,614,619,629,634,635,641,644,646,647,657,658,661,665,666,669,678,679,680,684,685,689,693,697,698,705,709,710,711,713,717,780
draft_22951_01837	10,11,12,13,15,19,179,180,256,284,285,286,287,333,342,345,346,347,352,353,356,366,367,371,372,375,382,383,385,391,392,406,417,435,442,447,471,477,491,499,517,521,525,541,542,543,549,553,557,565,566,567,571,574,575,579,583,585,590,593,595,596,600,604,605,607,609,614,615,616,619,620,621,627,633,635,638,641,642,652,656,657,660,661,665,667,669,678,679,680,681,684,689,690,697
draft_22951_01838	10,11,12,13,15,19,20,179,180,186,187,193,194,256,258,260,284,285,286,287,300,333,334,336,341,342,345,352,353,356,357,367,371,372,375,377,378,382,383,385,391,393,394,406,417,421,431,435,438,440,442,444,447,450,452,465,471,477,491,496,499,503,517,521,525,536,542,543,544,546,547,549,550,553,557,565,566,567,571,574,575,579,580,583,585,586,590,593,595,596,598,600,601,604,605,607,608,609,614,616,619,620,627,629,634,635,638,641,642,644,646,652,656,657,658,660,661,665,666,667,669,678,679,680,681,684,685,689,690,693,697,698,705,709,710,711,713,764,827
draft_22951_01839	10,11,12,15,144,146,147,179,180,214,218,256,257,258,284,285,286,300,333,334,341,345,352,356,357,358,359,371,372,377,378,385,386,387,388,391,393,394,397,400,401,404,417,419,431,432,435,438,442,443,447,450,454,465,471,473,483,491,496,503,507,517,521,524,525,528,531,539,540,546,547,550,553,556,557,565,571,577,578,579,583,585,586,593,596,600,601,604,608,609,614,619,629,634,635,641,644,657,658,661,665,666,669,678,679,680,684,689,697,698,709,710,711,713,759,822
draft_22951_01840	10,11,12,13,19,20,21,179,180,186,187,256,258,284,285,287,333,334,342,345,353,356,357,367,371,372,375,382,383,385,406,417,421,431,433,435,442,444,447,471,477,491,499,517,521,525,542,543,549,553,554,557,565,566,571,574,575,576,579,583,585,590,595,596,600,604,605,607,609,619,620,627,635,638,640,641,642,652,654,656,661,665,667,669,672,673,678,679,680,681,689,690,691,699,701,702,709,710,711,715,741,757,778,804,820
draft_22951_01841	10,11,12,15,19,284,285,286,287,333,345,352,353,366,375,391,392,421,440,444,452,536,541,580,583,593,614,647,680,684,685,689,693,697,705
draft_22951_01842	10,11,12,13,15,19,20,144,145,179,180,183,186,187,193,284,285,286,287,300,333,334,335,336,339,340,341,342,345,346,347,352,353,366,367,375,381,391,393,394,406,417,421,431,435,440,441,442,444,447,452,453,491,525,529,541,557,583,593,600,614,615,638,641,642,644,646,647,657,661,679,680,681,684,689,690,697,698,699,700,709,710,711,712,713,777,778,798,819,843,861,864
draft_22951_01843	10,11,12,13,19,20,144,147,179,180,186,187,256,257,258,260,284,285,287,333,334,342,345,353,356,357,371,372,382,383,385,386,406,410,417,421,431,433,435,442,444,447,463,471,477,491,494,499,517,521,525,536,538,542,543,549,553,554,557,565,566,571,574,575,579,580,583,585,590,595,596,598,600,604,605,606,607,609,615,619,620,621,624,627,633,635,638,641,642,652,656,661,665,667,669,672,673,678,679,680,681,685,689,690,693,694,695,697,699,705,706,707,709,710,711,757,820
draft_22951_01844	10,11,12,13,15,16,19,179,180,186,187,193,194,200,201,256,258,260,262,284,285,286,287,300,301,333,334,339,341,345,346,352,353,356,357,366,371,372,375,377,378,385,386,391,393,394,395,399,417,419,421,431,435,436,438,440,442,443,444,447,448,450,452,465,468,471,491,496,503,516,517,519,521,525,529,536,537,539,541,546,547,550,553,556,557,565,570,571,577,579,583,585,586,593,596,600,601,603,604,608,609,612,614,619,629,634,635,641,644,645,657,658,661,665,666,669,678,679,680,684,689,697,698,709,710,711,713,717,735,738,756,780,798,801,819
draft_22951_01845	10,11,12,13,15,16,19,179,180,184,185,186,187,193,194,200,256,258,260,284,285,286,287,300,333,334,335,341,345,346,352,353,356,357,366,371,372,375,376,377,378,385,391,392,393,394,417,421,431,435,438,440,442,444,447,450,452,465,471,491,494,496,503,517,521,525,529,536,541,546,547,550,553,554,557,561,565,571,579,580,581,583,585,586,593,594,596,598,600,601,604,608,609,614,619,624,625,629,634,635,637,641,644,646,647,648,655,657,658,661,665,666,669,672,673,674,675,678,679,680,684,685,689,693,697,698,705,709,710,711,712,713,714,759,777,822
draft_22951_01846	10,11,12,13,15,19,20,179,180,186,187,256,258,284,285,286,287,300,309,333,334,335,339,341,345,346,352,353,356,357,366,371,372,375,381,385,391,393,394,407,417,421,431,435,440,441,442,444,447,452,453,465,471,491,494,517,521,525,529,536,541,550,553,554,557,565,571,579,580,581,583,585,593,596,598,600,604,608,609,614,618,619,624,629,634,635,638,639,641,644,646,647,657,661,665,669,672,673,678,679,680,681,684,685,689,690,693,697,698,699,705,709,710,711,712,713,714,777
draft_22951_01847	10,11,12,15,19,284,285,286,287,300,333,345,352,353,375,394,421,440,444,452,536,580,583,593,644,680,684,685,689,693,697,705
draft_22951_01848	10,11,12,13,15,284,285,286,300,333,345,346,352,366,375,394,529,583,593,644,680,684,689,697
draft_22951_01849	10,11,12,13,14,15,16,19,20,144,146,147,179,180,186,187,193,194,200,201,256,257,258,260,262,284,285,286,287,300,333,334,336,339,341,345,346,352,353,356,357,358,359,366,371,372,373,374,375,377,378,385,386,387,388,391,393,394,397,400,401,404,417,419,421,431,432,435,436,438,440,442,443,444,446,447,448,450,452,454,465,471,473,483,491,492,496,503,507,517,521,522,524,525,528,529,531,536,537,539,540,541,546,547,550,553,556,557,565,570,571,577,578,579,580,583,585,586,593,596,598,600,601,603,604,608,609,612,614,619,629,634,635,641,644,646,647,657,658,661,665,666,669,678,679,680,684,685,689,693,696,697,698,705,709,710,711,713,738,756,759,801,819,822
draft_22951_01850	10,11,12,15,144,146,147,179,180,186,187,256,257,258,260,284,285,286,333,334,341,345,346,352,356,357,358,359,366,371,372,373,374,377,378,385,386,387,388,391,392,397,398,404,417,419,431,432,435,436,438,442,443,446,447,448,450,454,465,471,473,483,491,492,496,503,507,517,521,522,524,525,531,539,540,541,546,547,550,553,556,557,565,571,577,578,579,583,585,586,593,596,600,601,604,608,609,614,619,629,634,635,641,657,658,661,665,666,669,678,679,680,684,689,697,709,710,711,759,822
draft_22951_01851	10,11,12,15,144,146,147,179,180,256,257,258,284,285,286,333,334,341,345,346,352,356,357,358,359,366,371,372,375,377,385,388,391,392,397,398,404,417,419,431,432,435,438,442,443,447,450,454,465,471,473,483,491,496,503,507,517,521,522,524,525,531,539,540,541,546,547,550,553,556,557,565,571,577,578,579,583,585,586,593,596,600,601,604,608,609,614,619,629,634,635,641,657,658,661,665,666,669,678,679,680,684,689,709,710,711
draft_22951_01852	10,11,12,13,15,16,17,144,146,147,179,180,186,187,256,257,258,260,284,285,286,301,333,334,335,341,345,352,356,357,359,360,371,372,375,376,377,378,380,385,390,391,397,417,419,423,431,435,438,439,442,443,447,450,451,454,465,471,478,483,487,488,491,496,503,505,516,517,518,520,521,525,531,539,546,547,550,553,556,557,561,565,571,577,579,583,585,586,593,596,597,600,601,604,608,609,614,619,629,634,635,641,655,657,658,661,665,666,669,675,678,679,680,684,689,697,698,709,710,711,712,713,714,777
draft_22951_01853	10,11,12,13,15,16,19,144,149,150,179,180,186,187,193,194,256,258,260,284,285,286,287,301,333,334,341,345,352,356,357,366,367,371,372,375,376,377,378,385,391,392,406,417,419,431,435,438,439,442,443,447,450,451,465,468,471,478,491,496,503,516,517,518,520,521,525,539,541,546,547,550,553,556,557,561,565,571,577,579,583,585,586,593,596,597,600,601,604,608,609,614,619,629,634,635,637,641,645,655,657,658,661,665,666,669,675,678,679,680,684,689,709,710,711
draft_22951_01854	10,11,12,15,144,146,147,179,180,186,187,256,257,258,260,284,285,286,300,333,334,341,345,352,356,357,358,359,371,372,375,377,378,385,386,387,388,391,393,394,397,400,401,404,417,419,431,432,435,438,442,443,447,450,454,465,471,473,483,491,496,503,507,517,521,524,525,528,531,539,540,546,547,550,553,556,557,565,571,577,578,579,583,585,586,593,596,600,601,604,608,609,614,619,629,634,635,641,644,657,658,661,665,666,669,678,679,680,684,689,697,698,709,710,711,717,735,759,780,798,822
draft_22951_01855	10,11,12,13,15,19,20,144,149,150,179,180,186,187,256,258,284,285,286,287,309,333,334,341,342,345,346,352,353,356,357,366,371,372,375,385,391,392,407,417,421,431,435,440,442,444,447,452,465,471,491,494,517,521,525,536,541,549,550,553,554,557,565,571,574,575,579,580,583,585,593,596,598,600,604,608,609,614,618,619,620,624,629,634,635,638,641,642,646,647,656,657,661,665,668,669,672,673,678,679,680,681,683,684,685,686,687,689,690,693,697,698,699,705,709,710,711,713,756,819
draft_22951_01856	10,11,12,13,14,15,16,19,20,144,146,147,179,180,186,187,193,194,200,201,256,257,258,260,262,284,285,286,287,300,333,334,336,339,341,345,346,352,353,356,357,358,359,366,371,372,373,374,375,377,378,385,386,387,388,391,393,394,397,400,401,404,417,419,421,431,432,435,436,438,440,442,443,444,446,447,448,450,452,454,465,471,473,483,491,492,496,503,507,517,521,522,524,525,528,529,531,536,537,539,540,541,546,547,550,553,556,557,565,570,571,577,578,579,580,583,585,586,593,596,598,600,601,603,604,608,609,612,614,619,629,634,635,641,644,646,647,657,658,661,665,666,669,678,679,680,684,685,689,693,696,697,698,705,709,710,711,713,738,759,801,822
draft_22951_01857	10,11,12,13,15,19,20,144,149,150,179,180,186,187,193,194,200,201,256,258,260,262,284,285,286,287,309,333,334,339,341,342,345,346,352,353,356,357,366,371,372,385,391,392,407,417,421,431,435,440,442,444,447,452,465,471,491,494,517,521,525,536,541,549,550,553,554,557,565,571,574,575,579,580,583,585,593,596,598,600,604,608,609,614,618,619,620,624,629,634,635,638,641,642,646,647,656,657,661,665,668,669,672,673,678,679,680,681,683,684,685,686,687,689,690,693,697,698,699,705,709,710,711,713,756,819
draft_22951_01858	10,11,12,13,15,19,144,149,150,179,180,186,187,256,258,284,285,286,287,300,333,334,336,341,342,345,352,353,356,357,371,372,375,377,378,385,391,393,394,417,421,431,433,435,438,442,444,447,450,465,471,491,494,496,503,517,521,525,536,537,546,547,550,553,554,557,565,571,579,580,581,583,585,586,593,596,598,600,601,603,604,608,609,614,619,624,625,629,634,635,641,644,657,658,661,665,666,669,672,673,674,678,679,680,684,685,689,693,697,698,705,709,710,711,713,714,759,777,822
draft_22951_01859	10,11,12,15,144,146,147,179,180,183,186,256,257,258,284,285,286,300,333,334,336,341,345,352,356,357,358,359,371,372,375,377,378,385,386,387,388,391,393,394,397,400,401,404,417,419,431,432,435,438,442,443,447,450,454,465,471,473,483,491,496,503,507,517,521,524,525,528,531,539,540,546,547,550,553,556,557,565,571,577,578,579,583,585,586,593,596,600,601,604,608,609,614,619,629,634,635,641,644,657,658,661,665,666,669,678,679,680,684,689,697,698,709,710,711,713,759,780,798,822
draft_22951_01860	10,11,12,13,15,16,19,144,146,147,179,180,181,182,186,187,193,194,200,256,257,258,259,260,262,284,285,286,287,302,333,334,336,341,345,352,353,356,357,358,359,360,371,372,375,376,377,378,380,385,386,387,388,390,391,396,397,404,417,419,421,424,431,432,435,438,439,440,442,443,444,447,450,451,452,454,455,465,471,473,483,485,488,491,496,503,505,507,515,517,520,521,524,525,531,536,539,540,546,547,550,553,556,557,561,565,571,573,577,578,579,580,583,585,586,593,596,597,598,600,601,604,608,609,614,619,629,634,635,638,641,642,646,648,655,656,657,658,661,665,666,669,678,679,680,681,684,685,689,690,693,697,698,699,705,709,710,711,713,759,822
draft_22951_01861	10,11,12,13,15,19,20,179,180,186,187,193,194,256,258,260,284,285,286,287,300,333,334,336,341,345,347,352,353,356,357,367,371,372,375,377,378,381,385,391,393,394,406,417,421,431,435,438,440,441,442,444,447,450,452,453,465,471,491,494,496,503,517,521,525,536,546,547,549,550,553,554,557,565,571,574,575,579,580,583,585,586,593,595,596,598,600,601,604,605,608,609,614,615,619,620,624,629,634,635,638,641,642,644,646,656,657,658,661,665,666,667,669,672,673,678,679,680,681,684,685,689,690,692,693,696,697,698,699,703,704,705,708,709,710,711,713,717,780
draft_22951_01862	10,11,12,13,15,16,19,20,179,180,186,187,193,194,200,201,256,258,260,262,284,285,286,287,300,301,333,334,342,345,346,347,352,353,356,357,366,367,371,372,382,383,385,394,395,399,406,417,419,421,431,435,436,440,442,443,444,447,448,452,465,468,471,477,491,494,499,516,517,519,521,525,536,539,542,543,549,550,553,554,556,557,565,566,571,574,575,577,579,580,583,585,590,593,595,596,598,600,604,605,607,608,609,615,619,620,621,624,627,633,634,635,638,641,642,645,652,656,661,665,667,669,672,673,678,679,680,681,684,685,689,690,693,697,698,699,705,709,710,711,713,714,715,777,778
draft_22951_01863	10,11,12,15,34,144,146,147,151,154,179,181,182,256,257,258,259,260,261,284,285,286,294,333,334,341,345,346,350,352,354,356,357,358,359,366,369,371,372,373,374,375,377,378,384,385,387,388,391,392,397,398,404,405,413,417,419,422,431,432,435,436,438,442,443,446,447,448,450,454,465,471,472,473,481,483,491,492,496,501,503,507,508,514,517,521,522,524,525,531,532,533,539,540,541,546,547,550,553,556,557,565,571,577,578,579,583,585,586,587,593,596,600,601,604,608,609,614,619,629,634,635,641,657,658,659,661,665,666,669,678,679,680,684,689,697,698,709,710,711
draft_22951_01864	10,11,12,13,15,19,20,21,144,146,147,179,180,186,187,256,257,258,260,284,285,286,287,333,334,341,342,345,347,352,353,356,357,358,359,367,371,372,375,377,378,381,382,383,385,386,387,388,391,392,397,398,404,406,417,419,421,431,432,435,438,441,442,443,444,447,450,453,454,465,471,473,477,483,491,494,496,499,503,507,517,521,524,525,531,536,539,540,542,543,546,547,549,550,553,554,556,557,565,566,571,574,575,577,578,579,580,581,583,585,586,590,593,595,596,598,600,601,604,605,607,608,609,614,615,619,620,621,623,624,625,627,629,633,634,635,638,639,641,642,652,656,657,658,661,665,666,667,669,672,674,678,679,680,681,683,684,685,686,689,690,691,692,693,694,697,698,699,700,701,702,703,704,705,706,709,710,711,713,722,736,759,785,799,822
draft_22951_01865	10,11,12,13,15,19,20,179,180,181,182,183,186,187,193,194,200,207,256,258,260,284,285,286,287,333,334,336,342,345,346,352,353,356,357,366,371,372,385,391,392,417,421,431,433,435,440,442,444,447,452,465,471,491,494,517,521,525,536,541,550,553,554,557,565,571,579,580,583,585,593,596,598,600,604,608,609,614,619,624,629,634,635,641,646,647,657,661,665,669,672,673,678,679,680,684,685,688,689,693,695,696,697,698,705,707,709,710,711,713,714,735,756,777,798,819
draft_22951_01866	10,11,12,13,19,20,21,144,145,179,180,183,186,187,193,284,285,287,333,334,335,336,338,342,345,353,375,381,406,417,421,431,433,435,441,442,444,447,453,463,491,525,536,538,554,557,580,583,600,606,615,638,641,661,672,679,680,681,685,689,690,693,697,698,699,700,705,709,710,711,712,713,777,798,819,840,841,861,862
draft_22951_01867	10,11,12,13,19,20,179,180,182,186,187,193,194,200,256,257,258,260,262,284,285,287,333,334,342,345,353,356,357,367,371,372,375,382,383,385,386,406,410,417,421,431,433,435,442,444,447,471,477,491,494,499,517,521,525,536,542,543,549,553,554,557,565,566,571,574,575,579,580,582,583,585,589,590,595,596,598,600,604,605,607,609,615,619,620,621,624,626,627,633,635,638,641,642,643,652,656,661,665,667,669,672,673,678,679,680,681,685,689,690,691,693,694,697,698,699,700,701,702,705,706,709,710,711,713,715,735,736,756,757,778,798,799,819,820
draft_22951_01868	10,11,12,13,19,20,179,180,183,186,190,193,256,284,285,287,333,334,335,342,345,353,356,357,367,371,372,375,382,383,385,406,417,421,431,433,435,442,444,447,471,477,491,499,517,521,525,536,542,543,549,553,554,557,565,566,571,574,575,579,580,583,585,590,595,596,604,605,607,609,619,620,627,635,638,641,642,652,656,661,665,667,669,672,678,679,680,681,685,689,690,693,697,698,699,700,705,709,710,711,712,713,715,735,736,756,757,778,798,799,819,820
draft_22951_01869	10,11,12,13,15,16,19,144,146,147,179,180,186,187,256,257,258,260,284,285,286,287,301,333,334,345,352,353,356,357,359,371,372,375,385,406,410,417,419,421,423,431,435,440,442,443,444,447,452,465,468,471,491,493,494,516,517,519,521,525,531,536,539,549,550,553,554,556,557,565,571,574,575,577,579,580,583,585,593,595,596,598,600,604,605,608,609,613,615,619,620,624,634,635,638,641,642,645,656,661,665,667,669,672,673,678,679,680,681,684,685,689,690,693,697,698,699,705,709,710,711,713,735,756,798,819
draft_22951_01870	10,11,12,13,15,19,20,144,146,147,179,180,256,257,258,284,285,286,287,300,333,334,341,345,347,352,353,356,357,358,359,367,371,372,375,377,381,385,388,391,393,394,397,400,401,404,406,417,419,421,431,432,435,438,441,442,443,444,447,450,453,454,462,465,471,473,483,491,494,495,496,507,517,521,524,525,528,531,536,537,539,540,546,549,550,553,554,556,557,565,567,571,574,575,578,579,580,583,585,586,593,595,596,598,600,601,603,604,605,608,609,614,615,616,619,620,624,629,634,635,638,641,642,644,656,657,658,660,661,665,666,667,669,672,678,679,680,681,684,685,689,690,692,693,696,699,704,708,709,710,711,713
draft_22951_01871	10,11,12,13,15,144,146,147,179,180,183,186,187,193,256,257,258,260,284,285,286,300,333,334,341,345,352,356,357,358,359,371,372,377,378,385,386,387,388,391,393,394,397,400,401,404,417,419,431,432,435,438,442,443,447,450,454,465,471,473,483,491,496,503,507,517,521,524,525,528,531,539,540,546,547,550,553,556,557,565,571,577,578,579,583,585,586,593,596,600,601,604,608,609,614,619,629,634,635,641,644,657,658,661,665,666,669,678,679,680,684,689,697,698,709,710,711,713,756,759,777,798,801,819,822
draft_22951_01872	10,11,12,13,15,16,19,179,180,186,187,193,194,200,201,256,258,260,262,284,285,286,287,300,333,334,336,341,345,352,353,356,357,371,372,377,378,385,391,393,394,417,421,431,435,438,440,442,444,447,450,452,465,471,491,496,503,517,521,525,536,546,547,550,553,557,565,571,578,579,580,583,585,586,593,596,598,600,601,604,608,609,614,619,629,634,635,641,644,646,657,658,661,665,666,669,678,679,680,684,685,689,693,697,698,705,709,710,711,713,729,792
draft_22951_01873	10,11,12,13,15,19,179,180,181,182,183,186,187,193,194,200,207,256,257,258,260,262,284,285,286,287,333,334,335,341,342,345,352,353,356,357,358,359,371,372,375,377,378,385,386,387,388,391,397,404,417,419,421,431,432,433,435,438,442,443,444,447,450,454,465,471,473,483,491,494,496,503,507,517,521,524,525,531,536,539,540,546,547,550,553,554,556,557,565,571,577,578,579,580,581,583,585,586,593,596,598,600,601,604,608,609,614,619,624,625,629,634,635,641,657,658,661,665,666,669,672,674,678,679,680,684,685,689,693,696,697,698,705,708,709,710,711,712,713,717,735,738,756,759,777,780,798,801,819,822
draft_22951_01874	10,11,12,19,284,285,287,333,334,342,345,353,375,417,421,431,433,435,442,444,447,491,517,525,554,557,565,583,600,641,661,665,672,673,679
draft_22951_01875	10,11,12,13,15,19,20,179,180,186,187,193,194,256,258,260,284,285,286,287,300,333,334,341,342,345,347,352,353,356,357,367,371,372,375,377,378,382,383,385,391,393,394,406,417,421,431,435,438,440,442,444,447,450,452,463,465,471,477,491,496,499,503,517,521,525,538,542,543,546,547,549,550,553,557,565,566,567,571,574,575,579,583,585,586,590,593,595,596,600,601,604,605,606,607,608,609,614,615,616,619,620,621,627,629,633,634,635,638,641,642,644,646,652,656,657,658,660,661,665,666,667,669,678,679,680,681,684,689,690,697,698,699,700,709,710,711,713,715,717,778,780
draft_22951_01876	10,11,12,13,15,16,19,20,179,180,181,182,186,187,188,189,193,195,196,200,207,256,257,258,260,284,285,286,287,333,334,336,345,346,352,353,356,357,359,366,371,372,373,374,377,385,388,391,392,397,404,417,419,421,431,435,436,440,442,443,444,446,447,448,450,452,454,465,471,473,483,491,492,494,496,507,517,521,522,524,525,531,536,539,541,546,550,553,554,556,557,565,571,577,578,579,580,581,583,585,586,593,594,596,598,600,601,604,608,609,614,619,624,625,629,634,635,641,646,647,657,658,661,665,666,669,672,673,674,678,679,680,684,685,689,695,696,697,698,709,710,711
draft_22951_01877	10,11,12,19,179,180,183,186,284,285,287,333,334,335,336,342,345,353,375,417,421,431,433,435,442,444,447,491,525,536,554,557,580,583,600,641,661,672,679,680,685,689,693,697,698,705,709,710,711,712,713,798
draft_22951_01878	10,11,12,13,15,16,19,144,146,147,151,153,154,179,180,186,187,193,194,256,257,258,259,260,262,284,285,286,287,300,333,334,336,341,342,345,346,347,352,353,356,357,358,359,366,367,371,372,373,374,375,377,378,382,383,385,386,387,388,391,393,394,397,400,401,404,406,417,419,431,432,435,436,438,442,443,446,447,448,450,454,465,471,473,477,483,491,492,496,499,503,507,517,521,522,524,525,528,529,531,539,540,541,542,543,546,547,549,550,553,556,557,565,566,571,574,575,577,578,579,583,585,586,590,593,595,596,600,601,604,605,607,608,609,614,615,619,620,621,627,629,633,634,635,638,641,642,644,652,656,657,658,661,665,666,667,669,678,679,680,681,684,689,690,697,698,699,700,709,710,711,713,715,759,778,822
draft_22951_01879	10,11,12,13,15,16,19,179,180,181,182,186,187,193,256,257,258,260,284,285,286,287,300,333,334,341,345,346,352,353,356,357,358,359,366,371,372,377,378,385,386,387,388,391,393,394,397,404,417,419,421,431,432,435,438,440,442,443,444,447,450,452,454,465,471,473,483,491,494,495,496,503,507,517,521,524,525,529,531,536,537,539,540,541,546,547,550,553,554,556,557,565,570,571,577,578,579,580,583,585,586,593,596,598,600,601,603,604,608,609,612,614,619,624,629,634,635,641,644,646,647,657,658,661,665,666,669,672,673,678,679,680,684,685,689,693,697,705,709,710,711,759,822
draft_22951_01880	10,11,12,13,15,16,179,180,181,182,186,187,193,256,257,258,260,284,285,286,333,334,341,345,346,352,356,357,358,359,366,371,372,373,374,375,377,378,385,387,388,391,397,404,417,419,431,432,435,436,438,442,443,446,447,448,450,454,465,471,473,483,486,491,492,496,500,503,507,517,521,522,524,525,531,539,540,541,546,547,548,550,553,556,557,565,570,571,577,578,579,583,585,586,593,596,600,601,604,608,609,612,614,619,629,634,635,641,657,658,661,665,666,669,678,679,680,684,689,697,698,709,710,711,713,714,735,756,771,777,798,819,834
draft_22951_01881	10,11,12,19,34,144,147,179,180,256,257,258,284,285,287,294,333,334,342,345,350,353,354,356,357,369,371,372,375,384,385,413,417,421,422,431,433,435,442,444,447,471,472,481,491,494,501,508,514,517,521,525,532,533,536,553,554,557,565,571,579,580,583,585,587,596,598,600,604,609,619,624,635,641,659,661,665,669,672,673,678,679,680,685,689,693,697,698,705,709,710,711,714,777
draft_22951_01882	10,11,12,13,15,16,19,179,180,181,182,186,187,193,194,200,256,258,260,284,285,286,287,333,334,336,341,345,346,352,353,356,357,366,371,372,375,377,378,385,391,392,417,421,431,435,438,440,442,444,447,450,452,465,471,491,496,503,517,521,525,536,541,546,547,550,553,557,565,570,571,579,580,583,585,586,593,596,598,600,601,604,608,609,612,614,619,629,634,635,641,646,647,657,658,661,665,666,669,678,679,680,684,685,689,693,697,698,705,709,710,711,713,717,738,756,780,801,819
draft_22951_01883	10,11,12,13,15,34,179,180,181,182,186,187,193,194,200,256,257,258,260,262,284,285,286,294,333,334,341,345,350,352,354,356,357,358,359,369,371,372,375,377,378,384,385,386,387,388,391,397,404,413,417,419,431,432,435,438,442,443,447,450,454,465,471,473,483,491,496,501,503,507,508,517,521,524,525,531,532,533,534,539,540,546,547,550,553,556,557,565,571,577,578,579,583,585,586,587,593,596,600,601,604,608,609,614,619,629,634,635,641,657,658,659,661,665,666,669,678,679,680,684,689,697,698,709,710,711,737,759,768,800,822,831
draft_22951_01884	10,11,12,13,15,16,19,20,179,180,186,187,193,194,200,201,256,258,260,262,284,285,286,287,300,301,333,334,336,342,345,346,352,353,356,357,366,367,371,372,375,382,383,385,386,394,395,399,406,417,419,421,431,435,436,440,442,443,444,447,448,452,468,471,477,491,499,516,517,519,521,525,536,539,542,543,549,553,556,557,565,566,571,574,575,579,580,583,585,590,593,595,596,598,600,604,605,607,608,609,619,620,627,635,638,641,642,644,645,652,656,661,665,667,669,678,679,680,681,684,685,689,690,693,697,698,699,700,705,709,710,711,713,715,735,736,756,757,778,798,799,819,820
draft_22951_01885	10,11,12,15,144,146,147,179,180,186,187,256,257,258,260,284,285,286,333,334,341,345,346,352,356,357,358,359,366,371,372,375,377,378,385,386,387,388,391,392,397,398,404,417,419,431,432,435,438,442,443,447,450,454,465,471,473,483,491,496,503,507,517,521,522,524,525,531,539,540,541,546,547,550,553,556,557,565,571,577,578,579,583,585,586,593,596,600,601,604,608,609,614,619,629,634,635,641,657,658,661,665,666,669,678,679,680,684,689,697,698,709,710,711,713,759,822
draft_22951_01886	10,11,12,13,15,16,19,179,180,186,187,193,194,200,201,207,208,256,258,260,262,284,285,286,287,300,301,333,334,339,341,345,346,352,353,356,357,366,371,372,375,377,378,385,386,391,393,394,395,399,417,419,421,431,435,436,438,440,442,443,444,447,448,450,452,465,468,471,491,496,503,516,517,519,521,525,529,536,537,539,541,546,547,550,553,556,557,565,570,571,579,583,585,586,593,596,600,601,603,604,608,609,612,614,619,629,634,635,641,644,645,657,658,661,665,666,669,678,679,680,684,689,697,698,709,710,711,713,714,717,735,738,756,777,780,798,801,819
draft_22951_01887	10,11,12,13,15,16,19,20,34,144,146,147,179,180,186,187,193,194,256,258,260,284,285,286,287,294,300,333,334,339,341,345,346,352,353,356,357,366,371,372,375,376,377,378,385,391,392,393,394,417,421,422,431,435,438,440,442,444,447,450,452,465,471,491,496,503,509,512,517,521,525,536,537,541,546,547,550,553,557,561,565,570,571,579,580,581,583,585,586,593,594,596,600,601,603,604,608,609,612,614,619,629,634,635,637,641,644,646,651,655,657,658,661,665,666,669,675,678,679,680,684,686,688,689,697,709,710,711,717,738,780,801
draft_22951_01888	10,11,12,13,15,16,19,20,21,179,180,186,187,256,258,284,285,286,287,300,333,334,335,336,341,345,346,347,352,353,356,357,366,367,371,372,375,377,378,381,385,391,393,394,406,417,421,431,435,438,440,441,442,444,447,450,452,453,463,465,471,491,494,496,517,521,525,529,536,537,538,541,546,550,553,554,557,565,567,571,579,580,583,585,586,593,596,598,600,601,603,604,606,608,609,614,615,616,619,624,629,634,635,641,644,646,647,657,658,660,661,665,666,669,672,673,678,679,680,684,685,689,693,697,698,705,709,710,711,712,713,714,735,759,777,798,822
draft_22951_01889	10,11,12,13,15,144,146,147,179,180,186,187,256,257,258,260,284,285,286,300,333,334,341,345,352,356,357,358,359,371,372,375,377,378,385,386,387,388,391,393,394,397,400,401,404,417,419,431,432,435,438,442,443,447,450,454,465,471,473,483,491,496,503,507,517,521,524,525,528,531,539,540,546,547,550,553,556,557,565,571,577,578,579,583,585,586,593,596,600,601,604,608,609,614,619,629,634,635,641,644,657,658,661,665,666,669,678,679,680,684,689,697,698,709,710,711,713,714,735,756,759,777,798,819,822
draft_22951_01890	10,11,12,13,15,19,179,180,184,185,186,187,193,256,258,284,285,286,287,300,333,334,337,341,342,345,352,353,356,357,371,372,375,385,391,393,394,417,421,431,433,435,438,442,444,447,450,465,471,491,517,521,525,536,550,553,554,557,565,571,579,580,583,585,593,596,598,600,604,608,609,614,619,629,634,635,641,644,657,661,665,669,672,674,678,679,680,684,685,689,693,697,698,705,709,710,711,713,714,735,756,777,798,819
draft_22951_01891	10,11,12,15,19,144,146,147,179,180,256,257,258,284,285,286,287,333,334,340,341,342,345,346,347,352,353,356,357,358,359,366,367,371,372,373,374,375,377,385,388,391,392,397,398,404,406,417,419,431,432,435,436,438,442,443,446,447,448,450,454,465,471,473,483,491,492,496,503,507,517,521,522,524,525,531,539,540,541,546,547,550,553,556,557,565,571,577,578,579,583,585,586,593,596,600,601,604,608,609,613,614,615,619,629,634,635,641,657,658,661,665,666,669,678,679,680,684,689,697,709,710,711
draft_22951_01892	10,11,12,13,15,19,20,144,146,147,179,180,186,187,256,257,258,260,284,285,286,287,309,333,334,341,345,346,352,353,356,357,358,359,366,371,372,375,377,378,381,385,386,387,388,391,392,397,398,404,407,417,419,421,431,432,435,438,441,442,443,444,447,450,453,454,465,471,473,483,491,494,496,503,507,517,521,522,524,525,531,536,539,540,541,546,547,549,550,553,554,556,557,565,571,574,575,577,578,579,580,583,585,586,593,596,598,600,601,604,608,609,614,618,619,620,624,629,634,635,638,641,642,656,657,658,661,665,666,668,669,672,673,678,679,680,681,684,685,689,690,692,693,696,697,698,699,700,703,704,705,708,709,710,711,713,717,735,759,780,798,822
draft_22951_01893	10,11,12,13,14,15,16,17,19,20,179,180,181,182,186,187,193,194,200,201,207,208,256,257,258,260,262,284,285,286,287,300,333,334,341,345,352,353,356,357,358,359,360,371,372,376,377,378,380,385,386,387,388,390,391,393,394,397,404,417,419,421,431,432,435,438,439,440,442,443,444,447,450,451,452,454,465,471,473,483,485,488,491,496,503,505,507,517,520,521,524,525,531,536,539,540,546,547,550,553,556,557,561,565,571,573,577,579,580,583,585,586,593,594,596,597,598,600,601,602,604,608,609,614,619,622,629,634,635,637,641,644,646,655,657,658,661,665,666,669,675,678,679,680,684,685,689,693,697,698,705,709,710,711,717,729,738,759,780,792,801,822
draft_22951_01894	10,11,12,13,19,20,179,180,186,187,256,258,284,285,287,333,334,342,345,347,353,356,357,367,371,372,375,382,383,385,406,417,421,431,433,435,442,444,447,471,477,491,494,499,517,521,525,536,542,543,549,553,554,557,565,566,571,574,575,579,580,583,585,590,595,596,598,600,604,605,607,609,615,619,620,621,624,627,633,635,638,641,642,652,656,661,665,667,669,672,673,678,679,680,681,685,689,690,693,697,698,705,709,710,711,714,715,777,778
draft_22951_01895	10,11,12,13,15,16,144,146,147,256,257,284,285,286,333,345,346,352,359,360,366,371,373,374,375,376,377,380,388,390,391,392,397,398,404,417,419,436,439,443,446,447,448,450,451,454,473,483,485,486,488,492,496,500,503,505,507,517,520,522,540,541,547,548,561,570,573,583,593,597,612,614,637,655,657,675,680,684,689,697
draft_22951_01896	10,11,12,13,15,19,20,179,180,186,187,193,194,200,201,256,258,260,262,284,285,286,287,300,333,334,341,342,345,352,353,356,357,371,372,377,378,385,391,393,394,417,421,431,433,435,438,440,442,444,447,450,452,465,471,491,494,496,503,517,521,525,536,546,547,550,553,554,557,565,571,579,580,583,585,586,593,596,598,600,601,604,608,609,614,619,624,629,634,635,641,644,646,657,658,661,665,666,669,672,673,678,679,680,684,685,689,693,696,697,698,705,708,709,710,711,713,714,717,777,780
draft_22951_01897	10,11,12,13,15,19,20,179,180,184,185,186,187,192,193,194,200,207,256,258,260,284,285,286,287,333,334,336,341,342,345,346,352,353,356,357,366,371,372,377,378,382,383,385,391,392,406,417,421,431,435,438,440,442,444,447,450,452,465,471,477,491,496,499,503,517,521,525,536,541,542,543,546,547,549,550,553,557,565,566,571,574,575,579,580,583,585,586,590,593,595,596,598,600,601,604,605,607,608,609,614,615,619,620,621,627,629,633,634,635,638,641,642,646,647,652,656,657,658,661,665,666,667,669,678,679,680,681,683,684,685,687,689,690,693,697,698,699,705,709,710,711,713,757,759,820,822
draft_22951_01898	10,11,12,13,15,19,20,21,144,146,147,179,180,186,187,256,257,258,284,285,286,287,333,334,339,341,342,345,346,347,352,353,356,357,358,359,366,367,371,372,375,377,378,381,382,383,385,386,387,388,391,392,397,398,404,406,417,419,421,431,432,435,438,441,442,443,444,447,450,453,454,465,471,473,477,483,491,494,496,499,503,507,517,521,522,524,525,531,536,539,540,541,542,543,546,547,549,550,553,554,556,557,565,566,571,574,575,577,578,579,580,581,583,585,586,590,593,595,596,598,600,601,604,605,607,608,609,614,615,619,620,621,623,624,625,627,629,633,634,635,638,639,641,642,652,656,657,658,661,665,666,667,669,672,674,678,679,680,681,683,684,685,686,689,690,691,692,693,694,697,698,699,700,701,702,703,704,705,706,709,710,711,713,722,736,759,785,799,822
draft_22951_01899	10,11,12,13,15,284,285,286,300,333,345,346,352,366,375,391,393,394,529,541,583,593,614,644,657,680,684,689,697
draft_22951_01900	10,11,12,13,15,16,19,144,146,147,179,180,184,185,186,187,193,194,200,256,257,258,260,262,284,285,286,287,300,333,334,339,341,345,346,352,353,356,357,358,359,366,371,372,375,377,378,385,386,387,388,391,392,393,394,397,400,401,404,417,419,421,431,432,435,438,440,442,443,444,447,450,452,454,465,471,473,483,491,494,496,503,507,517,521,524,525,528,531,536,539,540,541,546,547,550,553,554,556,557,565,570,571,577,578,579,580,583,585,586,593,596,598,600,601,604,608,609,612,614,619,624,629,634,635,641,644,646,647,657,658,661,665,666,669,672,673,678,679,680,684,685,689,693,697,698,705,709,710,711,713,735,759,798,822
draft_22951_01901	10,11,12,15,34,144,146,147,179,180,186,187,256,257,258,260,284,285,286,294,333,334,341,345,352,354,356,357,358,359,371,372,375,377,378,384,385,387,388,391,397,404,413,417,419,422,431,432,435,438,442,443,447,450,454,465,471,472,473,474,475,476,481,483,490,491,496,501,503,507,508,509,514,517,521,524,525,531,532,533,534,539,540,546,547,550,553,556,557,565,571,577,579,583,585,586,587,593,596,600,601,604,608,609,614,619,629,634,635,641,657,658,659,661,665,666,669,678,679,680,684,689,709,710,711,714,768,777,831
draft_22951_01902	10,11,12,13,15,16,19,179,180,181,182,186,187,193,194,200,256,257,258,260,262,284,285,286,287,300,333,334,341,345,352,353,356,357,358,359,371,372,375,377,378,385,386,387,388,391,393,394,397,404,417,419,421,431,432,435,438,440,442,443,444,447,450,452,454,465,471,473,483,491,494,496,503,507,517,521,524,525,531,536,539,540,546,547,550,553,554,556,557,565,571,577,578,579,580,583,585,586,593,596,598,600,601,604,608,609,614,619,624,629,634,635,641,644,646,657,658,661,665,666,669,672,673,678,679,680,684,685,686,689,693,697,698,705,709,710,711,713,735,738,759,798,801,822
draft_22951_01903	10,11,12,13,15,19,20,21,179,180,186,187,193,194,256,258,260,284,285,286,287,300,333,334,336,341,345,352,353,356,357,367,371,372,375,377,378,381,385,391,393,394,406,417,421,431,435,438,440,441,442,444,447,450,452,453,465,471,491,494,496,503,517,521,525,536,546,547,549,550,553,554,557,565,571,574,575,579,580,581,583,585,586,593,595,596,598,600,601,604,605,608,609,614,619,620,624,625,629,634,635,638,639,641,642,644,646,656,657,658,661,665,666,667,669,672,673,674,678,679,680,681,683,684,685,686,689,690,693,697,698,699,700,705,709,710,711,713,714,738,759,777,801,822
draft_22951_01904	10,11,12,15,19,144,146,147,179,180,256,257,258,284,285,286,287,333,334,341,345,346,347,352,353,356,357,358,359,366,367,371,372,373,374,375,377,385,388,391,392,397,398,404,406,417,419,431,432,435,436,438,442,443,446,447,448,450,454,465,471,473,483,491,492,496,503,507,517,521,522,524,525,531,539,540,541,546,547,550,553,556,557,565,571,577,578,579,583,585,586,593,596,600,601,604,608,609,613,614,615,619,629,634,635,641,657,658,661,665,666,669,678,679,680,684,689,697,709,710,711
draft_22951_01905	10,11,12,13,15,16,19,144,146,147,179,180,186,187,256,257,258,260,284,285,286,287,301,333,334,345,352,353,356,357,359,371,372,375,385,406,410,417,419,421,423,431,435,440,442,443,444,447,452,465,468,471,491,493,494,516,517,519,521,525,531,536,539,540,549,550,553,554,556,557,565,571,574,575,577,579,580,583,585,593,595,596,598,600,604,605,608,609,613,615,619,620,624,634,635,638,641,642,645,656,661,665,667,669,672,673,678,679,680,681,684,685,689,690,693,697,699,705,709,710,711,713,714,756,777,819
draft_22951_01906	10,11,12,13,15,19,20,144,146,147,179,180,186,187,256,257,258,260,284,285,286,287,309,333,334,341,345,352,353,356,357,358,359,371,372,375,377,378,381,385,388,391,392,397,398,404,407,417,419,421,431,432,435,438,441,442,443,444,447,450,453,454,465,471,473,483,491,496,503,507,517,521,524,525,531,536,539,540,546,547,550,553,556,557,565,571,577,578,579,580,583,585,586,593,596,600,601,604,608,609,614,618,619,629,634,635,638,641,657,658,661,665,666,669,678,679,680,681,683,684,685,686,689,690,693,697,698,699,705,709,710,711,717,780
draft_22951_01907	10,11,12,13,15,19,179,180,186,187,193,194,214,219,220,256,258,260,284,285,286,287,333,334,341,342,345,352,353,356,357,371,372,377,378,382,383,385,391,406,417,419,431,432,435,438,442,443,447,450,454,465,471,477,491,499,503,517,521,525,539,542,543,544,546,547,549,550,553,556,557,565,566,567,571,574,575,577,579,583,585,590,593,595,596,600,601,604,605,607,608,609,615,616,619,620,621,627,633,634,635,638,641,642,652,656,661,665,666,667,669,678,679,680,681,684,689,690,697,698,699,709,710,711,757,764,820,827
draft_22951_01908	10,11,12,15,19,284,285,286,287,300,333,345,352,353,375,394,421,440,444,452,536,580,583,593,644,680,684,685,689,693,697,705
draft_22951_01909	10,11,12,13,15,19,20,144,146,147,179,180,186,187,193,194,256,257,258,260,262,284,285,286,287,300,333,334,341,345,347,352,353,356,357,358,359,367,371,372,375,377,381,385,388,391,393,394,397,400,401,404,406,417,419,421,431,432,435,438,441,442,443,444,447,450,453,454,465,471,473,483,491,494,496,507,517,521,524,525,528,531,536,539,540,546,549,550,553,554,556,557,565,571,574,575,577,578,579,580,581,583,585,586,593,595,596,598,600,601,604,605,608,609,614,615,619,620,624,625,629,634,635,638,639,641,642,644,656,657,658,661,665,666,667,669,672,674,678,679,680,681,683,684,685,686,689,690,693,697,698,699,700,705,709,710,711,713
draft_22951_01910	10,11,12,15,144,146,147,179,180,186,187,256,257,258,260,284,285,286,333,334,339,341,345,346,352,356,357,358,359,366,371,372,375,377,378,385,386,387,388,391,392,397,398,404,417,419,431,432,435,438,442,443,447,450,454,465,471,473,483,491,496,503,507,517,521,522,524,525,531,539,540,541,546,547,550,553,556,557,565,571,577,578,579,583,585,586,593,596,600,601,604,608,609,614,619,629,634,635,641,657,658,661,665,666,669,678,679,680,684,689,697,698,709,710,711,713,759,822
draft_22951_01911	10,11,12,13,15,16,144,146,147,151,153,154,179,180,186,187,193,194,256,257,258,259,260,262,284,285,286,300,333,334,336,341,345,346,352,356,357,358,359,366,371,372,373,374,375,377,378,385,386,387,388,391,393,394,397,400,401,404,417,419,431,432,435,436,438,442,443,446,447,448,450,454,465,471,473,483,491,492,496,503,507,517,521,522,524,525,528,529,531,539,540,541,546,547,550,553,556,557,565,571,577,578,579,583,585,586,593,596,600,601,604,608,609,614,619,629,634,635,641,644,657,658,661,665,666,669,678,679,680,684,689,697,698,709,710,711,713,714,759,777,822
draft_22951_01912	10,11,12,13,19,34,144,147,179,180,256,257,258,284,285,287,294,333,334,342,345,350,353,354,356,357,369,371,372,375,384,385,413,417,421,422,431,433,435,442,444,447,471,472,481,491,494,501,508,514,517,521,525,532,533,536,553,554,557,565,571,579,580,583,585,587,596,598,600,604,609,619,624,635,641,659,661,665,669,672,673,678,679,680,685,689,697,698,709,710,711,713,714,735,756,777,798,819
draft_22951_01913	10,11,12,13,14,15,16,19,20,179,180,186,187,193,194,200,201,256,258,260,262,284,285,286,287,300,301,309,333,334,338,339,341,342,345,346,352,353,356,357,366,371,372,375,385,391,394,395,399,407,417,421,431,435,440,442,444,447,452,463,465,471,491,494,516,517,519,521,523,525,536,538,541,549,550,553,554,557,565,567,571,574,575,579,580,583,585,593,596,598,600,604,608,609,614,618,619,620,624,629,634,635,638,641,642,646,647,656,657,661,665,668,669,672,673,678,679,680,681,684,685,689,690,693,697,698,699,700,705,709,710,711,713,714,777
draft_22951_01914	10,11,12,13,15,144,146,147,179,180,186,187,256,257,258,260,284,285,286,333,334,341,345,346,352,356,357,358,359,366,371,372,373,374,375,377,378,385,386,387,388,391,392,397,398,404,417,419,431,432,435,436,438,442,443,446,447,448,450,454,465,471,473,483,491,492,496,503,507,517,521,522,524,525,531,539,540,541,546,547,550,553,556,557,565,571,577,578,579,583,585,586,593,596,600,601,604,608,609,614,619,629,634,635,641,657,658,661,665,666,669,678,679,680,684,689,697,698,709,710,711,735,759,798,822
draft_22951_01915	10,11,12,13,15,19,20,144,148,179,180,183,184,185,186,187,193,194,200,207,256,258,260,284,285,286,287,333,334,335,336,341,342,345,352,353,356,357,371,372,375,377,378,385,391,392,417,421,431,433,435,438,442,444,447,450,465,471,491,494,496,503,517,521,525,536,546,547,550,553,554,557,565,571,579,580,583,585,586,593,596,598,600,601,604,608,609,614,619,624,629,634,635,641,657,658,661,665,666,669,672,673,674,678,679,680,684,685,686,689,693,695,696,697,698,705,707,709,710,711,712,713,717,756,780,819
draft_22951_01916	10,11,12,13,15,19,179,180,186,187,193,194,256,258,260,284,285,286,287,300,333,334,339,341,342,345,346,352,353,356,357,366,371,372,375,377,378,385,391,393,394,417,421,431,433,435,438,442,444,447,450,465,471,491,494,496,503,517,521,525,529,536,541,546,547,550,553,554,557,565,571,579,580,581,583,585,586,593,596,598,600,601,604,608,609,614,619,624,629,634,635,641,644,657,658,661,665,666,669,672,673,678,679,680,684,685,689,693,697,698,705,709,710,711,714,777
draft_22951_01917	10,11,12,13,19,34,144,147,179,180,186,187,256,257,258,260,284,285,287,294,333,334,342,345,350,353,354,356,357,369,371,372,375,384,385,386,413,417,421,422,431,433,435,442,444,447,471,472,481,491,494,501,508,514,517,521,525,532,533,536,553,554,557,565,571,579,580,583,585,587,596,598,600,604,609,619,624,635,641,659,661,665,669,672,673,678,679,680,685,689,693,697,698,705,709,710,711,713,714,735,756,777,798,819
draft_22951_01918	10,11,12,13,19,34,35,144,147,151,154,179,180,256,257,258,259,284,285,287,294,333,334,342,345,350,353,354,356,369,371,372,384,385,413,417,421,422,431,433,435,442,444,447,471,472,481,491,501,508,514,517,521,525,532,533,536,553,554,557,565,571,579,580,583,585,587,596,600,604,609,635,641,659,661,665,669,672,673,678,679,680,685,693
draft_22951_01919	10,11,12,13,15,16,19,144,146,147,179,180,186,187,193,194,256,258,260,284,285,286,287,333,334,341,342,345,346,352,353,356,357,366,367,371,372,375,376,377,378,382,383,385,391,392,406,417,431,435,438,442,447,450,465,471,477,491,496,499,503,517,521,525,541,542,543,546,547,549,550,553,557,561,565,566,570,571,574,575,579,583,585,586,590,593,595,596,600,601,604,605,607,608,609,612,614,619,620,627,629,634,635,637,638,641,642,652,655,656,657,658,661,665,666,667,669,675,678,679,680,681,684,689,690,692,703,709,710,711,715,778
draft_22951_01920	10,11,12,15,34,144,146,147,179,180,186,187,256,257,258,260,284,285,286,294,333,334,341,345,350,352,354,356,357,358,359,369,371,372,377,384,385,388,391,397,404,413,417,419,422,431,432,435,438,442,443,447,450,454,465,471,473,474,475,476,481,483,490,491,496,501,503,507,508,509,517,521,525,531,532,534,539,540,547,550,553,556,557,565,571,577,579,583,585,587,593,596,600,604,608,609,614,619,629,634,635,641,657,659,661,665,669,678,679,680,684,689,697,709,710,711
draft_22951_01921	10,11,12,13,15,19,144,146,147,179,180,183,186,187,193,256,257,258,284,285,286,287,300,333,334,336,341,342,345,352,353,356,357,358,359,371,372,377,378,385,386,387,388,391,393,394,397,400,401,404,417,419,421,431,432,433,435,438,442,443,444,447,450,454,465,471,473,483,491,494,495,496,503,507,517,521,524,525,528,531,536,537,539,540,546,547,550,553,554,556,557,565,571,577,578,579,580,583,585,586,593,596,598,600,601,603,604,608,609,614,619,624,629,634,635,641,644,657,658,661,665,666,669,672,678,679,680,684,685,689,693,696,697,698,705,708,709,710,711,713,717,735,759,780,798,822
draft_22951_01922	10,11,12,13,15,144,146,147,179,180,186,187,193,194,256,257,258,260,262,284,285,286,333,334,341,345,346,352,356,357,358,359,366,371,372,377,378,385,386,387,388,391,392,397,398,404,417,419,431,432,435,438,442,443,447,450,454,465,471,473,483,491,496,503,507,517,521,522,524,525,531,539,540,541,546,547,550,553,556,557,565,571,577,578,579,583,585,586,593,596,600,601,604,608,609,614,619,629,634,635,641,657,658,661,665,666,669,678,679,680,684,689,697,698,709,710,711,713,759,822
draft_22951_01923	10,11,12,13,15,19,144,146,147,179,180,186,187,256,257,258,260,284,285,286,287,302,333,334,341,342,345,352,353,356,357,358,359,371,372,375,377,382,385,388,396,417,419,421,424,431,432,433,435,438,442,443,444,447,450,455,465,471,491,494,499,503,515,517,521,524,525,531,536,539,540,542,543,546,547,549,550,553,554,556,557,559,565,571,574,575,577,579,580,581,583,585,593,596,598,600,601,604,607,608,609,619,620,624,625,634,635,638,639,641,642,652,653,656,661,665,666,669,672,673,674,678,679,680,681,684,685,689,690,693,697,698,699,700,705,709,710,711,714,777
draft_22951_01924	10,11,12,13,15,19,20,144,146,147,179,180,186,187,256,257,258,260,284,285,286,287,333,341,342,345,352,353,356,358,359,367,371,372,375,377,378,382,383,385,388,391,392,397,398,404,406,417,419,432,435,438,442,443,447,450,454,465,471,473,477,483,491,496,499,503,507,517,521,524,525,531,539,540,542,543,546,547,549,550,553,556,557,565,566,571,574,575,577,578,579,583,585,586,590,593,595,596,600,601,604,605,607,608,609,614,615,619,620,621,627,629,633,634,635,638,641,642,652,656,657,658,661,665,666,667,669,678,679,680,681,682,683,684,690,720,722,783,785
draft_22951_01925	10,11,12,15,144,146,147,179,180,256,257,258,284,285,286,333,334,336,341,345,346,352,356,357,358,359,366,371,372,373,374,375,377,385,388,391,392,397,398,404,417,419,431,432,435,436,438,442,443,446,447,448,450,454,465,471,473,483,491,492,496,503,507,517,521,522,524,525,531,539,540,541,546,547,550,553,556,557,565,571,577,578,579,583,585,586,593,596,600,601,604,608,609,614,619,629,634,635,641,657,658,661,665,666,669,678,679,680,684,689,697,698,709,710,711,713
draft_22951_01926	10,11,12,13,15,284,285,286,300,333,345,346,352,366,375,391,393,394,529,541,583,593,614,644,680,684,689,697
draft_22951_01927	10,11,12,13,15,16,144,146,147,179,180,186,187,193,194,256,257,258,260,262,284,285,286,301,333,334,341,345,352,356,357,358,359,371,372,377,378,385,388,391,397,417,419,423,431,432,435,438,442,443,447,450,454,465,468,471,478,483,491,496,503,516,517,521,524,525,531,539,540,546,547,550,553,556,557,565,571,577,578,579,583,585,586,593,594,596,600,601,602,604,608,609,614,617,619,622,629,634,635,641,645,657,658,661,665,666,669,678,679,680,684,689,697,698,709,710,711
draft_22951_01928	10,11,12,13,15,19,20,144,148,179,180,186,187,193,194,256,258,260,284,285,286,287,300,333,334,341,342,345,347,352,353,356,357,367,371,372,375,377,378,382,383,385,391,393,394,406,417,421,431,435,438,440,442,444,447,450,452,465,471,477,491,494,496,499,503,517,521,525,536,542,543,544,546,547,549,550,553,554,557,565,566,567,571,574,575,579,580,583,585,586,590,593,595,596,598,600,601,604,605,607,608,609,614,615,616,619,620,621,624,627,629,633,634,635,638,641,642,644,646,652,656,657,658,660,661,665,666,667,669,672,673,678,679,680,681,684,685,689,690,693,697,699,700,705,709,710,711,713,714,715,736,756,764,777,778,799,819,827,861
draft_22951_01929	10,11,12,13,15,179,180,181,182,186,187,193,194,200,256,257,258,260,262,284,285,286,333,334,341,345,352,356,357,358,359,371,372,375,377,385,388,391,397,404,417,419,431,432,435,438,442,443,447,450,454,465,471,473,483,491,496,503,507,517,521,524,525,531,539,540,546,547,550,553,556,557,565,571,577,578,579,583,585,586,593,596,600,601,604,608,609,614,619,629,634,635,641,657,658,661,665,666,669,678,679,680,684,689,697,698,709,710,711,713
draft_22951_01930	10,11,12,13,15,19,144,146,147,179,180,186,187,256,257,258,260,284,285,286,287,302,333,334,341,342,345,352,353,356,357,358,359,371,372,375,377,382,385,388,396,417,419,421,424,431,432,433,435,438,442,443,444,447,450,455,465,471,491,494,499,515,517,521,524,525,531,536,539,542,546,549,550,553,554,556,557,559,565,571,574,575,577,579,580,581,583,585,593,596,598,600,601,604,607,608,609,619,620,624,625,634,635,638,639,641,642,652,653,656,661,665,666,669,672,673,674,678,679,680,681,684,685,689,690,693,697,698,699,700,705,709,710,711,714,777
draft_22951_01931	10,11,12,13,15,19,144,146,147,179,180,186,187,193,194,256,257,258,260,262,284,285,286,287,333,334,342,345,346,352,353,356,357,359,366,371,372,373,374,377,382,385,386,388,391,397,404,406,410,417,419,421,431,433,435,436,440,442,443,444,446,447,448,450,452,454,462,465,471,473,477,483,491,492,493,494,495,496,498,507,517,521,522,524,525,531,536,537,539,541,543,544,546,549,550,553,554,556,557,565,566,567,571,574,575,577,579,580,583,585,586,593,595,596,598,600,603,604,605,608,609,613,614,615,616,619,620,621,624,629,633,634,635,638,641,642,646,647,656,657,658,660,661,665,666,667,669,672,673,678,679,680,681,684,685,689,690,693,697,698,699,705,709,710,711,713,735,756,798,819
draft_22951_01932	10,11,12,13,15,284,285,286,333,345,346,352,366,375,391,392,541,583,593,614,657,680,684,689,697
draft_22951_01933	10,11,12,13,15,144,146,147,179,180,186,187,256,257,258,260,284,285,286,333,334,336,341,345,346,352,356,357,358,359,366,371,372,375,377,378,385,386,387,388,391,392,397,398,404,417,419,431,432,435,438,442,443,447,450,454,465,471,473,483,491,496,503,507,517,521,522,524,525,531,539,540,541,546,547,550,553,556,557,565,571,577,578,579,583,585,586,593,596,600,601,604,608,609,614,619,629,634,635,641,657,658,661,665,666,669,678,679,680,684,689,697,698,709,710,711,713,759,822
draft_22951_01934	10,11,12,13,15,16,34,179,180,256,284,285,286,294,300,333,341,345,346,352,356,366,371,372,375,376,377,378,385,391,393,394,417,422,435,438,442,447,450,465,471,491,496,503,509,512,517,521,525,529,541,546,547,550,553,557,561,565,571,579,583,585,586,593,596,600,601,604,608,609,614,619,629,634,635,637,641,644,655,658,661,665,666,669,675,678,679,680,684,689,697
draft_22951_01935	10,11,12,15,19,284,285,286,287,300,333,345,352,353,375,394,421,440,444,452,536,580,583,593,644,680,684,685,689,693,697,705
draft_22951_01936	10,11,12,13,19,20,21,179,180,186,187,193,194,256,258,260,284,285,287,333,334,342,345,347,353,356,357,367,371,372,375,382,383,385,406,417,421,431,433,435,442,444,447,471,477,491,494,499,517,521,525,536,542,543,549,553,554,557,565,566,571,574,575,576,579,580,583,585,590,595,596,598,600,604,605,607,609,615,619,620,621,624,627,633,635,638,640,641,642,652,656,661,665,667,669,672,673,678,679,680,681,685,689,690,693,694,697,698,699,700,705,706,709,710,711,713,715,735,736,756,757,778,798,799,819,820
draft_22951_01937	10,11,12,13,15,19,144,146,147,179,180,186,187,256,257,258,260,284,285,286,287,333,334,341,342,345,346,352,353,356,357,358,359,366,371,372,375,377,378,385,386,387,388,391,392,397,398,404,417,419,421,431,432,433,435,438,442,443,444,447,450,454,465,471,473,483,491,494,496,503,507,517,521,522,524,525,531,536,539,540,541,546,547,550,553,554,556,557,565,571,577,578,579,580,583,585,586,593,596,598,600,601,604,608,609,614,619,624,629,634,635,641,657,658,661,665,666,669,672,673,678,679,680,684,685,689,693,696,697,698,705,708,709,710,711,713,717,735,759,780,798,822
draft_22951_01938	10,11,12,13,15,19,20,144,147,179,180,186,187,193,194,200,201,256,257,258,260,262,284,285,286,287,300,333,334,336,341,342,345,352,353,356,357,371,372,377,378,382,383,385,386,391,393,394,406,410,417,421,431,433,435,438,440,442,444,447,450,452,465,471,477,491,494,496,499,503,517,521,525,536,542,543,546,547,549,550,553,554,557,565,566,571,574,575,579,580,581,583,585,586,590,593,595,596,598,600,601,604,605,607,608,609,614,615,619,620,621,624,625,627,629,633,634,635,638,639,641,642,644,646,652,653,656,657,658,661,665,666,667,669,672,673,674,678,679,680,681,684,685,689,690,692,693,696,697,698,699,703,704,705,708,709,710,711,713,714,717,743,757,777,780,806,820
draft_22951_01939	10,11,12,13,15,144,146,147,148,151,179,180,186,187,256,257,258,260,284,285,286,333,334,341,345,352,356,357,358,359,371,372,377,378,385,386,387,388,391,392,397,398,404,417,419,431,432,435,438,442,443,447,450,454,465,471,473,483,491,496,503,507,517,521,524,525,531,539,540,546,547,550,553,556,557,565,571,577,578,579,583,585,586,593,596,600,601,604,608,609,614,619,629,634,635,641,657,658,661,665,666,669,678,679,680,684,689,697,698,709,710,711,713,759,822,864
draft_22951_01940	10,11,12,13,15,16,19,144,146,147,179,180,186,187,193,194,256,257,258,260,262,284,285,286,287,300,333,334,336,341,345,346,352,353,356,357,358,359,366,371,372,375,377,378,385,386,387,388,391,392,393,394,397,398,404,417,419,421,431,432,435,438,440,442,443,444,447,450,452,454,465,471,473,483,491,496,503,507,517,521,522,524,525,529,531,536,539,540,541,546,547,550,553,556,557,565,571,577,578,579,580,583,585,586,593,594,596,598,600,601,604,608,609,614,619,629,634,635,641,644,646,647,657,658,661,665,666,669,678,679,680,684,685,689,693,697,698,705,709,710,711,713,714,759,777,822
draft_22951_01941	10,11,12,13,15,16,19,20,144,149,150,179,180,186,187,256,258,284,285,286,287,300,333,334,342,345,346,347,352,353,356,357,366,367,371,372,375,382,383,385,391,392,393,394,406,417,421,431,435,440,442,444,447,452,465,471,477,491,494,499,517,521,525,529,536,541,542,543,549,550,553,554,557,565,566,570,571,574,575,579,580,583,585,590,593,595,596,598,600,604,605,607,608,609,612,614,615,619,620,621,624,627,629,633,634,635,638,641,642,644,646,647,652,656,657,661,665,667,669,672,673,678,679,680,681,684,685,686,689,690,692,693,694,697,699,703,705,706,709,710,711,713,715,756,778,819
draft_22951_01942	10,11,12,13,15,179,180,186,187,193,194,256,258,260,284,285,286,333,341,345,352,356,371,372,377,378,385,391,392,417,435,438,442,447,450,465,471,491,496,503,517,521,525,546,547,550,553,557,565,571,578,579,583,585,586,593,596,600,601,604,608,609,614,619,629,634,635,641,657,658,661,665,666,669,678,679,680,684
draft_22951_01943	10,11,12,13,15,19,179,180,183,186,187,193,194,200,256,258,260,284,285,286,287,333,334,341,342,345,352,353,356,357,366,371,372,375,377,378,385,391,392,417,421,431,433,435,438,442,444,447,450,465,471,491,494,496,503,517,521,525,536,541,546,547,550,553,554,557,565,571,578,579,580,583,585,586,593,596,598,600,601,604,608,609,614,619,624,629,634,635,641,657,658,661,665,666,669,672,673,678,679,680,684,685,689,693,697,705,709,710,711,713,717,756,780,819
draft_22951_01944	10,11,12,13,15,16,179,180,181,182,186,187,188,189,193,194,200,207,256,257,258,259,260,262,284,285,286,333,334,336,341,345,346,352,356,357,358,359,366,371,372,373,374,375,377,378,385,386,387,388,391,397,404,417,419,431,432,435,436,438,442,443,446,447,448,450,454,465,471,473,483,491,492,496,503,507,517,521,522,524,525,531,539,540,541,546,547,550,553,556,557,565,571,577,578,579,583,585,586,593,596,600,601,604,608,609,614,619,629,634,635,641,657,658,661,665,666,669,678,679,680,684,689,697,698,709,710,711,713,714,729,738,756,759,777,792,801,819,822
draft_22951_01945	10,11,12,13,15,16,19,144,146,147,179,180,186,187,193,194,256,257,258,260,262,284,285,286,287,301,333,334,345,352,353,356,357,359,371,372,375,385,406,410,417,419,421,423,431,435,440,442,443,444,447,452,465,468,471,491,493,494,516,517,519,521,525,531,536,539,549,550,553,554,556,557,565,571,574,575,577,579,580,583,585,593,595,596,598,600,604,605,608,609,613,615,619,620,624,634,635,638,641,642,645,656,661,665,667,669,672,673,678,679,680,681,684,685,689,690,693,697,698,699,700,705,709,710,711,713,714,735,777,798
draft_22951_01946	10,11,12,13,15,16,19,20,21,179,180,186,187,193,194,256,258,260,284,285,286,287,300,333,334,341,345,346,352,353,356,357,366,367,371,372,375,377,378,381,385,391,393,394,406,417,421,431,435,438,441,442,444,447,450,453,465,471,491,494,496,503,517,521,525,529,536,541,546,547,549,550,553,554,557,565,571,574,575,579,580,581,583,585,586,593,595,596,598,600,601,604,605,608,609,614,619,620,624,625,629,634,635,638,639,641,642,644,656,657,658,661,665,666,667,669,672,673,674,678,679,680,681,684,685,689,690,693,697,699,705,709,710,711,713,756,759,819,822
draft_22951_01947	10,11,12,13,15,19,20,179,180,183,184,185,186,190,193,200,256,284,285,286,287,333,334,335,336,341,342,345,346,352,353,356,357,366,371,372,375,385,391,392,417,421,431,433,435,438,442,444,447,450,471,491,517,521,525,536,541,553,554,557,565,571,579,580,583,585,593,596,600,604,609,614,619,635,641,657,661,665,669,672,674,678,679,680,684,685,689,693,695,696,697,698,705,707,709,710,711,712,713
draft_22951_01948	10,11,12,13,15,144,146,147,179,180,183,186,187,193,256,257,258,260,284,285,286,333,334,341,345,352,356,357,358,359,371,372,377,378,385,386,387,388,391,392,397,398,404,417,419,431,432,435,438,442,443,447,450,454,465,471,473,483,491,496,503,507,517,521,524,525,531,539,540,546,547,550,553,556,557,565,571,577,578,579,583,585,586,593,596,600,601,604,608,609,614,619,629,634,635,641,657,658,661,665,666,669,678,679,680,684,689,697,698,709,710,711,713,759,822
draft_22951_01949	10,11,12,13,19,20,21,144,145,179,180,183,186,187,193,284,285,287,333,334,335,336,338,342,345,353,375,381,406,417,421,431,433,435,441,442,444,447,453,463,491,525,536,538,554,557,580,583,600,606,615,638,641,661,672,679,680,681,685,689,690,693,697,698,699,700,705,709,710,711,712,713,777,798,819,840,841,861,862
draft_22951_01950	10,11,12,13,15,34,144,146,147,179,180,186,187,256,257,258,260,284,285,286,294,333,334,335,341,345,352,354,356,357,358,359,371,372,375,377,378,384,385,387,388,391,397,404,413,417,419,422,431,432,435,438,442,443,447,450,454,465,471,472,473,474,475,476,481,483,490,491,496,501,503,507,508,509,514,517,521,524,525,531,532,533,534,539,540,546,547,550,553,556,557,565,571,577,579,583,585,586,587,593,596,600,601,604,608,609,614,619,629,634,635,641,657,658,659,661,665,666,669,678,679,680,684,689,697,698,709,710,711,712,713,714,768,777,831
draft_22951_01951	10,11,12,13,19,20,144,145,179,180,183,186,187,193,194,200,256,258,284,285,287,333,334,335,336,342,345,353,356,357,367,371,372,375,382,383,385,406,417,421,431,433,435,442,444,447,471,477,491,499,517,521,525,536,542,543,549,553,554,557,565,566,571,574,575,579,580,583,585,590,595,596,600,604,605,607,609,619,620,627,635,638,641,642,652,656,661,665,667,669,672,673,678,679,680,681,685,689,690,693,697,698,699,700,705,709,710,711,712,713,715,736,756,777,778,798,799,819,861
draft_22951_01952	10,11,12,13,15,19,179,180,186,187,256,258,284,285,286,287,300,333,334,341,342,345,346,352,353,356,357,366,371,372,375,377,378,385,391,393,394,417,421,431,433,435,438,442,444,446,447,450,465,471,491,494,496,503,517,521,525,529,536,541,546,547,550,553,554,557,565,571,579,580,583,585,586,593,596,598,600,601,604,608,609,614,619,624,629,634,635,641,644,658,661,665,666,669,672,673,674,678,679,680,684,685,689,693,697,698,705,709,710,711,714,717,777,780
draft_22951_01953	10,11,12,13,15,19,20,21,179,180,184,185,186,187,193,256,258,284,285,286,287,333,334,336,341,345,346,347,352,353,356,357,366,367,371,372,375,377,378,381,385,391,392,406,417,421,431,435,438,441,442,444,446,447,450,453,465,471,491,496,503,517,521,525,536,541,546,547,550,553,554,557,565,571,574,579,580,583,585,586,593,595,596,600,601,604,608,609,614,615,619,629,634,635,638,641,658,661,665,666,667,669,673,674,678,679,680,681,684,685,689,690,691,693,694,695,697,698,699,701,705,709,710,711,713,714,735,738,759,777,798,801,822
