id	bits.on
draft_22951_00001	28,29,43,48,69,85,86,91,95,100,102,104,106,112,122,124,130,131,132,136,138,139,140,146,148,153,155,158,159,161,164
draft_22951_00002	28,29,43,48,69,79,85,86,91,95,100,102,104,106,111,112,122,124,129,130,131,132,136,138,139,140,142,146,147,148,153,155,158,159,161,164
draft_22951_00003	29,43,48,69,85,86,90,91,97,100,102,104,106,112,114,116,122,124,128,130,131,132,136,138,139,140,146,148,149,153,155,158,159,160,161,164
draft_22951_00004	37,39,40,43,47,48,51,53,54,55,58,59,60,61,64,65,67,69,73,77,79,80,81,84,88,89,92,95,97,98,102,106,110,112,113,117,120,121,124,127,130,131,133,135,136,137,139,140,142,143,144,146,148,150,151,154,156,158,159,161,162,163,164,165
draft_22951_00005	37,38,43,52,53,54,65,69,77,79,80,83,94,95,96,97,106,110,113,117,120,121,123,124,127,131,136,137,139,142,143,146,151,154,156,157,159,161,162,164,165
draft_22951_00006	37,43,53,57,65,77,80,83,89,90,91,92,95,96,97,98,105,106,109,110,113,117,120,121,123,127,131,136,137,140,142,143,144,146,151,153,154,156,157,159,161,162,163,164,165
draft_22951_00007	29,43,48,69,82,84,90,91,100,102,104,106,111,112,118,124,130,131,132,138,139,146,147,148,151,153,155,158,159,161,164
draft_22951_00008	37,43,53,54,65,77,80,89,92,95,97,98,106,110,113,117,120,121,123,127,131,136,137,139,140,142,143,146,151,154,156,157,159,161,162,163,164,165
draft_22951_00009	37,43,53,54,72,77,79,83,89,92,95,96,97,106,110,117,120,121,127,131,137,139,142,143,146,150,151,154,156,157,158,159,161,164,165
draft_22951_00010	39,40,48,51,55,58,59,60,61,64,67,69,73,81,84,88,102,106,112,124,130,131,133,135,136,139,146,148,151,156,158,159,161,162,163,164,165
draft_22951_00011	28,29,69,75,80,83,85,86,91,92,95,96,100,102,104,110,111,112,117,118,120,121,122,124,127,128,129,130,132,136,137,138,139,140,142,143,146,147,148,150,153,154,155,156,158,159,161,164,165
draft_22951_00012	37,43,53,54,77,80,84,90,91,92,95,97,104,106,110,111,117,123,131,132,136,139,140,142,146,151,154,155,156,157,158,159,161,164
draft_22951_00013	37,43,53,65,77,80,89,92,97,98,106,110,113,117,120,121,127,131,136,137,142,143,151,154,156,159,161,162,163,164,165
draft_22951_00014	49,65,75,85,93,97,98,121,122,123,137,139,148,154,157,158,159,160,161,162,163,164,165
draft_22951_00015	38,43,53,54,72,77,82,89,90,91,92,95,97,104,109,110,117,131,132,136,139,140,142,146,149,151,152,153,154,155,156,157,158,159,160,161,164
draft_22951_00016	37,43,53,54,65,77,80,89,92,95,97,98,106,110,113,117,120,121,123,127,131,136,137,139,140,142,143,144,146,150,151,154,156,157,159,160,161,162,163,164,165
draft_22951_00017	39,40,48,51,55,58,59,60,61,62,64,67,69,73,75,81,83,85,88,89,92,96,102,106,110,111,112,117,121,122,124,127,130,132,133,135,136,137,139,140,143,146,147,148,150,154,156,158,159,161,162,163,164,165
draft_22951_00018	37,54,65,75,77,80,85,89,92,93,95,97,98,106,110,113,117,120,121,122,123,127,131,136,137,139,140,142,143,144,146,148,150,151,154,156,157,158,159,160,161,162,163,164,165
draft_22951_00019	37,53,65,75,77,80,84,85,89,90,92,95,97,98,100,104,106,110,113,117,120,121,122,123,127,131,132,136,137,139,140,142,143,144,146,148,150,151,153,154,155,156,157,158,159,161,162,163,164,165
draft_22951_00020	84,92,110,117,151,154,156,158,160,161,164
draft_22951_00021	29,36,38,43,47,48,49,53,65,69,75,77,80,81,83,84,85,88,89,90,91,96,98,100,102,106,108,109,112,116,120,121,122,124,126,128,130,131,132,133,135,136,137,138,139,140,142,144,146,147,148,149,150,151,153,155,156,157,158,159,160,161,162,163,164,165
draft_22951_00022	29,30,37,38,48,49,53,54,57,62,65,69,72,74,75,77,80,83,84,85,86,89,90,91,92,93,95,96,97,98,100,102,106,109,110,111,112,113,115,116,117,120,121,122,124,126,127,130,131,132,133,135,136,137,138,139,140,141,142,143,144,146,147,148,149,150,151,152,153,154,155,156,157,158,159,160,161,162,163,164,165
draft_22951_00023	37,43,53,54,65,77,79,83,95,96,97,106,110,113,117,120,121,123,127,131,136,137,139,142,143,146,151,154,156,157,159,161,162,164,165
draft_22951_00024	53,54,66,82,89,90,91,95,100,104,109,111,112,123,129,131,132,138,139,140,146,151,153,154,155,156,157,158,159,161,164
draft_22951_00025	39,40,48,51,55,57,58,60,61,67,69,73,75,85,86,88,90,95,97,98,100,102,104,106,109,111,112,118,120,121,122,124,128,129,130,132,136,137,138,139,140,146,147,148,153,155,157,158,159,161,163,164,165
draft_22951_00026	39,40,48,51,55,57,58,60,61,67,69,73,75,85,86,88,90,91,95,98,100,102,104,106,109,111,112,118,120,121,122,124,128,129,130,132,136,137,138,139,140,146,147,148,153,155,157,158,159,161,163,164,165
draft_22951_00027	30,49,74,85,86,93,95,100,104,112,115,122,123,132,139,141,148,149,153,154,155,157,158,159,160,161,164
draft_22951_00028	37,43,54,77,82,84,90,91,95,100,104,106,110,111,117,118,123,131,136,139,142,146,147,151,153,154,155,156,157,158,159,161,164
draft_22951_00029	29,43,48,49,54,57,62,65,69,72,75,80,83,84,85,89,90,91,92,95,96,97,98,102,106,109,110,112,117,120,121,122,124,126,127,130,131,132,133,136,137,139,140,142,143,146,148,150,151,152,153,154,155,156,157,158,159,161,162,163,164,165
draft_22951_00030	25,43,77,92,97,106,110,117,131,136,141,142,146,149,151,154,156,158,159,160,161,164
draft_22951_00031	52,65,69,77,79,80,83,94,96,120,121,124,137,142,151,161,162,165
draft_22951_00032	52,53,54,68,69,72,84,89,92,94,95,97,110,117,124,130,131,136,139,140,142,146,151,152,154,156,157,158,159,161,164
draft_22951_00033	39,40,48,51,55,58,60,61,67,69,73,75,79,82,85,86,88,90,91,95,97,98,100,102,104,106,109,111,112,118,120,121,122,124,128,129,130,131,132,136,137,138,139,140,142,146,147,148,153,155,157,158,159,161,163,164,165
draft_22951_00034	37,43,77,93,106,110,117,131,142,149,151,154,156,158,160,161,164
draft_22951_00035	65,77,80,95,98,120,121,123,137,139,142,154,156,157,159,161,162,163,164,165
draft_22951_00036	23,57,82,83,90,95,96,100,104,106,109,110,111,117,120,121,123,127,132,137,138,143,147,151,153,154,156,157,158,159,161,164,165
draft_22951_00037	52,65,69,70,77,79,80,83,94,96,120,121,124,130,137,142,151,161,162,165
draft_22951_00038	92,93,110,117,149,151,154,156,158,160,161,164
draft_22951_00039	25,43,77,78,84,90,91,95,97,104,106,111,119,123,131,132,136,139,140,142,146,151,154,155,156,157,158,159,161,164
draft_22951_00040	37,54,65,75,77,79,80,82,85,89,90,92,95,97,98,100,104,106,109,110,111,113,117,120,121,122,127,128,129,131,132,136,137,138,139,140,142,143,144,146,147,148,150,151,153,154,155,156,157,158,159,161,162,163,164,165
draft_22951_00041	38,52,65,69,70,77,79,80,83,94,96,120,121,124,130,137,142,151,156,160,161,162,165
draft_22951_00042	37,43,53,65,77,80,89,90,92,97,98,104,106,110,113,117,120,121,123,127,131,132,136,137,139,140,142,143,144,146,150,151,154,155,156,157,159,161,162,163,164,165
draft_22951_00043	43,47,52,54,68,69,73,77,79,81,88,92,93,94,95,106,110,117,124,131,142,149,151,154,156,158,160,161,164
draft_22951_00044	39,40,48,51,52,54,55,58,59,60,61,62,64,65,67,69,73,75,80,81,83,88,92,94,95,96,97,102,106,110,112,113,117,120,121,122,123,124,127,130,131,133,135,136,137,139,140,142,143,144,146,148,150,151,154,156,157,158,159,161,162,163,164,165
draft_22951_00045	53,54,72,84,89,92,110,113,117,127,131,139,140,143,144,146,150,151,152,154,156,157,158,159,161,162,163,164,165
draft_22951_00046	38,43,47,53,59,64,65,73,77,80,81,84,88,92,97,98,106,110,113,117,120,121,127,131,133,135,137,142,143,151,154,156,158,161,162,163,164,165
draft_22951_00047	84,92,104,110,111,114,117,132,151,154,155,156,158,160,161,164
draft_22951_00048	52,68,69,82,84,90,91,92,94,95,104,109,110,111,117,118,124,131,132,139,142,147,151,153,154,155,156,157,158,159,161,164
draft_22951_00049	53,54,72,82,84,89,90,91,95,96,97,104,109,111,127,131,133,139,143,146,150,151,152,153,155,156,157,158,159,161,164,165
draft_22951_00050	30,37,49,65,74,77,79,80,85,86,93,98,106,110,112,113,117,120,121,122,127,133,135,137,141,142,143,148,149,151,154,156,158,160,161,162,163,164,165
draft_22951_00051	37,38,43,52,53,54,65,69,77,79,80,82,83,86,90,91,93,94,95,96,97,100,104,106,110,111,113,115,117,120,121,124,127,131,137,142,143,151,153,154,155,156,158,160,161,162,164,165
draft_22951_00052	54,82,86,93,95,100,104,109,111,115,116,131,132,138,139,147,151,153,155,157,158,160,161,164
draft_22951_00053	37,43,53,54,65,77,79,80,83,92,95,96,97,98,105,106,110,113,117,120,121,127,131,136,137,142,143,151,154,156,159,161,162,163,164,165
draft_22951_00054	25,43,52,65,77,79,80,84,92,94,95,97,98,106,110,113,117,120,121,124,127,131,133,135,137,142,143,144,150,151,154,156,158,160,161,162,163,164,165
draft_22951_00055	38,53,65,77,80,84,92,97,98,110,113,117,120,121,127,131,133,135,137,142,143,151,154,156,158,160,161,162,163,164,165
draft_22951_00056	53,54,57,72,82,84,89,90,91,95,97,98,109,123,127,131,132,133,137,139,140,143,146,150,151,152,153,155,156,157,158,159,161,163,164,165
draft_22951_00057	53,54,72,82,84,90,95,97,100,104,109,131,132,138,139,151,152,153,155,157,158,159,161,164
draft_22951_00058	75,79,82,85,86,91,98,100,104,110,111,117,118,120,121,122,129,137,138,142,147,148,151,153,154,158,161,163,164,165
draft_22951_00059	53,82,86,90,91,97,98,100,104,111,118,121,127,129,131,132,137,138,139,143,147,151,152,153,157,158,161,163,164,165
draft_22951_00060	53,54,82,83,90,91,95,96,97,100,104,109,111,121,127,128,129,131,132,137,138,139,143,151,152,153,155,156,157,158,159,161,164,165
draft_22951_00061	53,54,66,82,84,89,90,95,104,109,111,112,131,138,139,146,151,153,155,156,157,158,159,161,164
draft_22951_00062	54,74,84,95,123,131,139,149,151,154,156,157,158,159,160,161,164
draft_22951_00063	72,84,92,93,95,110,117,126,149,151,152,154,156,157,158,159,160,161,164
draft_22951_00064	65,77,79,83,96,120,121,137,142,151,161,162,165
draft_22951_00065	37,65,77,80,98,106,110,113,117,120,121,127,137,142,143,151,154,156,160,161,162,163,164,165
draft_22951_00066	54,65,79,84,92,95,98,110,113,117,121,127,131,133,135,137,142,143,144,150,151,154,156,158,161,162,163,164,165
draft_22951_00067	82,83,86,96,99,100,121,137,138,151,153,158,161,165
draft_22951_00068	65,97,98,121,123,131,136,137,139,140,146,154,157,159,161,162,163,164,165
draft_22951_00069	75,83,85,86,90,92,93,96,97,100,108,110,111,115,116,117,121,122,123,127,132,136,137,139,143,146,148,150,153,154,156,157,158,159,160,161,164,165
draft_22951_00070	57,83,84,90,91,95,96,97,104,109,111,123,127,132,133,137,143,147,150,151,153,154,156,157,158,159,161,164,165
draft_22951_00071	65,95,98,121,123,131,136,137,139,140,146,154,156,157,159,161,162,163,164,165
draft_22951_00072	74,82,85,86,93,95,100,104,109,111,115,116,122,132,138,139,147,148,149,153,155,157,158,160,161,164
draft_22951_00073	82,84,90,91,95,100,104,123,129,131,132,136,139,146,147,151,152,153,154,155,157,158,159,161,164
draft_22951_00074	53,54,66,82,84,89,90,95,104,109,111,112,115,131,138,139,151,153,155,156,157,158,159,160,161,164
draft_22951_00075	52,75,78,90,91,92,93,94,95,97,98,108,110,111,116,117,119,120,121,122,123,124,127,132,136,137,139,142,143,146,147,148,150,154,156,157,158,159,160,161,163,164,165
draft_22951_00076	38,65,77,80,84,98,120,121,133,135,137,142,151,156,158,161,162,163,165
draft_22951_00077	75,79,85,86,98,100,110,111,117,118,120,121,122,129,136,137,138,142,147,148,153,154,158,159,161,163,164,165
draft_22951_00078	17,82,86,93,100,115,151,153,155,158,160,161
draft_22951_00079	52,65,68,69,92,94,95,98,110,117,121,124,131,136,137,142,151,154,156,158,159,160,161,162,163,164,165
draft_22951_00080	82,84,93,95,100,116,123,126,132,151,153,154,155,157,158,159,160,161,164
draft_22951_00081	65,75,77,79,83,85,93,96,120,121,122,137,142,148,158,160,161,162,165
draft_22951_00082	49,65,75,80,84,85,92,93,97,98,110,117,121,122,137,142,148,151,154,156,158,160,161,162,163,164,165
draft_22951_00083	53,82,84,90,97,100,104,111,115,116,131,132,139,147,151,152,153,155,157,158,160,161,164
draft_22951_00084	37,43,65,77,79,82,84,90,98,100,106,110,111,117,121,131,137,142,151,153,154,155,156,158,161,162,163,164,165
draft_22951_00085	23,57,75,83,85,86,93,95,96,100,106,108,109,110,111,115,116,117,120,121,122,123,127,132,137,138,143,147,148,150,153,154,156,157,158,159,160,161,164,165
draft_22951_00086	57,75,85,86,93,95,98,100,109,111,115,116,118,120,121,122,129,132,137,138,147,148,153,157,158,160,161,163,164,165
draft_22951_00087	52,65,68,69,79,80,92,94,95,97,98,105,110,113,117,120,121,124,125,127,131,136,137,142,143,145,151,154,156,159,161,162,163,164,165
draft_22951_00088	54,82,84,89,93,95,104,108,109,111,123,126,131,139,146,151,153,154,155,156,157,158,159,160,161,164
draft_22951_00089	17,74,85,86,93,100,115,122,148,149,153,155,158,160,161
draft_22951_00090	57,84,86,90,97,98,104,109,111,118,129,132,133,137,138,147,151,153,156,157,158,161,163,164,165
draft_22951_00091	25,53,65,77,80,84,98,106,120,121,131,133,135,137,142,151,156,158,161,162,163,165
draft_22951_00092	65,82,97,98,109,121,137,139,153,155,157,161,162,163,164,165
draft_22951_00093	53,80,84,123,131,133,135,139,142,151,154,156,157,158,159,161,162,163,164,165
draft_22951_00094	78,83,96,100,108,111,115,116,118,119,121,137,147,153,156,158,160,161,165
draft_22951_00095	53,65,66,82,89,90,97,98,109,112,121,131,137,138,139,146,153,155,156,157,159,161,162,163,164,165
draft_22951_00096	54,66,74,82,84,95,104,109,111,112,115,131,139,149,151,153,155,156,157,158,160,161,164
draft_22951_00097	37,38,54,65,72,75,77,80,82,84,85,90,95,97,98,100,104,106,109,110,113,117,120,121,122,127,131,132,133,135,137,138,139,142,143,144,146,148,150,151,152,153,154,155,156,157,158,159,161,162,163,164,165
draft_22951_00098	53,65,92,97,98,110,113,117,121,123,127,131,136,137,139,143,146,151,154,156,157,159,161,162,163,164,165
draft_22951_00099	84,131,133,135,142,151,156,158,161,162,163,165
draft_22951_00100	38,65,77,79,83,96,120,121,137,142,151,156,160,161,162,165
draft_22951_00101	52,65,94,98,120,121,124,137,142,161,162,163,165
draft_22951_00102	82,86,93,95,100,104,109,111,115,116,126,132,138,147,149,151,153,155,157,158,160,161,164
draft_22951_00103	43,47,77,78,81,84,88,93,106,119,131,142,151,156,158,160,161
draft_22951_00104	84,90,92,104,110,111,114,115,117,132,147,151,154,155,156,158,160,161,164
draft_22951_00105	23,84,90,106,109,110,114,117,123,126,151,153,154,155,156,157,158,159,160,161,164
draft_22951_00106	65,92,98,110,113,117,121,127,137,143,151,154,156,161,162,163,164,165
draft_22951_00107	82,84,100,104,111,114,115,147,151,153,155,158,160,161
draft_22951_00108	65,97,98,113,121,127,137,143,151,152,154,161,162,163,164,165
draft_22951_00109	82,86,100,114,116,138,149,151,153,155,158,160,161
draft_22951_00110	65,75,85,92,93,98,110,113,117,121,122,123,127,136,137,139,143,144,146,148,150,154,156,157,158,159,160,161,162,163,164,165
draft_22951_00111	36,47,77,78,81,83,84,88,90,91,96,100,106,111,119,120,121,133,137,138,142,147,151,153,156,158,161,165
draft_22951_00112	38,52,62,65,69,70,77,79,80,83,94,96,98,120,121,124,130,137,142,151,156,161,162,163,165
draft_22951_00113	37,39,40,48,51,55,58,59,60,61,64,65,67,69,73,75,77,80,81,85,88,89,92,93,97,98,102,105,106,110,112,113,117,120,121,122,124,125,127,130,136,137,139,140,142,143,144,145,146,148,149,150,154,156,158,159,160,161,162,163,164,165
draft_22951_00114	84,92,110,117,131,133,135,142,144,150,151,154,156,158,160,161,162,163,164,165
draft_22951_00115	37,65,75,77,80,85,89,90,92,93,97,98,104,106,108,110,113,117,120,121,122,123,127,131,132,136,137,139,140,142,143,144,146,148,150,151,154,155,156,157,158,159,160,161,162,163,164,165
draft_22951_00116	54,74,82,95,100,104,108,109,111,116,131,132,138,139,147,149,151,153,155,156,157,158,160,161,164
draft_22951_00117	38,65,77,79,84,98,121,131,133,135,137,142,151,156,158,161,162,163,165
draft_22951_00118	57,84,86,89,90,91,92,97,98,109,110,117,118,129,132,137,138,147,151,153,154,156,157,158,159,161,163,164,165
draft_22951_00119	65,95,98,105,121,123,125,137,139,145,154,156,157,159,160,161,162,163,164,165
draft_22951_00120	65,98,105,121,123,125,137,139,145,154,156,157,159,160,161,162,163,164,165
draft_22951_00121	37,38,43,52,53,54,65,69,77,79,80,82,89,90,91,92,94,95,97,98,100,104,106,110,111,113,117,120,121,123,124,127,131,132,133,135,136,137,139,140,142,143,144,146,147,150,151,153,154,155,156,157,158,159,161,162,163,164,165
draft_22951_00122	25,38,65,77,79,80,83,84,96,98,105,106,120,121,131,133,135,137,142,151,156,158,161,162,163,165
draft_22951_00123	38,43,65,77,92,97,98,110,117,121,131,136,137,142,149,151,154,156,158,159,160,161,162,163,164,165
draft_22951_00124	65,79,84,98,121,133,135,137,142,151,156,158,161,162,163,165
draft_22951_00125	75,83,85,86,93,96,100,108,111,115,116,118,121,122,137,138,147,148,153,158,160,161,165
draft_22951_00126	66,74,84,95,112,141,149,151,152,154,156,158,160,161,164
draft_22951_00127	54,79,82,84,92,95,100,104,110,111,117,131,132,133,135,136,142,151,153,154,155,156,158,159,161,162,163,164,165
draft_22951_00128	53,84,97,104,111,123,131,132,139,151,154,155,156,157,158,159,161,162,163,164,165
draft_22951_00129	65,82,95,98,109,111,121,128,131,137,138,139,153,155,156,157,159,161,162,163,164,165
draft_22951_00130	65,77,79,83,96,120,121,137,142,151,156,160,161,162,165
draft_22951_00131	38,53,65,77,80,92,97,98,110,113,117,120,121,127,131,133,135,136,137,142,143,149,151,154,156,158,159,160,161,162,163,164,165
draft_22951_00132	65,80,84,98,121,133,135,137,142,151,156,158,161,162,163,165
draft_22951_00133	82,84,86,90,93,97,100,104,108,109,111,115,116,118,126,132,138,147,151,153,155,157,158,160,161,164
draft_22951_00134	34,74,85,86,93,99,100,115,122,148,149,153,155,158,160,161
draft_22951_00135	52,65,69,80,83,84,94,96,105,120,121,124,131,133,135,137,142,151,156,158,161,162,163,165
draft_22951_00136	57,72,82,86,90,91,93,95,97,98,100,108,109,115,120,128,129,132,137,138,147,151,152,153,155,157,158,159,160,161,163,164,165
draft_22951_00137	39,40,48,51,53,55,58,60,61,67,69,73,82,88,90,91,97,100,102,104,106,111,112,118,124,128,129,130,131,132,133,136,138,139,146,147,148,151,153,155,156,158,159,161,163,164,165
draft_22951_00138	25,38,53,62,65,75,77,79,80,84,85,86,90,91,92,93,97,98,100,106,110,111,113,115,116,117,118,120,121,122,127,129,131,133,135,137,138,142,143,145,147,148,151,153,154,156,158,160,161,162,163,164,165
draft_22951_00139	25,65,77,80,84,98,106,120,121,133,135,137,142,151,156,158,161,162,163,165
draft_22951_00140	82,86,93,100,104,111,114,115,116,147,149,151,153,155,158,160,161
draft_22951_00141	53,80,84,131,133,135,142,151,156,158,161,162,163,165
draft_22951_00142	65,98,105,121,123,125,137,139,145,154,156,157,159,161,162,163,164,165
draft_22951_00143	74,85,86,93,122,141,148,149,156,158,160,161
draft_22951_00144	38,65,77,79,80,83,96,98,105,120,121,137,142,151,156,160,161,162,163,165
draft_22951_00145	65,91,98,104,121,123,131,132,136,137,139,140,146,154,155,156,157,159,161,162,163,164,165
draft_22951_00146	37,65,75,77,80,85,89,93,97,98,106,110,113,117,120,121,122,127,136,137,142,143,144,146,148,149,150,151,154,156,158,159,160,161,162,163,164,165
draft_22951_00147	65,79,98,120,121,137,142,161,162,163,165
draft_22951_00148	52,65,94,98,120,121,124,137,142,156,160,161,162,163,165
draft_22951_00149	66,74,82,95,100,108,112,115,116,132,136,141,149,151,152,153,154,155,156,158,159,160,161,164
draft_22951_00150	37,65,75,77,80,82,85,95,98,100,104,106,108,109,110,111,113,116,117,120,121,122,127,132,137,138,139,142,143,144,147,148,149,150,153,154,155,156,157,158,159,160,161,162,163,164,165
draft_22951_00151	54,79,84,123,131,133,135,139,142,144,150,151,154,156,157,158,159,161,162,163,164,165
draft_22951_00152	53,80,82,89,92,97,100,104,108,110,111,114,117,129,131,132,136,138,142,149,151,153,154,155,156,158,159,160,161,164
draft_22951_00153	30,49,74,75,85,86,93,98,100,108,111,112,115,116,118,121,122,129,137,138,147,148,149,153,158,160,161,163,165
draft_22951_00154	65,91,98,105,111,118,121,123,125,129,137,139,144,145,147,154,156,157,159,161,162,163,164,165
draft_22951_00155	82,83,90,96,100,104,108,111,115,116,118,121,137,147,151,153,156,158,160,161,165
draft_22951_00156	25,43,65,77,80,84,92,97,98,106,110,113,117,120,121,127,131,133,135,137,142,143,151,154,156,158,160,161,162,163,164,165
draft_22951_00157	84,92,104,110,111,113,117,127,131,132,139,143,151,152,154,155,156,157,158,159,161,162,163,164,165
draft_22951_00158	45,74,85,86,93,97,99,122,148,149,154,158,160,161,164
draft_22951_00159	47,64,77,78,79,81,82,83,88,90,93,96,100,104,106,108,111,119,120,121,137,138,142,147,151,153,156,158,160,161,165
draft_22951_00160	38,52,53,65,69,77,79,80,83,84,94,96,98,105,120,121,124,131,133,135,137,142,151,156,158,161,162,163,165
draft_22951_00161	54,79,82,84,100,104,111,131,138,142,147,151,153,155,158,161
draft_22951_00162	82,85,86,90,97,100,104,108,109,111,114,116,118,122,128,129,132,138,139,147,148,149,153,155,157,158,160,161,164
draft_22951_00163	37,43,53,54,65,66,74,77,79,80,82,89,92,95,97,98,104,106,109,110,111,112,113,115,117,120,121,127,131,133,135,136,137,139,142,143,144,146,149,150,151,153,154,155,156,157,158,159,160,161,162,163,164,165
draft_22951_00164	65,98,121,137,156,160,161,162,163,165
draft_22951_00165	65,98,111,114,115,121,123,137,139,147,154,155,156,157,159,160,161,162,163,164,165
draft_22951_00166	38,65,77,79,80,83,96,98,105,120,121,137,142,151,156,161,162,163,165
draft_22951_00167	25,37,38,43,53,54,57,62,65,72,75,77,79,80,82,83,84,85,89,90,91,92,95,96,97,98,104,105,106,109,110,111,113,117,120,121,122,127,128,129,131,132,133,135,136,137,139,140,142,143,144,146,148,150,151,152,153,154,155,156,157,158,159,161,162,163,164,165
draft_22951_00168	37,38,65,75,77,80,83,85,89,90,91,92,93,96,97,98,104,105,106,110,113,117,120,121,122,123,127,131,132,135,136,137,139,140,142,143,144,146,148,149,150,151,154,155,156,157,158,159,160,161,162,163,164,165
draft_22951_00169	54,79,84,90,92,95,104,108,110,111,113,117,127,131,136,139,142,143,146,151,152,154,155,156,157,158,159,160,161,162,163,164,165
draft_22951_00170	38,52,62,65,75,77,79,80,83,85,93,94,96,98,120,121,122,124,137,142,144,148,150,156,158,160,161,162,163,165
draft_22951_00171	38,65,77,79,83,96,104,111,114,120,121,137,142,151,155,156,160,161,162,165
draft_22951_00172	38,53,65,77,80,84,98,121,131,133,135,137,142,151,156,158,161,162,163,165
draft_22951_00173	25,43,52,65,69,77,79,80,83,86,92,93,94,95,96,97,98,105,106,109,110,111,113,115,117,120,121,122,124,126,127,131,133,135,136,137,142,143,146,148,149,151,153,154,155,156,157,158,159,160,161,162,163,164,165
draft_22951_00174	38,65,77,84,98,121,133,135,137,142,151,156,158,161,162,163,165
draft_22951_00175	75,79,85,86,93,98,100,111,115,116,118,120,121,122,129,137,138,142,147,148,149,153,158,160,161,163,165
draft_22951_00176	37,43,53,54,65,77,79,80,83,84,96,105,106,110,113,117,120,121,127,131,133,135,137,142,143,144,150,151,154,156,158,160,161,162,163,164,165
draft_22951_00177	65,98,105,121,123,125,137,139,145,149,154,156,157,159,160,161,162,163,164,165
draft_22951_00178	75,79,80,82,84,85,86,90,91,92,97,98,100,104,110,111,117,118,120,121,122,128,129,131,132,137,138,142,147,148,151,153,154,155,156,158,161,163,164,165
draft_22951_00179	38,54,65,77,79,84,98,121,131,133,135,137,142,144,150,151,156,158,161,162,163,165
draft_22951_00180	54,72,84,92,95,110,117,131,139,151,152,154,156,157,158,159,161,162,163,164,165
draft_22951_00181	53,54,82,90,91,95,97,100,104,111,123,129,131,132,136,139,140,146,151,153,154,155,156,157,158,159,161,162,163,164,165
draft_22951_00182	53,80,82,84,86,90,91,98,100,104,111,118,121,129,131,133,137,138,142,147,151,153,156,158,161,163,165
draft_22951_00183	37,43,53,65,74,77,79,80,85,86,89,92,93,95,97,98,106,110,113,117,120,121,122,127,131,133,135,136,137,142,143,144,148,149,150,151,154,156,158,159,160,161,162,163,164,165
draft_22951_00184	84,92,93,110,117,131,133,135,142,151,154,156,158,160,161,162,163,164,165
draft_22951_00185	82,84,90,91,100,104,109,111,118,128,129,131,132,138,139,147,151,153,155,157,158,161,164
draft_22951_00186	65,98,121,137,160,161,162,163,165
draft_22951_00187	66,74,84,97,104,111,112,115,132,141,149,151,152,154,155,156,158,160,161,164
draft_22951_00188	82,84,91,109,131,133,135,139,151,153,155,156,157,158,161,162,163,164,165
draft_22951_00189	37,43,54,65,77,79,82,83,84,91,96,100,105,106,110,113,117,120,121,127,131,137,142,143,151,153,154,155,156,158,161,162,163,164,165
draft_22951_00190	34,45,65,75,77,79,83,85,96,99,120,121,122,137,142,148,158,161,162,165
draft_22951_00191	25,43,53,57,75,77,78,80,84,85,86,90,91,95,98,100,106,109,111,118,119,120,121,122,129,131,132,137,138,142,147,148,151,153,156,157,158,161,163,164,165
draft_22951_00192	38,65,77,79,93,98,120,121,133,135,137,142,151,156,158,160,161,162,163,165
draft_22951_00193	53,84,97,104,111,123,131,132,136,139,140,146,151,154,155,156,157,158,159,161,162,163,164,165
draft_22951_00194	53,80,92,110,117,123,131,133,135,136,139,140,141,142,144,146,149,150,151,154,156,157,158,159,160,161,162,163,164,165
draft_22951_00195	82,84,91,95,100,108,109,114,123,126,129,132,138,151,153,154,155,157,158,159,160,161,164
draft_22951_00196	74,82,84,100,115,149,151,153,155,158,160,161
draft_22951_00197	66,74,82,95,100,112,115,116,132,141,149,151,152,153,154,155,156,158,160,161,164
draft_22951_00198	25,38,65,75,77,79,80,83,84,85,92,93,95,96,97,98,105,106,110,113,117,120,121,122,127,131,133,135,137,142,143,144,148,150,151,154,156,158,160,161,162,163,164,165
draft_22951_00199	54,82,86,90,91,95,100,104,114,116,128,131,132,138,139,149,151,152,153,155,157,158,160,161,164
draft_22951_00200	17,66,74,84,112,149,151,156,158,160,161
draft_22951_00201	54,79,82,86,91,98,100,104,111,118,120,121,129,131,137,138,142,147,151,153,158,161,163,165
draft_22951_00202	62,65,79,82,97,98,109,120,121,125,131,137,138,139,142,144,145,150,153,155,156,157,159,161,162,163,164,165
draft_22951_00203	17,65,75,77,79,83,85,93,96,120,121,122,137,142,144,148,150,156,158,160,161,162,165
draft_22951_00204	30,49,75,85,86,90,93,98,100,104,105,108,111,112,115,116,118,121,122,127,128,129,132,137,138,139,143,145,147,148,152,153,156,157,158,160,161,163,164,165
draft_22951_00205	53,54,80,92,95,110,113,117,127,131,133,135,136,139,142,143,144,146,149,150,151,152,154,156,157,158,159,160,161,162,163,164,165
draft_22951_00206	75,85,86,90,91,93,95,98,100,105,111,115,116,121,122,123,129,137,139,144,145,148,150,153,154,156,157,158,159,160,161,162,163,164,165
draft_22951_00207	37,54,72,75,77,79,83,85,89,92,95,96,97,106,110,117,120,121,122,127,131,136,137,139,140,142,143,146,148,149,150,154,156,157,158,159,160,161,164,165
draft_22951_00208	62,65,95,97,98,121,123,125,131,136,137,139,140,144,145,146,150,154,156,157,159,161,162,163,164,165
draft_22951_00209	75,79,82,84,85,86,91,98,100,104,111,118,120,121,122,128,129,131,137,138,142,147,148,151,153,155,158,161,163,165
draft_22951_00210	38,43,47,53,59,64,65,73,77,80,81,84,88,98,106,120,121,131,133,135,137,142,151,156,158,161,162,163,165
draft_22951_00211	66,74,82,85,86,90,93,97,100,108,109,112,115,122,138,139,141,148,149,153,155,157,158,160,161,164
draft_22951_00212	53,65,89,92,97,98,110,113,117,121,123,127,131,136,137,139,143,144,146,150,151,154,156,157,159,160,161,162,163,164,165
draft_22951_00213	65,82,84,98,100,121,137,142,151,153,155,158,161,162,163,165
draft_22951_00214	65,98,121,137,149,156,160,161,162,163,165
draft_22951_00215	65,72,75,85,93,95,97,98,113,121,122,127,137,139,143,144,148,149,150,152,154,156,157,158,159,160,161,162,163,164,165
draft_22951_00216	57,72,83,84,86,89,90,91,95,96,97,104,108,109,111,114,126,127,128,129,132,133,137,138,143,150,151,152,153,155,156,157,158,159,160,161,164,165
draft_22951_00217	54,79,82,86,91,98,100,104,108,111,115,116,120,121,129,131,137,138,142,147,151,153,156,158,160,161,163,165
draft_22951_00218	75,79,82,85,86,91,93,98,100,104,111,115,116,118,120,121,122,129,137,138,142,147,148,151,153,158,160,161,163,165
draft_22951_00219	30,49,85,86,93,100,112,114,115,116,122,138,141,148,149,153,155,158,160,161
draft_22951_00220	75,80,84,85,86,90,91,92,97,98,100,108,110,111,114,115,117,118,121,122,128,129,137,138,142,147,148,151,153,154,155,156,158,160,161,163,164,165
draft_22951_00221	25,74,77,78,85,86,93,106,119,122,141,142,148,149,151,156,158,160,161
draft_22951_00222	82,84,86,90,91,98,100,104,111,118,121,129,131,137,138,142,147,151,153,155,158,161,163,165
draft_22951_00223	43,47,53,73,77,80,81,84,88,106,131,142,151,156,158,161
draft_22951_00224	25,52,65,68,69,77,79,80,92,94,95,98,106,110,117,120,121,124,131,133,135,137,141,142,149,151,154,156,158,160,161,162,163,164,165
draft_22951_00225	38,65,77,92,97,98,110,117,121,133,135,137,142,151,154,156,158,160,161,162,163,164,165
draft_22951_00226	37,38,65,75,77,79,80,83,85,89,92,93,95,96,97,98,105,106,110,113,117,120,121,122,127,136,137,142,143,144,148,149,150,151,154,156,158,159,160,161,162,163,164,165
draft_22951_00227	74,79,82,84,85,86,93,100,104,111,115,116,122,138,142,147,148,149,151,153,155,158,160,161
draft_22951_00228	54,79,82,84,86,93,100,104,111,115,116,131,138,142,147,151,153,155,158,160,161
draft_22951_00229	54,79,82,86,93,100,104,111,115,116,131,138,142,147,149,151,153,155,158,160,161
draft_22951_00230	84,90,91,96,104,111,118,133,147,151,156,158,161,165
draft_22951_00231	53,80,84,131,133,135,142,144,150,151,156,158,160,161,162,163,165
draft_22951_00232	75,85,86,98,100,108,111,114,116,118,121,122,128,129,137,138,147,148,153,155,158,160,161,163,165
draft_22951_00233	47,64,73,75,77,79,81,83,84,85,88,90,92,93,95,96,97,104,106,108,110,111,117,120,121,122,127,131,132,136,137,142,143,147,148,150,151,154,155,156,158,159,160,161,164,165
draft_22951_00234	54,82,90,91,95,98,100,104,105,111,121,123,129,131,137,139,144,145,151,153,154,156,157,158,159,161,162,163,164,165
draft_22951_00235	38,65,77,93,98,121,133,135,137,142,151,156,158,160,161,162,163,165
draft_22951_00236	65,80,93,98,121,133,135,137,142,151,156,158,160,161,162,163,165
draft_22951_00237	53,80,82,90,91,92,98,100,104,108,110,111,116,117,118,121,128,129,131,137,138,142,147,151,153,154,155,156,158,160,161,163,164,165
draft_22951_00238	19,75,79,80,82,85,86,90,91,93,100,104,108,111,115,116,118,120,121,122,128,129,137,138,142,147,148,151,153,158,160,161,165
draft_22951_00239	47,65,73,81,84,88,90,98,104,111,121,137,142,147,151,155,156,158,161,162,163,165
draft_22951_00240	54,65,72,79,92,95,98,105,110,113,117,120,121,125,127,131,136,137,142,143,144,145,150,151,154,156,159,161,162,163,164,165
draft_22951_00241	54,79,84,92,95,110,117,131,142,151,154,156,158,161,162,163,164,165
draft_22951_00242	52,62,65,69,80,83,94,96,98,120,121,124,137,142,151,161,162,163,165
draft_22951_00243	74,79,84,85,86,93,100,104,111,115,122,141,142,148,149,151,153,155,156,158,160,161
draft_22951_00244	53,65,79,80,84,92,95,98,105,110,113,117,120,121,125,127,131,133,135,137,142,143,145,151,154,156,158,161,162,163,164,165
draft_22951_00245	53,54,57,66,72,75,83,85,86,89,91,93,96,98,99,100,101,105,111,112,113,115,116,120,121,122,123,126,127,128,129,131,137,139,140,143,144,145,146,147,148,150,152,153,154,156,157,158,159,160,161,162,163,164,165
draft_22951_00246	82,86,90,91,98,100,104,111,118,121,129,137,138,147,151,153,158,161,163,165
draft_22951_00247	75,83,85,86,90,91,95,96,100,111,118,121,122,123,128,129,137,138,139,147,148,150,153,154,155,156,157,158,159,161,162,163,164,165
draft_22951_00248	74,79,80,82,83,85,86,90,93,96,100,104,108,111,116,121,122,133,137,138,142,147,148,149,151,153,156,158,160,161,165
draft_22951_00249	75,85,86,93,98,100,108,111,115,116,118,121,122,129,137,138,147,148,153,158,160,161,163,165
draft_22951_00250	19,82,86,90,91,100,104,111,118,121,128,129,137,138,147,151,153,158,161,165
draft_22951_00251	82,89,90,91,92,93,97,98,100,104,108,110,111,117,118,121,123,126,127,136,137,143,146,147,150,151,153,154,156,157,158,159,160,161,163,164,165
draft_22951_00252	38,43,77,78,84,119,131,133,135,142,151,156,158,161,162,163,165
draft_22951_00253	54,79,82,91,98,100,104,111,115,116,120,121,129,131,137,138,142,149,151,153,156,158,160,161,163,165
draft_22951_00254	38,65,77,79,83,96,104,108,111,114,120,121,137,142,149,151,155,156,160,161,162,165
draft_22951_00255	53,82,84,90,97,109,131,133,135,139,144,150,151,153,155,156,157,158,161,162,163,164,165
draft_22951_00256	52,65,75,92,93,94,95,97,98,100,110,111,113,116,117,120,121,122,123,124,126,127,132,136,137,142,143,144,146,148,150,153,154,155,156,157,158,159,160,161,162,163,164,165
draft_22951_00257	38,65,74,77,79,83,96,120,121,137,142,149,151,156,160,161,162,165
draft_22951_00258	38,62,65,77,79,80,83,96,98,120,121,137,142,151,156,161,162,163,165
draft_22951_00259	92,110,113,117,127,131,133,135,139,143,151,152,154,156,157,158,159,160,161,162,163,164,165
draft_22951_00260	54,79,84,131,133,135,142,144,150,151,156,158,161,162,163,165
draft_22951_00261	65,98,121,137,149,156,160,161,162,163,165
draft_22951_00262	65,75,77,79,80,82,83,84,85,90,96,100,104,111,118,120,121,122,137,138,142,147,148,151,153,155,158,161,162,165
draft_22951_00263	75,85,86,97,98,100,108,111,114,115,118,121,122,127,128,129,132,137,138,143,147,148,152,153,154,155,158,160,161,163,164,165
draft_22951_00264	37,57,72,75,77,79,82,83,85,89,90,92,95,96,97,100,104,106,110,111,117,120,121,122,127,136,137,138,142,143,146,147,148,150,151,152,153,154,156,158,159,161,162,164,165
draft_22951_00265	75,79,82,85,86,91,98,100,104,108,111,114,116,118,120,121,122,129,137,138,142,147,148,151,153,155,158,160,161,163,165
draft_22951_00266	65,98,121,137,144,149,150,156,160,161,162,163,165
draft_22951_00267	54,62,66,82,90,91,95,98,100,104,111,112,118,121,123,129,131,137,139,145,147,151,153,154,156,157,158,159,161,162,163,164,165
draft_22951_00268	65,98,111,114,121,137,155,156,160,161,162,163,165
draft_22951_00269	65,90,91,98,104,118,121,123,132,137,139,147,154,155,157,159,161,162,163,164,165
draft_22951_00270	54,79,82,86,91,98,100,104,108,111,115,120,121,131,137,138,142,149,151,153,156,158,160,161,163,165
draft_22951_00271	54,74,79,84,90,92,95,104,110,111,115,117,131,142,149,151,154,155,156,158,160,161,164
draft_22951_00272	65,82,86,93,98,100,104,111,115,116,121,137,142,147,151,153,155,158,160,161,162,163,165
draft_22951_00273	82,84,90,100,104,111,114,115,116,118,147,151,153,155,158,160,161
draft_22951_00274	17,85,86,100,114,116,122,138,148,153,155,158,160,161
draft_22951_00275	38,57,62,77,78,79,82,83,90,95,96,100,104,111,119,120,121,137,138,142,147,151,152,153,156,158,161,162,164,165
draft_22951_00276	37,52,53,62,65,68,69,75,77,79,80,83,85,89,93,94,95,96,97,106,110,113,117,120,121,122,124,126,127,131,133,135,136,137,142,143,144,146,148,150,151,152,154,156,157,158,159,160,161,162,163,164,165
draft_22951_00277	66,74,75,83,85,86,96,97,100,108,111,112,115,118,121,122,128,129,137,138,147,148,149,153,154,155,158,160,161,164,165
draft_22951_00278	75,80,82,85,86,90,92,98,100,104,108,110,111,114,115,116,117,118,121,122,128,129,133,137,138,142,147,148,149,151,153,154,155,156,158,160,161,163,164,165
draft_22951_00279	65,75,80,83,85,86,92,96,98,100,110,111,117,118,120,121,122,127,128,129,132,137,138,142,143,147,148,150,153,154,155,156,158,161,162,163,164,165
draft_22951_00280	50,66,74,76,82,95,98,99,100,112,115,116,121,127,137,141,143,149,150,151,152,153,154,156,158,160,161,163,164,165
draft_22951_00281	52,57,62,65,80,83,92,94,95,96,97,98,110,117,120,121,124,137,142,156,161,162,163,164,165
draft_22951_00282	82,84,90,91,100,104,111,118,128,129,131,138,142,147,151,153,155,158,161
draft_22951_00283	17,66,74,92,110,112,117,141,149,151,154,156,158,160,161,164
draft_22951_00284	82,90,91,97,98,100,104,105,111,118,121,127,128,129,132,137,143,145,147,151,152,153,154,156,158,161,163,164,165
draft_22951_00285	65,98,121,137,149,156,160,161,162,163,165
draft_22951_00286	37,65,75,77,79,80,83,84,85,93,96,105,106,110,113,117,120,121,122,127,133,135,137,142,143,144,148,149,150,151,154,156,158,160,161,162,163,164,165
draft_22951_00287	65,82,84,90,98,100,104,111,118,121,137,142,147,151,153,155,156,158,161,162,163,165
draft_22951_00288	82,84,90,91,100,104,111,118,123,128,129,131,132,139,147,151,153,154,155,157,158,159,161,164
draft_22951_00289	57,75,79,85,86,95,98,100,109,111,118,120,121,122,128,129,132,137,138,142,145,147,148,153,155,157,158,159,161,163,164,165
draft_22951_00290	82,85,86,90,91,97,98,100,105,109,111,118,121,122,128,129,137,138,139,145,147,148,153,155,156,157,158,161,163,164,165
draft_22951_00291	38,65,74,77,85,86,93,98,121,122,133,135,137,142,148,149,156,158,160,161,162,163,165
draft_22951_00292	57,83,84,89,92,96,97,110,117,131,136,137,142,144,146,149,150,151,152,154,156,158,159,160,161,162,164,165
draft_22951_00293	65,98,121,137,144,149,150,160,161,162,163,165
draft_22951_00294	54,79,84,92,110,117,131,133,135,142,144,150,151,154,156,158,160,161,162,163,164,165
draft_22951_00295	65,75,85,93,97,98,113,121,122,127,137,141,143,144,148,149,150,152,154,156,158,160,161,162,163,164,165
draft_22951_00296	65,80,82,84,98,100,104,111,121,137,142,147,151,153,155,156,158,161,162,163,165
draft_22951_00297	75,79,80,82,84,85,86,91,92,95,97,98,100,104,110,111,117,120,121,122,127,129,131,132,133,135,136,137,138,142,143,144,145,147,148,150,151,153,154,156,158,159,161,162,163,164,165
draft_22951_00298	38,65,77,80,84,98,105,120,121,125,133,135,137,142,145,151,156,158,161,162,163,165
draft_22951_00299	52,65,69,80,83,94,96,120,121,124,137,142,151,161,162,165
draft_22951_00300	52,53,65,69,79,80,92,94,95,97,98,110,113,117,120,121,124,125,127,131,133,135,136,137,142,143,145,151,154,156,158,159,161,162,163,164,165
draft_22951_00301	65,77,79,80,83,96,105,120,121,131,137,142,151,156,161,162,163,165
draft_22951_00302	57,72,75,83,84,85,86,90,91,92,95,96,98,100,110,111,117,118,120,121,122,129,136,137,138,142,146,147,148,151,152,153,154,156,158,159,161,162,163,164,165
draft_22951_00303	53,80,84,131,133,135,142,144,150,151,156,158,160,161,162,163,165
draft_22951_00304	38,62,77,78,79,82,83,84,90,96,100,104,111,119,120,121,131,133,135,137,138,142,147,151,153,156,158,161,162,163,165
draft_22951_00305	84,90,91,92,104,110,111,114,115,116,117,118,132,147,151,154,155,156,158,160,161,164
draft_22951_00306	74,84,85,86,93,122,133,135,142,148,149,151,156,158,160,161,162,163,165
draft_22951_00307	74,84,85,86,92,93,110,117,122,133,135,142,148,149,151,154,156,158,160,161,162,163,164,165
draft_22951_00308	65,98,114,121,137,155,160,161,162,163,165
draft_22951_00309	54,79,82,84,90,91,98,100,104,111,118,121,128,129,131,137,138,142,147,151,153,155,156,158,161,163,165
draft_22951_00310	54,79,82,86,91,100,104,108,111,114,116,129,131,138,142,147,149,151,153,155,158,160,161
draft_22951_00311	65,98,121,137,149,160,161,162,163,165
draft_22951_00312	83,90,91,92,95,96,104,109,110,111,114,117,121,123,126,127,128,132,136,137,143,146,147,151,153,154,155,156,157,158,159,160,161,164,165
draft_22951_00313	22,54,72,74,79,80,82,85,86,90,91,92,93,95,100,104,108,110,111,115,116,117,118,122,131,133,136,138,142,147,148,149,151,153,154,155,156,158,159,160,161,164,165
draft_22951_00314	25,53,57,65,75,77,78,80,84,85,86,90,91,92,95,97,98,100,106,109,110,111,113,117,118,119,120,121,122,127,129,131,132,133,135,137,138,142,143,145,147,148,151,153,154,156,157,158,159,160,161,162,163,164,165
draft_22951_00315	65,77,80,98,120,121,137,142,156,160,161,162,163,165
draft_22951_00316	28,37,52,53,57,62,65,68,69,72,75,77,79,80,83,85,89,94,95,96,97,105,106,109,110,113,117,120,121,122,123,124,127,131,133,135,136,137,140,142,143,144,146,148,150,151,152,153,154,156,157,158,159,161,162,163,164,165
draft_22951_00317	74,79,85,86,93,100,111,115,116,118,122,128,129,138,141,142,147,148,149,153,155,158,160,161
draft_22951_00318	38,65,74,77,80,92,97,98,110,113,117,120,121,127,137,141,142,143,149,151,154,156,160,161,162,163,164,165
draft_22951_00319	90,92,104,110,111,117,123,131,132,133,135,136,139,140,142,146,147,151,154,155,156,157,158,159,160,161,162,163,164,165
draft_22951_00320	53,54,72,74,79,82,90,91,92,95,97,100,104,109,110,111,117,118,131,132,136,138,139,142,146,147,149,151,153,154,155,156,157,158,159,160,161,164
draft_22951_00321	75,83,85,86,92,93,95,96,100,110,111,116,117,118,121,122,123,126,127,128,129,132,136,137,138,143,146,147,148,150,153,154,155,156,157,158,159,160,161,164,165
draft_22951_00322	17,66,84,104,111,112,114,115,149,151,155,156,158,160,161
draft_22951_00323	22,49,65,75,85,95,98,100,121,122,129,132,137,148,152,153,154,155,158,161,162,163,164,165
draft_22951_00324	84,113,127,131,133,135,139,143,144,149,150,151,152,156,157,158,160,161,162,163,164,165
draft_22951_00325	25,38,43,65,77,78,79,80,82,83,90,91,96,98,100,104,106,111,119,120,121,131,133,135,137,138,142,147,151,153,156,158,161,162,163,165
draft_22951_00326	80,82,84,85,86,90,100,104,108,111,114,116,118,122,128,129,138,142,147,148,149,151,153,155,158,160,161
draft_22951_00327	65,80,92,98,105,110,117,121,125,133,135,137,142,145,151,154,156,158,160,161,162,163,164,165
draft_22951_00328	65,80,82,86,93,98,100,104,111,115,116,121,137,142,147,151,153,155,156,158,160,161,162,163,165
draft_22951_00329	38,52,53,54,65,69,75,77,79,80,83,84,89,92,94,95,96,97,109,110,113,114,117,120,121,122,123,124,126,127,131,133,135,136,137,140,142,143,144,146,148,149,150,151,153,154,155,156,157,158,159,160,161,162,164,165
draft_22951_00330	65,98,114,121,137,155,160,161,162,163,165
draft_22951_00331	37,38,52,65,69,77,79,80,94,95,97,98,100,106,110,111,113,117,119,120,121,124,125,127,130,133,135,137,142,143,145,151,153,154,155,156,158,161,162,163,164,165
draft_22951_00332	37,75,77,80,85,86,93,98,100,106,108,110,111,115,116,117,118,120,121,122,127,137,138,142,143,147,148,149,150,153,154,156,158,160,161,163,164,165
draft_22951_00333	74,75,79,82,85,86,91,98,100,104,108,111,116,118,120,121,122,129,137,138,142,147,148,149,151,153,156,158,160,161,163,165
draft_22951_00334	79,82,85,86,91,100,104,108,111,114,116,122,129,138,141,142,147,148,149,151,153,155,158,160,161
draft_22951_00335	25,65,77,80,84,91,96,98,105,106,111,118,120,121,133,135,137,142,144,147,151,156,158,161,162,163,165
draft_22951_00336	65,83,95,96,121,137,151,154,156,161,162,164,165
draft_22951_00337	34,65,98,99,121,137,156,161,162,163,165
draft_22951_00338	34,85,86,93,99,100,115,122,138,148,153,155,158,160,161
draft_22951_00339	74,84,141,149,151,156,158,160,161
draft_22951_00340	75,79,82,84,85,86,91,98,100,104,111,118,121,122,128,129,137,138,142,147,148,151,153,155,158,161,163,165
draft_22951_00341	38,47,52,59,64,65,69,73,75,77,79,80,81,83,85,88,90,91,94,96,100,106,114,116,120,121,122,124,137,142,144,148,149,150,151,153,155,156,158,160,161,162,165
draft_22951_00342	37,62,75,77,79,80,83,84,85,86,89,92,93,95,96,97,100,106,110,111,115,117,120,121,122,127,132,133,135,136,137,142,143,148,150,151,153,154,156,158,159,160,161,162,163,164,165
draft_22951_00343	37,75,77,80,82,84,85,86,90,91,92,97,98,100,104,106,110,111,114,115,117,118,121,122,128,129,131,136,137,138,142,147,148,151,153,154,155,156,158,159,160,161,163,164,165
draft_22951_00344	52,65,69,80,83,94,96,120,121,124,137,142,149,151,156,160,161,162,165
draft_22951_00345	54,79,82,84,86,91,100,104,108,111,114,115,118,128,129,131,138,142,147,151,153,155,158,160,161
draft_22951_00346	65,84,92,98,105,110,117,121,125,137,142,145,151,154,156,158,160,161,162,163,164,165
draft_22951_00347	30,49,74,85,86,93,112,122,133,135,141,148,149,156,158,160,161,162,163,165
draft_22951_00348	36,81,82,83,86,88,93,96,100,115,137,151,153,155,158,160,161,162,165
draft_22951_00349	62,75,82,85,86,91,92,98,100,104,108,110,111,116,117,118,120,121,122,128,129,137,138,142,145,147,148,151,153,154,156,158,160,161,163,164,165
draft_22951_00350	82,84,91,100,123,131,139,144,150,151,153,154,155,157,158,159,161,162,163,164,165
draft_22951_00351	54,79,84,90,91,104,111,118,129,131,133,142,147,150,151,156,158,161,163,165
draft_22951_00352	65,83,84,96,105,121,131,133,135,137,142,151,156,158,161,162,163,165
draft_22951_00353	65,75,79,83,85,86,96,98,100,111,118,120,121,122,128,129,137,138,142,147,148,153,155,156,158,161,162,163,165
draft_22951_00354	57,74,79,82,83,84,85,86,93,95,96,97,100,111,116,122,137,142,148,149,151,152,153,155,156,158,160,161,162,164,165
draft_22951_00355	75,85,86,93,97,98,100,108,111,116,118,121,122,123,126,128,129,132,137,138,147,148,153,154,155,157,158,159,160,161,163,164,165
draft_22951_00356	54,82,84,95,104,109,111,131,139,151,153,155,156,157,158,161,162,163,164,165
draft_22951_00357	36,47,77,78,81,83,88,90,91,96,100,104,106,111,115,118,119,120,121,129,133,137,142,147,151,153,156,158,160,161,163,165
draft_22951_00358	74,85,86,93,100,108,111,114,115,116,118,122,141,147,148,149,153,155,158,160,161
draft_22951_00359	82,86,90,91,93,100,104,108,111,115,116,118,128,129,131,138,142,147,149,151,153,155,158,160,161
draft_22951_00360	82,84,91,100,129,131,138,142,144,150,151,153,155,158,161,162,163,165
draft_22951_00361	38,65,77,80,82,98,100,104,111,120,121,125,133,135,137,142,145,147,151,153,155,156,158,161,162,163,165
draft_22951_00362	65,74,79,80,84,85,86,93,98,121,122,133,135,137,142,144,148,149,150,151,156,158,160,161,162,163,165
draft_22951_00363	37,43,47,52,54,68,69,73,77,79,81,84,88,94,95,106,110,117,124,131,133,135,142,151,154,156,158,161,162,163,164,165
draft_22951_00364	54,66,74,84,95,112,131,139,141,149,151,152,156,157,158,160,161,164
draft_22951_00365	82,84,100,128,131,138,142,151,153,155,158,161,162,163,165
draft_22951_00366	75,83,84,85,86,96,100,111,118,121,122,128,129,133,135,137,138,142,147,148,151,153,155,156,158,161,162,163,165
draft_22951_00367	74,79,85,86,93,100,111,115,116,122,138,141,142,147,148,149,153,155,158,160,161
draft_22951_00368	84,104,111,114,116,149,151,155,156,158,160,161
draft_22951_00369	84,85,86,90,91,100,104,108,111,114,115,116,118,122,128,129,138,141,142,147,148,149,151,153,155,156,158,160,161
draft_22951_00370	37,62,75,77,79,80,83,84,85,89,92,95,96,97,106,110,117,120,121,122,127,131,133,135,136,137,142,143,148,150,151,154,156,158,159,160,161,162,163,164,165
draft_22951_00371	65,82,84,98,100,105,121,125,137,142,145,151,153,155,156,158,161,162,163,165
draft_22951_00372	84,90,91,104,123,131,132,133,135,139,147,151,154,155,156,157,158,159,161,162,163,164,165
draft_22951_00373	47,54,73,79,81,88,93,131,142,149,151,156,158,160,161
draft_22951_00374	54,66,82,84,90,91,95,100,104,112,118,127,128,129,131,132,139,143,147,151,152,153,155,157,158,161,163,164,165
draft_22951_00375	37,52,62,65,75,77,79,80,83,84,85,89,93,94,95,96,97,106,110,113,117,120,121,122,124,127,133,135,136,137,142,143,144,148,149,150,151,154,156,158,159,160,161,162,163,164,165
draft_22951_00376	34,82,86,99,100,138,151,153,155,158,161
draft_22951_00377	54,84,95,123,131,139,151,154,156,157,158,159,160,161,162,163,164,165
draft_22951_00378	84,90,104,111,114,115,116,147,149,151,155,156,158,160,161
draft_22951_00379	65,77,79,83,96,105,120,121,137,142,151,156,161,162,163,165
draft_22951_00380	53,66,82,90,91,97,98,100,104,105,108,111,112,116,118,121,127,128,129,131,132,137,139,143,145,147,151,152,153,156,157,158,160,161,163,164,165
draft_22951_00381	37,65,75,77,80,83,85,86,89,92,93,96,97,98,100,106,108,110,111,113,116,117,118,120,121,122,127,128,129,136,137,138,142,143,144,147,148,149,150,153,154,155,156,158,159,160,161,162,163,164,165
draft_22951_00382	65,75,79,82,83,85,86,93,96,100,111,115,116,121,122,137,142,144,148,149,150,151,153,155,156,158,160,161,162,165
draft_22951_00383	82,86,90,100,104,108,111,114,115,116,118,128,129,138,147,149,151,153,155,158,160,161
draft_22951_00384	38,62,75,77,78,79,80,83,84,85,92,95,96,97,100,108,110,111,116,117,119,120,121,122,127,132,133,135,137,142,143,148,150,151,153,154,156,158,160,161,162,163,164,165
draft_22951_00385	66,74,85,93,112,122,141,148,149,156,158,160,161
draft_22951_00386	65,79,80,84,98,105,120,121,125,133,135,137,142,145,151,156,158,161,162,163,165
draft_22951_00387	65,84,92,98,110,111,114,115,117,121,137,142,147,151,154,155,156,158,160,161,162,163,164,165
draft_22951_00388	65,80,82,86,98,100,120,121,125,137,138,142,145,151,153,155,158,161,162,163,165
draft_22951_00389	75,80,85,86,90,91,92,93,98,100,104,105,108,110,111,115,116,117,118,121,122,128,129,133,137,142,145,147,148,149,151,153,154,156,158,160,161,163,164,165
draft_22951_00390	85,86,100,114,116,122,138,141,148,149,153,155,158,160,161
draft_22951_00391	66,74,89,91,92,98,104,110,111,112,115,117,121,127,132,136,137,143,149,151,154,156,158,159,160,161,163,164,165
draft_22951_00392	62,75,79,80,83,85,86,89,92,93,95,96,97,98,100,108,110,111,116,117,118,120,121,122,127,128,129,132,133,136,137,138,142,143,146,147,148,150,153,154,155,156,158,159,160,161,163,164,165
draft_22951_00393	74,141,149,151,156,158,160,161
draft_22951_00394	38,62,65,77,78,79,83,96,98,119,120,121,125,137,142,145,150,151,156,158,161,162,163,165
draft_22951_00395	65,77,79,80,83,96,98,105,120,121,125,137,142,145,151,156,161,162,163,165
draft_22951_00396	72,76,89,93,99,126,127,136,140,143,146,149,150,152,154,157,159,160,163,164,165
draft_22951_00397	54,79,90,91,93,104,108,111,116,118,129,131,133,142,147,149,150,151,156,158,160,161,163,165
draft_22951_00398	75,85,86,93,97,98,100,105,108,111,115,116,118,121,122,127,128,129,132,137,143,145,147,148,152,153,154,156,158,160,161,163,164,165
draft_22951_00399	25,53,65,77,80,84,98,106,120,121,131,133,135,137,142,151,156,158,161,162,163,165
draft_22951_00400	25,38,53,62,65,77,80,84,98,106,120,121,125,131,133,135,137,142,145,151,156,158,161,162,163,165
draft_22951_00401	54,74,79,82,100,104,108,111,116,131,138,141,142,147,149,151,153,155,156,158,160,161
draft_22951_00402	37,38,47,52,59,64,65,69,73,75,77,79,80,81,85,88,89,92,93,94,95,97,98,105,106,110,113,117,120,121,122,124,125,127,136,137,142,143,144,145,148,149,150,151,154,156,158,159,160,161,162,163,164,165
draft_22951_00403	25,36,43,53,75,77,78,80,84,85,86,88,90,91,98,100,106,111,118,119,120,121,122,129,131,137,138,142,147,148,151,153,156,158,161,163,165
draft_22951_00404	92,110,113,117,127,131,139,143,149,151,152,154,156,157,158,159,160,161,162,163,164,165
draft_22951_00405	79,85,86,100,108,111,114,116,122,129,138,141,142,147,148,149,153,155,158,160,161
draft_22951_00406	74,80,85,86,93,100,108,111,115,116,118,122,138,141,142,147,148,149,153,155,158,160,161
draft_22951_00407	66,74,84,90,91,104,108,111,112,115,116,118,129,131,133,141,142,147,149,151,156,158,160,161,163,165
draft_22951_00408	74,75,80,85,86,90,91,93,97,98,100,104,105,108,111,115,116,118,121,122,127,128,129,132,137,138,139,142,143,145,147,148,149,152,153,155,156,157,158,160,161,163,164,165
draft_22951_00409	65,75,80,82,85,86,90,93,98,100,104,111,115,116,118,120,121,122,128,129,133,137,138,142,145,147,148,151,153,155,156,158,160,161,162,163,165
draft_22951_00410	82,84,90,91,100,104,111,118,128,129,131,138,142,147,151,153,155,158,161
draft_22951_00411	54,82,86,93,95,100,104,113,115,127,131,132,139,143,151,152,153,155,157,158,159,160,161,162,163,164,165
draft_22951_00412	43,47,77,78,81,84,86,88,90,91,106,118,119,128,129,131,138,142,147,151,153,155,156,158,161
draft_22951_00413	25,38,53,65,77,80,92,97,98,106,110,117,120,121,131,133,135,136,137,141,142,146,149,151,154,156,158,159,160,161,162,163,164,165
draft_22951_00414	54,65,83,90,91,95,96,104,105,121,123,131,132,136,137,139,140,144,146,150,151,154,155,156,157,159,161,162,163,164,165
draft_22951_00415	25,37,38,65,66,74,75,77,80,84,85,93,97,98,106,110,112,113,117,120,121,122,127,133,135,137,141,142,143,144,148,149,150,151,154,156,158,160,161,162,163,164,165
draft_22951_00416	65,84,98,121,125,133,135,137,142,145,147,151,155,156,158,161,162,163,165
draft_22951_00417	74,82,84,85,86,93,100,104,111,122,133,135,142,147,148,149,151,153,155,156,158,160,161,162,163,165
draft_22951_00418	53,80,84,90,93,116,123,126,131,132,133,135,142,144,150,151,154,155,156,157,158,159,160,161,162,163,164,165
draft_22951_00419	37,43,77,84,106,110,117,125,131,133,135,142,145,151,154,156,158,161,162,163,164,165
draft_22951_00420	47,54,59,64,65,73,79,81,88,92,95,98,105,110,113,117,120,121,125,127,131,137,142,143,144,145,150,151,154,156,161,162,163,164,165
draft_22951_00421	54,82,90,91,95,100,104,109,111,118,128,129,131,132,133,138,139,147,151,153,155,156,157,158,161,163,164,165
draft_22951_00422	25,37,57,62,65,75,77,79,80,83,85,86,93,95,96,97,98,100,105,106,108,109,110,111,113,115,116,117,118,120,121,122,127,129,132,133,135,137,138,142,143,144,145,147,148,153,154,156,157,158,159,160,161,162,163,164,165
draft_22951_00423	82,84,90,91,93,100,104,108,111,116,118,123,126,128,129,132,147,151,153,154,155,157,158,159,160,161,164
draft_22951_00424	25,43,77,78,84,90,91,95,100,104,106,109,111,114,118,119,123,126,128,131,138,142,147,151,153,154,155,156,157,158,159,160,161,164
draft_22951_00425	39,40,48,51,55,58,59,60,61,64,67,69,73,81,88,102,106,112,124,125,130,131,133,135,136,139,145,146,148,151,156,158,159,161,162,163,164,165
draft_22951_00426	82,83,90,96,100,104,105,111,121,135,137,144,147,151,153,156,158,161,162,163,165
draft_22951_00427	65,75,77,79,83,85,93,96,105,120,121,122,137,142,148,156,158,160,161,162,163,165
draft_22951_00428	28,29,69,75,83,85,86,90,91,92,95,96,100,102,104,110,111,112,117,118,121,122,124,127,128,129,130,132,136,137,138,139,143,146,147,148,150,153,154,155,156,158,159,161,162,163,164,165
draft_22951_00429	37,43,77,84,106,110,117,131,133,135,142,151,154,156,158,161,162,163,164,165
draft_22951_00430	54,79,84,90,92,95,98,104,105,110,111,117,121,127,131,133,135,137,142,143,144,145,150,151,154,156,158,161,162,163,164,165
draft_22951_00431	53,74,80,82,90,100,104,108,111,116,118,131,138,141,142,147,149,151,153,155,156,158,160,161
draft_22951_00432	93,133,135,151,156,158,160,161,162,163,165
draft_22951_00433	65,98,105,121,125,137,145,156,161,162,163,165
draft_22951_00434	38,65,77,83,96,98,105,120,121,137,142,151,156,161,162,163,165
draft_22951_00435	57,83,84,91,96,105,109,123,127,133,135,137,143,144,151,153,154,156,157,158,159,161,162,163,164,165
draft_22951_00436	54,66,74,79,82,92,100,104,108,110,111,112,116,117,131,136,141,142,149,151,153,154,155,156,158,159,160,161,164
draft_22951_00437	54,84,90,91,95,96,104,105,127,131,132,133,139,143,144,150,151,152,156,157,158,161,162,163,164,165
draft_22951_00438	62,66,75,79,80,82,84,85,86,90,91,92,95,98,100,104,110,111,112,117,118,120,121,122,128,129,131,132,133,136,137,138,142,145,147,148,151,153,154,155,156,158,159,161,163,164,165
draft_22951_00439	65,79,80,92,95,97,98,110,117,120,121,125,133,135,137,142,145,151,154,156,158,161,162,163,164,165
draft_22951_00440	65,98,120,121,125,137,142,145,147,155,161,162,163,165
draft_22951_00441	65,74,80,85,86,93,98,121,122,133,135,137,142,148,149,156,158,160,161,162,163,165
draft_22951_00442	52,53,54,68,69,72,79,80,82,84,90,92,93,94,95,100,104,110,111,113,117,124,126,127,131,132,136,140,142,143,144,146,149,150,151,152,153,154,155,156,157,158,159,160,161,162,163,164,165
draft_22951_00443	45,66,74,76,79,82,85,86,91,93,97,99,100,104,111,112,115,116,122,127,128,129,132,133,138,141,142,143,147,148,149,151,152,153,154,155,156,158,160,161,163,164,165
draft_22951_00444	75,85,86,92,93,98,100,108,110,111,115,116,117,118,121,122,127,129,132,137,143,147,148,150,153,154,156,158,160,161,163,164,165
draft_22951_00445	82,86,90,93,100,104,108,111,114,115,116,118,147,149,151,153,155,158,160,161
draft_22951_00446	57,75,79,82,83,85,86,91,95,96,98,100,104,111,118,120,121,122,129,132,137,138,142,147,148,151,152,153,155,158,161,162,163,164,165
draft_22951_00447	65,75,77,80,85,92,95,97,98,100,104,105,110,113,117,120,121,122,123,125,127,132,136,137,139,142,143,144,145,146,148,150,153,154,155,156,157,158,159,161,162,163,164,165
draft_22951_00448	57,74,75,79,82,85,86,91,95,98,100,104,108,109,111,115,118,120,121,122,128,129,132,137,138,142,147,148,149,151,153,155,157,158,160,161,163,164,165
draft_22951_00449	75,79,85,86,93,97,98,100,108,109,111,114,115,116,120,121,122,123,126,128,129,132,137,138,141,142,147,148,149,150,153,154,155,156,157,158,159,160,161,163,164,165
draft_22951_00450	65,75,79,85,86,98,100,111,118,120,121,122,125,129,137,138,142,145,147,148,153,155,156,158,161,162,163,165
draft_22951_00451	62,75,83,84,85,92,96,100,110,111,117,118,121,122,127,132,133,135,137,142,143,147,148,150,151,153,154,156,158,161,162,163,164,165
draft_22951_00452	65,80,84,98,105,121,125,133,135,137,142,145,151,156,158,161,162,163,165
draft_22951_00453	54,75,80,82,84,85,86,90,91,95,98,100,104,108,111,115,116,118,121,122,128,129,131,132,137,138,139,142,147,148,151,152,153,155,157,158,160,161,163,164,165
draft_22951_00454	52,54,66,69,72,74,78,79,80,90,91,92,94,95,97,98,104,108,110,111,112,115,117,119,120,121,124,130,131,133,136,137,141,142,145,149,151,154,156,158,159,160,161,163,164,165
draft_22951_00455	54,79,84,131,133,135,142,144,150,151,156,158,160,161,162,163,165
draft_22951_00456	38,65,77,79,80,83,96,105,120,121,131,137,142,149,151,156,160,161,162,163,165
draft_22951_00457	34,54,66,79,82,86,90,91,98,99,100,104,111,112,120,121,128,129,131,137,138,142,147,151,153,155,156,158,161,163,165
draft_22951_00458	53,57,62,75,79,80,84,85,86,91,95,98,100,109,111,118,120,121,122,129,131,132,133,135,137,138,142,144,145,147,148,150,151,153,156,157,158,161,162,163,164,165
draft_22951_00459	62,65,75,79,85,86,98,100,111,118,120,121,122,125,129,133,135,137,138,142,145,147,148,153,156,158,161,162,163,165
draft_22951_00460	65,79,80,84,98,105,120,121,125,133,135,137,142,144,145,149,150,151,156,158,160,161,162,163,165
draft_22951_00461	53,54,79,80,90,92,93,95,97,98,104,105,110,111,116,117,120,121,127,131,132,135,136,137,142,143,144,145,150,151,154,155,156,158,159,160,161,162,163,164,165
draft_22951_00462	37,43,45,50,53,76,77,80,91,97,98,99,104,106,108,110,111,114,117,120,121,127,131,136,137,141,142,143,149,150,151,152,154,155,156,158,159,160,161,163,164,165
draft_22951_00463	57,72,75,79,80,82,83,85,86,89,90,91,92,95,96,97,98,100,104,110,111,117,118,120,121,122,127,128,129,136,137,138,140,142,143,145,146,147,148,150,151,152,153,154,156,158,159,161,162,163,164,165
draft_22951_00464	84,123,131,133,135,139,144,150,151,154,156,157,158,159,160,161,162,163,164,165
draft_22951_00465	82,84,95,100,132,151,152,153,154,155,158,161,162,163,164,165
draft_22951_00466	53,74,80,82,84,85,86,90,93,100,104,108,111,115,116,118,122,128,129,131,138,142,147,148,149,151,153,155,158,160,161
draft_22951_00467	53,75,79,80,83,84,85,86,91,92,95,96,97,100,104,110,111,117,118,121,122,128,129,131,132,133,135,136,137,138,142,144,147,148,150,151,153,154,155,156,158,159,161,162,163,164,165
draft_22951_00468	38,65,77,79,83,96,105,120,121,137,142,151,156,160,161,162,163,165
draft_22951_00469	82,84,86,90,91,100,104,111,118,128,129,131,138,142,147,151,153,155,158,161
draft_22951_00470	75,80,82,83,84,85,86,90,91,93,96,97,100,108,109,111,115,116,118,121,122,126,128,129,132,137,138,142,147,148,151,153,155,157,158,160,161,164,165
draft_22951_00471	82,86,90,91,100,101,104,111,118,121,128,129,137,138,147,151,153,158,161,165
draft_22951_00472	65,98,118,120,121,125,137,142,145,147,155,161,162,163,165
draft_22951_00473	25,43,52,77,78,79,84,94,106,113,119,124,127,131,133,135,139,142,143,151,152,156,157,158,161,162,163,164,165
draft_22951_00474	52,53,65,68,69,80,83,90,91,92,94,95,96,97,104,105,110,111,113,117,118,120,121,124,127,129,131,137,142,143,144,147,151,154,156,161,162,163,164,165
draft_22951_00475	54,82,92,95,100,104,110,117,123,131,132,136,139,146,151,153,154,155,156,157,158,159,161,162,163,164,165
draft_22951_00476	34,75,79,82,85,86,91,98,99,100,104,111,118,120,121,122,129,137,138,142,147,148,151,153,155,158,161,163,165
draft_22951_00477	37,65,75,77,80,82,85,89,90,91,92,95,97,98,100,104,105,106,109,110,111,113,117,120,121,122,125,127,131,132,136,137,138,139,142,143,144,145,146,147,148,150,151,153,154,155,156,157,158,159,161,162,163,164,165
draft_22951_00478	54,82,90,91,95,98,100,104,105,109,111,121,129,131,137,138,139,144,145,151,153,155,156,157,158,161,162,163,164,165
draft_22951_00479	37,75,77,79,85,86,93,98,100,106,110,111,114,115,116,117,118,120,121,122,128,129,137,138,141,142,147,148,149,153,154,155,156,158,160,161,163,164,165
draft_22951_00480	66,74,82,84,90,91,100,104,108,111,112,115,128,131,133,141,142,149,151,153,155,156,158,160,161,163,165
draft_22951_00481	30,49,75,83,85,86,93,96,100,108,111,112,114,115,116,118,121,122,128,129,137,138,147,148,149,153,155,158,160,161,165
draft_22951_00482	65,79,82,92,98,100,110,111,117,121,125,131,133,135,136,137,142,145,151,153,154,155,156,158,159,160,161,162,163,164,165
draft_22951_00483	49,65,75,85,90,97,98,100,104,105,111,121,122,123,125,132,137,139,145,147,148,153,154,155,156,157,158,159,160,161,162,163,164,165
draft_22951_00484	47,73,75,77,80,81,82,84,85,86,88,90,91,92,97,98,100,106,110,111,114,117,118,121,122,128,129,131,137,138,142,147,148,151,153,154,155,156,158,160,161,163,164,165
draft_22951_00485	65,83,96,97,121,136,137,144,149,150,151,154,156,159,160,161,162,164,165
draft_22951_00486	53,54,79,80,82,84,86,90,91,100,104,111,118,128,129,131,138,142,147,151,153,155,158,161
draft_22951_00487	54,79,84,131,133,135,142,144,150,151,156,158,160,161,162,163,165
draft_22951_00488	25,37,62,65,75,77,80,83,85,86,89,90,91,93,96,97,98,100,106,110,111,113,117,118,120,121,122,126,127,133,135,137,138,142,143,147,148,151,153,154,156,157,158,159,160,161,162,163,164,165
draft_22951_00489	82,86,93,100,115,151,153,155,158,160,161,162,163,165
draft_22951_00490	65,79,98,120,121,137,142,149,156,160,161,162,163,165
draft_22951_00491	65,77,78,80,92,97,98,110,117,119,120,121,125,136,137,142,145,151,154,156,158,159,161,162,163,164,165
draft_22951_00492	28,43,47,53,64,73,75,77,80,81,82,85,86,88,90,91,98,100,106,111,114,115,116,118,120,121,122,128,129,131,137,138,142,147,148,151,153,155,156,158,160,161,163,165
draft_22951_00493	53,65,66,74,80,82,91,98,100,104,108,111,112,115,120,121,129,131,133,137,141,142,145,149,151,153,155,156,158,160,161,162,163,165
draft_22951_00494	54,79,82,84,92,95,100,104,110,111,117,131,132,133,135,142,151,153,154,155,156,158,161,162,163,164,165
draft_22951_00495	80,82,84,85,86,90,93,100,104,108,111,115,116,118,122,128,129,131,138,142,147,148,151,153,155,158,160,161
draft_22951_00496	34,82,90,91,96,99,100,104,111,118,128,129,133,147,151,153,155,156,158,161,165
draft_22951_00497	90,91,93,104,108,111,116,118,129,133,147,151,156,158,160,161,163,165
draft_22951_00498	37,74,77,85,86,93,106,110,117,122,141,142,148,149,154,156,158,160,161,164
draft_22951_00499	65,75,77,79,80,82,84,85,92,97,98,100,104,105,110,111,113,117,120,121,122,125,127,137,138,142,143,144,145,147,148,150,151,153,154,155,156,158,161,162,163,164,165
draft_22951_00500	65,98,121,137,141,149,156,160,161,162,163,165
draft_22951_00501	54,66,74,79,82,100,104,108,111,112,116,131,138,141,142,147,149,151,153,155,156,158,160,161
draft_22951_00502	36,81,82,83,84,88,96,100,104,111,137,147,151,153,155,158,161,162,165
draft_22951_00503	75,85,86,98,100,110,111,117,118,121,122,129,137,138,147,148,153,154,158,161,163,164,165
draft_22951_00504	74,79,82,85,86,93,100,104,108,111,114,115,116,122,129,138,141,142,147,148,149,151,153,155,158,160,161
draft_22951_00505	54,65,83,90,91,95,96,104,105,121,123,131,132,136,137,139,140,144,146,150,151,154,155,156,157,159,161,162,163,164,165
draft_22951_00506	53,54,66,72,74,79,80,91,92,95,98,104,108,110,111,112,115,117,120,121,131,133,136,137,141,142,145,149,151,154,156,158,159,160,161,163,164,165
draft_22951_00507	28,30,49,57,72,75,76,83,85,86,93,96,97,98,99,100,108,109,111,112,115,116,118,120,121,122,123,128,129,132,137,138,147,148,152,153,155,157,158,159,160,161,163,164,165
draft_22951_00508	82,86,90,91,93,98,100,104,108,111,116,118,121,123,126,128,129,132,137,138,147,151,153,154,155,157,158,159,160,161,163,164,165
draft_22951_00509	37,38,65,75,77,79,80,83,85,89,92,93,95,96,97,98,105,106,110,113,117,120,121,122,127,136,137,141,142,143,144,148,149,150,154,156,158,159,160,161,162,163,164,165
draft_22951_00510	65,79,98,120,121,137,142,149,156,160,161,162,163,165
draft_22951_00511	74,80,82,85,86,90,93,100,104,108,111,115,116,118,122,128,129,138,141,142,147,148,149,151,153,155,158,160,161
draft_22951_00512	54,79,82,84,86,91,100,104,111,118,128,129,131,138,142,147,151,153,155,158,161
draft_22951_00513	75,83,85,86,91,96,100,111,118,121,122,123,128,129,137,138,139,144,147,148,150,153,154,155,157,158,159,161,162,163,164,165
draft_22951_00514	65,75,77,79,83,85,96,100,111,114,115,116,118,120,121,122,137,142,147,148,153,155,158,160,161,162,165
draft_22951_00515	74,85,100,114,116,122,141,148,149,153,155,156,158,160,161
draft_22951_00516	25,52,65,75,77,79,80,83,85,90,92,94,95,96,97,98,100,104,105,106,110,111,113,117,120,121,122,123,124,125,127,131,132,136,137,139,140,142,143,144,145,146,147,148,150,153,154,155,156,157,158,159,161,162,163,164,165
draft_22951_00517	65,77,80,98,120,121,137,142,149,156,160,161,162,163,165
draft_22951_00518	74,75,80,85,86,93,97,98,100,105,108,111,115,116,118,121,122,127,128,129,132,137,138,142,143,145,147,148,149,152,153,154,155,156,158,160,161,163,164,165
draft_22951_00519	52,65,75,79,80,85,86,92,93,94,95,97,98,100,105,110,111,113,115,116,117,118,120,121,122,124,125,127,129,136,137,138,142,143,144,145,147,148,149,150,153,154,156,158,159,160,161,162,163,164,165
draft_22951_00520	8,11,19,36,47,54,66,74,79,81,83,84,85,88,92,95,96,97,105,110,112,113,117,120,121,122,123,127,131,133,136,137,139,140,142,143,146,148,149,150,151,152,154,156,157,158,159,160,161,162,163,164,165
draft_22951_00521	74,85,86,93,100,115,122,148,149,153,155,158,160,161,162,163,165
draft_22951_00522	57,62,75,80,84,85,86,95,98,100,109,111,118,120,121,122,129,132,133,135,137,138,142,145,147,148,151,153,156,157,158,161,162,163,164,165
draft_22951_00523	75,83,84,85,91,92,96,105,108,110,111,115,117,121,122,133,135,137,142,144,148,149,150,151,154,156,158,160,161,162,163,164,165
draft_22951_00524	30,49,52,69,74,84,85,86,93,94,100,104,111,112,115,122,124,142,148,149,151,153,155,156,158,160,161,162,163,165
draft_22951_00525	75,83,85,86,96,100,111,114,115,116,118,121,122,128,129,137,138,147,148,153,155,158,160,161,165
draft_22951_00526	53,65,80,83,84,96,105,121,131,133,135,137,142,151,156,158,161,162,163,165
draft_22951_00527	74,85,86,93,108,111,116,118,122,129,133,147,148,149,156,158,160,161,163,165
draft_22951_00528	82,84,90,91,100,104,111,118,128,129,131,138,142,147,151,153,155,158,161
draft_22951_00529	82,86,91,98,100,104,111,114,115,118,121,128,129,132,137,138,147,151,152,153,154,155,158,160,161,163,164,165
draft_22951_00530	84,90,91,104,123,131,132,133,135,139,144,147,150,151,154,155,156,157,158,159,160,161,162,163,164,165
draft_22951_00531	82,90,91,92,100,104,110,111,117,118,123,128,129,131,132,136,138,139,140,142,146,147,151,153,154,155,156,157,158,159,161,164
draft_22951_00532	75,82,84,85,90,92,93,98,100,105,110,111,116,117,121,122,127,132,135,137,142,143,144,145,148,150,151,153,154,155,156,158,160,161,162,163,164,165
draft_22951_00533	65,79,98,120,121,137,142,144,149,150,156,160,161,162,163,165
draft_22951_00534	84,133,135,144,150,151,156,158,160,161,162,163,165
draft_22951_00535	84,93,113,126,127,133,135,143,151,152,156,157,158,160,161,162,163,164,165
draft_22951_00536	54,82,91,95,100,113,114,127,131,133,135,139,143,144,149,150,151,152,153,155,156,157,158,160,161,162,163,164,165
draft_22951_00537	82,84,100,151,153,155,158,161,162,163,165
draft_22951_00538	82,85,86,90,91,93,100,104,108,111,115,116,118,122,128,129,131,138,141,142,147,148,149,151,153,155,158,160,161
draft_22951_00539	36,75,79,81,82,83,85,86,88,91,96,98,100,104,111,118,120,121,122,129,137,138,142,147,148,151,153,155,158,161,162,163,165
draft_22951_00540	74,79,85,86,93,100,111,115,116,118,122,128,129,138,141,142,147,148,149,153,155,158,160,161
draft_22951_00541	82,90,91,98,100,104,105,111,118,121,135,137,144,145,147,151,153,156,158,161,162,163,165
draft_22951_00542	82,86,90,91,100,104,109,111,118,128,129,131,132,138,139,147,151,153,155,157,158,161,162,163,164,165
draft_22951_00543	53,66,74,80,91,92,98,104,108,110,111,112,115,117,120,121,131,133,136,137,141,142,144,145,149,150,151,154,156,158,159,160,161,162,163,164,165
draft_22951_00544	74,85,86,93,122,133,135,141,144,148,149,150,156,158,160,161,162,163,165
draft_22951_00545	84,133,135,151,156,158,160,161,162,163,165
draft_22951_00546	84,93,95,123,126,151,154,156,157,158,159,160,161,162,163,164,165
draft_22951_00547	53,54,66,74,82,89,90,95,100,104,109,112,113,116,127,131,132,138,139,141,143,144,146,149,150,151,152,153,155,156,157,158,159,160,161,162,163,164,165
draft_22951_00548	84,90,91,104,111,118,129,133,147,151,156,158,161,163,165
draft_22951_00549	30,49,74,75,85,86,93,97,98,100,108,111,112,115,116,121,122,127,132,137,141,143,147,148,149,150,152,153,154,156,158,160,161,163,164,165
draft_22951_00550	62,75,79,80,83,84,85,91,92,96,100,110,111,117,118,120,121,122,127,132,133,135,136,137,138,142,143,144,147,148,150,151,153,154,156,158,159,161,162,163,164,165
draft_22951_00551	66,74,84,90,91,104,108,111,112,115,116,118,131,132,139,141,147,149,151,152,155,156,157,158,160,161,164
draft_22951_00552	37,65,75,77,79,80,82,83,85,86,90,91,93,96,100,104,105,106,108,110,111,113,115,116,117,118,120,121,122,127,131,137,138,142,143,144,147,148,150,151,153,154,155,156,158,160,161,162,163,164,165
draft_22951_00553	28,30,49,57,66,72,74,76,83,85,86,93,96,97,99,100,108,109,112,115,116,120,122,123,128,137,138,141,148,149,150,152,153,155,157,158,159,160,161,164,165
draft_22951_00554	62,65,75,80,83,85,86,96,98,100,111,118,120,121,122,133,135,137,138,142,147,148,153,156,158,161,162,163,165
draft_22951_00555	37,65,75,77,79,80,82,84,85,89,92,93,97,98,100,104,105,106,108,110,111,113,117,120,121,122,125,127,136,137,138,142,143,144,145,147,148,150,151,153,154,155,156,158,159,160,161,162,163,164,165
draft_22951_00556	83,90,96,104,105,111,115,121,135,137,144,151,156,158,160,161,162,163,165
draft_22951_00557	52,79,80,83,92,94,95,96,97,105,110,117,119,121,124,127,133,135,136,137,142,143,144,150,151,154,156,158,159,160,161,162,163,164,165
draft_22951_00558	65,83,96,97,121,137,144,149,150,151,152,154,160,161,162,164,165
draft_22951_00559	65,74,80,83,85,86,90,91,93,96,100,105,115,121,122,137,142,148,149,151,153,155,156,158,160,161,162,163,165
draft_22951_00560	36,37,43,54,77,79,81,83,88,90,91,96,101,104,105,106,110,111,117,118,120,121,123,127,128,129,131,132,136,137,139,142,143,146,147,151,153,154,155,156,157,158,159,161,164,165
draft_22951_00561	34,49,65,75,85,98,99,100,105,121,122,125,137,145,148,153,155,158,161,162,163,165
draft_22951_00562	65,79,98,105,120,121,123,125,137,139,142,145,154,156,157,159,161,162,163,164,165
draft_22951_00563	82,86,100,114,116,138,151,153,155,158,160,161,162,163,165
draft_22951_00564	82,100,114,133,135,151,153,155,156,158,160,161,162,163,165
draft_22951_00565	85,92,93,110,113,117,122,127,133,135,139,143,148,149,152,154,156,157,158,159,160,161,162,163,164,165
draft_22951_00566	65,75,79,85,86,98,100,111,116,118,120,121,122,125,129,137,138,142,144,145,147,148,149,150,153,155,156,158,160,161,162,163,165
draft_22951_00567	53,82,90,97,100,104,111,123,131,132,133,135,136,139,140,144,146,147,150,151,153,154,155,156,157,158,159,161,162,163,164,165
draft_22951_00568	25,43,65,77,79,83,84,96,105,106,120,121,131,133,135,137,142,151,156,158,161,162,163,165
draft_22951_00569	75,82,83,85,86,91,96,100,109,111,118,121,122,128,129,137,138,139,144,147,148,150,153,155,157,158,161,162,163,164,165
draft_22951_00570	72,75,80,84,85,86,90,93,98,100,104,111,113,118,121,122,126,127,129,133,137,138,142,143,144,145,147,148,149,150,151,152,153,155,156,157,158,159,160,161,162,163,164,165
draft_22951_00571	62,75,83,85,92,96,100,110,111,113,117,118,121,122,127,132,133,135,137,139,143,147,148,150,152,153,154,156,157,158,159,161,162,163,164,165
draft_22951_00572	53,54,66,74,79,80,82,91,92,95,98,100,104,108,110,111,112,115,117,120,121,128,129,131,132,133,137,141,142,145,149,151,153,154,155,156,158,160,161,163,164,165
draft_22951_00573	52,54,65,75,79,80,82,92,94,95,97,98,100,104,105,108,109,110,111,113,117,120,121,122,124,125,127,128,129,131,132,136,137,138,139,142,143,144,145,146,147,148,150,151,153,154,155,156,157,158,159,160,161,162,163,164,165
draft_22951_00574	65,79,98,120,121,137,141,142,144,149,150,156,160,161,162,163,165
draft_22951_00575	83,90,91,92,96,104,105,110,117,121,123,127,131,132,135,136,137,139,143,144,146,150,151,154,155,156,157,158,159,161,162,163,164,165
draft_22951_00576	54,82,86,91,95,100,104,109,111,129,131,132,138,139,147,151,153,155,157,158,161,162,163,164,165
draft_22951_00577	72,83,90,92,93,96,97,104,105,110,111,113,117,121,126,127,132,135,137,143,144,146,149,150,151,152,154,156,157,158,159,160,161,162,163,164,165
draft_22951_00578	65,77,80,98,105,120,121,125,137,142,145,156,161,162,163,165
draft_22951_00579	85,86,100,108,111,114,115,116,118,122,128,129,138,141,147,148,149,153,155,158,160,161
draft_22951_00580	53,54,79,80,82,84,86,90,91,100,104,111,118,128,129,131,138,142,147,151,153,155,158,161
draft_22951_00581	17,65,98,121,137,156,161,162,163,165
draft_22951_00582	79,82,84,85,86,91,92,100,104,108,110,111,114,116,117,122,129,131,133,135,138,142,147,148,149,151,153,154,155,156,158,160,161,162,163,164,165
draft_22951_00583	37,43,54,77,82,90,95,100,104,106,110,117,123,131,132,133,135,136,139,142,146,151,153,154,155,156,157,158,159,161,162,163,164,165
draft_22951_00584	65,77,79,83,96,105,120,121,137,142,151,156,160,161,162,163,165
draft_22951_00585	54,74,79,82,84,90,92,95,100,104,110,111,115,117,123,128,131,132,136,139,142,146,149,151,153,154,155,156,157,158,159,160,161,164
draft_22951_00586	53,65,66,78,80,82,89,90,92,95,97,98,105,109,110,111,112,113,117,119,121,125,127,131,137,138,139,140,142,143,144,145,146,150,151,152,153,154,155,156,157,158,159,160,161,162,163,164,165
draft_22951_00587	37,43,53,54,57,65,72,77,79,80,83,92,95,96,105,106,110,113,117,120,121,127,131,133,135,136,137,142,143,146,151,152,154,156,158,159,161,162,163,164,165
draft_22951_00588	84,90,92,104,110,111,114,115,117,131,132,133,135,142,147,151,154,155,156,158,160,161,162,163,164,165
draft_22951_00589	65,92,98,110,117,121,125,133,135,137,142,145,151,154,155,156,158,160,161,162,163,164,165
draft_22951_00590	54,90,91,92,95,110,114,115,117,123,131,136,139,141,146,149,151,154,155,156,157,158,159,160,161,164
draft_22951_00591	74,80,82,85,86,90,93,100,104,108,111,114,115,116,118,122,128,129,133,135,138,141,142,147,148,149,151,153,155,156,158,160,161,162,163,165
draft_22951_00592	62,66,75,79,80,84,85,86,90,91,92,95,98,100,110,111,112,117,118,120,121,122,128,129,133,136,137,138,142,145,147,148,151,153,154,156,158,159,161,162,163,164,165
draft_22951_00593	17,66,84,90,91,104,111,112,118,129,133,147,151,156,158,161,163,165
draft_22951_00594	65,93,95,98,105,113,121,125,126,127,137,143,145,149,152,156,157,160,161,162,163,164,165
draft_22951_00595	74,84,104,111,115,141,149,151,155,156,158,160,161
draft_22951_00596	65,79,80,85,86,93,98,100,111,115,116,120,121,122,125,129,137,138,142,145,147,148,153,155,156,158,160,161,162,163,165
draft_22951_00597	37,43,77,84,90,91,104,106,110,111,117,118,129,131,133,142,147,151,154,156,158,161,163,164,165
draft_22951_00598	37,38,65,75,77,79,80,83,85,86,89,92,93,95,96,97,98,100,105,106,108,110,111,113,114,116,117,120,121,122,127,129,136,137,138,141,142,143,144,147,148,149,150,153,154,155,156,158,159,160,161,162,163,164,165
draft_22951_00599	25,37,57,65,77,80,83,84,85,89,95,96,97,98,105,106,110,113,117,120,121,122,125,127,133,135,137,142,143,145,148,151,152,154,156,158,159,161,162,163,164,165
draft_22951_00600	53,54,79,80,83,84,92,95,96,105,110,117,121,127,131,133,135,137,142,143,144,150,151,154,156,158,161,162,163,164,165
draft_22951_00601	54,65,79,83,84,90,91,92,95,96,104,105,108,110,111,117,121,131,136,137,142,151,154,155,156,158,159,160,161,162,163,164,165
draft_22951_00602	65,75,79,84,85,91,92,93,95,98,100,110,113,116,117,121,122,123,126,127,132,133,135,136,137,141,142,143,144,146,148,149,150,151,153,154,155,156,157,158,159,160,161,162,163,164,165
draft_22951_00603	37,65,75,77,79,82,83,85,86,93,96,100,104,105,106,108,110,111,113,114,115,117,120,121,122,127,129,137,138,141,142,143,144,147,148,149,150,151,153,154,155,156,158,160,161,162,163,164,165
draft_22951_00604	54,65,74,90,92,95,98,104,105,108,110,111,113,114,117,121,125,127,131,137,139,141,142,143,145,146,149,151,152,154,155,156,157,158,159,160,161,162,163,164,165
draft_22951_00605	25,43,53,54,57,66,72,77,78,80,82,83,84,89,90,91,93,95,96,97,98,106,109,112,119,120,123,126,127,131,132,133,137,139,140,142,143,145,146,149,150,151,152,153,154,155,156,157,158,159,160,161,163,164,165
draft_22951_00606	82,84,100,116,144,150,151,153,155,158,160,161,162,163,165
draft_22951_00607	74,79,82,85,86,91,100,104,108,111,116,118,122,128,129,131,138,141,142,147,148,149,151,153,155,156,158,160,161
draft_22951_00608	75,85,86,98,100,111,118,121,122,129,137,138,145,147,148,153,154,155,158,161,162,163,164,165
draft_22951_00609	84,90,91,96,104,105,111,133,144,147,151,156,158,161,162,163,165
draft_22951_00610	19,84,90,91,104,111,118,128,129,133,147,151,156,158,161,165
draft_22951_00611	34,45,75,83,85,92,96,99,100,110,111,117,118,121,122,127,132,137,143,147,148,150,153,154,156,158,161,164,165
draft_22951_00612	37,77,79,82,84,85,86,90,91,93,100,104,106,110,111,115,116,117,122,131,133,135,138,142,147,148,151,153,154,155,156,158,160,161,162,163,164,165
draft_22951_00613	54,79,82,83,90,91,92,95,96,100,104,110,111,114,115,117,118,121,123,131,136,137,139,142,146,147,149,151,153,154,155,156,157,158,159,160,161,164,165
draft_22951_00614	57,62,84,89,98,109,118,120,123,132,133,135,137,138,145,147,151,153,156,157,158,159,161,162,163,164,165
draft_22951_00615	25,43,65,77,78,80,84,90,98,100,106,119,120,121,125,131,133,135,137,142,145,149,151,153,155,156,158,160,161,162,163,165
draft_22951_00616	65,79,82,84,98,100,105,111,121,125,137,142,145,151,153,155,156,158,161,162,163,165
draft_22951_00617	45,50,76,84,90,91,92,96,99,110,117,118,131,133,135,142,147,151,154,156,158,161,162,163,164,165
draft_22951_00618	49,65,75,85,93,98,105,121,122,125,137,145,148,149,156,158,160,161,162,163,165
draft_22951_00619	38,65,77,79,83,96,104,105,111,114,120,121,137,142,151,155,156,160,161,162,163,165
draft_22951_00620	54,75,79,80,85,86,90,91,92,95,97,98,100,104,105,110,111,117,118,120,121,122,127,128,129,131,132,136,137,138,142,143,145,147,148,150,151,153,154,155,156,158,159,161,162,163,164,165
draft_22951_00621	62,75,85,86,91,95,98,100,111,113,118,121,122,127,129,133,135,137,138,139,143,144,145,147,148,150,152,153,156,157,158,161,162,163,164,165
draft_22951_00622	65,80,92,98,105,110,117,121,125,133,135,137,142,145,151,154,156,158,160,161,162,163,164,165
draft_22951_00623	52,65,69,78,79,80,92,94,95,98,110,117,119,120,121,124,125,137,142,145,151,154,156,158,161,162,163,164,165
draft_22951_00624	84,90,91,92,110,117,118,129,147,151,154,156,158,161,163,164,165
draft_22951_00625	72,82,86,93,97,100,108,113,115,126,127,141,143,144,149,150,151,152,153,155,157,158,159,160,161,162,163,164,165
draft_22951_00626	82,84,100,108,151,153,155,158,160,161,162,163,165
draft_22951_00627	75,79,80,83,85,86,92,93,95,96,98,100,105,110,111,115,116,117,118,120,121,122,128,129,132,135,137,138,142,144,145,147,148,149,153,154,155,156,158,160,161,162,163,164,165
draft_22951_00628	82,84,100,151,153,155,158,160,161,162,163,165
draft_22951_00629	93,149,151,156,158,160,161,162,163,165
draft_22951_00630	54,79,84,92,110,117,131,133,135,141,142,144,149,150,151,154,156,158,160,161,162,163,164,165
draft_22951_00631	90,92,104,110,117,123,131,132,133,135,136,139,146,147,151,154,155,156,157,158,159,160,161,162,163,164,165
draft_22951_00632	37,77,82,85,86,90,91,93,95,100,104,106,109,110,111,115,116,117,122,131,132,133,135,138,139,142,147,148,151,153,154,155,156,157,158,159,160,161,162,163,164,165
draft_22951_00633	34,82,90,91,99,100,104,111,118,128,129,133,147,151,153,155,156,158,161,163,165
draft_22951_00634	52,62,65,69,75,80,83,94,96,100,111,114,120,121,122,124,130,137,142,148,151,153,155,156,158,160,161,162,165
draft_22951_00635	57,74,75,79,82,83,85,86,91,95,96,98,100,104,108,111,116,120,121,122,129,132,137,138,142,147,148,149,151,152,153,155,156,158,160,161,162,163,164,165
draft_22951_00636	25,62,75,77,78,80,85,86,90,91,92,93,97,98,100,106,110,111,116,117,118,119,120,121,122,123,126,127,128,129,132,133,136,137,138,142,143,145,146,147,148,150,151,153,154,155,156,157,158,159,160,161,163,164,165
draft_22951_00637	82,90,91,95,98,100,104,109,111,114,115,118,121,123,126,128,129,132,137,138,147,151,153,154,155,156,157,158,159,160,161,163,164,165
draft_22951_00638	37,38,43,52,54,62,69,75,77,79,80,83,85,86,90,93,94,95,96,97,98,100,104,105,106,110,111,112,115,116,117,118,120,121,122,124,127,129,131,133,135,137,138,142,143,145,147,148,150,151,153,154,156,158,160,161,162,163,164,165
draft_22951_00639	30,49,57,74,83,85,86,93,96,97,100,108,111,112,115,116,122,132,137,141,144,147,148,149,150,152,153,155,158,160,161,162,164,165
draft_22951_00640	25,38,53,65,77,80,84,91,98,106,111,120,121,125,131,133,135,137,142,145,151,155,156,158,161,162,163,165
draft_22951_00641	82,86,93,100,104,111,115,116,147,151,153,155,158,160,161,162,163,165
draft_22951_00642	34,85,86,99,100,122,138,148,153,155,158,161
draft_22951_00643	54,79,84,131,133,135,142,144,149,150,151,156,158,160,161,162,163,165
draft_22951_00644	37,38,43,62,77,78,79,82,83,90,96,100,104,106,110,111,117,118,119,120,121,125,131,133,135,137,138,142,145,147,151,153,154,156,158,161,162,163,164,165
draft_22951_00645	84,92,110,117,125,131,133,135,136,142,145,151,154,156,158,159,161,162,163,164,165
draft_22951_00646	57,62,72,75,79,84,85,86,91,93,95,97,98,100,109,111,113,118,120,121,122,126,127,129,132,133,135,137,138,142,143,144,145,146,147,148,149,150,151,152,153,156,157,158,159,160,161,162,163,164,165
draft_22951_00647	54,92,95,110,117,123,131,136,139,146,151,154,156,157,158,159,160,161,162,163,164,165
draft_22951_00648	43,47,52,69,73,77,78,79,81,84,88,90,91,94,96,106,111,118,119,124,131,133,142,147,151,156,158,161,165
draft_22951_00649	62,75,79,82,85,86,91,98,100,104,111,118,120,121,122,129,133,135,137,138,142,145,147,148,151,153,156,158,161,162,163,165
draft_22951_00650	66,74,91,93,98,104,108,111,112,115,116,121,123,126,132,137,141,149,151,154,155,156,157,158,159,160,161,163,164,165
draft_22951_00651	84,133,135,151,156,158,160,161,162,163,165
draft_22951_00652	82,86,93,100,108,115,149,151,153,155,158,160,161,162,163,165
draft_22951_00653	50,66,74,75,76,78,79,82,85,86,89,91,97,98,99,100,104,108,111,112,115,116,118,119,120,121,122,127,128,129,131,132,137,138,139,141,142,143,145,147,148,149,150,151,152,153,154,155,156,157,158,159,160,161,163,164,165
draft_22951_00654	28,62,66,74,75,77,79,80,83,85,86,91,92,95,96,97,98,100,104,108,110,111,112,115,117,118,120,121,122,127,128,129,132,133,137,138,141,142,143,145,147,148,149,150,151,153,154,156,158,160,161,163,164,165
draft_22951_00655	25,65,74,77,80,84,85,86,93,98,106,120,121,122,133,135,137,141,142,148,149,151,156,158,160,161,162,163,165
draft_22951_00656	37,62,65,75,77,79,80,82,83,85,86,91,96,98,100,104,106,110,111,113,117,118,120,121,122,127,129,131,133,137,138,142,143,144,145,147,148,150,151,153,154,156,158,161,162,163,164,165
draft_22951_00657	65,75,77,80,85,92,97,98,100,105,110,113,117,120,121,122,125,127,137,142,143,144,145,148,150,153,154,155,156,158,161,162,163,164,165
draft_22951_00658	74,82,86,100,108,115,138,141,149,151,153,155,158,160,161
draft_22951_00659	74,133,135,149,151,156,158,160,161,162,163,165
draft_22951_00660	66,74,91,98,104,105,111,112,113,115,121,127,131,135,137,139,141,143,144,145,149,151,152,156,157,158,160,161,162,163,164,165
draft_22951_00661	84,133,135,144,149,150,151,156,158,160,161,162,163,165
draft_22951_00662	52,62,65,69,75,80,83,92,94,95,96,97,110,113,117,120,121,122,123,124,127,131,133,135,136,137,139,142,143,144,146,148,150,151,154,156,157,158,159,160,161,162,163,164,165
draft_22951_00663	25,38,52,53,54,65,69,77,79,80,83,94,96,98,106,120,121,124,131,133,135,137,141,142,149,151,156,158,160,161,162,163,165
draft_22951_00664	37,43,54,77,79,84,106,110,117,125,131,133,135,142,144,145,150,151,154,156,158,161,162,163,164,165
draft_22951_00665	66,74,78,112,119,141,149,151,156,160,161
draft_22951_00666	54,82,90,91,92,95,100,104,110,117,118,123,128,129,131,132,136,139,146,147,151,153,154,155,156,157,158,159,161,163,164,165
draft_22951_00667	75,79,82,83,85,86,89,91,92,96,98,100,104,105,110,111,117,118,120,121,122,127,128,129,136,137,138,142,143,144,145,147,148,150,151,153,154,155,156,158,159,161,162,163,164,165
draft_22951_00668	28,43,47,53,62,64,73,75,77,80,81,82,85,86,88,90,91,98,100,106,111,118,120,121,122,128,129,131,133,137,138,142,145,147,148,151,153,156,158,161,163,165
draft_22951_00669	82,86,93,95,100,104,109,111,113,115,116,126,127,132,138,143,147,151,152,153,155,157,158,160,161,162,163,164,165
draft_22951_00670	82,84,90,91,100,118,128,129,147,151,153,155,158,161,163,165
draft_22951_00671	54,65,79,83,84,96,105,121,131,133,135,137,142,151,156,158,161,162,163,165
draft_22951_00672	57,82,83,84,95,96,100,105,132,137,151,152,153,155,158,161,162,163,164,165
draft_22951_00673	49,75,79,82,83,84,85,90,91,92,95,96,100,104,110,111,117,118,121,122,123,128,129,131,136,137,138,139,140,142,146,147,148,150,151,153,154,155,156,157,158,159,161,162,163,164,165
draft_22951_00674	65,79,98,111,114,120,121,137,142,155,156,160,161,162,163,165
draft_22951_00675	37,62,65,75,77,79,80,85,89,92,97,98,105,106,110,113,117,120,121,122,125,127,133,135,136,137,142,143,144,145,148,150,151,154,156,158,159,161,162,163,164,165
draft_22951_00676	75,85,86,95,98,100,108,109,111,114,118,121,122,123,126,128,129,132,137,138,147,148,149,153,155,157,158,159,160,161,163,164,165
draft_22951_00677	74,85,86,93,122,133,135,141,148,149,156,158,160,161,162,163,165
draft_22951_00678	25,52,62,65,69,70,75,77,78,79,80,84,85,86,94,98,100,106,114,116,119,120,121,122,124,130,131,133,135,137,138,142,145,148,149,151,153,155,156,158,160,161,162,163,165
draft_22951_00679	53,66,74,80,82,85,86,91,93,98,100,104,108,111,112,115,121,122,129,131,133,135,137,141,142,145,148,149,151,153,155,156,158,160,161,162,163,165
draft_22951_00680	52,54,57,69,72,78,79,80,82,83,92,94,95,96,97,100,104,110,111,117,119,120,124,131,132,136,137,140,142,146,151,152,153,154,155,156,158,159,161,162,164,165
draft_22951_00681	54,65,72,79,92,95,98,105,110,113,117,120,121,125,127,131,136,137,142,143,144,145,149,150,151,154,156,159,160,161,162,163,164,165
draft_22951_00682	82,84,89,93,95,100,104,109,111,113,126,127,132,138,143,147,151,152,153,155,157,158,159,160,161,162,163,164,165
draft_22951_00683	65,83,90,91,96,104,105,116,121,123,131,132,136,137,139,140,144,146,150,151,154,155,156,157,159,160,161,162,163,164,165
draft_22951_00684	43,47,54,73,77,79,81,82,84,88,90,100,106,114,131,133,135,142,144,150,151,153,155,156,158,160,161,162,163,165
draft_22951_00685	65,79,92,95,98,110,117,120,121,125,133,135,137,142,145,151,154,156,158,161,162,163,164,165
draft_22951_00686	72,75,79,82,85,86,91,93,95,98,100,104,109,111,113,118,120,121,122,126,127,128,129,132,137,138,142,143,144,145,147,148,150,151,152,153,155,157,158,159,160,161,162,163,164,165
draft_22951_00687	38,52,62,65,75,77,79,80,83,93,94,96,105,120,121,122,124,137,142,144,148,149,150,151,156,158,160,161,162,163,165
draft_22951_00688	62,65,98,105,120,121,123,125,137,139,142,145,154,156,157,159,161,162,163,164,165
draft_22951_00689	53,54,66,72,79,82,89,90,92,95,104,109,110,111,112,117,131,133,135,136,138,139,140,142,146,151,153,154,155,156,157,158,159,161,162,163,164,165
draft_22951_00690	53,79,85,86,91,92,95,97,100,104,110,111,113,114,116,117,122,127,131,132,133,135,138,139,141,142,143,144,148,149,150,151,152,153,154,155,156,157,158,159,160,161,162,163,164,165
draft_22951_00691	104,108,111,114,115,128,141,149,151,155,156,158,160,161
draft_22951_00692	85,86,100,108,111,114,115,118,122,128,129,138,141,147,148,149,153,155,158,160,161
draft_22951_00693	34,57,66,72,75,83,85,86,89,90,91,95,96,98,99,100,101,104,105,111,112,113,118,120,121,122,127,128,129,131,132,137,138,139,140,143,144,145,146,147,148,152,153,154,155,156,157,158,159,161,162,163,164,165
draft_22951_00694	34,57,66,72,75,83,85,86,91,96,98,99,100,101,105,111,112,113,120,121,122,127,128,129,131,137,138,139,143,144,145,146,147,148,152,153,155,156,157,158,159,161,162,163,164,165
draft_22951_00695	38,62,65,77,79,80,83,96,98,105,120,121,125,137,142,145,151,156,161,162,163,165
draft_22951_00696	28,37,38,53,65,75,77,80,82,85,86,89,90,91,92,97,98,100,105,106,108,110,111,113,114,115,116,117,120,121,122,125,127,128,129,131,135,136,137,138,142,143,144,145,148,149,150,151,153,154,155,156,158,159,160,161,162,163,164,165
draft_22951_00697	50,66,74,75,76,85,86,95,98,99,100,112,116,121,122,127,132,137,138,141,143,148,149,152,153,154,156,158,160,161,163,164,165
draft_22951_00698	93,133,135,144,149,150,151,156,158,160,161,162,163,165
draft_22951_00699	82,84,90,97,100,104,109,111,113,118,126,127,132,138,143,147,151,152,153,155,157,158,161,162,163,164,165
draft_22951_00700	36,38,47,52,54,65,69,75,77,78,79,80,81,83,84,88,91,94,96,98,101,105,118,119,120,121,122,124,131,133,135,137,142,144,147,148,150,151,156,161,162,163,165
draft_22951_00701	50,53,62,66,72,76,89,90,91,96,99,104,105,112,118,127,131,132,136,139,140,143,144,145,146,147,150,152,154,157,159,162,163,164,165
draft_22951_00702	52,62,65,69,75,80,83,94,96,100,108,111,114,120,121,122,124,130,137,142,144,148,149,150,151,153,155,156,158,160,161,162,165
draft_22951_00703	52,62,65,69,75,80,83,89,92,94,95,96,97,110,113,117,120,121,122,124,127,133,135,136,137,142,143,144,148,150,151,154,156,158,159,160,161,162,163,164,165
draft_22951_00704	82,83,90,91,92,96,104,105,109,110,117,118,121,127,131,132,135,137,139,143,144,147,150,151,153,154,155,156,157,158,159,161,162,163,164,165
draft_22951_00705	72,82,84,89,93,100,104,111,113,126,127,141,143,144,146,147,149,150,151,152,153,155,157,158,159,160,161,162,163,164,165
draft_22951_00706	62,66,74,78,83,92,96,104,110,111,112,115,117,119,121,127,132,137,139,143,149,150,156,157,158,160,161,162,163,164,165
draft_22951_00707	57,72,74,83,85,86,89,92,93,95,96,97,110,112,117,120,122,123,136,137,140,141,142,146,148,149,150,152,154,156,157,158,159,160,161,164,165
draft_22951_00708	54,79,82,86,90,91,92,95,100,104,110,111,114,115,116,117,118,128,129,131,132,133,135,136,138,142,147,149,151,153,154,155,156,158,159,160,161,162,163,164,165
draft_22951_00709	28,37,38,53,62,65,75,77,80,82,85,86,89,90,91,92,97,98,100,105,106,108,110,111,113,114,115,116,117,120,121,122,125,127,129,131,133,135,136,137,138,141,142,143,144,145,148,149,150,151,153,154,155,156,158,159,160,161,162,163,164,165
draft_22951_00710	82,84,90,91,100,104,111,118,128,129,131,138,142,147,151,153,155,158,161
draft_22951_00711	74,85,86,93,122,133,135,141,148,149,156,158,160,161,162,163,165
draft_22951_00712	75,80,82,85,86,90,91,92,97,98,100,104,110,111,115,116,117,118,120,121,122,128,129,137,138,142,145,147,148,151,153,154,156,158,160,161,163,164,165
draft_22951_00713	37,38,52,53,65,69,77,79,80,90,91,94,95,97,98,104,106,110,111,113,117,118,120,121,124,127,129,131,133,135,137,142,143,144,145,147,150,151,154,156,158,160,161,162,163,164,165
draft_22951_00714	28,43,47,53,64,73,75,77,80,81,82,85,86,88,90,98,100,106,120,121,122,131,137,138,142,145,148,151,153,155,156,158,161,162,163,165
draft_22951_00715	53,80,84,92,110,117,125,131,133,135,142,144,145,150,151,154,156,158,160,161,162,163,164,165
draft_22951_00716	65,75,79,80,85,86,91,92,95,97,98,100,108,110,111,117,118,120,121,122,129,136,137,138,142,145,147,148,151,153,154,156,158,159,160,161,162,163,164,165
draft_22951_00717	28,37,38,75,77,80,82,85,86,89,90,91,92,93,97,98,100,105,106,108,110,111,117,120,121,122,127,129,136,137,138,142,143,145,147,148,149,150,151,153,154,155,156,158,159,160,161,162,163,164,165
draft_22951_00718	84,133,135,149,151,156,158,160,161,162,163,165
draft_22951_00719	52,65,69,78,92,94,95,98,110,117,119,121,124,125,137,142,145,151,154,156,158,161,162,163,164,165
draft_22951_00720	65,79,80,84,92,95,97,98,105,110,117,120,121,125,137,142,145,151,154,156,158,161,162,163,164,165
draft_22951_00721	43,47,52,54,68,69,73,77,79,81,84,88,94,106,124,131,133,135,142,151,156,158,161,162,163,165
draft_22951_00722	52,65,70,75,77,80,92,94,95,97,98,100,105,110,111,113,117,120,121,122,124,125,127,130,137,142,143,144,145,148,150,153,154,155,156,158,161,162,163,164,165
draft_22951_00723	34,84,99,133,135,151,156,158,161,162,163,165
draft_22951_00724	84,90,91,92,104,108,110,111,114,115,116,117,118,129,132,147,151,154,155,156,158,160,161,164
draft_22951_00725	65,75,80,83,85,96,98,100,120,121,122,137,142,148,153,155,158,161,162,163,165
draft_22951_00726	54,66,72,74,82,90,95,97,100,104,105,109,112,113,116,126,127,128,129,131,132,138,139,140,141,143,144,145,146,149,150,151,152,153,155,156,157,158,159,160,161,162,163,164,165
draft_22951_00727	30,49,85,86,100,112,114,116,122,138,141,148,149,153,155,158,160,161,162,163,165
draft_22951_00728	38,65,77,79,83,96,105,120,121,137,142,149,151,156,160,161,162,163,165
draft_22951_00729	65,75,83,84,85,93,96,105,121,122,133,135,137,142,144,148,149,150,151,156,158,160,161,162,163,165
draft_22951_00730	62,75,80,83,85,92,96,100,110,111,117,118,120,121,122,123,127,132,133,135,136,137,138,139,140,142,143,146,147,148,150,153,154,156,157,158,159,161,162,163,164,165
draft_22951_00731	75,79,80,85,86,90,92,93,97,98,100,104,110,111,115,116,117,118,120,121,122,128,129,132,133,135,137,138,142,145,147,148,149,151,153,154,155,156,158,160,161,162,163,164,165
draft_22951_00732	65,79,84,98,105,121,125,133,135,137,142,145,151,156,158,161,162,163,165
draft_22951_00733	52,53,65,66,74,75,79,80,91,92,94,95,97,98,100,104,105,108,110,111,112,113,115,117,120,121,122,124,125,127,128,131,132,133,136,137,141,142,143,144,145,148,149,150,151,153,154,155,156,158,159,160,161,162,163,164,165
draft_22951_00734	92,110,117,133,135,136,149,151,152,154,156,158,159,160,161,162,163,164,165
draft_22951_00735	84,91,96,105,118,133,135,144,147,151,156,158,161,162,163,165
draft_22951_00736	75,85,86,90,91,97,98,100,111,118,121,122,123,128,129,137,138,139,145,147,148,153,154,155,157,158,159,161,162,163,164,165
draft_22951_00737	49,65,75,85,95,98,100,116,121,122,125,132,137,144,145,148,150,152,153,154,155,156,158,160,161,162,163,164,165
draft_22951_00738	30,49,74,85,86,93,95,100,109,111,112,115,116,122,123,126,132,138,141,147,148,149,153,154,155,157,158,159,160,161,162,163,164,165
draft_22951_00739	54,57,79,82,84,85,86,91,95,97,98,100,104,105,108,111,113,114,116,122,123,125,127,129,131,133,135,137,138,142,143,144,145,147,148,149,150,151,152,153,154,155,156,158,159,160,161,162,163,164,165
draft_22951_00740	38,52,65,69,77,78,79,80,94,98,105,119,120,121,124,125,130,133,135,137,142,145,151,156,158,161,162,163,165
draft_22951_00741	54,93,95,131,139,149,151,152,156,157,158,160,161,162,163,164,165
draft_22951_00742	37,74,77,85,86,93,106,110,117,122,133,135,142,148,149,151,154,156,158,160,161,162,163,164,165
draft_22951_00743	38,62,65,75,77,79,80,83,85,96,98,105,120,121,122,125,133,135,137,142,145,148,156,158,161,162,163,165
draft_22951_00744	52,65,75,79,80,82,92,94,95,97,98,100,104,105,108,110,111,113,117,120,121,122,124,125,127,129,132,136,137,138,142,143,144,145,148,150,151,153,154,155,156,158,159,160,161,162,163,164,165
draft_22951_00745	22,57,66,72,75,83,85,86,89,90,91,95,96,98,100,101,104,105,111,112,113,118,120,121,122,127,128,129,131,132,137,138,139,140,143,144,145,146,147,148,152,153,154,155,156,157,158,159,161,162,163,164,165
draft_22951_00746	54,84,90,91,95,104,109,111,123,126,128,129,131,132,136,139,140,146,147,151,153,154,155,156,157,158,159,161,162,163,164,165
draft_22951_00747	65,80,84,98,105,121,125,133,135,137,142,145,151,156,158,161,162,163,165
draft_22951_00748	37,38,65,75,77,79,80,85,89,92,93,95,97,98,105,106,110,113,117,120,121,122,127,136,137,142,143,144,145,148,151,154,156,158,159,160,161,162,163,164,165
draft_22951_00749	90,91,104,110,111,117,118,129,133,147,151,154,156,158,161,163,164,165
draft_22951_00750	82,100,114,133,135,149,151,153,155,156,158,160,161,162,163,165
draft_22951_00751	66,74,85,86,90,93,97,100,104,111,112,115,116,122,129,132,139,141,147,148,149,152,153,155,157,158,160,161,162,163,164,165
draft_22951_00752	82,86,90,100,104,111,114,115,116,118,128,129,138,147,149,151,153,155,158,160,161
draft_22951_00753	82,84,85,86,100,104,111,114,116,122,133,135,138,142,147,148,149,151,153,155,156,158,160,161,162,163,165
draft_22951_00754	53,54,57,72,80,82,84,89,90,91,93,95,97,98,104,105,109,111,120,123,126,127,131,132,133,137,139,140,142,143,145,146,150,151,152,153,155,156,157,158,159,160,161,163,164,165
draft_22951_00755	57,66,72,75,83,85,86,89,90,91,93,95,96,98,100,101,104,105,108,111,112,113,115,116,118,120,121,122,126,127,128,129,132,137,139,140,143,144,145,146,147,148,149,152,153,154,156,157,158,159,160,161,162,163,164,165
draft_22951_00756	19,65,66,91,95,96,98,104,105,112,121,125,127,132,137,139,143,144,145,152,156,157,161,162,163,164,165
draft_22951_00757	54,66,72,74,82,90,91,92,95,97,98,100,104,105,109,110,111,112,113,116,117,121,126,127,128,131,132,135,137,138,139,141,142,143,144,145,146,147,149,151,152,153,154,155,156,157,158,159,160,161,162,163,164,165
draft_22951_00758	62,66,75,79,80,84,85,86,90,91,92,95,98,100,110,111,112,117,118,120,121,122,128,129,133,136,137,138,142,145,147,148,151,153,154,156,158,159,161,163,164,165
draft_22951_00759	93,95,149,151,152,154,156,158,160,161,162,163,164,165
draft_22951_00760	84,85,86,95,100,108,109,111,114,116,122,123,126,129,132,133,135,138,142,147,148,149,151,153,154,155,156,157,158,159,160,161,162,163,164,165
draft_22951_00761	65,75,83,85,95,96,121,122,123,137,139,148,154,156,157,158,159,160,161,162,164,165
draft_22951_00762	72,89,92,93,97,110,113,117,126,127,133,135,140,141,143,144,146,149,150,151,152,154,156,157,158,159,160,161,162,163,164,165
draft_22951_00763	53,65,80,84,92,98,105,110,113,117,121,125,127,131,133,135,137,142,143,144,145,149,150,151,154,156,158,160,161,162,163,164,165
draft_22951_00764	65,79,98,105,120,121,125,137,142,145,156,160,161,162,163,165
draft_22951_00765	49,65,75,85,95,98,121,122,125,137,145,148,152,154,156,158,160,161,162,163,164,165
draft_22951_00766	84,90,91,96,105,118,133,135,144,147,151,156,158,161,162,163,165
draft_22951_00767	30,49,72,85,86,89,95,100,108,109,111,112,113,114,116,118,122,126,127,129,132,138,141,142,143,144,146,147,148,149,150,152,153,155,157,158,159,160,161,162,163,164,165
draft_22951_00768	37,38,43,52,53,54,65,69,77,79,80,82,89,91,92,94,95,97,98,100,104,106,109,110,111,113,114,115,117,118,120,121,123,124,126,127,128,129,131,132,133,135,136,137,138,140,142,143,144,146,147,150,151,153,154,155,156,157,158,159,160,161,162,163,164,165
draft_22951_00769	66,74,75,85,97,98,100,108,111,112,116,121,122,127,132,137,141,143,147,148,149,150,152,153,154,156,158,160,161,163,164,165
draft_22951_00770	26,28,45,50,66,74,75,76,77,80,82,85,86,90,91,97,98,99,100,104,105,111,112,115,120,121,122,127,129,132,137,138,142,143,145,148,149,151,152,153,154,155,156,158,160,161,162,163,164,165
draft_22951_00771	82,86,90,91,93,100,104,108,111,113,115,116,118,127,131,139,143,144,147,149,150,151,152,153,155,157,158,160,161,162,163,164,165
draft_22951_00772	53,65,89,92,97,98,105,110,113,117,121,125,127,131,137,139,143,145,151,152,154,156,157,159,161,162,163,164,165
draft_22951_00773	82,90,91,93,95,98,100,104,105,111,113,118,121,126,127,135,137,143,144,145,147,151,152,153,156,157,158,160,161,162,163,164,165
draft_22951_00774	38,52,65,69,70,77,79,80,83,90,91,94,96,111,120,121,124,130,137,142,151,155,156,161,162,163,165
draft_22951_00775	65,93,95,98,121,123,126,136,137,140,146,149,154,156,157,159,160,161,162,163,164,165
draft_22951_00776	49,65,75,80,84,85,98,100,121,122,125,133,135,137,142,145,148,151,153,155,156,158,161,162,163,165
draft_22951_00777	65,83,90,91,96,104,105,121,123,131,132,136,137,139,140,146,151,154,155,156,157,159,161,162,163,164,165
draft_22951_00778	65,82,83,91,96,105,109,121,131,137,139,151,153,155,156,157,161,162,163,164,165
draft_22951_00779	36,66,74,81,82,83,88,96,100,108,112,116,137,141,149,151,153,155,156,158,160,161,162,165
draft_22951_00780	53,66,74,80,91,92,98,104,108,110,111,112,115,117,121,131,133,137,141,142,144,145,149,150,151,154,156,158,160,161,162,163,164,165
draft_22951_00781	82,100,108,114,133,135,144,149,150,151,153,155,156,158,160,161,162,163,165
draft_22951_00782	16,19,22,57,75,82,83,85,89,93,95,96,97,98,101,105,109,111,116,120,121,122,123,126,127,132,137,139,140,143,145,146,148,152,153,154,155,156,157,158,159,160,161,162,163,164,165
draft_22951_00783	37,65,75,77,79,82,83,85,86,92,93,95,96,100,104,105,106,108,109,110,111,113,115,116,117,120,121,122,126,127,128,129,132,136,137,138,142,143,144,146,147,148,149,150,151,153,154,155,156,157,158,159,160,161,162,163,164,165
draft_22951_00784	37,43,52,53,65,69,74,77,78,79,80,85,86,89,90,92,93,94,95,97,98,104,106,110,111,113,117,119,120,121,122,124,125,127,130,131,132,133,135,136,137,142,143,144,145,146,148,149,150,151,154,155,156,158,159,160,161,162,163,164,165
draft_22951_00785	30,49,74,85,86,93,100,108,111,112,114,115,116,118,122,128,129,141,147,148,149,153,155,158,160,161
draft_22951_00786	65,83,90,91,95,96,97,104,105,108,111,118,121,127,132,136,137,143,144,147,149,150,151,152,154,156,159,160,161,162,163,164,165
draft_22951_00787	75,83,85,92,96,100,105,108,110,111,116,117,121,122,123,135,136,137,139,144,146,147,148,153,154,156,157,158,159,160,161,162,163,164,165
draft_22951_00788	52,65,68,69,80,84,94,98,105,121,124,125,131,133,135,137,142,145,151,156,158,161,162,163,165
draft_22951_00789	54,82,91,95,100,104,108,111,113,116,125,127,131,139,143,145,146,147,151,152,153,155,156,157,158,159,160,161,162,163,164,165
draft_22951_00790	37,62,65,75,77,79,80,83,84,85,86,91,93,96,98,100,105,106,110,111,113,117,118,120,121,122,127,129,133,135,137,138,142,143,144,145,147,148,149,150,151,153,154,156,158,160,161,162,163,164,165
draft_22951_00791	38,52,62,65,75,77,79,80,83,85,94,96,120,121,122,124,133,135,137,142,144,148,150,156,158,160,161,162,163,165
draft_22951_00792	37,65,75,77,80,85,89,92,93,97,98,105,106,110,113,117,120,121,122,123,125,127,136,137,139,140,142,143,144,145,146,148,149,150,154,156,157,158,159,160,161,162,163,164,165
draft_22951_00793	49,53,74,82,84,97,100,104,111,115,123,129,131,132,139,149,151,153,154,155,156,157,158,159,160,161,162,163,164,165
draft_22951_00794	83,90,92,96,104,105,110,111,117,121,127,132,135,137,143,144,151,154,156,158,161,162,163,164,165
draft_22951_00795	62,65,75,77,79,83,85,96,120,121,122,133,135,137,142,148,156,158,160,161,162,163,165
draft_22951_00796	52,68,69,84,89,92,93,94,95,97,110,113,117,124,126,127,131,142,143,144,149,150,151,152,154,156,157,158,159,160,161,162,163,164,165
draft_22951_00797	75,82,85,86,92,98,100,105,110,111,114,117,121,122,125,129,137,138,142,144,145,147,148,151,153,154,155,156,158,160,161,162,163,164,165
draft_22951_00798	45,54,66,74,76,79,82,91,97,98,99,100,104,105,111,112,115,121,127,128,129,131,132,133,137,138,142,143,144,145,147,149,151,152,153,154,155,156,158,160,161,162,163,164,165
draft_22951_00799	74,85,86,93,100,108,111,114,115,116,118,122,128,129,141,147,148,149,153,155,158,160,161
draft_22951_00800	57,82,83,90,91,95,96,100,104,108,111,118,128,129,132,133,137,147,151,152,153,155,156,158,160,161,162,164,165
draft_22951_00801	19,75,83,85,89,91,93,96,97,98,105,108,111,116,121,122,123,126,127,128,129,132,136,137,139,140,143,145,146,147,148,150,152,154,156,157,158,159,160,161,162,163,164,165
draft_22951_00802	75,80,82,83,84,85,86,90,96,100,104,105,111,118,121,122,128,129,135,137,138,142,144,147,148,151,153,155,156,158,161,162,163,165
draft_22951_00803	37,75,77,79,80,83,85,89,90,91,92,93,95,96,97,104,106,108,110,111,116,117,118,120,121,122,127,128,129,132,133,136,137,142,143,146,147,148,149,150,151,154,155,156,158,159,160,161,163,164,165
draft_22951_00804	45,62,74,76,79,82,85,86,91,93,97,99,100,104,111,115,116,122,127,128,129,132,133,138,142,143,145,147,148,149,151,152,153,154,155,156,158,160,161,162,163,164,165
draft_22951_00805	38,65,77,80,82,98,100,105,108,120,121,125,133,135,137,142,144,145,149,150,151,153,155,156,158,160,161,162,163,165
draft_22951_00806	53,66,74,80,82,91,95,98,100,104,108,111,112,115,118,121,123,126,127,128,129,131,132,133,137,141,142,143,145,147,149,151,152,153,154,155,156,157,158,159,160,161,163,164,165
draft_22951_00807	37,38,43,52,53,54,65,69,74,77,79,80,89,92,94,95,97,98,106,110,113,117,120,121,123,124,126,127,131,133,135,136,137,140,141,142,143,144,146,149,150,151,152,154,156,157,158,159,160,161,162,163,164,165
draft_22951_00808	36,38,75,77,78,80,81,83,85,86,88,93,96,98,99,100,108,111,115,116,118,119,120,121,122,137,138,142,147,148,150,153,156,158,160,161,162,163,165
draft_22951_00809	54,75,79,83,84,85,90,91,92,95,96,100,110,111,114,115,117,118,121,122,123,131,136,137,139,140,141,142,146,147,148,149,150,151,153,154,155,156,157,158,159,160,161,164,165
draft_22951_00810	65,80,82,90,91,96,98,100,105,111,118,120,121,125,128,133,135,137,142,144,145,147,151,153,155,156,158,161,162,163,165
draft_22951_00811	39,40,48,51,53,55,58,59,60,61,64,67,69,73,81,84,88,97,102,105,106,112,124,125,127,130,131,133,135,136,139,140,143,144,145,146,148,150,151,152,154,156,158,159,161,162,163,164,165
draft_22951_00812	54,66,82,90,91,95,98,100,101,104,105,111,112,113,118,121,127,128,129,131,132,137,139,143,144,145,147,151,152,153,156,157,158,159,161,162,163,164,165
draft_22951_00813	84,93,113,126,127,133,135,141,143,144,149,150,151,152,156,157,158,160,161,162,163,164,165
draft_22951_00814	38,62,65,75,77,83,85,89,92,96,97,98,110,111,117,120,121,122,125,127,132,133,135,136,137,142,143,145,146,147,148,150,151,154,156,158,159,161,162,163,164,165
draft_22951_00815	34,74,85,86,93,99,100,115,122,148,149,153,155,158,160,161,162,163,165
draft_22951_00816	53,54,66,72,74,79,80,82,91,92,95,98,100,104,108,110,111,112,115,117,121,131,133,136,137,141,142,149,151,153,154,155,156,158,159,160,161,163,164,165
draft_22951_00817	85,86,93,100,108,111,114,115,116,118,122,128,129,138,141,147,148,149,153,155,158,160,161
draft_22951_00818	38,65,77,82,98,100,121,125,133,135,137,142,145,151,153,155,156,158,161,162,163,165
draft_22951_00819	57,66,72,75,83,85,86,93,96,98,100,101,105,108,111,112,113,115,116,118,120,121,122,126,127,128,129,132,137,143,144,145,146,147,148,149,152,153,154,156,157,158,159,160,161,162,163,164,165
draft_22951_00820	53,54,66,75,79,80,83,85,89,92,95,96,97,100,101,105,110,112,114,117,120,121,122,127,131,135,136,137,142,143,144,146,148,149,150,151,153,154,155,156,158,159,160,161,162,163,164,165
draft_22951_00821	54,74,79,82,84,92,95,100,104,110,111,117,131,132,133,135,142,144,149,150,151,153,154,155,156,158,160,161,162,163,164,165
draft_22951_00822	28,37,38,53,62,65,75,77,80,82,85,86,89,90,91,92,96,97,98,100,105,106,110,111,113,117,118,120,121,122,125,127,128,129,131,133,135,136,137,138,142,143,144,145,147,148,150,151,153,154,155,156,158,159,161,162,163,164,165
draft_22951_00823	52,65,69,78,79,80,92,94,95,98,110,117,119,120,121,124,125,130,131,136,137,142,145,151,154,156,158,159,161,162,163,164,165
draft_22951_00824	54,84,91,95,113,114,115,127,131,133,135,139,143,144,147,150,151,152,155,156,157,158,160,161,162,163,164,165
draft_22951_00825	57,62,82,83,91,95,96,98,100,104,105,111,120,121,137,144,145,147,151,152,153,156,158,161,162,163,164,165
draft_22951_00826	52,62,65,75,79,85,86,92,93,94,95,98,100,105,110,111,113,115,116,117,118,120,121,122,124,125,127,129,133,135,136,137,138,142,143,144,145,147,148,149,150,153,154,156,158,159,160,161,162,163,164,165
draft_22951_00827	65,98,105,121,125,137,141,145,149,156,160,161,162,163,165
draft_22951_00828	65,75,83,85,93,96,97,121,122,136,137,141,144,148,149,150,152,154,156,158,159,160,161,162,164,165
draft_22951_00829	83,89,92,96,97,105,110,117,121,127,135,136,137,143,144,150,151,154,156,158,159,161,162,163,164,165
draft_22951_00830	54,65,79,82,84,92,95,98,100,104,105,110,111,117,121,125,131,132,136,137,142,145,151,153,154,155,156,158,159,161,162,163,164,165
draft_22951_00831	37,43,52,69,77,78,79,82,84,94,95,106,109,110,116,117,119,124,131,139,142,144,149,150,151,153,154,155,156,157,158,159,160,161,162,163,164,165
draft_22951_00832	59,64,81,82,84,88,90,100,104,111,118,138,147,151,153,155,158,161,162,163,165
draft_22951_00833	75,80,85,86,90,93,98,100,104,111,115,116,121,122,129,133,135,137,141,142,145,148,149,150,151,153,156,158,160,161,162,163,165
draft_22951_00834	65,79,98,105,120,121,125,137,142,145,149,156,160,161,162,163,165
draft_22951_00835	11,53,66,75,85,86,89,90,91,95,98,100,101,104,105,111,112,113,118,121,122,127,128,129,131,132,137,138,139,143,144,145,146,147,148,152,153,155,156,157,158,159,161,162,163,164,165
draft_22951_00836	45,50,62,72,75,76,80,83,84,85,92,93,95,96,97,99,110,117,121,122,127,136,137,142,143,148,149,150,151,152,154,156,158,159,160,161,162,163,164,165
draft_22951_00837	82,90,91,100,104,108,110,111,114,115,116,117,118,129,147,151,153,154,155,158,160,161,164
draft_22951_00838	25,38,53,65,72,77,80,84,89,90,93,98,106,113,120,121,125,126,127,131,133,135,137,141,142,143,144,145,146,149,150,151,152,155,156,157,158,159,160,161,162,163,164,165
draft_22951_00839	45,50,53,54,62,72,76,79,80,83,84,89,92,93,95,96,97,99,110,113,117,121,126,127,131,133,136,137,140,142,143,144,146,149,150,151,152,154,156,157,158,159,160,161,162,163,164,165
draft_22951_00840	54,79,84,90,91,92,98,104,105,108,110,111,117,121,127,131,132,133,135,137,142,143,144,145,147,151,154,156,158,160,161,162,163,164,165
draft_22951_00841	74,85,86,93,122,123,133,135,139,148,149,154,156,157,158,159,160,161,162,163,164,165
draft_22951_00842	25,38,53,62,65,77,79,80,84,98,105,106,120,121,125,131,133,135,137,142,144,145,150,151,156,158,161,162,163,165
draft_22951_00843	65,84,98,121,125,133,135,137,142,145,151,155,156,158,161,162,163,165
draft_22951_00844	54,65,79,82,92,95,98,100,104,110,111,117,120,121,125,131,136,137,138,142,145,147,151,153,154,155,156,158,159,161,162,163,164,165
draft_22951_00845	65,74,80,82,83,85,86,90,91,93,96,100,104,105,108,111,115,116,118,121,122,128,129,131,137,138,142,144,145,147,148,149,151,153,155,156,158,160,161,162,163,165
draft_22951_00846	37,38,43,53,65,77,80,89,92,97,98,106,110,113,117,120,121,125,127,131,133,135,136,137,142,143,144,145,149,150,151,154,156,158,159,160,161,162,163,164,165
draft_22951_00847	23,57,66,75,82,83,85,86,90,91,95,96,97,98,100,105,106,110,111,112,117,118,120,121,122,123,127,128,129,132,137,138,142,143,145,147,148,151,152,153,154,155,156,157,158,159,161,162,163,164,165
draft_22951_00848	90,91,92,104,110,111,117,118,123,131,132,133,135,136,139,146,147,151,154,155,156,157,158,159,161,162,163,164,165
draft_22951_00849	37,62,75,77,79,84,85,86,98,100,106,110,111,114,116,117,118,120,121,122,128,129,133,135,137,138,142,145,147,148,149,151,153,154,155,156,158,160,161,162,163,164,165
draft_22951_00850	65,98,105,121,125,137,145,154,156,161,162,163,164,165
draft_22951_00851	36,47,62,77,78,79,81,83,85,86,88,96,100,101,105,106,111,119,120,121,122,128,129,137,138,142,147,148,153,156,158,161,162,163,165
draft_22951_00852	75,79,83,85,86,92,93,95,96,98,100,105,108,110,111,115,116,117,118,120,121,122,128,129,132,135,137,138,142,144,145,147,148,149,150,153,154,155,156,158,160,161,162,163,164,165
draft_22951_00853	52,78,84,94,119,124,125,131,133,135,142,145,149,151,156,158,160,161,162,163,165
draft_22951_00854	37,77,78,80,97,98,106,109,110,114,117,119,120,121,123,126,127,136,137,141,142,143,146,149,150,151,153,154,155,156,157,158,159,160,161,163,164,165
draft_22951_00855	11,57,66,72,75,83,85,86,89,90,91,95,96,98,100,101,104,105,111,112,113,118,120,121,122,127,128,129,131,132,137,138,139,140,143,144,145,146,147,148,152,153,155,156,157,158,159,161,162,163,164,165
draft_22951_00856	54,65,72,74,82,83,90,95,96,97,100,104,105,109,113,116,121,126,127,131,132,137,138,139,142,143,149,151,152,153,155,156,157,158,159,160,161,162,163,164,165
draft_22951_00857	38,65,77,80,85,92,95,97,98,105,110,113,114,116,117,120,121,122,125,127,137,139,142,143,144,145,148,149,150,152,154,155,156,157,159,160,161,162,163,164,165
draft_22951_00858	49,52,65,69,75,78,79,80,85,92,94,95,98,100,104,110,111,117,119,121,122,124,125,132,137,142,145,148,151,153,154,155,156,158,160,161,162,163,164,165
draft_22951_00859	34,66,82,90,91,98,99,100,104,111,112,118,121,128,129,137,147,151,153,155,156,158,161,163,165
draft_22951_00860	38,47,52,53,59,62,64,65,68,69,73,77,79,80,81,83,88,90,91,94,96,106,118,120,121,124,129,131,137,142,147,151,156,161,162,163,165
draft_22951_00861	52,62,65,69,70,75,77,79,80,83,92,94,95,96,97,98,105,110,113,117,120,121,122,124,125,127,130,133,135,137,142,143,144,145,148,150,151,154,156,158,161,162,163,164,165
draft_22951_00862	54,79,82,86,91,92,95,100,104,110,111,114,116,117,131,132,133,135,138,141,142,144,149,150,151,153,154,155,156,158,160,161,162,163,164,165
draft_22951_00863	57,66,72,75,83,85,86,90,91,93,96,98,100,101,104,105,108,109,111,112,114,115,116,118,120,121,122,126,127,128,129,132,137,138,139,143,145,146,147,148,149,152,153,155,156,157,158,159,160,161,163,164,165
draft_22951_00864	37,43,53,66,74,77,80,90,91,98,104,106,108,110,111,112,115,117,118,121,129,131,133,137,141,142,145,147,149,151,154,156,158,160,161,163,164,165
draft_22951_00865	34,50,66,76,84,90,91,98,99,104,108,111,112,115,121,128,129,131,137,142,149,151,155,156,158,160,161,163,165
draft_22951_00866	53,66,84,91,97,104,112,114,116,131,132,133,135,139,144,149,150,151,152,155,156,157,158,160,161,162,163,164,165
draft_22951_00867	38,57,62,65,71,77,79,80,83,92,94,95,96,97,98,102,110,117,120,121,124,125,137,142,145,156,161,162,163,164,165
draft_22951_00868	54,72,75,85,86,91,93,98,100,105,111,113,115,116,121,122,125,127,128,129,131,137,139,143,144,145,147,148,150,152,153,156,157,158,159,160,161,162,163,164,165
draft_22951_00869	50,57,75,76,83,85,86,93,96,98,99,100,111,115,116,120,121,122,129,137,138,147,148,152,153,158,160,161,162,163,164,165
draft_22951_00870	38,54,65,77,79,80,83,96,98,105,120,121,125,131,133,135,137,142,145,151,156,158,161,162,163,165
draft_22951_00871	38,43,47,65,73,77,80,81,84,88,98,106,121,131,133,135,137,142,151,156,158,160,161,162,163,165
draft_22951_00872	57,75,79,82,85,86,91,98,100,104,105,111,113,118,120,121,122,123,125,127,129,137,138,142,143,145,147,148,151,152,153,154,155,158,159,160,161,162,163,164,165
draft_22951_00873	37,62,65,75,77,79,80,83,85,86,89,91,92,95,96,97,98,100,105,106,108,110,111,113,114,117,118,120,121,122,127,128,129,132,133,136,137,138,142,143,144,145,146,147,148,150,151,153,154,155,156,158,159,160,161,162,163,164,165
draft_22951_00874	66,74,84,104,111,112,115,149,151,155,156,158,160,161,162,163,165
draft_22951_00875	47,65,73,74,77,79,80,81,85,86,88,93,98,105,106,120,121,122,125,133,135,137,141,142,144,145,148,149,150,151,156,158,160,161,162,163,165
draft_22951_00876	37,43,65,77,79,98,106,110,117,121,125,131,133,135,137,141,142,144,145,149,150,151,154,156,158,160,161,162,163,164,165
draft_22951_00877	62,74,80,84,85,86,90,93,100,105,115,122,125,133,135,142,144,145,148,149,150,151,153,155,156,158,160,161,162,163,165
draft_22951_00878	36,47,62,65,77,81,83,84,88,96,106,120,121,133,135,137,141,142,144,149,150,151,156,158,160,161,162,163,165
draft_22951_00879	65,92,98,105,110,113,117,121,125,127,137,143,145,151,154,156,161,162,163,164,165
draft_22951_00880	72,85,86,93,95,100,108,109,111,113,114,116,122,126,127,129,132,138,141,143,144,147,148,149,150,152,153,155,157,158,159,160,161,162,163,164,165
draft_22951_00881	34,65,85,86,90,91,95,98,99,100,105,111,120,121,122,125,129,137,138,139,142,145,147,148,152,153,156,157,158,161,162,163,164,165
draft_22951_00882	75,85,86,93,97,98,100,111,115,116,118,121,122,123,126,127,128,129,132,137,138,143,145,147,148,152,153,154,155,157,158,159,160,161,162,163,164,165
draft_22951_00883	65,98,105,121,125,137,145,154,156,161,162,163,164,165
draft_22951_00884	92,93,110,113,117,126,127,133,135,141,143,144,149,150,151,152,154,156,157,158,159,160,161,162,163,164,165
draft_22951_00885	37,43,74,77,80,82,85,86,90,91,93,100,104,105,106,108,110,111,115,116,117,118,122,125,131,133,135,138,142,145,147,148,149,151,153,154,155,156,158,160,161,162,163,164,165
draft_22951_00886	47,73,75,77,81,85,86,88,90,91,93,98,100,106,108,111,118,121,122,129,137,138,142,147,148,151,153,156,158,160,161,163,165
draft_22951_00887	82,90,91,100,104,109,111,118,128,129,131,133,138,139,144,145,147,150,151,153,155,156,157,158,161,162,163,164,165
draft_22951_00888	37,65,75,77,79,80,85,86,89,92,93,95,97,98,100,106,108,110,111,113,117,118,120,121,122,127,128,129,132,136,137,138,140,142,143,144,145,146,147,148,149,150,153,154,155,156,158,159,160,161,162,163,164,165
draft_22951_00889	26,50,66,76,84,90,91,96,99,104,105,108,111,112,115,116,118,127,128,129,131,132,133,139,143,145,147,149,150,151,152,156,157,158,160,161,163,164,165
draft_22951_00890	75,79,80,85,86,92,93,97,98,100,110,111,115,116,117,118,120,121,122,125,129,133,135,136,137,138,142,144,145,147,148,149,150,151,153,154,156,158,159,160,161,162,163,164,165
draft_22951_00891	47,52,59,64,65,77,79,80,81,88,93,94,98,106,120,121,124,137,141,142,144,149,150,156,160,161,162,163,165
draft_22951_00892	37,72,75,77,79,82,83,85,89,90,91,92,93,95,96,97,100,104,106,109,110,111,113,117,120,121,122,126,127,128,129,132,136,137,138,140,142,143,144,146,147,148,150,151,152,153,154,155,156,157,158,159,160,161,162,163,164,165
draft_22951_00893	65,83,84,90,91,96,104,105,111,118,121,129,131,133,135,137,142,144,145,147,151,156,158,161,162,163,165
draft_22951_00894	82,93,97,100,104,108,111,115,116,123,126,128,129,132,147,149,151,153,154,155,156,157,158,159,160,161,162,163,164,165
draft_22951_00895	28,66,72,74,75,77,82,83,85,86,89,90,91,92,93,95,96,97,100,105,108,110,111,112,113,116,117,118,121,122,127,128,129,131,133,136,137,138,139,140,141,142,143,144,145,146,147,148,149,150,151,152,153,154,155,156,157,158,159,160,161,162,163,164,165
draft_22951_00896	36,47,77,78,81,88,90,91,98,100,106,111,118,119,120,121,133,135,137,138,142,145,147,151,153,156,158,160,161,162,163,165
draft_22951_00897	47,65,73,77,81,85,86,88,90,98,100,106,114,116,121,122,125,133,135,137,138,142,145,148,151,153,155,156,158,160,161,162,163,165
draft_22951_00898	19,75,82,83,85,89,93,96,97,98,105,108,109,111,116,121,122,123,126,127,128,129,132,137,139,143,145,146,147,148,152,153,154,155,156,157,158,159,160,161,162,163,164,165
draft_22951_00899	52,62,65,75,78,79,80,83,92,93,94,95,96,97,98,110,113,117,119,120,121,122,124,125,127,133,135,137,142,143,144,145,148,149,150,154,156,158,160,161,162,163,164,165
draft_22951_00900	36,74,81,82,83,86,88,91,96,100,108,115,116,129,131,137,138,141,142,144,149,150,151,153,155,158,160,161,162,165
draft_22951_00901	37,38,65,75,77,79,80,83,85,89,92,93,95,96,97,98,100,105,106,108,110,113,116,117,120,121,122,123,126,127,132,136,137,140,141,142,143,144,146,148,149,150,153,154,155,156,157,158,159,160,161,162,163,164,165
draft_22951_00902	52,53,65,68,69,78,80,83,90,91,92,94,95,96,97,104,105,108,110,111,113,116,117,119,120,121,124,127,130,131,132,136,137,142,143,144,147,149,150,151,154,155,156,158,159,160,161,162,163,164,165
draft_22951_00903	54,82,90,95,100,104,111,113,115,116,125,127,128,129,131,132,139,143,145,146,147,151,152,153,155,156,157,158,159,160,161,162,163,164,165
draft_22951_00904	62,65,98,121,125,137,144,145,149,150,156,160,161,162,163,165
draft_22951_00905	38,47,53,59,62,64,65,73,75,77,80,81,84,85,88,91,92,96,97,98,106,110,111,113,117,118,120,121,122,127,131,133,135,137,142,143,144,147,148,150,151,154,156,158,161,162,163,164,165
draft_22951_00906	52,62,75,78,80,83,89,92,94,95,96,97,110,117,119,120,121,122,124,127,133,135,136,137,142,143,148,149,150,154,156,158,159,160,161,162,163,164,165
draft_22951_00907	54,72,82,90,91,100,104,108,111,113,115,116,118,125,127,128,129,131,139,143,144,145,146,147,150,151,152,153,155,156,157,158,159,160,161,162,163,164,165
draft_22951_00908	65,79,98,105,120,121,125,137,142,145,156,161,162,163,165
draft_22951_00909	65,83,90,91,96,97,104,105,108,111,118,121,127,132,137,143,144,147,149,150,151,152,154,156,160,161,162,163,164,165
draft_22951_00910	65,93,95,97,98,105,113,121,125,126,127,137,141,143,145,149,152,156,157,159,160,161,162,163,164,165
draft_22951_00911	47,64,66,73,77,78,80,81,88,90,91,96,98,104,105,106,111,112,118,119,120,121,128,129,137,142,147,151,156,158,161,163,165
draft_22951_00912	65,79,85,86,98,100,111,120,121,122,125,129,137,138,142,145,147,148,153,155,156,158,161,162,163,165
draft_22951_00913	52,65,69,78,92,94,95,98,110,117,119,121,124,125,137,142,145,151,154,156,158,161,162,163,164,165
draft_22951_00914	72,84,91,95,109,113,125,126,127,131,132,133,135,138,142,143,144,145,147,150,151,152,153,155,156,157,158,159,161,162,163,164,165
draft_22951_00915	57,82,83,92,95,96,100,110,117,131,132,133,135,136,137,142,146,151,152,153,154,155,156,158,159,160,161,162,163,164,165
draft_22951_00916	37,53,57,62,65,72,75,77,80,82,83,85,89,90,91,92,96,97,98,104,106,109,110,111,113,117,120,121,122,127,128,129,131,132,133,136,137,139,140,142,143,144,146,148,150,151,152,153,154,155,156,157,158,159,160,161,162,163,164,165
draft_22951_00917	65,66,74,85,86,93,95,98,100,108,109,111,112,115,116,121,122,125,126,132,137,138,141,142,145,147,148,149,152,153,155,156,157,158,160,161,162,163,164,165
draft_22951_00918	74,85,86,92,93,110,117,122,148,149,154,156,158,160,161,162,163,164,165
draft_22951_00919	54,66,74,91,95,98,104,105,111,112,113,115,121,127,131,135,137,139,141,143,144,145,149,151,152,156,157,158,160,161,162,163,164,165
draft_22951_00920	38,65,77,80,84,98,105,120,121,125,133,135,137,141,142,145,149,151,156,158,160,161,162,163,165
draft_22951_00921	75,79,85,86,90,91,92,95,96,98,100,104,105,110,111,117,118,121,122,128,129,132,133,137,138,142,144,145,147,148,151,153,154,155,156,158,161,162,163,164,165
draft_22951_00922	66,74,93,104,111,112,115,116,141,149,151,155,156,158,160,161,162,163,165
draft_22951_00923	37,65,75,77,79,83,85,93,96,105,106,110,113,117,120,121,122,127,136,137,141,142,143,144,148,149,150,152,154,156,158,159,160,161,162,163,164,165
draft_22951_00924	19,28,29,69,75,85,86,90,91,92,95,100,102,104,110,111,112,117,118,121,122,124,127,128,129,130,132,136,137,138,139,143,146,147,148,150,153,154,155,156,158,159,161,162,163,164,165
draft_22951_00925	34,66,74,91,98,99,104,105,108,111,112,115,121,128,137,144,145,149,151,155,156,158,160,161,162,163,165
draft_22951_00926	74,84,133,135,149,151,156,158,160,161,162,163,165
draft_22951_00927	43,47,53,66,73,74,77,80,81,88,91,98,104,106,108,111,112,115,121,131,133,135,137,141,142,145,149,151,156,158,160,161,162,163,165
draft_22951_00928	38,62,65,77,79,83,96,105,120,121,125,137,142,145,151,156,161,162,163,165
draft_22951_00929	23,53,54,90,95,97,104,106,109,110,111,117,123,126,131,132,136,139,140,146,151,153,154,155,156,157,158,159,161,162,163,164,165
draft_22951_00930	43,47,54,59,64,65,73,74,77,79,81,83,88,90,91,96,104,106,111,115,116,120,121,131,137,141,142,144,149,150,151,155,156,160,161,162,165
draft_22951_00931	66,74,75,80,83,85,89,92,93,96,98,100,105,108,110,111,112,115,116,117,118,120,121,122,127,128,132,133,136,137,141,142,143,144,145,146,147,148,149,150,153,154,155,156,158,159,160,161,162,163,164,165
draft_22951_00932	54,79,84,92,95,105,110,117,125,131,133,135,142,145,151,154,156,158,160,161,162,163,164,165
draft_22951_00933	38,65,66,74,77,80,98,105,112,120,121,125,133,135,137,141,142,145,149,151,156,158,160,161,162,163,165
draft_22951_00934	25,43,47,52,59,62,64,65,69,73,75,77,79,80,81,83,88,92,94,96,97,106,110,117,120,121,122,124,131,133,135,137,142,144,148,150,151,154,156,158,160,161,162,163,164,165
draft_22951_00935	57,65,92,97,98,105,110,113,117,120,121,123,125,127,137,143,145,154,156,159,160,161,162,163,164,165
draft_22951_00936	84,91,93,108,116,123,126,132,133,135,144,147,149,150,151,154,155,156,157,158,159,160,161,162,163,164,165
draft_22951_00937	84,91,95,104,109,111,114,123,126,128,151,153,154,155,156,157,158,159,160,161,162,163,164,165
draft_22951_00938	17,85,86,100,111,114,115,116,118,122,128,129,138,147,148,149,153,155,158,160,161
draft_22951_00939	84,114,115,133,135,147,151,155,156,158,160,161,162,163,165
draft_22951_00940	57,72,83,84,92,95,96,105,110,117,137,151,152,154,156,158,159,161,162,163,164,165
draft_22951_00941	53,65,75,77,79,80,84,85,92,95,97,98,100,104,105,110,111,113,117,120,121,122,125,127,131,132,133,135,136,137,142,143,144,145,146,148,150,151,153,154,155,156,158,159,161,162,163,164,165
draft_22951_00942	52,62,69,75,80,83,90,92,94,95,96,97,100,104,110,111,117,120,121,122,124,127,132,133,135,137,142,143,147,148,151,153,154,156,158,161,162,163,164,165
draft_22951_00943	43,47,54,59,62,64,65,73,77,79,81,83,88,96,106,120,121,131,137,142,144,150,151,156,160,161,162,163,165
draft_22951_00944	52,65,69,80,83,94,96,105,120,121,124,137,142,151,156,161,162,163,165
draft_22951_00945	66,84,112,125,131,133,135,139,142,145,151,152,156,157,158,161,162,163,164,165
draft_22951_00946	36,62,65,81,83,88,96,98,120,121,137,161,162,163,165
draft_22951_00947	37,43,65,77,82,83,84,90,91,96,100,104,105,106,108,110,111,116,117,121,131,137,142,144,147,150,151,153,154,155,156,158,160,161,162,163,164,165
draft_22951_00948	33,36,38,54,57,58,62,65,66,67,72,74,75,77,79,80,82,83,85,86,88,90,92,94,95,96,97,98,100,104,109,110,111,112,113,116,117,118,120,121,122,124,126,127,129,130,131,132,133,135,137,138,139,141,142,143,144,146,147,148,149,150,151,152,153,155,156,157,158,159,160,161,162,163,164,165
draft_22951_00949	38,52,62,65,69,70,75,77,79,80,83,85,93,94,96,120,121,122,124,130,137,142,144,148,149,150,151,156,158,160,161,162,165
draft_22951_00950	49,52,65,69,75,78,79,80,85,92,94,95,98,100,104,110,111,117,119,121,122,124,125,132,137,142,145,148,151,153,154,155,156,158,160,161,162,163,164,165
draft_22951_00951	93,97,104,111,113,114,116,126,127,141,143,144,149,150,151,152,155,156,157,158,160,161,162,163,164,165
draft_22951_00952	65,80,84,98,105,121,125,131,133,135,137,142,145,151,156,158,161,162,163,165
draft_22951_00953	66,82,89,90,92,97,98,100,108,110,112,114,115,116,117,121,127,128,136,137,141,143,149,150,151,152,153,154,155,156,158,159,160,161,163,164,165
draft_22951_00954	37,53,62,65,75,77,79,80,83,85,89,91,92,95,96,97,98,104,106,110,111,117,118,120,121,122,127,129,131,132,133,135,136,137,142,143,145,146,147,148,150,151,154,155,156,158,159,161,162,163,164,165
draft_22951_00955	34,65,85,86,90,91,93,95,98,99,100,105,111,113,120,121,122,125,126,127,129,137,138,139,142,143,145,147,148,152,153,156,157,158,159,160,161,162,163,164,165
draft_22951_00956	37,75,77,84,85,86,90,91,98,100,106,110,111,117,118,120,121,122,128,129,131,136,137,138,142,145,147,148,151,153,154,155,156,158,159,161,163,164,165
draft_22951_00957	65,75,85,89,92,93,97,98,105,110,113,117,121,122,125,127,137,139,143,144,145,148,150,152,154,156,157,158,159,160,161,162,163,164,165
draft_22951_00958	37,52,62,65,75,77,79,80,83,85,89,93,94,95,96,97,98,100,105,106,110,111,113,117,118,120,121,122,124,126,127,129,133,135,136,137,138,142,143,144,145,146,147,148,150,152,153,154,156,157,158,159,160,161,162,163,164,165
draft_22951_00959	45,52,53,54,57,65,69,72,76,79,80,82,83,90,91,92,94,95,96,97,98,99,100,105,110,111,113,117,120,121,124,125,127,131,136,137,140,142,143,145,146,151,152,153,154,155,156,158,159,161,162,163,164,165
draft_22951_00960	19,38,57,72,77,78,90,91,97,98,100,104,105,109,111,113,118,119,120,121,128,129,132,133,135,137,138,142,144,145,147,151,152,153,156,157,158,159,161,162,163,164,165
draft_22951_00961	49,62,65,75,85,93,98,121,122,125,137,141,144,145,148,149,150,156,158,160,161,162,163,165
draft_22951_00962	84,133,135,141,144,149,150,151,156,158,160,161,162,163,165
draft_22951_00963	25,65,74,77,80,85,86,93,98,106,120,121,122,133,135,137,141,142,148,149,156,158,160,161,162,163,165
draft_22951_00964	37,43,54,62,66,77,79,83,89,92,95,96,97,106,110,112,113,117,120,121,125,127,131,136,137,139,142,143,145,146,150,151,152,154,156,157,158,159,161,162,163,164,165
draft_22951_00965	45,57,76,78,83,92,95,96,97,99,110,117,119,120,121,123,127,137,143,150,154,156,157,158,159,160,161,162,163,164,165
draft_22951_00966	30,49,75,79,85,86,98,100,111,112,114,115,116,118,120,121,122,128,129,137,138,141,142,147,148,149,153,155,158,160,161,163,165
draft_22951_00967	37,43,53,54,65,77,79,80,89,91,92,95,97,98,106,109,110,113,114,117,120,121,125,126,127,131,133,135,136,137,140,142,143,144,145,146,150,151,152,153,154,155,156,157,158,159,160,161,162,163,164,165
draft_22951_00968	54,79,82,91,92,95,100,104,108,110,111,114,115,116,117,131,133,135,141,142,144,147,149,150,151,153,154,155,156,158,160,161,162,163,164,165
draft_22951_00969	65,80,82,92,98,100,105,110,117,121,125,137,142,145,151,153,154,155,156,158,161,162,163,164,165
draft_22951_00970	36,65,81,83,88,96,98,99,120,121,137,156,161,162,163,165
draft_22951_00971	66,75,85,86,93,98,100,101,105,108,111,112,113,115,116,118,121,122,127,128,129,137,139,143,144,145,147,148,152,153,156,157,158,160,161,162,163,164,165
draft_22951_00972	36,62,66,81,82,83,88,90,91,96,100,104,108,111,112,114,118,128,129,133,137,147,151,153,155,156,158,160,161,162,163,165
draft_22951_00973	79,85,86,91,92,95,100,104,110,111,114,116,117,122,132,133,135,138,141,142,144,148,149,150,151,153,154,155,156,158,160,161,162,163,164,165
draft_22951_00974	53,54,82,95,97,100,104,123,131,132,133,135,136,139,140,144,146,150,151,153,154,155,156,157,158,159,161,162,163,164,165
draft_22951_00975	65,82,83,84,90,91,96,100,104,105,108,111,116,121,131,137,141,142,144,147,149,150,151,153,155,156,158,160,161,162,163,165
draft_22951_00976	82,84,95,100,104,105,109,111,113,125,126,127,132,138,143,145,147,151,152,153,155,157,158,161,162,163,164,165
draft_22951_00977	62,75,83,85,86,89,92,96,98,99,100,110,111,117,118,120,121,122,127,129,133,135,136,137,138,142,143,145,147,148,150,153,154,156,158,159,161,162,163,164,165
draft_22951_00978	19,30,49,74,75,82,83,85,89,93,96,97,98,105,108,109,111,112,116,121,122,123,126,127,128,129,132,137,139,141,143,145,146,147,148,149,152,153,154,155,156,157,158,159,160,161,162,163,164,165
draft_22951_00979	25,43,65,77,78,80,84,98,105,106,119,120,121,125,131,133,135,137,142,145,149,151,156,158,160,161,162,163,165
draft_22951_00980	38,65,77,79,83,96,104,105,111,120,121,125,137,142,145,151,155,156,161,162,163,165
draft_22951_00981	19,36,38,47,53,77,78,79,80,81,83,84,88,96,105,119,120,121,131,133,135,137,142,144,151,156,158,160,161,162,163,165
draft_22951_00982	65,83,96,97,105,121,137,151,152,154,156,160,161,162,163,164,165
draft_22951_00983	57,65,83,93,96,97,98,105,113,115,116,120,121,125,126,127,132,137,141,143,144,145,149,152,156,157,159,160,161,162,163,164,165
draft_22951_00984	43,47,73,77,81,84,88,92,106,110,117,125,131,133,135,142,145,151,154,156,158,161,162,163,164,165
draft_22951_00985	38,52,66,74,77,78,79,84,94,97,112,119,124,141,142,149,151,152,154,156,158,160,161,162,163,164,165
draft_22951_00986	28,57,72,83,84,90,91,96,97,105,109,113,114,115,120,123,133,135,137,144,147,150,151,152,153,155,156,157,158,159,160,161,162,163,164,165
draft_22951_00987	36,47,77,78,81,83,88,90,91,96,100,105,106,111,119,120,121,125,133,135,137,138,142,145,147,151,153,156,158,161,162,163,165
draft_22951_00988	43,47,77,78,81,84,86,88,90,91,106,114,115,116,118,119,128,129,131,138,142,147,151,153,155,156,158,160,161
draft_22951_00989	38,57,62,75,77,78,80,83,84,85,86,95,96,98,100,105,109,111,118,119,120,121,122,125,129,132,133,135,137,138,142,144,145,147,148,151,153,156,157,158,161,162,163,164,165
draft_22951_00990	36,54,79,81,82,83,88,91,92,93,95,96,97,100,104,108,110,111,114,115,116,117,123,126,131,133,135,136,137,141,142,144,146,147,149,150,151,153,154,155,156,157,158,159,160,161,162,164,165
draft_22951_00991	54,72,74,82,86,90,93,95,97,100,104,109,113,115,116,126,127,131,132,138,139,141,143,146,147,149,151,152,153,155,156,157,158,159,160,161,162,163,164,165
draft_22951_00992	74,84,90,91,104,108,111,115,116,118,141,147,149,151,155,156,158,160,161
draft_22951_00993	79,85,86,91,92,95,100,104,110,111,114,116,117,122,132,133,135,138,141,142,144,148,149,150,151,153,154,155,156,158,160,161,162,163,164,165
draft_22951_00994	62,65,79,98,120,121,125,137,142,145,156,161,162,163,165
draft_22951_00995	75,83,85,86,89,92,96,97,100,110,111,113,117,118,121,122,127,137,138,139,143,144,147,148,150,152,153,154,156,157,158,159,161,162,163,164,165
draft_22951_00996	62,65,80,84,98,105,121,125,131,133,135,137,142,145,151,156,158,161,162,163,165
draft_22951_00997	57,89,98,105,113,125,127,137,143,145,152,154,159,162,163,164,165
draft_22951_00998	47,59,64,65,73,75,77,79,81,83,85,88,93,96,105,106,120,121,122,137,142,144,148,150,151,156,158,160,161,162,163,165
draft_22951_00999	54,82,90,91,95,100,104,108,109,111,114,115,116,118,128,129,131,132,138,139,147,149,151,153,155,156,157,158,160,161,164
draft_22951_01000	30,49,75,79,85,86,93,95,98,100,109,111,112,115,116,118,120,121,122,125,126,128,129,132,137,138,142,145,147,148,149,153,155,157,158,159,160,161,162,163,164,165
draft_22951_01001	37,43,77,82,84,90,97,100,106,109,110,113,114,117,126,127,128,131,138,142,143,144,150,151,152,153,154,155,156,157,158,159,160,161,162,163,164,165
draft_22951_01002	28,43,54,82,91,95,100,104,109,110,111,113,115,116,117,125,127,129,131,132,133,135,138,139,140,142,143,144,145,146,150,151,152,153,154,155,156,157,158,159,160,161,162,163,164,165
draft_22951_01003	75,79,82,85,86,89,91,92,95,98,100,110,111,117,120,121,122,127,128,129,132,136,137,138,142,143,145,147,148,150,151,153,154,155,156,158,159,161,162,163,164,165
draft_22951_01004	38,47,52,53,59,62,64,65,68,69,73,77,79,80,81,83,88,94,96,106,120,121,124,131,137,142,151,156,160,161,162,163,165
draft_22951_01005	28,37,38,53,65,75,77,80,82,85,86,89,90,92,97,98,100,105,106,110,113,116,117,120,121,122,125,127,128,131,135,136,137,138,142,143,144,145,148,150,151,153,154,155,156,158,159,160,161,162,163,164,165
draft_22951_01006	38,52,62,65,69,70,75,77,79,80,83,94,96,120,121,122,124,130,133,135,137,142,148,151,156,158,161,162,163,165
draft_22951_01007	53,80,82,84,92,97,100,104,110,111,114,115,117,131,133,135,142,144,147,150,151,153,154,155,156,158,160,161,162,163,164,165
draft_22951_01008	90,92,104,110,111,117,118,123,125,131,132,133,135,136,139,140,142,145,146,147,151,154,155,156,157,158,159,161,162,163,164,165
draft_22951_01009	38,66,77,78,90,91,95,98,100,104,105,111,112,118,119,121,123,128,129,131,132,133,137,139,142,144,145,147,151,153,154,155,156,157,158,159,161,162,163,164,165
draft_22951_01010	74,75,79,85,86,92,98,100,108,110,111,115,117,118,120,121,122,128,129,132,137,138,141,142,145,147,148,149,153,154,155,156,158,160,161,162,163,164,165
draft_22951_01011	75,79,85,86,98,100,108,111,114,116,118,120,121,122,129,137,138,141,142,144,145,147,148,149,150,153,154,155,158,160,161,162,163,164,165
draft_22951_01012	52,65,66,74,75,78,80,83,90,91,94,96,100,105,108,111,112,115,116,119,120,121,122,124,128,129,137,141,142,148,149,150,151,153,155,156,158,160,161,162,163,165
draft_22951_01013	62,66,74,85,86,90,91,93,97,100,104,108,112,113,115,118,122,126,127,128,129,132,139,141,143,145,147,148,149,150,152,153,155,157,158,159,160,161,162,163,164,165
draft_22951_01014	62,72,76,89,96,99,127,136,139,143,146,150,152,154,157,159,162,163,164,165
draft_22951_01015	72,85,86,92,93,100,110,113,114,116,117,122,126,127,138,139,141,143,144,146,148,149,150,152,153,154,155,156,157,158,159,160,161,162,163,164,165
draft_22951_01016	74,85,86,93,97,100,105,111,115,116,122,125,132,145,147,148,149,152,153,154,155,158,160,161,162,163,164,165
draft_22951_01017	52,69,74,78,84,85,86,92,93,94,95,110,117,119,122,124,125,131,133,135,142,145,148,149,151,154,156,158,160,161,162,163,164,165
draft_22951_01018	36,81,82,83,84,88,96,100,104,105,111,118,128,129,137,144,147,151,153,155,158,161,162,163,165
draft_22951_01019	99,108,114,132,149,152,154,155,160,164
draft_22951_01020	74,85,86,93,122,125,133,135,139,141,142,145,148,149,152,156,157,158,160,161,162,163,164,165
draft_22951_01021	65,83,84,90,91,92,96,104,105,110,111,117,118,121,131,132,137,142,147,151,154,155,156,158,161,162,163,164,165
draft_22951_01022	66,74,91,93,98,104,105,111,112,113,115,121,126,127,135,137,141,143,144,145,149,151,152,156,157,158,160,161,162,163,164,165
draft_22951_01023	52,62,65,70,75,77,79,80,83,94,96,120,121,122,124,130,133,135,137,142,148,156,158,161,162,163,165
draft_22951_01024	38,52,62,65,70,75,77,79,80,83,94,96,98,120,121,122,124,130,133,135,137,142,148,156,158,160,161,162,163,165
draft_22951_01025	53,54,66,72,74,79,80,82,91,92,95,98,100,104,108,110,111,112,115,117,121,131,133,136,137,141,142,145,147,149,151,153,154,155,156,158,159,160,161,162,163,164,165
draft_22951_01026	28,30,49,57,62,66,72,74,76,83,85,86,93,96,97,99,100,108,109,112,115,116,120,122,123,128,137,138,141,148,149,150,152,153,155,157,158,159,160,161,162,163,164,165
draft_22951_01027	38,57,72,77,78,80,83,84,96,97,98,105,109,113,119,120,121,125,132,133,135,137,138,142,144,145,147,151,152,153,156,157,158,159,161,162,163,164,165
draft_22951_01028	38,47,59,64,65,73,77,80,81,88,98,105,120,121,125,137,142,145,151,156,160,161,162,163,165
draft_22951_01029	17,66,90,91,92,104,108,110,111,112,117,118,129,133,147,151,154,156,158,160,161,163,164,165
draft_22951_01030	62,74,75,79,85,86,92,98,100,104,108,110,111,114,117,118,120,121,122,129,132,133,135,136,137,138,141,142,145,147,148,149,151,153,154,155,156,158,159,160,161,162,163,164,165
draft_22951_01031	74,78,85,86,93,99,119,122,125,133,135,141,142,145,148,149,156,158,160,161,162,163,165
draft_22951_01032	49,65,75,85,98,100,108,111,121,122,125,137,144,145,147,148,149,150,153,155,158,160,161,162,163,165
draft_22951_01033	82,90,91,93,97,98,100,104,111,118,121,123,126,129,137,145,147,151,153,154,156,157,158,159,160,161,162,163,164,165
draft_22951_01034	43,47,53,66,73,74,77,80,81,88,91,98,104,106,108,111,112,115,121,131,133,135,137,141,142,145,149,151,156,158,160,161,162,163,165
draft_22951_01035	74,77,78,85,86,92,93,110,117,119,122,125,133,135,136,141,142,145,148,149,151,154,156,158,159,160,161,162,163,164,165
draft_22951_01036	57,75,83,85,89,92,95,96,100,108,110,111,117,120,121,122,127,128,129,132,136,137,143,146,147,148,150,152,153,154,155,156,158,159,160,161,162,164,165
draft_22951_01037	53,80,84,125,131,133,135,142,145,151,156,158,161,162,163,165
draft_22951_01038	72,84,89,92,93,95,104,109,110,111,113,117,125,126,127,131,132,133,135,136,140,141,142,143,144,145,146,149,150,151,152,153,154,155,156,157,158,159,160,161,162,163,164,165
draft_22951_01039	38,65,77,85,86,98,100,105,114,116,121,122,125,133,135,137,138,141,142,145,148,149,153,155,156,158,160,161,162,163,165
draft_22951_01040	75,79,82,85,86,90,91,92,95,98,100,104,110,111,117,118,120,121,122,128,129,131,132,133,136,137,138,142,145,147,148,151,153,154,155,156,158,159,161,163,164,165
draft_22951_01041	84,90,91,114,115,133,135,144,147,150,151,155,156,158,160,161,162,163,165
draft_22951_01042	52,57,75,78,79,80,83,85,86,94,95,96,97,98,100,111,118,119,120,121,122,124,129,133,137,138,142,145,147,148,152,153,155,156,158,160,161,162,163,164,165
draft_22951_01043	38,62,65,75,77,79,83,85,93,96,105,108,118,120,121,122,129,137,142,144,145,147,148,150,156,158,160,161,162,163,165
draft_22951_01044	34,82,99,100,133,135,151,153,155,156,158,161,162,163,165
draft_22951_01045	65,75,79,82,83,85,89,90,91,92,96,98,100,104,105,110,111,117,118,120,121,122,125,127,128,129,132,136,137,138,142,143,144,145,146,147,148,150,151,153,154,155,156,158,159,161,162,163,164,165
draft_22951_01046	37,43,52,69,77,78,79,84,89,93,94,95,97,106,110,113,117,119,124,126,127,131,142,143,144,146,149,150,151,152,154,156,157,158,159,160,161,162,163,164,165
draft_22951_01047	26,37,45,50,62,75,76,77,79,80,83,85,91,92,93,96,97,98,99,100,104,105,106,110,111,116,117,120,121,122,123,125,127,131,132,133,135,136,137,139,140,142,143,145,146,148,150,151,153,154,155,156,157,158,159,160,161,162,163,164,165
draft_22951_01048	65,75,83,85,96,97,100,114,116,121,122,136,137,141,144,148,149,150,152,153,154,155,156,158,159,160,161,162,164,165
draft_22951_01049	28,57,75,85,86,93,97,98,100,105,109,110,113,115,117,120,121,122,125,137,138,144,145,148,152,153,157,158,160,161,162,163,164,165
draft_22951_01050	57,65,89,95,98,105,113,120,121,127,137,139,143,145,146,152,154,156,157,159,161,162,163,164,165
draft_22951_01051	25,62,65,75,77,80,84,85,98,100,105,106,111,118,120,121,122,125,133,135,137,142,144,145,147,148,151,153,156,158,161,162,163,165
draft_22951_01052	37,43,52,53,65,69,77,79,80,89,90,91,92,94,95,97,98,106,109,110,111,113,114,115,116,117,118,120,121,123,124,126,127,128,129,131,132,136,137,140,142,143,144,146,147,150,151,153,154,155,156,157,159,160,161,162,163,164,165
draft_22951_01053	57,83,84,96,105,118,129,132,133,135,137,144,145,147,151,152,156,158,161,162,163,164,165
draft_22951_01054	36,47,77,78,81,88,90,91,98,100,106,111,118,119,120,121,133,135,137,138,142,144,145,147,149,150,151,153,156,158,160,161,162,163,165
draft_22951_01055	62,75,83,85,89,92,96,99,110,111,117,118,121,122,127,129,133,136,137,143,147,148,150,154,156,158,159,161,163,164,165
draft_22951_01056	54,65,79,83,90,91,92,95,96,98,104,105,110,111,117,120,121,125,127,131,136,137,142,143,145,150,151,154,155,156,158,159,161,162,163,164,165
draft_22951_01057	43,47,73,77,81,82,84,88,90,91,100,104,106,111,131,142,147,151,153,155,156,158,161,162,163,165
draft_22951_01058	47,59,62,64,65,73,77,80,81,88,98,106,120,121,125,137,142,145,151,156,160,161,162,163,165
draft_22951_01059	25,52,62,65,70,75,77,79,80,83,85,94,96,106,120,121,122,124,130,133,135,137,142,144,148,150,156,158,161,162,163,165
draft_22951_01060	38,52,62,65,69,70,77,79,80,83,94,96,120,121,124,130,137,142,151,156,160,161,162,163,165
draft_22951_01061	23,54,66,74,82,85,86,89,93,95,100,104,106,110,112,113,116,117,122,123,126,127,131,132,136,139,140,141,142,143,146,148,149,151,152,153,154,155,156,157,158,159,160,161,162,163,164,165
draft_22951_01062	53,65,89,90,91,92,97,98,105,110,113,114,115,117,121,125,127,131,137,139,143,144,145,147,150,151,152,154,155,156,157,159,160,161,162,163,164,165
draft_22951_01063	38,77,78,80,83,84,93,96,105,119,121,123,125,126,133,135,137,142,144,145,151,154,156,157,158,159,160,161,162,163,164,165
draft_22951_01064	24,28,57,62,71,72,75,78,79,83,85,86,89,93,94,95,96,97,98,100,102,105,109,111,113,116,118,119,120,121,122,123,124,126,127,129,132,137,138,140,141,142,143,144,145,146,147,148,149,150,152,153,155,156,157,158,159,160,161,162,163,164,165
draft_22951_01065	54,79,82,86,91,100,104,111,125,129,131,133,135,138,142,145,147,151,153,155,156,158,161,162,163,165
draft_22951_01066	26,37,45,50,62,75,76,77,79,80,83,85,86,91,92,93,96,97,98,99,100,105,106,110,111,113,116,117,120,121,122,125,127,131,136,137,138,139,142,143,145,146,148,150,151,152,153,154,155,156,157,158,159,160,161,162,163,164,165
draft_22951_01067	47,59,64,65,73,81,88,98,105,121,125,137,145,151,156,161,162,163,165
draft_22951_01068	43,47,53,66,73,74,77,80,81,88,91,98,104,106,108,111,112,115,121,131,133,135,137,141,142,144,145,149,150,151,156,158,160,161,162,163,165
draft_22951_01069	38,43,52,53,54,65,69,77,79,80,83,84,93,94,96,113,119,120,121,124,126,127,130,131,133,135,137,142,143,144,150,151,152,156,157,158,160,161,162,163,164,165
draft_22951_01070	38,65,77,79,92,97,98,105,110,117,120,121,125,133,135,137,142,145,151,154,156,158,160,161,162,163,164,165
draft_22951_01071	62,75,83,85,89,92,93,96,99,110,113,117,121,122,126,127,133,135,136,137,143,146,148,150,152,154,156,157,158,159,160,161,162,163,164,165
draft_22951_01072	37,43,53,77,79,80,82,85,86,91,92,97,100,104,106,108,110,111,114,116,117,122,125,129,131,133,135,136,138,142,144,145,147,148,149,150,151,153,154,155,156,158,159,160,161,162,163,164,165
draft_22951_01073	57,72,91,92,93,95,97,98,104,105,109,110,111,113,117,120,121,125,126,127,131,132,133,135,136,137,140,142,143,144,145,146,149,150,151,152,153,154,156,157,158,159,160,161,162,163,164,165
draft_22951_01074	34,50,76,91,98,99,104,108,111,115,121,128,137,149,151,155,156,158,160,161,163,165
draft_22951_01075	65,79,83,85,86,89,90,91,93,96,98,100,104,105,111,118,120,121,122,123,126,127,128,129,131,132,137,138,139,142,143,144,145,146,147,148,150,151,152,153,154,156,157,158,159,160,161,162,163,164,165
draft_22951_01076	43,47,52,69,73,74,75,77,78,79,80,81,85,86,88,90,91,94,98,100,106,108,111,116,118,119,121,122,124,129,131,133,135,137,138,141,142,145,147,148,149,151,153,156,158,160,161,162,163,165
draft_22951_01077	53,65,89,92,97,98,105,110,113,117,121,123,125,127,131,136,137,139,143,144,145,146,150,151,154,156,157,159,160,161,162,163,164,165
draft_22951_01078	52,57,69,78,83,92,94,95,96,97,110,117,119,124,137,142,151,152,154,156,158,159,161,162,163,164,165
draft_22951_01079	47,65,73,77,79,81,85,86,88,90,93,98,100,106,115,121,122,125,133,135,137,142,145,148,151,153,155,156,158,160,161,162,163,165
draft_22951_01080	54,72,74,82,90,95,97,100,104,109,113,116,126,127,131,132,138,139,141,143,149,151,152,153,155,156,157,158,159,160,161,162,163,164,165
draft_22951_01081	65,77,79,83,96,104,108,111,116,120,121,137,142,144,149,150,151,155,156,160,161,162,163,165
draft_22951_01082	47,64,66,74,78,81,88,93,98,105,111,112,115,116,119,121,137,141,144,145,149,156,158,160,161,162,163,165
draft_22951_01083	84,90,91,92,104,108,110,111,114,115,116,117,118,128,129,132,147,151,154,155,156,158,160,161,164
draft_22951_01084	90,91,104,111,118,128,129,133,145,147,151,156,158,161,163,165
draft_22951_01085	52,65,69,70,77,79,80,83,94,96,105,120,121,124,130,137,142,144,149,150,151,156,160,161,162,163,165
draft_22951_01086	72,75,85,86,91,93,98,100,105,111,113,115,116,121,122,125,126,127,128,129,137,139,143,144,145,147,148,149,150,152,153,156,157,158,159,160,161,162,163,164,165
draft_22951_01087	74,85,86,100,108,115,122,138,141,148,149,153,155,158,160,161
draft_22951_01088	34,62,66,82,90,91,99,100,104,111,112,118,128,129,133,145,147,151,153,155,156,158,161,162,163,165
draft_22951_01089	82,86,100,125,138,145,151,153,155,158,161,162,163,165
draft_22951_01090	37,43,53,66,77,80,89,90,91,92,97,98,106,108,110,112,114,115,116,117,120,121,127,129,131,136,137,141,142,143,146,149,150,151,154,155,156,158,159,160,161,163,164,165
draft_22951_01091	43,47,52,65,69,73,77,78,79,80,81,83,84,88,94,96,105,106,119,121,124,131,137,142,144,150,151,156,158,160,161,162,163,165
draft_22951_01092	47,65,73,75,77,79,81,83,85,88,90,91,96,98,100,105,106,111,120,121,122,125,133,135,137,142,144,145,147,148,151,153,156,158,161,162,163,165
draft_22951_01093	49,52,65,69,75,78,79,80,85,92,94,95,98,100,104,110,111,114,117,119,121,122,124,125,132,137,142,145,148,151,153,154,155,156,158,160,161,162,163,164,165
draft_22951_01094	52,53,62,65,69,89,92,94,95,97,98,110,113,117,120,121,123,124,125,127,131,136,137,139,142,143,144,145,146,150,151,154,156,157,159,161,162,163,164,165
draft_22951_01095	57,62,66,75,83,85,86,92,95,96,98,100,109,110,111,112,114,116,117,118,120,121,122,125,127,128,129,132,137,138,142,143,145,147,148,150,153,154,155,156,157,158,159,160,161,162,163,164,165
draft_22951_01096	34,37,43,53,66,74,77,80,89,90,92,97,98,99,106,110,112,116,117,120,121,127,131,136,137,142,143,146,149,150,151,154,155,156,158,159,160,161,163,164,165
draft_22951_01097	65,75,77,80,84,85,92,97,98,100,105,110,113,117,120,121,122,125,127,133,135,137,142,143,144,145,148,150,151,153,154,155,156,158,161,162,163,164,165
draft_22951_01098	66,75,80,85,86,92,93,95,97,98,100,108,110,111,112,114,116,117,118,121,122,123,126,128,129,132,133,135,136,137,138,140,141,142,145,146,147,148,149,153,154,155,156,157,158,159,160,161,162,163,164,165
draft_22951_01099	54,72,75,79,82,85,86,91,92,95,98,100,104,110,111,117,118,120,121,122,125,128,129,131,133,135,136,137,138,142,145,147,148,151,153,154,155,156,158,159,161,162,163,164,165
draft_22951_01100	36,81,82,83,88,96,100,116,137,144,149,150,151,153,155,156,158,160,161,162,163,165
draft_22951_01101	65,75,83,84,85,96,100,105,114,121,122,125,133,135,137,142,145,148,151,153,155,156,158,160,161,162,163,165
draft_22951_01102	62,75,83,85,92,93,96,100,110,111,113,117,118,121,122,126,127,132,133,135,137,143,147,148,150,152,153,154,156,157,158,159,160,161,162,163,164,165
draft_22951_01103	52,54,57,69,72,74,78,79,80,83,92,94,95,96,97,110,117,119,124,131,136,137,141,142,146,149,151,152,154,156,158,159,160,161,162,164,165
draft_22951_01104	65,83,96,105,121,137,151,154,156,161,162,163,164,165
draft_22951_01105	62,65,75,80,85,89,92,93,97,98,105,110,111,113,117,118,121,122,125,127,132,133,135,136,137,142,143,144,145,146,147,148,150,151,152,154,156,158,159,160,161,162,163,164,165
draft_22951_01106	74,85,86,93,97,100,111,115,116,122,132,141,147,148,149,152,153,154,155,158,160,161,162,163,164,165
draft_22951_01107	54,72,75,79,82,85,86,91,92,95,98,100,104,110,111,117,118,120,121,122,125,128,129,131,133,135,136,137,138,142,145,146,147,148,151,153,154,155,156,158,159,160,161,162,163,164,165
draft_22951_01108	62,66,75,85,86,93,98,100,109,111,112,114,115,116,118,121,122,123,126,128,129,137,138,145,147,148,149,153,154,155,157,158,159,160,161,162,163,164,165
draft_22951_01109	65,75,83,85,93,96,97,105,121,122,123,137,139,148,154,156,157,158,159,160,161,162,163,164,165
draft_22951_01110	34,66,75,85,86,98,99,100,101,105,111,112,113,118,121,122,127,128,129,137,138,139,143,144,145,147,148,152,153,155,156,157,158,161,162,163,164,165
draft_22951_01111	49,62,65,75,83,85,93,96,98,105,120,121,122,125,137,142,145,148,149,151,156,158,160,161,162,163,165
draft_22951_01112	28,37,65,75,77,80,85,86,89,90,92,97,98,100,106,108,109,110,113,117,120,121,122,125,126,127,136,137,138,142,143,144,145,146,148,150,151,153,154,155,156,157,158,159,160,161,162,163,164,165
draft_22951_01113	75,84,85,86,92,98,100,110,111,115,116,117,118,121,122,129,133,135,137,138,142,145,147,148,151,153,154,156,158,160,161,162,163,164,165
draft_22951_01114	84,109,113,125,126,127,133,135,143,145,151,152,153,155,156,157,158,161,162,163,164,165
draft_22951_01115	43,47,52,69,73,74,77,78,79,81,84,85,86,88,93,94,106,119,122,124,131,133,135,142,148,149,151,156,158,160,161,162,163,165
draft_22951_01116	65,79,98,105,120,121,125,137,141,142,144,145,149,150,156,160,161,162,163,165
draft_22951_01117	25,43,52,65,69,74,77,78,79,80,85,86,92,93,94,95,97,98,106,110,113,117,119,120,121,122,124,125,127,130,131,133,135,137,141,142,143,144,145,148,149,150,151,154,156,158,160,161,162,163,164,165
draft_22951_01118	36,47,77,78,81,83,88,90,91,96,100,106,115,119,120,121,133,135,137,141,142,144,149,150,151,153,156,158,160,161,162,163,165
draft_22951_01119	75,79,85,86,90,91,92,95,98,100,108,110,111,114,115,117,118,121,122,128,129,133,135,137,138,141,142,144,145,147,148,149,150,151,153,154,155,156,158,160,161,162,163,164,165
draft_22951_01120	75,84,85,86,92,98,100,110,111,117,118,120,121,122,129,133,135,136,137,138,142,145,147,148,151,153,154,156,158,159,161,162,163,164,165
draft_22951_01121	43,47,73,77,81,88,93,106,131,133,135,141,142,144,149,150,151,156,158,160,161,162,163,165
draft_22951_01122	57,82,83,90,95,96,100,104,111,115,116,128,129,132,137,147,151,152,153,155,156,158,160,161,162,163,164,165
draft_22951_01123	28,43,47,53,64,73,75,77,80,81,82,85,86,88,90,91,98,100,106,108,111,114,115,116,118,120,121,122,128,129,131,137,138,142,147,148,151,153,155,156,158,160,161,163,165
draft_22951_01124	43,47,53,66,73,74,77,80,81,88,90,91,98,104,106,108,111,112,115,118,121,129,131,133,137,141,142,145,147,149,151,156,158,160,161,163,165
draft_22951_01125	54,95,104,108,109,111,113,115,125,126,127,131,139,143,145,146,149,151,152,153,155,156,157,158,159,160,161,162,163,164,165
draft_22951_01126	43,47,52,65,69,73,77,78,79,80,81,88,94,98,106,119,121,124,125,131,133,135,137,142,145,151,156,158,161,162,163,165
draft_22951_01127	62,75,79,80,83,85,86,89,92,95,96,97,98,100,110,111,117,118,120,121,122,125,127,128,129,132,133,136,137,138,142,143,145,147,148,150,153,154,155,156,158,159,161,162,163,164,165
draft_22951_01128	65,75,83,85,96,97,100,114,116,121,122,137,141,144,148,149,150,153,154,155,156,158,160,161,162,164,165
draft_22951_01129	38,65,77,79,83,90,91,96,104,105,111,116,120,121,125,131,137,142,144,145,150,151,155,156,160,161,162,163,165
draft_22951_01130	34,54,72,74,82,90,95,97,99,100,104,109,113,116,126,127,131,132,138,139,143,144,146,149,150,151,152,153,155,156,157,158,159,160,161,162,163,164,165
draft_22951_01131	17,37,43,66,74,77,106,110,112,117,131,141,142,149,151,154,156,158,160,161,164
draft_22951_01132	53,65,80,82,83,92,96,97,100,104,105,110,111,114,115,117,121,131,137,142,147,151,153,154,155,156,158,160,161,162,163,164,165
draft_22951_01133	50,76,84,99,123,125,131,133,135,139,145,151,154,156,157,158,159,161,162,163,164,165
draft_22951_01134	75,83,85,92,96,99,100,105,110,111,117,121,122,123,135,136,137,139,144,146,147,148,153,154,156,157,158,159,161,162,163,164,165
draft_22951_01135	65,83,96,97,105,121,137,151,154,156,160,161,162,163,164,165
draft_22951_01136	54,72,74,79,82,85,86,91,92,93,95,100,110,115,117,122,131,133,135,136,141,142,148,149,151,153,154,155,156,158,159,160,161,162,163,164,165
draft_22951_01137	50,72,76,78,93,99,100,111,113,118,119,126,127,128,129,143,144,145,147,149,150,152,153,155,157,158,159,160,161,162,163,164,165
draft_22951_01138	53,54,82,84,89,90,92,95,97,100,104,110,111,113,115,116,117,125,127,128,129,131,132,139,142,143,144,145,146,147,150,151,152,153,154,155,156,157,158,159,160,161,162,163,164,165
draft_22951_01139	25,65,75,77,78,79,83,85,90,93,95,96,100,105,106,108,119,120,121,122,125,132,133,135,137,142,144,145,148,150,151,152,153,154,155,156,158,160,161,162,163,164,165
draft_22951_01140	37,38,52,65,69,77,79,80,83,90,91,94,95,96,97,98,100,105,106,110,111,113,117,119,120,121,124,125,127,130,131,133,135,137,142,143,144,145,150,151,153,154,155,156,158,160,161,162,163,164,165
draft_22951_01141	37,43,57,72,75,77,85,86,92,93,95,98,100,106,109,110,111,113,117,118,120,121,122,125,126,127,128,129,131,132,133,135,136,137,138,140,142,143,145,146,147,148,151,152,153,154,155,156,157,158,159,160,161,162,163,164,165
draft_22951_01142	54,72,74,82,86,90,95,97,100,104,108,109,113,116,126,127,129,131,132,138,139,140,141,143,146,147,149,151,152,153,155,156,157,158,159,160,161,162,163,164,165
draft_22951_01143	62,75,83,85,92,96,100,110,111,117,118,121,122,127,132,133,135,137,143,147,148,150,153,154,156,158,161,162,163,164,165
draft_22951_01144	54,65,79,82,83,90,91,92,95,96,98,100,104,105,110,111,117,120,121,127,131,137,142,143,144,145,147,151,153,154,156,158,161,162,163,164,165
draft_22951_01145	38,65,74,77,79,85,86,93,98,100,111,113,115,116,121,122,125,126,127,129,133,135,137,138,141,142,143,145,147,148,149,152,153,155,156,157,158,160,161,162,163,164,165
draft_22951_01146	38,77,78,79,82,83,85,86,90,91,96,100,104,111,119,120,121,122,125,128,129,133,135,137,138,142,145,147,148,151,153,155,156,158,161,162,163,165
draft_22951_01147	53,57,78,80,89,92,93,97,98,105,110,113,117,119,125,126,127,131,133,135,137,142,143,144,145,146,150,151,152,154,156,157,158,159,160,161,162,163,164,165
draft_22951_01148	79,82,85,86,91,100,104,105,108,111,114,116,122,125,129,133,135,138,142,145,147,148,149,151,153,155,156,158,160,161,162,163,165
draft_22951_01149	62,66,75,84,85,86,98,100,109,111,112,114,118,121,122,123,125,126,128,129,133,135,137,138,142,145,147,148,151,153,154,155,156,157,158,159,160,161,162,163,164,165
draft_22951_01150	38,65,74,77,79,85,86,93,98,100,111,115,116,121,122,125,129,133,135,137,138,142,145,147,148,149,153,155,156,158,160,161,162,163,165
draft_22951_01151	57,83,84,96,104,105,111,115,125,137,145,151,152,155,156,158,160,161,162,163,164,165
draft_22951_01152	57,62,74,85,86,89,93,97,98,100,105,108,113,115,122,125,126,127,137,141,143,144,145,146,148,149,150,152,153,154,155,157,158,159,160,161,162,163,164,165
draft_22951_01153	62,65,80,83,96,98,105,120,121,125,137,142,145,151,156,161,162,163,165
draft_22951_01154	65,75,79,85,86,98,100,111,118,120,121,122,125,129,137,138,142,145,147,148,153,155,156,158,161,162,163,165
draft_22951_01155	52,65,69,75,77,78,79,80,85,92,94,95,97,98,100,104,105,110,111,113,117,119,120,121,122,124,125,127,132,136,137,142,143,144,145,148,150,151,153,154,155,156,158,159,161,162,163,164,165
draft_22951_01156	74,92,104,110,111,115,117,123,131,132,133,135,136,139,146,149,151,154,155,156,157,158,159,160,161,162,163,164,165
draft_22951_01157	72,75,83,85,92,93,95,96,97,105,110,117,121,122,127,135,136,137,143,144,148,149,150,152,154,156,158,159,160,161,162,163,164,165
draft_22951_01158	52,68,69,90,91,92,94,95,99,104,109,110,111,114,117,123,124,126,131,132,133,135,136,140,141,142,144,146,147,149,150,151,153,154,155,156,157,158,159,160,161,162,163,164,165
draft_22951_01159	62,65,98,113,121,125,127,131,137,139,143,145,152,156,157,159,161,162,163,164,165
draft_22951_01160	52,53,69,78,80,84,90,91,92,94,95,96,97,110,111,117,118,119,124,131,133,135,142,144,147,150,151,154,156,158,161,162,163,164,165
draft_22951_01161	50,62,66,74,76,78,89,90,91,97,98,99,104,105,111,112,115,118,119,121,127,132,137,139,143,144,145,147,149,150,152,154,156,157,158,159,160,161,162,163,164,165
draft_22951_01162	57,62,75,85,86,93,95,100,101,105,109,111,115,116,120,121,122,125,129,132,137,138,144,145,147,148,152,153,157,158,160,161,162,163,164,165
draft_22951_01163	28,43,47,50,53,64,73,75,76,77,80,81,82,85,86,88,90,91,98,99,100,106,111,118,120,121,122,128,129,131,137,138,142,145,147,148,151,153,155,156,158,161,163,165
draft_22951_01164	38,62,65,77,80,85,86,98,100,105,114,116,120,121,122,125,133,135,137,138,142,145,148,149,153,155,156,158,160,161,162,163,165
draft_22951_01165	62,65,83,96,98,105,120,121,125,137,142,145,151,156,160,161,162,163,165
draft_22951_01166	62,75,83,85,90,92,96,97,100,110,111,117,121,122,123,127,132,133,135,136,137,139,143,144,146,148,149,150,153,154,156,157,158,159,160,161,162,163,164,165
draft_22951_01167	47,65,73,77,81,82,85,86,88,90,98,100,104,106,111,114,116,121,122,125,128,137,138,142,145,147,148,151,153,155,156,158,160,161,162,163,165
draft_22951_01168	82,84,90,91,100,104,108,111,114,115,116,118,128,129,147,151,153,155,158,160,161
draft_22951_01169	62,65,82,92,98,100,110,117,121,125,137,142,145,151,153,154,155,156,158,161,162,163,164,165
draft_22951_01170	65,75,80,83,85,86,90,91,92,96,98,100,104,105,108,110,111,116,117,120,121,122,129,137,138,142,144,145,147,148,151,153,154,156,158,160,161,162,163,164,165
draft_22951_01171	52,54,69,72,78,92,94,95,110,113,117,119,124,125,127,131,133,135,136,139,140,142,143,144,145,146,150,151,152,154,156,157,158,159,161,162,163,164,165
draft_22951_01172	75,80,83,85,89,90,92,96,97,100,104,105,110,111,117,121,122,123,125,127,131,132,133,135,136,137,139,140,142,143,144,145,146,147,148,150,151,153,154,155,156,157,158,159,161,162,163,164,165
draft_22951_01173	37,65,75,77,79,83,85,96,100,105,106,110,113,114,117,120,121,122,127,128,136,137,138,142,143,144,148,149,150,153,154,155,156,158,159,160,161,162,163,164,165
draft_22951_01174	52,65,69,75,78,79,80,83,85,90,91,92,93,94,95,96,104,110,111,117,118,119,120,121,122,124,130,131,132,136,137,142,144,147,148,149,150,151,154,155,156,158,159,160,161,162,164,165
draft_22951_01175	37,43,72,77,93,97,106,110,113,117,125,126,127,131,133,135,140,141,142,143,144,145,146,149,150,151,152,154,156,157,158,159,160,161,162,163,164,165
draft_22951_01176	75,80,85,86,90,91,92,98,100,104,108,110,111,114,115,117,118,121,122,128,129,133,137,138,142,145,147,148,149,151,153,154,155,156,158,160,161,162,163,164,165
draft_22951_01177	57,75,80,82,83,85,89,90,92,95,96,97,100,104,105,110,111,117,120,121,122,127,128,129,132,136,137,138,140,142,143,144,146,147,148,150,151,152,153,154,155,156,158,159,161,162,163,164,165
draft_22951_01178	37,38,65,75,77,79,80,83,85,89,92,93,95,96,97,98,100,105,106,108,110,111,113,114,115,116,117,118,120,121,122,127,129,132,136,137,138,141,142,143,144,146,147,148,149,150,152,153,154,155,156,158,159,160,161,162,163,164,165
draft_22951_01179	53,66,75,85,86,89,90,91,93,97,98,100,104,108,111,112,115,116,121,122,125,127,129,131,132,137,139,141,143,145,148,149,150,152,153,155,156,157,158,159,160,161,162,163,164,165
draft_22951_01180	74,82,84,95,100,104,109,111,113,126,127,132,138,141,143,144,147,149,150,151,152,153,155,157,158,160,161,162,163,164,165
draft_22951_01181	25,62,65,66,75,77,79,80,85,86,89,92,96,98,100,105,106,110,111,112,117,118,120,121,122,127,128,129,132,133,135,136,137,138,142,143,145,147,148,150,153,154,155,156,158,159,161,162,163,164,165
draft_22951_01182	65,75,82,83,85,86,93,96,100,105,114,115,121,122,125,137,138,142,145,148,149,151,153,155,156,158,160,161,162,163,165
draft_22951_01183	25,43,65,74,77,78,80,84,90,91,98,100,106,111,115,116,119,120,121,131,133,135,137,141,142,147,149,151,153,155,156,158,160,161,162,163,165
draft_22951_01184	43,47,52,54,68,69,73,77,79,81,88,90,92,93,94,95,104,105,106,110,111,117,124,125,131,132,142,145,151,154,155,156,158,160,161,162,163,164,165
draft_22951_01185	65,83,95,96,121,137,141,144,149,150,151,154,156,160,161,162,164,165
draft_22951_01186	84,125,131,133,135,142,144,145,149,150,151,152,154,156,158,160,161,162,163,164,165
draft_22951_01187	65,96,97,98,105,121,125,127,137,143,144,145,149,152,154,156,160,161,162,163,164,165
draft_22951_01188	47,52,59,64,65,69,73,75,77,79,80,81,83,84,88,91,94,96,100,106,111,120,121,122,124,130,133,135,137,142,144,148,150,151,153,155,156,158,161,162,163,165
draft_22951_01189	62,75,83,85,89,92,93,96,110,111,113,117,121,122,125,126,127,132,133,135,136,137,140,142,143,145,146,147,148,150,151,152,154,156,157,158,159,160,161,162,163,164,165
draft_22951_01190	52,62,69,78,80,83,90,92,94,96,104,110,111,117,119,120,121,124,125,131,133,135,137,142,145,151,154,156,158,160,161,162,163,164,165
draft_22951_01191	19,50,66,74,75,76,83,85,86,96,99,100,105,108,111,112,113,115,116,121,122,127,128,129,137,138,139,141,143,144,145,148,149,150,152,153,155,156,157,158,160,161,162,163,164,165
draft_22951_01192	52,69,78,84,92,94,95,110,117,119,124,125,131,133,135,142,145,151,154,156,158,160,161,162,163,164,165
draft_22951_01193	25,52,62,65,69,75,77,79,80,83,84,85,86,93,94,96,98,100,106,111,118,120,121,122,124,133,135,137,138,142,147,148,151,153,156,158,160,161,162,163,165
draft_22951_01194	14,36,59,67,81,84,88,98,105,120,124,125,131,133,135,137,142,144,145,151,156,158,161,162,163,165
draft_22951_01195	28,75,77,79,83,85,86,89,92,96,97,98,100,105,108,110,111,117,118,120,121,122,125,127,129,136,137,138,142,143,144,145,147,148,150,153,154,155,156,158,159,160,161,162,163,164,165
draft_22951_01196	57,62,84,98,105,113,123,125,127,133,135,137,143,144,145,150,151,152,154,156,158,159,161,162,163,164,165
draft_22951_01197	49,52,65,69,74,75,78,79,80,85,92,94,95,98,100,104,110,111,117,119,121,122,124,125,132,137,142,145,148,149,151,153,154,155,156,158,160,161,162,163,164,165
draft_22951_01198	54,72,74,82,90,95,97,100,104,105,109,113,116,125,126,127,131,132,138,139,143,145,149,151,152,153,155,156,157,158,159,160,161,162,163,164,165
draft_22951_01199	57,83,92,95,96,97,105,110,117,133,135,137,151,152,154,156,158,159,160,161,162,163,164,165
draft_22951_01200	62,74,75,80,83,85,86,90,92,93,96,97,100,110,111,114,117,121,122,125,127,132,133,135,136,137,141,142,143,145,148,149,150,151,153,154,155,156,158,159,160,161,162,163,164,165
draft_22951_01201	75,79,85,86,92,98,100,105,110,111,117,118,120,121,122,125,128,129,132,137,138,142,145,147,148,153,154,155,156,158,161,162,163,164,165
draft_22951_01202	74,75,83,85,86,92,93,96,100,110,111,117,118,121,122,133,135,137,138,142,147,148,149,153,154,156,158,160,161,162,163,164,165
draft_22951_01203	25,36,47,65,77,78,80,81,83,84,85,88,96,98,105,106,119,120,121,122,125,133,135,137,142,145,148,151,156,158,161,162,163,165
draft_22951_01204	45,52,62,69,74,76,86,91,93,94,97,99,104,108,111,122,124,127,132,133,142,143,145,148,149,151,152,154,156,158,160,161,162,163,164,165
draft_22951_01205	45,76,84,97,99,151,152,154,156,158,160,161,162,163,164,165
draft_22951_01206	82,92,95,100,104,108,109,110,111,113,116,117,126,127,132,138,143,147,149,151,152,153,154,155,156,157,158,159,160,161,162,163,164,165
draft_22951_01207	54,79,84,90,92,95,104,105,110,111,117,125,131,133,135,142,145,151,154,155,156,158,161,162,163,164,165
draft_22951_01208	38,52,65,75,77,92,93,94,95,97,98,105,110,113,117,120,121,122,124,125,127,133,135,136,137,142,143,144,145,146,148,149,150,151,154,156,158,159,160,161,162,163,164,165
draft_22951_01209	65,80,98,105,121,125,133,135,137,142,145,149,151,156,158,160,161,162,163,165
draft_22951_01210	65,93,95,98,105,121,123,125,126,137,145,154,156,157,159,160,161,162,163,164,165
draft_22951_01211	65,92,98,110,117,121,125,133,135,137,141,142,144,145,149,150,151,154,156,158,160,161,162,163,164,165
draft_22951_01212	53,84,97,123,131,133,135,139,144,149,150,151,154,156,157,158,159,160,161,162,163,164,165
draft_22951_01213	49,62,65,75,79,85,93,98,105,120,121,122,125,137,141,142,144,145,148,149,150,156,158,160,161,162,163,165
draft_22951_01214	52,66,68,69,74,92,94,95,110,112,117,124,131,133,135,141,142,149,151,154,156,158,160,161,162,163,164,165
draft_22951_01215	8,11,19,36,47,66,74,79,81,83,85,88,92,95,96,97,104,105,110,111,112,117,120,121,122,123,127,131,132,133,136,137,139,140,142,143,146,148,149,150,151,154,155,156,157,158,159,160,161,162,163,164,165
draft_22951_01216	75,79,85,86,90,91,92,95,98,100,110,111,114,115,116,117,118,121,122,128,129,133,135,137,138,141,142,144,145,147,148,149,150,151,153,154,155,156,158,160,161,162,163,164,165
draft_22951_01217	65,75,83,85,93,95,96,97,104,111,116,121,122,123,132,136,137,139,144,146,148,149,150,152,154,155,156,157,158,159,160,161,162,163,164,165
draft_22951_01218	38,52,62,65,69,70,75,77,79,80,83,94,96,120,121,122,124,130,133,135,137,142,148,151,156,158,161,162,163,165
draft_22951_01219	54,79,92,97,104,110,111,113,114,117,125,126,127,131,132,133,135,136,140,141,142,143,144,145,146,149,150,151,152,154,155,156,157,158,159,160,161,162,163,164,165
draft_22951_01220	38,52,62,65,69,70,77,79,80,83,94,96,98,105,120,121,124,125,130,137,142,145,151,156,160,161,162,163,165
draft_22951_01221	54,72,79,82,91,92,95,100,104,110,115,117,131,132,133,135,136,139,141,142,144,146,149,150,151,152,153,154,155,156,157,158,159,160,161,162,163,164,165
draft_22951_01222	37,52,65,66,70,75,77,79,80,83,85,86,92,93,94,95,96,97,98,100,106,108,109,110,111,112,113,114,115,117,118,120,121,122,124,126,127,128,129,130,132,133,135,136,137,138,141,142,143,144,145,146,147,148,149,150,153,154,155,156,157,158,159,160,161,162,163,164,165
draft_22951_01223	62,75,83,85,90,92,96,97,100,110,111,114,117,121,122,123,127,132,133,135,136,137,139,143,146,148,150,153,154,155,156,157,158,159,160,161,162,163,164,165
draft_22951_01224	90,92,104,110,111,114,115,117,123,125,131,132,133,135,136,139,140,142,145,146,147,151,154,155,156,157,158,159,160,161,162,163,164,165
draft_22951_01225	25,43,65,77,78,80,84,98,105,106,119,120,121,125,131,133,135,137,142,145,149,151,156,158,160,161,162,163,165
draft_22951_01226	37,43,77,82,90,91,100,104,106,110,111,114,115,116,117,118,128,131,138,142,147,149,151,153,154,155,156,158,160,161,164
draft_22951_01227	25,37,57,62,65,75,77,80,85,86,95,97,98,100,106,109,110,111,113,117,118,120,121,122,125,127,129,132,133,135,137,138,142,143,145,147,148,151,153,154,156,157,158,159,161,162,163,164,165
draft_22951_01228	36,62,81,83,84,88,96,133,135,137,151,156,158,161,162,163,165
draft_22951_01229	36,49,65,74,78,81,85,86,88,93,98,105,119,120,121,122,133,135,137,141,142,145,148,149,156,158,160,161,162,163,165
draft_22951_01230	19,57,72,84,89,91,105,109,113,120,125,133,135,137,144,145,151,152,153,156,157,158,159,161,162,163,164,165
draft_22951_01231	75,85,86,92,98,100,105,110,111,117,121,122,125,129,137,138,142,144,145,147,148,151,153,154,155,156,158,160,161,162,163,164,165
draft_22951_01232	57,72,75,85,86,89,92,95,97,98,100,105,109,110,111,113,117,118,120,121,122,128,129,132,137,138,140,144,145,146,147,148,152,153,154,155,156,157,158,159,161,162,163,164,165
draft_22951_01233	49,62,65,75,85,98,100,108,111,114,115,116,118,120,121,122,125,128,129,137,138,142,145,147,148,149,153,155,158,160,161,162,163,165
draft_22951_01234	53,62,65,75,80,84,85,89,92,97,98,105,110,111,113,117,118,121,122,125,127,131,132,133,135,136,137,140,142,143,144,145,146,147,148,150,151,152,154,156,158,159,161,162,163,164,165
draft_22951_01235	90,92,110,117,123,125,131,133,135,136,139,145,146,151,154,155,156,157,158,159,160,161,162,163,164,165
draft_22951_01236	26,37,38,45,50,53,62,65,75,76,77,80,85,89,92,93,96,97,98,99,105,106,110,113,117,120,121,122,125,127,131,135,136,137,142,143,144,145,146,148,150,151,152,154,156,158,159,160,161,162,163,164,165
draft_22951_01237	53,54,79,84,97,123,131,133,135,139,142,144,150,151,154,156,157,158,159,161,162,163,164,165
draft_22951_01238	75,80,83,85,86,89,92,93,96,98,100,105,110,111,115,116,117,118,120,121,122,125,127,128,129,132,135,136,137,138,142,143,144,145,146,147,148,149,150,153,154,155,156,158,159,160,161,162,163,164,165
draft_22951_01239	47,59,62,64,65,73,77,80,81,88,98,105,106,120,121,125,137,142,145,151,156,161,162,163,165
draft_22951_01240	28,49,57,65,72,83,85,93,96,97,98,100,105,109,111,113,120,121,122,123,125,126,127,137,138,140,143,144,145,146,147,148,149,150,152,153,156,157,158,159,160,161,162,163,164,165
draft_22951_01241	62,65,98,121,125,137,141,144,145,149,150,156,160,161,162,163,165
draft_22951_01242	25,65,75,77,78,79,83,85,90,93,95,96,100,105,106,108,119,120,121,122,125,132,133,135,137,142,144,145,148,149,150,151,152,153,154,155,156,158,160,161,162,163,164,165
draft_22951_01243	66,75,85,86,93,98,100,101,105,108,111,112,113,115,116,118,121,122,126,127,128,129,137,143,144,145,147,148,149,152,153,156,157,158,160,161,162,163,164,165
draft_22951_01244	62,65,98,121,125,137,141,144,145,149,150,156,160,161,162,163,165
draft_22951_01245	25,45,47,52,53,59,64,65,68,69,73,76,77,79,80,81,83,88,94,96,99,106,116,119,120,121,124,130,131,133,135,137,142,151,155,156,158,160,161,162,163,165
draft_22951_01246	38,52,65,69,74,77,78,79,94,98,105,119,121,124,125,133,135,137,142,145,149,151,156,158,160,161,162,163,165
draft_22951_01247	22,54,72,74,82,86,90,95,97,100,104,109,113,116,126,127,128,129,131,132,138,139,143,146,147,149,151,152,153,155,156,157,158,159,160,161,162,163,164,165
draft_22951_01248	37,65,75,77,80,85,89,92,93,95,97,98,100,105,106,110,113,116,117,120,121,122,123,125,126,127,128,132,136,137,138,140,142,143,144,145,146,148,149,150,153,154,155,156,157,158,159,160,161,162,163,164,165
draft_22951_01249	57,62,75,83,85,89,92,93,96,97,109,110,111,113,117,118,120,121,122,126,127,128,129,132,133,135,136,137,140,143,146,147,148,150,152,153,154,156,157,158,159,160,161,162,163,164,165
draft_22951_01250	65,79,95,97,98,105,109,114,120,121,123,125,126,137,142,145,153,154,155,156,157,159,160,161,162,163,164,165
draft_22951_01251	49,65,75,80,84,85,98,100,105,108,111,116,118,120,121,122,125,128,129,131,133,135,137,138,142,144,145,147,148,149,150,151,153,155,156,158,160,161,162,163,165
draft_22951_01252	38,43,47,65,73,77,80,81,88,90,91,98,104,106,111,118,121,129,131,133,135,137,142,145,147,151,156,158,161,162,163,165
draft_22951_01253	25,65,77,80,98,106,120,121,125,133,135,137,141,142,144,145,149,150,151,156,158,160,161,162,163,165
draft_22951_01254	30,49,74,85,86,93,100,108,111,112,114,115,116,118,122,128,129,138,141,147,148,149,153,155,158,160,161,162,163,165
draft_22951_01255	37,53,62,65,72,75,77,80,85,89,90,92,93,97,98,106,110,113,117,120,121,122,125,126,127,131,133,135,136,137,139,140,141,142,143,144,145,146,148,149,150,151,152,154,155,156,157,158,159,160,161,162,163,164,165
draft_22951_01256	43,47,52,69,73,77,78,79,81,84,88,94,106,119,124,131,142,144,150,151,156,158,160,161,162,163,165
draft_22951_01257	37,65,75,77,79,80,85,89,92,93,95,97,98,100,104,106,108,110,111,113,117,120,121,122,125,126,127,132,133,135,136,137,140,141,142,143,144,145,146,148,149,150,151,152,153,154,155,156,157,158,159,160,161,162,163,164,165
draft_22951_01258	93,113,125,126,127,133,135,143,145,149,151,152,156,157,158,160,161,162,163,164,165
draft_22951_01259	43,47,52,69,73,77,78,79,81,84,88,94,106,119,124,131,142,151,156,158,160,161,162,163,165
draft_22951_01260	57,89,98,105,113,123,125,127,136,137,143,144,145,146,150,152,154,159,160,162,163,164,165
draft_22951_01261	84,91,95,109,113,114,115,116,118,126,127,132,133,135,143,144,147,150,151,152,153,155,156,157,158,160,161,162,163,164,165
draft_22951_01262	28,30,49,57,66,72,74,76,83,85,86,93,96,97,99,100,108,109,112,114,115,116,118,120,122,123,128,129,132,137,138,141,147,148,149,150,152,153,155,157,158,159,160,161,164,165
draft_22951_01263	52,65,92,94,95,98,105,110,113,117,120,121,124,125,126,127,137,142,143,145,152,156,157,160,161,162,163,164,165
draft_22951_01264	52,62,65,69,75,80,83,92,94,95,96,97,110,113,117,120,121,122,124,127,133,135,137,142,143,144,148,150,151,154,156,158,160,161,162,163,164,165
draft_22951_01265	92,99,110,117,123,131,133,135,136,139,144,146,149,150,151,154,156,157,158,159,160,161,162,163,164,165
draft_22951_01266	65,75,79,80,83,85,86,90,91,96,98,100,105,111,116,118,120,121,122,125,129,137,138,142,144,145,147,148,150,151,153,155,156,158,160,161,162,163,165
draft_22951_01267	28,47,64,73,75,77,80,81,82,85,86,88,90,98,100,106,114,116,120,121,122,128,137,138,142,145,148,150,151,153,155,156,158,160,161,162,163,165
draft_22951_01268	72,74,75,84,85,86,90,91,92,95,98,100,109,110,111,113,117,118,121,122,126,127,128,129,132,136,137,138,142,143,145,146,147,148,149,151,152,153,154,155,156,157,158,159,160,161,162,163,164,165
draft_22951_01269	62,72,75,83,85,89,92,93,96,100,110,111,113,117,118,121,122,125,126,127,132,133,135,136,137,140,141,142,143,144,145,146,147,148,149,150,151,152,153,154,156,157,158,159,160,161,162,163,164,165
draft_22951_01270	54,65,72,79,82,83,90,91,92,95,96,100,104,105,110,111,114,117,121,131,136,137,138,142,147,151,153,154,155,156,158,159,160,161,162,163,164,165
draft_22951_01271	22,65,75,82,83,85,96,100,104,105,111,114,121,122,125,129,133,137,138,142,145,148,151,153,155,156,158,160,161,162,163,165
draft_22951_01272	37,43,45,50,52,53,62,69,76,77,78,80,94,98,99,106,110,117,119,120,121,124,125,127,131,133,135,137,142,143,145,149,150,151,154,156,158,160,161,162,163,164,165
draft_22951_01273	53,82,97,100,114,123,131,133,135,139,144,150,151,153,154,155,156,157,158,159,160,161,162,163,164,165
draft_22951_01274	37,43,77,82,90,91,93,100,104,106,110,111,114,115,117,123,126,131,133,135,136,142,146,147,149,151,153,154,155,156,157,158,159,160,161,162,163,164,165
draft_22951_01275	52,69,74,78,92,94,95,97,109,110,114,117,119,123,124,126,131,133,135,136,140,141,142,146,149,151,153,154,155,156,157,158,159,160,161,162,163,164,165
draft_22951_01276	85,86,93,100,111,115,116,122,125,129,145,148,149,153,155,156,158,160,161,162,163,165
draft_22951_01277	75,80,85,86,92,98,100,110,111,114,117,118,121,122,125,128,129,132,133,135,137,138,142,145,147,148,153,154,155,156,158,160,161,162,163,164,165
draft_22951_01278	37,53,62,65,75,77,78,80,85,89,92,97,98,106,110,113,117,119,120,121,122,125,127,131,133,135,136,137,139,140,142,143,144,145,146,148,149,150,151,152,154,156,157,158,159,160,161,162,163,164,165
draft_22951_01279	38,65,74,75,77,79,83,85,96,100,105,111,115,120,121,122,129,137,141,142,144,148,149,150,153,155,156,158,160,161,162,163,165
draft_22951_01280	74,85,86,93,95,100,109,111,115,116,122,125,126,132,138,145,147,148,149,152,153,155,157,158,160,161,162,163,164,165
draft_22951_01281	43,47,52,54,68,69,73,77,79,81,82,88,90,91,94,100,106,114,124,131,138,142,151,153,155,156,158,160,161,162,163,165
draft_22951_01282	38,62,65,66,74,77,80,82,98,100,105,112,120,121,125,133,135,137,141,142,145,149,151,153,155,156,158,160,161,162,163,165
draft_22951_01283	52,53,65,69,78,79,80,83,92,94,95,96,105,110,117,119,121,124,125,131,137,142,145,151,154,156,158,161,162,163,164,165
draft_22951_01284	45,74,85,86,93,97,99,122,141,148,149,152,154,158,160,161,162,163,164,165
draft_22951_01285	65,79,95,97,98,105,120,121,125,137,142,144,145,150,154,156,160,161,162,163,164,165
draft_22951_01286	38,52,74,77,78,85,86,93,94,119,122,124,125,133,135,141,142,145,148,149,156,158,160,161,162,163,165
draft_22951_01287	65,83,93,96,97,105,121,123,126,137,151,154,156,157,159,160,161,162,163,164,165
draft_22951_01288	38,62,65,75,77,80,83,84,85,90,91,96,98,100,105,111,118,120,121,122,125,128,129,133,135,137,142,144,145,147,148,151,153,156,158,161,162,163,165
draft_22951_01289	84,92,110,117,125,131,133,135,142,145,151,154,156,158,160,161,162,163,164,165
draft_22951_01290	26,45,50,66,74,76,91,97,98,99,104,105,108,111,112,115,121,127,128,132,136,137,141,143,145,149,151,152,154,156,158,159,160,161,163,164,165
draft_22951_01291	37,50,62,65,75,76,77,80,83,85,89,92,93,96,97,98,99,106,110,117,120,121,122,127,133,135,136,137,142,143,144,145,146,148,149,150,151,154,156,158,159,160,161,162,163,164,165
draft_22951_01292	52,57,69,74,83,86,92,93,94,95,96,104,105,108,110,111,117,122,124,132,137,141,142,148,149,151,152,154,155,156,158,159,160,161,162,163,164,165
draft_22951_01293	75,79,85,86,95,98,100,109,111,118,120,121,122,126,127,128,129,132,137,138,142,143,145,147,148,152,153,155,157,158,159,161,163,164,165
draft_22951_01294	65,98,105,121,125,137,141,144,145,149,150,156,160,161,162,163,165
draft_22951_01295	37,43,54,62,66,77,79,83,89,92,95,96,97,106,110,112,117,120,121,125,127,131,136,137,142,143,145,150,151,154,156,158,159,161,162,163,164,165
draft_22951_01296	38,62,65,77,79,80,83,96,98,120,121,125,137,142,144,145,150,151,156,161,162,163,165
draft_22951_01297	38,65,77,80,85,98,100,120,121,122,125,133,135,137,142,145,148,153,155,156,158,161,162,163,165
draft_22951_01298	43,47,65,73,77,79,81,88,90,91,98,104,105,106,111,118,121,125,131,133,135,137,142,144,145,147,151,156,158,161,162,163,165
draft_22951_01299	54,79,82,84,91,95,100,104,109,111,113,125,126,127,131,132,133,135,138,142,143,144,145,147,150,151,152,153,155,156,157,158,161,162,163,164,165
draft_22951_01300	62,75,83,84,85,86,92,96,100,110,111,117,121,122,125,133,135,137,138,142,145,147,148,151,153,154,156,158,161,162,163,164,165
draft_22951_01301	82,84,90,91,100,104,108,111,114,115,116,118,128,129,147,151,153,155,158,160,161
draft_22951_01302	43,47,65,73,77,79,81,88,91,98,106,114,115,121,125,131,133,135,137,142,144,145,149,150,151,155,156,158,160,161,162,163,165
draft_22951_01303	36,38,62,75,77,79,81,83,85,86,88,96,100,111,120,121,122,125,128,129,137,138,142,145,147,148,150,153,155,156,158,161,162,163,165
draft_22951_01304	59,64,65,81,88,93,98,105,121,125,137,145,156,160,161,162,163,165
draft_22951_01305	38,62,65,77,80,92,97,98,105,110,113,117,120,121,125,127,137,142,143,145,151,154,156,161,162,163,164,165
draft_22951_01306	84,90,91,92,104,108,110,111,114,115,116,117,118,128,129,132,147,151,154,155,156,158,160,161,164
draft_22951_01307	28,37,65,72,75,77,80,85,86,89,90,92,97,98,100,106,109,110,113,116,117,120,121,122,125,126,127,129,132,136,137,138,140,142,143,144,145,146,147,148,149,150,151,152,153,154,155,156,157,158,159,160,161,162,163,164,165
draft_22951_01308	75,80,84,85,92,97,98,100,108,110,111,115,116,117,118,121,122,129,133,135,137,142,144,145,147,148,150,151,153,154,156,158,160,161,162,163,164,165
draft_22951_01309	89,92,93,97,104,108,109,110,111,114,117,123,126,129,132,133,135,136,140,146,149,151,153,154,155,156,157,158,159,160,161,162,163,164,165
draft_22951_01310	36,59,74,75,80,81,85,86,88,93,98,100,105,108,111,115,116,118,120,121,122,125,135,137,138,141,142,144,145,147,148,149,152,153,154,155,156,158,160,161,162,163,164,165
draft_22951_01311	54,82,90,95,100,104,114,123,128,131,132,133,135,139,144,150,151,153,154,155,156,157,158,159,160,161,162,163,164,165
draft_22951_01312	74,85,86,93,100,108,111,114,115,116,118,122,128,129,141,147,148,149,153,155,158,160,161
draft_22951_01313	66,74,75,79,85,86,92,98,100,110,111,112,117,118,120,121,122,125,129,137,138,141,142,145,147,148,149,153,154,155,156,158,160,161,162,163,164,165
draft_22951_01314	25,38,43,65,77,78,79,80,84,92,97,98,105,106,110,117,119,120,121,125,131,133,135,137,142,144,145,150,151,154,156,158,160,161,162,163,164,165
draft_22951_01315	52,69,75,83,89,92,94,95,96,105,110,113,117,121,122,123,124,125,126,127,133,136,137,140,142,143,144,145,146,148,150,151,152,154,156,157,158,159,160,161,162,163,164,165
draft_22951_01316	65,74,75,83,85,96,97,121,122,137,141,144,148,149,150,154,156,158,160,161,162,164,165
draft_22951_01317	65,82,83,90,91,92,96,100,104,105,110,111,117,121,125,131,133,135,136,137,142,145,147,149,151,153,154,155,156,158,159,160,161,162,163,164,165
draft_22951_01318	57,84,89,92,97,98,105,110,113,117,123,125,127,136,137,143,144,145,146,150,151,152,154,156,158,159,161,162,163,164,165
draft_22951_01319	62,65,79,92,95,98,110,113,117,120,121,125,127,137,142,143,144,145,150,151,154,156,161,162,163,164,165
draft_22951_01320	38,52,65,77,79,80,83,94,96,98,105,120,121,122,124,130,137,141,142,148,149,156,160,161,162,163,165
draft_22951_01321	54,79,82,92,95,100,104,110,111,114,117,125,131,132,133,135,136,141,142,144,145,149,150,151,153,154,155,156,158,159,160,161,162,163,164,165
draft_22951_01322	65,83,89,93,96,97,105,113,121,126,127,137,143,149,151,152,156,157,159,160,161,162,163,164,165
draft_22951_01323	92,110,113,117,125,127,131,139,143,145,149,151,152,154,156,157,158,159,160,161,162,163,164,165
draft_22951_01324	43,47,65,73,77,79,81,88,90,91,98,104,106,111,115,116,121,125,131,133,135,137,142,145,147,151,155,156,158,160,161,162,163,165
draft_22951_01325	84,92,105,110,117,125,131,133,135,142,145,151,154,156,158,161,162,163,164,165
draft_22951_01326	38,57,65,77,78,80,82,83,85,92,95,96,97,98,100,105,110,113,117,119,120,121,122,125,127,132,133,135,137,138,142,143,144,145,146,148,150,151,152,153,154,155,156,158,159,161,162,163,164,165
draft_22951_01327	52,57,75,78,79,80,83,85,86,94,96,98,99,100,105,111,118,119,120,121,122,124,125,129,133,137,138,142,145,147,148,152,153,155,156,158,161,162,163,164,165
draft_22951_01328	54,74,79,84,89,90,92,93,95,97,104,110,111,113,115,117,126,127,131,136,141,142,143,144,146,149,150,151,152,154,155,156,157,158,159,160,161,162,163,164,165
draft_22951_01329	37,65,72,75,77,80,85,89,90,92,93,97,98,106,108,110,113,117,120,121,122,125,126,127,136,137,139,140,141,142,143,144,145,146,148,149,150,152,154,155,156,157,158,159,160,161,162,163,164,165
draft_22951_01330	66,74,89,92,97,110,112,113,117,123,126,127,136,141,143,144,146,149,150,151,152,154,156,157,158,159,160,161,162,163,164,165
draft_22951_01331	25,62,65,74,75,77,80,85,86,93,98,100,106,111,118,120,121,122,129,133,135,137,138,141,142,145,147,148,149,153,156,158,160,161,162,163,165
draft_22951_01332	66,74,84,92,110,112,117,125,131,133,135,141,142,145,149,151,154,156,158,160,161,162,163,164,165
draft_22951_01333	52,65,66,69,74,78,80,92,94,95,98,110,112,117,119,121,124,125,137,141,142,145,149,151,154,156,158,160,161,162,163,164,165
draft_22951_01334	75,85,90,91,92,95,98,100,105,110,111,117,121,122,123,125,129,136,137,139,144,145,146,148,150,153,154,156,157,158,159,161,162,163,164,165
draft_22951_01335	90,91,92,104,105,110,111,117,118,123,129,131,132,133,135,136,139,144,145,146,147,151,154,155,156,157,158,159,161,162,163,164,165
draft_22951_01336	52,65,74,75,80,83,85,86,92,93,94,95,96,97,100,105,108,109,110,111,113,115,116,117,118,120,121,122,124,125,126,127,132,137,138,142,143,145,147,148,149,153,155,156,157,158,160,161,162,163,164,165
draft_22951_01337	52,62,65,75,89,92,93,94,95,97,98,110,113,117,120,121,122,123,124,125,127,136,137,139,142,143,144,145,146,148,150,154,156,157,158,159,160,161,162,163,164,165
draft_22951_01338	65,79,89,92,95,97,98,105,110,113,117,120,121,125,127,136,137,142,143,144,145,150,151,152,154,156,159,161,162,163,164,165
draft_22951_01339	43,47,65,73,77,81,82,83,88,90,91,96,100,104,105,106,111,114,121,128,131,137,138,142,147,151,153,155,156,158,160,161,162,163,165
draft_22951_01340	62,75,79,80,83,85,86,89,92,95,96,97,98,100,110,111,117,118,120,121,122,125,127,128,129,132,133,135,136,137,138,142,143,145,147,148,150,153,154,156,158,159,161,162,163,164,165
draft_22951_01341	57,62,65,84,92,97,98,105,110,113,117,120,121,123,125,127,133,135,137,142,143,145,151,154,156,158,159,161,162,163,164,165
draft_22951_01342	54,72,79,82,91,92,95,100,104,109,110,111,117,125,131,132,136,138,139,142,145,146,147,151,153,154,155,156,157,158,159,161,162,163,164,165
draft_22951_01343	45,62,75,76,79,83,85,86,92,93,95,96,97,99,100,105,110,111,117,118,121,122,127,133,136,137,138,142,143,144,145,146,147,148,149,150,152,153,154,156,158,159,160,161,162,163,164,165
draft_22951_01344	37,43,72,77,82,89,90,93,100,106,110,113,117,125,126,127,131,133,135,140,141,142,143,144,145,146,149,150,151,152,153,154,155,156,157,158,159,160,161,162,163,164,165
draft_22951_01345	62,65,79,98,105,120,121,125,137,142,145,156,161,162,163,165
draft_22951_01346	65,83,93,95,96,97,105,121,123,126,136,137,140,144,146,149,150,151,154,156,157,159,160,161,162,163,164,165
draft_22951_01347	52,62,65,75,79,80,92,94,95,97,98,100,104,105,110,111,113,117,120,121,122,124,125,127,132,133,135,136,137,142,143,144,145,148,150,151,153,154,155,156,158,159,160,161,162,163,164,165
draft_22951_01348	66,85,86,90,91,97,100,104,108,111,112,114,116,118,122,128,129,132,138,139,145,147,148,149,152,153,155,157,158,160,161,162,163,164,165
draft_22951_01349	65,75,83,85,93,96,105,121,122,137,148,154,156,158,160,161,162,163,164,165
draft_22951_01350	65,75,80,85,92,97,98,100,108,110,111,115,116,117,118,120,121,122,129,136,137,138,142,145,147,148,149,150,153,154,156,158,159,160,161,162,163,164,165
draft_22951_01351	36,47,62,65,80,81,83,88,96,98,120,121,125,137,142,144,145,149,150,156,160,161,162,163,165
draft_22951_01352	34,66,90,91,99,104,111,112,118,128,129,133,135,145,147,151,155,156,158,161,162,163,165
draft_22951_01353	25,62,65,75,77,79,80,83,85,93,96,98,106,120,121,122,125,133,135,137,142,145,148,156,158,160,161,162,163,165
draft_22951_01354	75,85,86,90,97,98,100,104,105,111,118,121,122,123,128,129,132,135,137,138,139,144,145,147,148,153,154,155,156,157,158,159,161,162,163,164,165
draft_22951_01355	36,59,74,75,80,81,85,86,88,93,98,100,105,108,111,115,116,118,120,121,122,125,135,137,138,142,144,145,147,148,149,153,155,156,158,160,161,162,163,165
draft_22951_01356	37,62,66,75,77,80,85,89,90,92,93,97,98,106,108,110,112,114,117,120,121,122,127,136,137,142,143,145,146,148,149,150,151,154,155,156,158,159,160,161,162,163,164,165
draft_22951_01357	38,65,75,77,79,83,85,96,100,105,108,111,114,115,116,118,120,121,122,128,129,137,142,144,147,148,149,150,153,155,156,158,160,161,162,163,165
draft_22951_01358	62,65,79,98,105,113,120,121,125,127,137,139,142,143,145,152,156,157,161,162,163,164,165
draft_22951_01359	37,75,77,80,85,86,93,95,98,100,105,106,108,109,110,114,115,117,120,121,122,123,126,127,128,129,132,135,136,137,138,142,143,144,145,146,148,149,150,153,154,155,156,157,158,159,160,161,162,163,164,165
draft_22951_01360	65,96,98,105,121,125,137,144,145,156,161,162,163,165
draft_22951_01361	25,52,65,77,79,80,90,91,92,94,95,97,98,100,106,110,111,113,117,119,120,121,124,125,127,130,131,133,135,137,139,142,143,144,145,150,151,152,153,154,155,156,157,158,159,161,162,163,164,165
draft_22951_01362	38,65,74,75,77,79,83,85,96,100,105,111,115,120,121,122,125,129,137,142,144,145,148,149,150,153,155,156,158,160,161,162,163,165
draft_22951_01363	34,37,43,53,66,77,80,89,90,91,92,97,98,99,106,110,112,114,115,116,117,120,121,127,128,129,131,136,137,142,143,146,147,149,150,151,154,155,156,158,159,160,161,163,164,165
draft_22951_01364	52,65,69,75,79,80,85,86,92,94,95,97,98,100,105,110,111,113,117,118,120,121,122,124,125,127,129,136,137,138,142,143,145,147,148,151,153,154,156,158,159,161,162,163,164,165
draft_22951_01365	54,65,83,90,91,95,96,104,105,118,121,127,131,132,137,139,143,144,145,147,151,152,156,157,161,162,163,164,165
draft_22951_01366	11,50,66,74,76,99,105,112,116,127,141,143,145,149,152,154,160,163,164,165
draft_22951_01367	65,75,83,85,93,95,96,105,121,122,123,137,139,144,148,150,154,156,157,158,159,160,161,162,163,164,165
draft_22951_01368	65,79,92,95,98,105,110,117,120,121,125,133,135,137,142,145,151,154,155,156,158,161,162,163,164,165
draft_22951_01369	62,66,89,90,91,92,98,104,108,110,111,112,114,116,117,121,127,129,132,136,137,143,145,147,150,151,154,155,156,158,159,160,161,162,163,164,165
draft_22951_01370	62,65,75,83,85,96,113,121,122,127,133,135,137,139,143,148,152,156,157,158,161,162,163,164,165
draft_22951_01371	52,62,65,72,75,89,92,93,94,95,97,98,105,110,113,117,120,121,122,124,125,126,127,133,135,137,142,143,144,145,146,148,149,150,152,154,156,157,158,159,160,161,162,163,164,165
draft_22951_01372	74,82,86,93,100,113,125,126,127,138,141,143,145,149,151,152,153,155,157,158,160,161,162,163,164,165
draft_22951_01373	78,85,86,97,100,113,114,116,119,122,125,127,133,135,138,139,141,142,143,144,145,148,149,150,152,153,155,156,157,158,160,161,162,163,164,165
draft_22951_01374	25,52,62,65,75,77,79,80,85,86,94,98,100,106,111,118,119,120,121,122,124,125,129,133,135,137,138,142,145,147,148,153,155,156,158,161,162,163,165
draft_22951_01375	66,75,83,85,86,90,91,96,97,100,104,111,112,118,121,122,128,129,132,137,138,139,145,147,148,152,153,155,157,158,161,162,163,164,165
draft_22951_01376	78,85,86,97,100,113,114,116,119,122,125,127,133,135,138,139,142,143,144,145,148,149,150,152,153,155,156,157,158,160,161,162,163,164,165
draft_22951_01377	19,75,80,82,85,86,90,93,100,104,105,108,111,115,116,118,121,122,125,128,135,137,138,142,144,145,147,148,151,153,155,156,158,160,161,162,163,165
draft_22951_01378	62,65,75,83,85,90,95,96,100,104,111,121,122,123,128,129,131,132,136,137,139,140,144,146,147,148,150,153,154,155,156,157,158,159,160,161,162,163,164,165
draft_22951_01379	66,74,75,85,86,90,91,98,100,104,111,112,118,121,122,123,125,128,129,131,132,137,138,139,140,145,146,147,148,149,152,153,154,155,157,158,159,160,161,162,163,164,165
draft_22951_01380	62,65,98,105,121,123,125,137,139,145,154,156,157,159,161,162,163,164,165
draft_22951_01381	52,69,78,84,92,94,95,105,110,117,119,124,125,131,133,135,142,145,151,154,156,158,161,162,163,164,165
draft_22951_01382	62,84,93,95,113,125,126,127,133,135,143,144,145,150,151,152,156,157,158,160,161,162,163,164,165
draft_22951_01383	65,83,95,96,97,121,136,137,141,144,149,150,151,152,154,156,159,160,161,162,163,164,165
draft_22951_01384	66,74,75,79,85,86,92,93,98,100,110,111,112,115,116,117,118,120,121,122,129,137,138,141,142,145,147,148,149,153,154,156,158,160,161,162,163,164,165
draft_22951_01385	65,83,95,96,97,105,113,121,123,126,127,137,143,151,152,154,156,157,159,160,161,162,163,164,165
draft_22951_01386	82,86,90,91,100,104,108,111,114,115,116,118,128,129,138,147,149,151,153,155,158,160,161
draft_22951_01387	75,82,83,85,89,90,91,92,96,100,104,105,110,111,117,118,121,122,123,125,127,128,129,131,132,136,137,138,139,140,142,143,144,145,146,147,148,150,151,153,154,155,156,157,158,159,161,162,163,164,165
draft_22951_01388	37,75,77,83,85,86,90,91,96,100,106,109,110,111,114,117,118,121,122,123,126,133,135,136,137,138,142,146,147,148,151,153,154,155,156,157,158,159,160,161,162,163,164,165
draft_22951_01389	47,64,66,73,77,78,80,81,88,90,91,98,104,105,106,111,112,118,119,120,121,128,129,137,142,145,147,151,156,158,161,163,165
draft_22951_01390	57,83,84,96,97,105,125,133,135,137,145,151,152,156,158,161,162,163,164,165
draft_22951_01391	57,83,84,96,97,105,125,133,135,137,145,151,152,156,158,161,162,163,164,165
draft_22951_01392	75,83,85,89,90,91,92,96,100,104,105,110,111,117,118,121,122,123,125,127,128,129,131,132,133,135,136,137,139,140,142,143,144,145,146,147,148,150,151,153,154,155,156,157,158,159,161,162,163,164,165
draft_22951_01393	19,50,74,76,85,86,93,99,100,105,111,115,116,122,125,144,145,147,148,149,153,155,158,160,161,162,163,165
draft_22951_01394	19,74,75,80,85,86,93,100,105,108,111,115,116,118,121,122,125,128,135,137,138,142,144,145,147,148,149,153,155,156,158,160,161,162,163,165
draft_22951_01395	65,83,90,91,96,104,105,111,118,121,123,129,131,137,139,144,145,147,151,154,156,157,159,161,162,163,164,165
draft_22951_01396	37,53,62,65,75,77,80,85,89,90,92,93,97,98,106,108,110,113,117,120,121,122,125,126,127,131,133,135,136,137,139,140,142,143,144,145,146,148,149,150,151,152,154,155,156,157,158,159,160,161,162,163,164,165
draft_22951_01397	37,65,72,75,77,80,85,86,89,92,93,95,97,98,100,105,106,110,113,114,116,117,120,121,122,125,126,127,133,135,136,137,138,140,141,142,143,144,145,146,148,149,150,151,152,153,154,155,156,157,158,159,160,161,162,163,164,165
draft_22951_01398	74,82,85,86,92,100,110,114,115,116,117,122,133,135,138,141,142,148,149,151,153,154,155,156,158,160,161,162,163,164,165
draft_22951_01399	59,64,65,81,88,98,105,114,121,125,137,145,153,155,156,160,161,162,163,165
draft_22951_01400	19,50,76,82,86,93,99,100,104,105,111,115,116,118,125,144,145,147,151,153,155,158,160,161,162,163,165
draft_22951_01401	30,49,74,85,86,93,95,100,109,111,112,115,116,118,122,125,126,128,129,132,138,145,147,148,149,153,155,157,158,159,160,161,162,163,164,165
draft_22951_01402	25,38,62,65,75,77,80,83,85,86,96,98,100,105,106,111,118,120,121,122,125,129,133,135,137,138,142,145,147,148,153,156,158,161,162,163,165
draft_22951_01403	36,66,75,80,81,83,85,86,88,92,93,95,96,98,100,108,109,110,111,112,114,115,117,118,120,121,122,126,128,129,132,133,135,137,138,142,145,147,148,149,153,154,155,156,157,158,159,160,161,162,163,164,165
draft_22951_01404	25,37,65,77,80,85,89,97,98,106,109,110,113,114,117,120,121,122,125,126,127,133,135,137,142,143,145,148,151,153,154,155,156,157,158,159,160,161,162,163,164,165
draft_22951_01405	57,82,83,92,95,96,100,110,117,132,137,151,152,153,154,155,156,158,159,160,161,162,163,164,165
draft_22951_01406	37,65,75,77,79,80,85,86,89,92,93,95,97,98,100,106,110,111,113,117,118,120,121,122,125,127,129,136,137,138,142,143,144,145,146,147,148,149,150,153,154,156,158,159,160,161,162,163,164,165
draft_22951_01407	38,52,62,65,75,77,80,85,92,94,97,98,110,113,117,119,120,121,122,124,125,127,133,135,136,137,142,143,144,145,148,149,150,151,154,156,158,159,160,161,162,163,164,165
draft_22951_01408	65,75,82,83,85,96,100,104,105,109,114,121,122,128,132,137,138,139,147,148,153,155,156,157,158,160,161,162,163,164,165
draft_22951_01409	52,69,72,78,92,93,94,95,97,110,113,117,119,124,125,126,127,142,143,144,145,146,149,150,151,152,154,156,157,158,159,160,161,162,163,164,165
draft_22951_01410	66,82,86,90,93,100,104,105,108,111,112,115,116,118,125,128,129,144,145,147,151,153,155,158,160,161,162,163,165
draft_22951_01411	90,92,93,104,108,110,111,116,117,123,126,132,133,135,136,141,144,146,147,149,150,151,154,155,156,157,158,159,160,161,162,163,164,165
draft_22951_01412	36,81,82,83,86,88,96,100,104,105,111,118,128,129,137,138,144,145,147,151,153,155,158,161,162,163,165
draft_22951_01413	65,75,83,85,95,96,100,104,121,122,132,137,139,148,152,153,155,157,158,161,162,163,164,165
draft_22951_01414	52,62,65,69,75,80,83,85,94,96,105,120,121,122,124,133,135,137,142,148,151,156,158,161,162,163,165
draft_22951_01415	57,62,65,75,83,85,96,105,109,120,121,122,123,127,133,135,137,143,144,148,153,154,156,157,158,159,161,162,163,164,165
draft_22951_01416	62,65,78,80,98,105,119,120,121,125,135,137,142,144,145,150,156,158,161,162,163,165
draft_22951_01417	25,52,62,65,77,79,80,83,90,91,92,94,95,96,97,98,100,105,106,110,111,113,117,119,120,121,124,125,127,130,131,133,135,137,142,143,144,145,150,151,153,154,155,156,158,161,162,163,164,165
draft_22951_01418	28,38,47,52,59,62,64,65,73,75,77,79,80,81,83,85,86,88,94,96,100,106,111,114,118,120,121,122,124,128,129,137,138,142,144,147,148,150,153,155,156,158,160,161,162,163,165
draft_22951_01419	99,152,154,160,162,163,164,165
draft_22951_01420	65,79,82,85,86,91,92,98,100,104,105,108,109,110,111,113,114,115,116,117,118,121,122,125,126,127,129,132,137,138,141,142,143,145,147,148,149,151,153,154,155,156,157,158,159,160,161,162,163,164,165
draft_22951_01421	36,81,82,83,88,96,100,125,137,145,151,153,155,156,158,161,162,163,165
draft_22951_01422	65,97,98,105,113,121,125,126,127,137,141,143,145,149,152,156,157,160,161,162,163,164,165
draft_22951_01423	66,74,75,80,83,84,85,90,92,96,97,100,104,105,108,110,111,112,116,117,121,122,132,135,137,141,142,144,147,148,149,150,151,153,154,155,156,158,160,161,162,163,164,165
draft_22951_01424	53,65,80,82,83,90,91,92,96,97,100,104,105,110,111,117,120,121,125,131,137,142,145,147,151,153,154,155,156,158,161,162,163,164,165
draft_22951_01425	57,72,83,85,86,92,93,95,96,100,110,115,117,122,137,148,152,153,154,155,156,158,159,160,161,162,163,164,165
draft_22951_01426	62,65,75,79,85,92,95,98,100,104,105,110,113,117,120,121,122,123,125,127,132,136,137,139,142,143,144,145,146,148,150,153,154,155,156,157,158,159,161,162,163,164,165
draft_22951_01427	36,59,74,75,79,81,85,86,88,93,98,100,105,111,114,115,116,120,121,122,125,132,135,137,141,142,144,145,148,149,152,153,154,155,156,158,160,161,162,163,164,165
draft_22951_01428	19,50,74,76,85,86,93,99,100,105,111,115,116,118,122,125,144,145,147,148,149,153,155,158,160,161,162,163,165
draft_22951_01429	52,68,69,90,91,92,94,95,110,117,118,123,124,125,129,131,136,139,140,142,145,146,147,150,151,154,156,157,158,159,161,162,163,164,165
draft_22951_01430	34,50,75,76,85,98,99,100,108,111,115,121,122,128,129,137,145,148,149,150,153,155,156,158,160,161,162,163,165
draft_22951_01431	52,65,75,79,80,92,93,94,95,97,98,100,104,105,108,110,111,113,117,120,121,122,123,124,125,126,127,132,133,135,136,137,140,142,143,144,145,146,148,149,150,151,153,154,155,156,157,158,159,160,161,162,163,164,165
draft_22951_01432	57,62,65,83,92,95,96,98,110,117,120,121,125,137,142,145,152,156,161,162,163,164,165
draft_22951_01433	52,65,74,75,79,80,92,94,95,97,98,100,104,105,108,110,111,113,117,120,121,122,124,125,127,131,132,133,135,136,137,139,141,142,143,144,145,146,148,149,150,151,152,153,154,155,156,157,158,159,160,161,162,163,164,165
draft_22951_01434	65,75,79,82,83,85,92,96,100,104,110,111,117,121,122,137,138,142,147,148,151,153,154,155,156,158,160,161,162,163,164,165
draft_22951_01435	62,65,83,90,96,104,111,121,123,131,132,137,139,147,151,154,155,156,157,159,161,162,163,164,165
draft_22951_01436	65,97,98,113,121,123,125,126,127,137,143,145,152,154,157,159,161,162,163,164,165
draft_22951_01437	28,57,62,72,83,91,92,93,96,97,98,104,105,109,110,111,113,117,120,121,123,125,126,127,132,135,137,140,143,144,145,146,151,152,153,154,156,157,158,159,160,161,162,163,164,165
draft_22951_01438	72,85,86,93,100,108,109,111,113,114,115,116,118,122,123,125,126,127,128,129,132,138,140,141,143,144,145,146,147,148,149,150,152,153,154,155,156,157,158,159,160,161,162,163,164,165
draft_22951_01439	38,62,65,77,80,98,105,120,121,125,133,135,137,142,145,151,156,158,161,162,163,165
draft_22951_01440	53,65,80,83,92,96,97,110,117,121,131,133,135,137,141,142,144,149,150,151,154,156,158,160,161,162,163,164,165
draft_22951_01441	38,62,65,75,77,80,85,92,97,98,105,110,113,117,120,121,122,125,127,133,135,137,142,143,144,145,148,149,150,154,156,158,160,161,162,163,164,165
draft_22951_01442	54,57,74,79,82,84,91,95,97,98,100,105,113,115,123,125,127,131,133,135,137,142,143,144,145,149,150,151,152,153,154,155,156,158,159,160,161,162,163,164,165
draft_22951_01443	85,86,93,100,108,111,114,115,116,118,122,128,129,138,141,147,148,149,153,155,158,160,161
draft_22951_01444	65,75,79,80,83,85,89,92,96,98,99,100,105,110,111,116,117,120,121,122,125,127,128,129,136,137,142,143,144,145,148,150,153,154,155,156,158,159,160,161,162,163,164,165
draft_22951_01445	45,54,65,74,76,79,80,82,91,92,95,98,99,100,110,117,121,125,131,136,137,141,142,145,149,151,153,154,155,156,158,159,160,161,162,163,164,165
draft_22951_01446	52,65,78,80,83,94,96,105,119,120,121,124,125,131,137,142,144,145,149,150,151,156,160,161,162,163,165
draft_22951_01447	38,65,75,77,79,80,83,85,90,96,100,104,105,111,118,120,121,122,125,128,129,137,142,144,145,147,148,151,153,155,156,158,161,162,163,165
draft_22951_01448	85,89,92,105,110,113,117,122,123,125,126,127,133,135,136,140,141,143,145,146,148,149,152,154,156,157,158,159,160,161,162,163,164,165
draft_22951_01449	38,65,77,79,80,83,96,98,105,120,121,125,137,142,145,151,156,161,162,163,165
draft_22951_01450	62,65,75,80,85,86,98,100,105,111,118,120,121,122,125,129,133,135,137,138,142,145,147,148,153,156,158,161,162,163,165
draft_22951_01451	37,38,65,75,77,79,80,85,86,89,92,93,95,97,98,100,104,105,106,108,110,111,113,114,116,117,120,121,122,125,127,132,133,135,136,137,138,140,141,142,143,144,145,146,148,149,150,151,153,154,155,156,158,159,160,161,162,163,164,165
draft_22951_01452	52,57,62,65,72,75,83,92,94,95,96,98,105,110,113,117,120,121,122,124,125,127,133,135,136,137,142,143,144,145,146,148,150,151,152,154,156,158,159,160,161,162,163,164,165
draft_22951_01453	74,85,86,93,100,108,111,114,115,116,118,122,128,129,141,147,148,149,153,155,158,160,161
draft_22951_01454	52,62,65,75,80,83,93,94,96,120,121,122,124,130,133,135,137,141,142,144,148,149,150,156,158,160,161,162,163,165
draft_22951_01455	82,86,95,100,104,109,111,118,126,127,128,129,132,138,143,145,147,151,152,153,155,157,158,159,161,163,164,165
draft_22951_01456	93,99,113,126,127,143,149,152,154,157,159,160,162,163,164,165
draft_22951_01457	62,75,83,85,89,92,96,105,110,117,121,122,123,125,127,133,135,136,137,139,140,143,144,145,146,148,150,154,156,157,158,159,160,161,162,163,164,165
draft_22951_01458	43,47,73,75,77,79,81,82,83,85,86,88,90,91,92,96,100,104,105,106,110,111,117,118,121,122,127,129,131,133,137,138,142,143,144,145,147,148,150,151,153,154,155,156,158,161,162,163,164,165
draft_22951_01459	28,57,62,72,83,91,92,93,96,97,98,104,105,109,110,111,113,117,120,121,123,125,126,127,132,135,137,140,143,144,145,146,149,150,151,152,153,154,156,157,158,159,160,161,162,163,164,165
draft_22951_01460	62,75,83,85,89,92,96,105,110,117,118,121,122,127,129,133,135,136,137,143,145,146,147,148,150,152,154,156,158,159,160,161,162,163,164,165
draft_22951_01461	54,62,65,83,95,96,121,123,131,137,139,151,154,156,157,159,160,161,162,163,164,165
draft_22951_01462	37,65,75,77,79,82,83,85,90,91,92,95,96,100,104,105,106,108,110,111,116,117,118,120,121,122,125,128,131,133,135,136,137,138,142,144,145,147,148,150,151,153,154,155,156,158,159,160,161,162,163,164,165
draft_22951_01463	65,75,79,83,85,90,91,92,95,96,98,100,104,105,110,111,117,118,120,121,122,125,127,128,129,131,132,135,136,137,142,143,144,145,147,148,151,153,154,155,156,158,159,161,162,163,164,165
draft_22951_01464	47,59,64,65,73,81,88,90,91,96,98,105,118,121,125,137,144,145,147,151,156,161,162,163,165
draft_22951_01465	65,80,92,97,98,110,117,121,125,137,142,145,151,154,156,158,161,162,163,164,165
draft_22951_01466	84,90,91,93,95,98,104,105,111,113,118,121,125,126,127,128,129,131,133,135,137,142,143,144,145,147,150,151,152,155,156,157,158,160,161,162,163,164,165
draft_22951_01467	21,26,38,45,52,62,69,72,75,76,77,78,79,80,83,89,93,94,96,97,98,99,105,113,119,120,121,122,124,125,126,127,130,133,135,137,141,142,143,144,145,146,148,149,150,151,152,156,157,158,159,160,161,162,163,164,165
draft_22951_01468	37,53,62,65,75,77,79,80,82,83,85,89,90,91,92,95,96,97,100,104,105,106,110,111,117,118,120,121,122,127,128,129,131,132,133,136,137,142,143,145,146,147,148,150,151,153,154,155,156,158,159,161,162,163,164,165
draft_22951_01469	62,65,75,83,85,96,97,121,122,123,133,135,137,139,144,148,149,150,154,156,157,158,159,160,161,162,163,164,165
draft_22951_01470	62,65,98,121,125,137,145,156,160,161,162,163,165
draft_22951_01471	57,83,84,96,125,131,133,135,137,141,142,144,145,149,150,151,152,156,158,160,161,162,163,164,165
draft_22951_01472	82,91,97,98,100,104,105,111,121,125,127,132,135,137,143,144,145,147,151,152,153,154,156,158,161,162,163,164,165
draft_22951_01473	22,57,83,96,99,137,152,154,159,162,164,165
draft_22951_01474	53,89,99,113,125,127,131,139,140,143,144,145,146,150,152,154,157,159,162,163,164,165
draft_22951_01475	17,66,74,75,83,85,89,90,91,92,96,100,104,105,108,110,111,112,117,118,121,122,127,128,129,132,136,137,142,143,144,146,147,148,149,150,151,153,154,155,156,158,159,160,161,162,163,164,165
draft_22951_01476	23,25,43,59,64,65,77,79,81,83,88,93,96,97,105,106,110,117,120,121,123,125,126,131,133,135,137,142,145,151,154,156,157,158,159,160,161,162,163,164,165
draft_22951_01477	45,74,85,86,93,97,99,105,122,125,145,148,149,152,154,158,160,161,162,163,164,165
draft_22951_01478	37,65,75,77,79,83,85,90,91,95,96,100,105,106,109,110,111,113,117,120,121,122,125,126,127,132,137,138,142,143,144,145,147,148,150,151,152,153,154,155,156,157,158,159,161,162,163,164,165
draft_22951_01479	57,97,98,105,113,123,125,127,133,135,137,143,145,151,152,154,156,158,159,161,162,163,164,165
draft_22951_01480	52,53,69,78,89,92,94,95,97,105,110,113,117,119,124,125,127,131,139,142,143,144,145,146,150,151,152,154,156,157,158,159,161,162,163,164,165
draft_22951_01481	38,57,62,65,77,80,97,98,105,113,120,121,123,125,127,137,142,143,145,152,154,156,159,161,162,163,164,165
draft_22951_01482	47,73,75,77,80,81,83,85,86,88,90,91,93,96,98,100,104,105,106,111,115,116,118,120,121,122,129,133,135,137,138,142,144,145,147,148,149,151,153,156,158,160,161,162,163,165
draft_22951_01483	82,84,90,91,100,104,108,111,114,115,116,118,128,129,147,151,153,155,158,160,161
draft_22951_01484	25,65,66,74,75,77,79,83,85,96,100,101,105,106,111,112,114,115,116,118,120,121,122,137,141,142,147,148,149,153,155,156,158,160,161,162,163,165
draft_22951_01485	17,66,92,104,108,110,111,112,114,115,117,128,132,149,151,154,155,156,158,160,161,162,163,164,165
draft_22951_01486	53,80,89,92,93,97,104,110,111,117,123,125,126,131,132,133,135,136,140,142,145,146,149,151,154,155,156,157,158,159,160,161,162,163,164,165
draft_22951_01487	89,99,113,125,127,131,139,143,144,145,146,150,152,154,157,159,162,163,164,165
draft_22951_01488	38,62,65,75,77,79,80,83,85,93,96,98,105,120,121,122,125,137,142,144,145,148,150,156,158,160,161,162,163,165
draft_22951_01489	66,74,91,93,95,98,104,105,111,112,113,115,121,126,127,135,137,141,143,144,145,149,151,152,156,157,158,160,161,162,163,164,165
draft_22951_01490	37,62,74,77,78,80,90,91,97,98,99,106,110,117,119,120,121,123,126,127,129,136,137,141,142,143,145,146,147,149,150,151,152,154,156,157,158,159,160,161,163,164,165
draft_22951_01491	45,50,54,65,74,76,79,82,83,90,91,92,95,96,99,100,104,105,108,110,111,116,117,121,125,131,136,137,141,142,144,145,147,149,150,151,153,154,155,156,158,159,160,161,162,163,164,165
draft_22951_01492	50,75,76,85,86,93,97,98,99,100,115,121,122,125,127,137,138,141,143,145,148,149,150,152,153,154,158,160,161,162,163,164,165
draft_22951_01493	30,49,74,85,86,93,100,108,111,112,114,115,116,118,122,128,129,141,147,148,149,153,155,158,160,161
draft_22951_01494	47,73,75,77,81,85,86,88,90,91,98,100,106,111,118,121,122,129,133,135,137,138,142,145,147,148,151,153,156,158,161,162,163,165
draft_22951_01495	65,83,90,91,95,96,105,118,121,127,132,137,143,144,145,147,151,152,154,156,161,162,163,164,165
draft_22951_01496	53,65,83,90,91,96,97,105,118,121,123,131,137,139,144,145,147,151,154,156,157,159,161,162,163,164,165
draft_22951_01497	52,62,65,69,78,83,90,91,92,94,95,96,98,105,110,111,117,119,120,121,124,125,127,131,137,142,143,145,150,151,154,156,158,161,162,163,164,165
draft_22951_01498	43,47,52,54,68,69,73,77,79,81,88,92,94,95,106,110,117,124,125,131,133,135,142,145,149,151,154,156,158,160,161,162,163,164,165
draft_22951_01499	57,82,83,92,95,96,100,110,117,132,137,144,149,150,151,152,153,154,155,156,158,159,160,161,162,163,164,165
draft_22951_01500	82,91,95,100,108,109,114,123,126,129,132,133,135,138,151,153,154,155,156,157,158,159,160,161,162,163,164,165
draft_22951_01501	65,75,83,85,90,96,100,104,105,114,121,122,123,128,132,137,139,147,148,153,154,155,156,157,158,159,160,161,162,163,164,165
draft_22951_01502	65,75,79,82,83,85,89,90,91,92,95,96,100,104,105,108,110,111,116,117,120,121,122,125,127,128,129,131,132,136,137,138,142,143,144,145,146,147,148,150,151,153,154,155,156,158,159,160,161,162,163,164,165
draft_22951_01503	62,75,79,80,83,85,86,89,92,95,96,97,98,100,105,110,111,117,118,120,121,122,125,127,128,129,132,133,135,136,137,138,142,143,145,147,148,150,153,154,156,158,159,161,162,163,164,165
draft_22951_01504	65,98,105,121,125,137,145,149,156,160,161,162,163,165
draft_22951_01505	62,65,98,105,121,123,125,137,139,145,154,156,157,159,160,161,162,163,164,165
draft_22951_01506	65,72,79,83,85,86,89,90,91,93,96,97,98,100,105,108,111,113,120,121,122,123,125,126,127,128,129,132,136,137,138,140,141,142,143,144,145,146,147,148,149,150,151,152,153,154,156,157,158,159,160,161,162,163,164,165
draft_22951_01507	57,62,65,83,96,97,105,120,121,123,125,127,137,143,144,145,151,152,154,156,157,159,161,162,163,164,165
draft_22951_01508	62,75,79,80,83,85,86,89,92,95,96,97,98,100,110,111,117,118,120,121,122,125,127,128,129,132,133,136,137,138,140,142,143,145,146,147,148,150,153,154,155,156,158,159,161,162,163,164,165
draft_22951_01509	75,80,83,84,85,92,96,97,100,105,110,111,117,121,122,125,133,135,137,142,144,145,147,148,150,151,153,154,156,158,161,162,163,164,165
draft_22951_01510	66,74,79,82,85,86,90,91,92,93,100,108,110,111,112,114,115,116,117,118,122,128,129,133,141,142,145,147,148,149,151,153,154,155,156,158,160,161,163,164,165
draft_22951_01511	84,90,91,92,104,108,110,111,114,115,116,117,118,128,129,132,147,151,154,155,156,158,160,161,164
draft_22951_01512	57,72,75,80,83,85,92,95,96,97,98,100,108,110,111,115,116,117,118,120,121,122,129,133,135,136,137,142,144,145,146,147,148,150,151,152,153,154,156,158,159,160,161,162,163,164,165
draft_22951_01513	43,47,52,54,68,69,73,77,79,81,82,88,90,91,92,94,95,100,104,106,110,111,117,124,125,131,132,142,145,147,151,153,154,155,156,158,161,162,163,164,165
draft_22951_01514	36,47,62,65,75,77,78,81,83,85,88,96,106,119,120,121,122,125,133,135,137,142,144,145,148,150,156,158,161,162,163,165
draft_22951_01515	89,99,113,125,127,131,139,143,144,145,146,150,152,154,157,159,162,163,164,165
draft_22951_01516	65,75,83,85,90,91,96,97,100,105,108,111,116,120,121,122,136,137,141,142,144,147,148,149,150,151,152,153,154,155,156,158,159,160,161,162,163,164,165
draft_22951_01517	65,75,83,85,90,91,96,97,100,105,108,111,116,120,121,122,123,131,137,139,142,144,147,148,149,150,151,153,154,155,156,157,158,159,160,161,162,163,164,165
draft_22951_01518	65,83,91,95,96,109,114,121,123,126,137,141,144,149,150,151,153,154,155,156,157,159,160,161,162,164,165
draft_22951_01519	54,74,79,82,90,91,92,95,100,104,110,111,117,123,125,128,131,132,136,139,140,142,145,146,149,151,153,154,155,156,157,158,159,160,161,162,163,164,165
draft_22951_01520	75,85,86,92,98,100,105,110,111,117,121,122,125,129,137,138,142,144,145,147,148,153,154,155,156,158,161,162,163,164,165
draft_22951_01521	43,47,73,77,81,88,91,93,105,106,118,129,131,133,135,142,144,145,147,151,156,158,160,161,162,163,165
draft_22951_01522	54,57,72,79,83,92,95,96,105,110,117,125,131,133,135,136,137,141,142,144,145,146,149,150,151,152,154,156,158,159,160,161,162,163,164,165
draft_22951_01523	85,86,100,108,111,114,116,118,122,125,128,129,138,145,147,148,153,155,158,160,161,162,163,165
draft_22951_01524	28,57,62,72,75,79,80,83,85,89,92,95,96,97,100,105,108,109,110,111,113,114,116,117,120,121,122,123,125,126,127,129,132,133,135,136,137,138,140,142,143,144,145,146,148,149,150,152,153,154,155,156,157,158,159,160,161,162,163,164,165
draft_22951_01525	43,47,73,74,75,77,79,81,82,85,86,88,90,91,98,100,104,106,111,118,120,121,122,125,128,129,131,133,135,137,138,141,142,144,145,147,148,149,150,151,153,155,156,158,160,161,162,163,165
draft_22951_01526	85,86,100,109,114,116,122,123,126,133,135,138,141,148,149,153,154,155,156,157,158,159,160,161,162,163,164,165
draft_22951_01527	65,83,96,97,121,137,141,144,149,150,151,152,154,156,160,161,162,163,164,165
draft_22951_01528	36,47,62,65,75,77,78,81,83,85,88,96,100,106,114,119,120,121,122,125,133,135,137,141,142,144,145,148,149,150,153,155,156,158,160,161,162,163,165
draft_22951_01529	62,75,80,83,85,90,92,93,96,97,100,110,111,113,117,121,122,125,126,127,132,133,135,136,137,141,142,143,144,145,146,148,149,150,151,152,153,154,156,157,158,159,160,161,162,163,164,165
draft_22951_01530	25,38,53,65,77,80,98,105,106,120,121,125,131,133,135,137,142,144,145,149,150,151,156,158,160,161,162,163,165
draft_22951_01531	85,92,93,110,113,117,122,125,126,127,133,135,136,140,141,142,143,145,146,148,149,152,154,156,157,158,159,160,161,162,163,164,165
draft_22951_01532	84,97,105,125,127,131,133,135,136,142,143,144,145,151,152,154,156,158,159,161,162,163,164,165
draft_22951_01533	37,62,77,78,80,97,98,106,109,110,117,119,120,121,123,125,126,127,136,137,142,143,145,146,150,151,153,154,155,156,157,158,159,160,161,162,163,164,165
draft_22951_01534	28,47,62,64,73,75,77,80,81,82,85,86,88,90,91,98,100,106,108,111,114,115,116,118,120,121,122,128,129,133,135,137,138,142,144,145,147,148,149,150,151,153,155,156,158,160,161,162,163,165
draft_22951_01535	65,83,96,105,121,137,151,156,160,161,162,163,165
draft_22951_01536	53,54,72,89,99,113,125,127,131,139,140,143,144,145,146,150,152,154,157,159,162,163,164,165
draft_22951_01537	53,65,89,90,92,97,98,105,110,113,117,121,125,127,131,137,139,143,144,145,149,150,151,152,154,155,156,157,159,160,161,162,163,164,165
draft_22951_01538	65,98,105,121,125,137,145,156,161,162,163,165
draft_22951_01539	25,52,65,75,77,79,80,83,85,94,96,100,101,105,106,120,121,122,124,125,133,135,137,142,145,148,151,153,155,156,158,161,162,163,165
draft_22951_01540	37,43,45,54,65,75,76,77,79,83,85,89,92,95,96,97,99,105,106,110,111,114,115,117,120,121,122,127,131,136,137,142,143,148,149,150,151,154,155,156,158,159,160,161,162,163,164,165
draft_22951_01541	57,62,72,89,93,98,105,113,125,126,127,137,140,141,143,144,145,146,149,150,152,154,157,159,160,162,163,164,165
draft_22951_01542	62,65,75,82,83,85,96,97,109,121,122,133,135,137,139,144,148,149,150,153,155,156,157,158,160,161,162,163,164,165
draft_22951_01543	43,47,52,62,65,69,73,75,77,78,79,80,81,83,84,85,88,94,96,106,119,121,122,124,131,133,135,137,142,144,148,149,150,151,156,158,160,161,162,163,165
draft_22951_01544	62,65,83,96,97,105,121,125,137,144,145,150,151,154,156,161,162,163,164,165
draft_22951_01545	52,65,69,75,78,80,83,85,92,93,94,95,96,97,99,104,110,111,116,117,119,121,122,124,132,137,142,144,148,150,151,154,155,156,158,160,161,162,163,164,165
draft_22951_01546	43,47,77,78,81,84,86,88,90,91,106,108,114,115,116,118,119,128,129,131,138,142,147,151,153,155,156,158,160,161
draft_22951_01547	45,50,54,76,79,84,89,97,99,109,114,123,126,131,133,135,136,138,140,142,144,146,149,150,151,153,154,155,156,157,158,159,160,161,162,163,164,165
draft_22951_01548	36,59,64,75,79,80,81,85,86,88,93,98,100,105,111,114,115,116,118,120,121,122,125,128,129,135,137,138,142,144,145,147,148,149,153,155,156,158,160,161,162,163,165
draft_22951_01549	47,65,73,77,79,81,85,86,88,90,91,98,100,106,111,121,122,125,129,133,135,137,138,142,145,147,148,151,153,155,156,158,161,162,163,165
draft_22951_01550	52,68,69,92,94,95,99,109,110,114,117,123,124,125,126,131,136,140,142,145,146,151,153,154,155,156,157,158,159,160,161,162,163,164,165
draft_22951_01551	65,83,96,105,121,137,151,156,160,161,162,163,165
draft_22951_01552	54,57,79,82,83,90,91,92,95,96,100,104,110,111,117,125,128,131,132,136,137,142,145,146,151,152,153,154,155,156,158,159,161,162,163,164,165
draft_22951_01553	52,62,65,75,80,83,89,90,91,92,94,95,96,97,110,113,114,115,116,117,118,120,121,122,124,125,127,131,133,135,137,139,142,143,144,145,146,147,148,150,152,154,155,156,157,158,159,160,161,162,163,164,165
draft_22951_01554	59,64,65,79,81,88,98,105,111,116,120,121,125,137,142,144,145,150,153,155,156,160,161,162,163,165
draft_22951_01555	43,47,52,69,73,74,77,78,79,81,84,88,94,106,119,124,131,142,149,151,156,158,160,161,162,163,165
draft_22951_01556	38,47,52,59,64,65,69,73,75,77,79,80,81,83,85,88,93,94,96,106,120,121,122,124,125,137,142,144,145,148,150,151,156,158,160,161,162,163,165
draft_22951_01557	57,62,84,89,93,98,105,113,118,125,126,127,129,132,133,135,137,143,144,145,146,147,149,151,152,156,157,158,159,160,161,162,163,164,165
draft_22951_01558	99,113,125,127,139,143,145,152,154,157,159,162,163,164,165
draft_22951_01559	37,43,77,106,110,117,125,131,133,135,136,142,145,149,151,152,154,156,158,159,160,161,162,163,164,165
draft_22951_01560	65,75,83,85,93,96,97,105,114,121,122,137,141,144,148,149,150,154,155,156,158,160,161,162,163,164,165
draft_22951_01561	62,65,75,83,85,96,121,122,123,133,135,137,139,144,148,149,150,154,156,157,158,159,160,161,162,163,164,165
draft_22951_01562	53,65,80,82,89,90,92,97,98,100,104,105,110,111,113,114,115,116,117,118,121,125,127,131,136,137,142,143,144,145,147,150,151,152,153,154,155,156,158,159,160,161,162,163,164,165
draft_22951_01563	62,65,78,80,98,105,119,120,121,125,135,137,142,144,145,150,156,158,161,162,163,165
draft_22951_01564	65,79,95,96,97,98,105,120,121,125,127,137,142,143,144,145,152,154,156,161,162,163,164,165
draft_22951_01565	38,62,65,75,77,79,80,83,85,96,98,100,111,120,121,122,125,133,135,137,138,142,145,147,148,150,153,156,158,161,162,163,165
draft_22951_01566	85,86,95,100,108,109,111,114,116,118,122,123,126,129,132,138,145,147,148,149,153,154,155,157,158,159,160,161,162,163,164,165
draft_22951_01567	17,66,90,92,104,108,110,111,112,114,115,117,128,132,147,149,151,154,155,156,158,160,161,162,163,164,165
draft_22951_01568	62,65,83,96,97,105,121,125,137,144,145,150,151,152,154,156,160,161,162,163,164,165
draft_22951_01569	92,110,117,125,133,135,136,145,149,151,152,154,156,158,159,160,161,162,163,164,165
draft_22951_01570	84,125,133,135,144,145,149,150,151,152,154,156,158,160,161,162,163,164,165
draft_22951_01571	62,65,75,83,85,96,97,121,122,133,135,137,144,148,149,150,154,156,158,160,161,162,163,164,165
draft_22951_01572	62,65,75,83,85,96,121,122,123,133,135,137,139,144,148,149,150,154,156,157,158,159,160,161,162,163,164,165
draft_22951_01573	65,75,77,79,83,85,96,100,105,108,116,120,121,122,125,137,141,142,144,145,148,149,150,153,155,156,158,160,161,162,163,165
draft_22951_01574	53,57,78,80,89,92,97,98,105,110,113,117,119,125,126,127,131,133,135,137,142,143,144,145,146,150,151,152,154,156,157,158,159,161,162,163,164,165
draft_22951_01575	62,65,98,105,121,125,137,145,156,161,162,163,165
draft_22951_01576	62,82,91,97,98,100,104,105,111,121,125,127,132,135,137,143,144,145,147,151,152,153,154,156,158,161,162,163,164,165
draft_22951_01577	43,47,65,73,75,77,79,81,82,83,85,88,90,93,96,100,106,108,111,116,121,122,131,133,135,137,142,144,148,149,150,151,153,155,156,158,160,161,162,163,165
draft_22951_01578	37,65,75,77,80,85,89,92,93,97,98,100,105,106,108,110,113,117,120,121,122,123,125,126,127,136,137,140,142,143,144,145,146,148,149,150,153,154,155,156,157,158,159,160,161,162,163,164,165
draft_22951_01579	43,47,73,77,81,88,106,125,131,133,135,142,144,145,149,150,151,156,158,160,161,162,163,165
draft_22951_01580	57,72,83,85,89,92,93,96,97,98,105,110,113,117,120,121,122,125,126,127,137,140,141,143,144,145,146,148,149,150,152,154,156,157,158,159,160,161,162,163,164,165
draft_22951_01581	45,52,53,68,69,76,80,90,92,94,95,97,99,104,110,111,117,124,125,131,132,133,135,136,142,145,151,154,155,156,158,159,160,161,162,163,164,165
draft_22951_01582	38,57,62,65,71,72,77,79,83,92,94,95,96,97,98,102,105,110,117,120,121,124,125,137,142,145,152,156,159,160,161,162,163,164,165
draft_22951_01583	65,74,79,92,95,98,105,110,117,121,125,137,142,145,149,151,154,156,158,160,161,162,163,164,165
draft_22951_01584	50,75,76,85,86,93,97,98,99,100,115,121,122,125,127,137,138,141,143,144,145,148,149,150,152,153,154,158,160,161,162,163,164,165
draft_22951_01585	50,59,64,76,81,88,96,99,127,128,129,132,143,147,150,152,153,154,155,162,163,164,165
draft_22951_01586	62,75,79,80,83,85,86,89,92,95,96,97,98,100,104,105,110,111,117,118,120,121,122,125,127,129,132,133,135,136,137,138,140,142,143,144,145,146,147,148,150,151,153,154,155,156,158,159,161,162,163,164,165
draft_22951_01587	62,65,75,83,85,95,96,113,121,122,127,133,135,137,139,143,144,148,150,152,156,157,158,160,161,162,163,164,165
draft_22951_01588	45,50,76,90,97,98,99,116,121,125,136,137,145,149,150,151,152,154,156,158,159,160,161,162,163,164,165
draft_22951_01589	26,45,50,62,66,74,76,91,97,98,99,104,105,111,112,115,121,127,128,132,136,137,141,143,145,149,151,152,154,156,158,159,160,161,162,163,164,165
draft_22951_01590	53,65,80,83,92,96,97,110,117,121,131,133,135,137,141,142,144,149,150,151,154,156,158,160,161,162,163,164,165
draft_22951_01591	30,49,85,86,100,111,112,114,115,116,118,122,128,129,138,141,147,148,149,153,155,158,160,161
draft_22951_01592	37,57,65,66,74,75,77,80,85,89,92,93,97,98,105,106,109,110,112,113,116,117,120,121,122,125,127,136,137,140,141,142,143,144,145,146,148,149,150,152,153,154,156,157,158,159,160,161,162,163,164,165
draft_22951_01593	62,65,75,83,85,96,121,122,133,135,137,148,152,154,156,158,160,161,162,163,164,165
draft_22951_01594	38,65,77,79,80,83,96,98,105,120,121,125,137,142,145,151,156,160,161,162,163,165
draft_22951_01595	47,59,64,65,77,79,80,81,88,98,105,106,111,116,120,121,125,137,141,142,144,145,149,150,153,155,156,160,161,162,163,165
draft_22951_01596	62,75,80,83,85,90,92,96,97,100,109,110,111,114,117,118,121,122,123,126,127,128,129,132,133,135,136,137,138,140,142,143,145,146,147,148,150,151,153,154,155,156,157,158,159,160,161,162,163,164,165
draft_22951_01597	43,47,65,73,77,81,82,83,88,90,91,96,100,104,105,106,111,121,125,131,133,135,137,142,145,147,151,153,155,156,158,161,162,163,165
draft_22951_01598	50,57,62,76,83,89,96,99,108,120,127,136,137,140,143,146,150,152,154,159,160,162,163,164,165
draft_22951_01599	65,66,74,97,98,105,111,112,115,121,127,128,132,136,137,141,143,144,145,149,152,154,156,159,160,161,162,163,164,165
draft_22951_01600	38,43,47,52,54,62,64,69,73,75,77,79,80,81,83,88,90,91,94,96,104,105,106,111,112,118,120,121,122,124,129,131,133,135,137,142,145,147,148,150,151,156,158,161,162,163,165
draft_22951_01601	75,83,85,92,96,100,105,110,111,113,117,121,122,123,125,126,127,135,136,137,143,144,145,146,147,148,152,153,154,156,157,158,159,160,161,162,163,164,165
draft_22951_01602	50,62,76,78,89,91,97,99,100,104,111,114,115,116,118,119,127,132,139,143,145,147,150,152,153,154,155,157,158,159,160,161,162,163,164,165
draft_22951_01603	74,82,92,96,100,105,110,115,117,125,127,136,143,144,145,149,151,152,153,154,155,156,158,159,160,161,162,163,164,165
draft_22951_01604	52,53,65,69,72,79,80,82,90,92,93,94,95,97,98,100,105,110,113,117,120,121,124,125,126,127,131,136,137,140,142,143,144,145,146,149,150,151,152,153,154,155,156,157,158,159,160,161,162,163,164,165
draft_22951_01605	65,75,83,85,93,96,105,113,121,122,123,126,127,137,141,143,144,148,149,150,152,154,156,157,158,159,160,161,162,163,164,165
draft_22951_01606	52,68,69,92,94,95,110,117,124,125,131,136,142,144,145,146,150,151,152,154,156,158,159,160,161,162,163,164,165
draft_22951_01607	52,53,69,78,80,84,92,94,95,97,105,110,117,119,124,125,131,133,135,142,144,145,150,151,154,156,158,161,162,163,164,165
draft_22951_01608	84,90,91,92,104,110,111,117,118,123,128,129,131,132,136,139,146,147,151,154,155,156,157,158,159,161,162,163,164,165
draft_22951_01609	62,65,98,105,121,123,125,137,139,144,145,149,150,154,156,157,159,160,161,162,163,164,165
draft_22951_01610	52,69,78,90,92,94,95,97,104,110,111,113,117,119,124,125,127,131,132,139,142,143,144,145,147,150,151,152,154,155,156,157,158,159,161,162,163,164,165
draft_22951_01611	47,64,66,73,74,81,88,91,98,104,105,111,112,115,116,121,137,141,144,145,149,151,156,158,160,161,162,163,165
draft_22951_01612	65,72,79,89,93,95,97,98,105,109,111,113,116,120,121,125,126,127,137,141,142,143,144,145,146,149,150,152,153,155,156,157,159,160,161,162,163,164,165
draft_22951_01613	43,47,66,73,74,77,81,82,88,90,100,106,112,131,141,142,149,151,153,155,156,158,160,161,162,163,165
draft_22951_01614	57,62,72,89,93,98,105,113,125,126,127,137,140,141,143,144,145,146,149,150,152,154,157,159,160,162,163,164,165
draft_22951_01615	62,65,98,105,121,125,137,145,156,160,161,162,163,165
draft_22951_01616	62,65,83,96,97,109,114,121,123,126,137,144,149,150,151,153,154,155,156,157,159,160,161,162,163,164,165
draft_22951_01617	17,45,54,66,76,79,92,95,99,104,110,111,112,114,115,117,125,131,136,142,145,149,151,154,155,156,158,159,160,161,162,163,164,165
draft_22951_01618	37,38,62,65,75,77,79,80,85,86,89,92,95,97,98,100,104,105,106,110,111,113,117,118,120,121,122,125,127,129,132,133,135,136,137,138,140,142,143,144,145,146,147,148,150,151,153,154,155,156,158,159,160,161,162,163,164,165
draft_22951_01619	82,86,90,91,93,100,104,108,111,114,115,116,118,128,129,147,149,151,153,155,158,160,161
draft_22951_01620	65,75,83,85,96,100,105,114,121,122,123,125,137,139,145,148,153,154,155,156,157,158,159,160,161,162,163,164,165
draft_22951_01621	37,38,65,75,77,79,80,83,85,86,89,92,93,95,96,97,98,100,105,106,108,110,111,113,117,118,120,121,122,125,127,128,129,132,135,136,137,138,140,142,143,144,145,146,147,148,149,150,153,154,155,156,158,159,160,161,162,163,164,165
draft_22951_01622	45,54,72,76,79,92,93,95,99,110,113,117,125,126,127,131,133,135,136,140,141,142,143,144,145,146,149,150,151,152,154,156,157,158,159,160,161,162,163,164,165
draft_22951_01623	82,90,91,92,100,104,108,110,111,114,115,116,117,118,123,128,129,131,132,136,139,146,147,151,153,154,155,156,157,158,159,160,161,164
draft_22951_01624	65,82,83,90,91,92,96,100,104,105,108,110,111,116,117,118,121,128,129,131,137,142,144,145,147,150,151,153,154,155,156,158,160,161,162,163,164,165
draft_22951_01625	37,43,53,77,80,82,90,91,95,100,104,106,109,110,111,113,117,118,125,126,127,131,132,133,135,136,138,140,142,143,145,146,147,151,152,153,154,155,156,157,158,159,161,162,163,164,165
draft_22951_01626	38,52,62,65,77,79,80,93,94,95,97,98,120,121,123,124,125,126,137,142,144,145,150,154,156,157,159,160,161,162,163,164,165
draft_22951_01627	62,75,83,84,85,89,92,96,105,110,117,121,122,125,127,133,135,136,137,142,143,144,145,148,150,151,154,156,158,159,161,162,163,164,165
draft_22951_01628	38,52,53,62,65,68,69,70,75,77,79,80,83,93,94,95,96,97,101,105,113,120,121,122,124,125,126,127,130,131,133,135,137,142,143,144,145,148,149,150,151,152,156,157,158,159,160,161,162,163,164,165
draft_22951_01629	65,82,83,90,91,92,96,100,104,105,108,110,111,116,117,121,125,131,137,142,144,145,147,149,150,151,153,154,155,156,158,160,161,162,163,164,165
draft_22951_01630	38,53,62,65,77,79,80,83,96,105,120,121,125,131,137,142,144,145,149,150,151,156,160,161,162,163,165
draft_22951_01631	57,62,72,89,93,98,105,113,125,126,127,137,140,143,144,145,146,149,150,152,154,157,159,160,162,163,164,165
draft_22951_01632	45,50,52,62,69,75,76,80,83,90,91,93,94,95,96,97,99,100,104,108,109,111,114,120,121,122,123,124,126,133,135,136,137,138,140,142,146,148,149,150,151,153,154,155,156,157,158,159,160,161,162,163,164,165
draft_22951_01633	28,47,59,64,65,81,88,98,120,121,125,137,142,145,153,155,156,161,162,163,165
draft_22951_01634	72,75,79,85,86,92,95,96,98,100,109,110,111,113,117,118,120,121,122,126,127,128,129,132,136,137,138,142,143,145,146,147,148,152,153,154,155,156,157,158,159,161,162,163,164,165
draft_22951_01635	45,74,76,83,85,86,93,95,96,97,99,105,121,122,125,127,133,135,137,142,143,144,145,148,149,150,151,152,154,156,158,160,161,162,163,164,165
draft_22951_01636	53,66,74,92,97,104,110,111,112,117,123,125,131,132,136,139,141,145,146,149,151,154,155,156,157,158,159,160,161,162,163,164,165
draft_22951_01637	62,65,98,105,113,120,121,125,127,137,139,142,143,145,152,156,157,161,162,163,164,165
draft_22951_01638	43,47,52,69,73,77,78,79,81,84,88,94,105,106,119,124,125,131,142,145,151,156,158,161,162,163,165
draft_22951_01639	74,85,86,93,100,108,111,114,115,116,118,122,128,129,141,147,148,149,153,155,158,160,161
draft_22951_01640	38,62,74,75,77,80,85,86,92,93,97,98,105,110,114,117,120,121,122,125,127,133,135,137,141,142,143,144,145,148,149,150,151,154,155,156,158,160,161,162,163,164,165
draft_22951_01641	38,62,65,75,77,80,85,92,97,98,105,110,113,117,120,121,122,125,127,133,135,137,142,143,144,145,148,150,154,156,158,161,162,163,164,165
draft_22951_01642	26,50,66,72,76,90,91,96,99,104,105,108,112,115,116,118,127,128,129,132,136,139,141,143,145,146,147,149,150,152,154,157,159,160,163,164,165
draft_22951_01643	65,75,79,83,85,86,92,95,96,100,110,111,117,118,120,121,122,128,137,138,142,147,148,153,154,155,156,158,161,162,163,164,165
draft_22951_01644	36,47,62,65,75,77,78,81,83,85,88,96,100,106,111,119,120,121,122,125,133,135,137,142,144,145,147,148,150,153,155,156,158,161,162,163,165
draft_22951_01645	57,62,66,85,86,91,92,97,98,100,105,110,112,114,116,117,120,121,122,125,132,133,135,137,138,141,142,144,145,148,149,151,152,153,155,156,157,158,160,161,162,163,164,165
draft_22951_01646	54,79,82,92,95,100,104,108,110,111,117,125,131,132,133,135,141,142,144,145,149,150,151,153,154,155,156,158,160,161,162,163,164,165
draft_22951_01647	90,91,92,105,110,117,118,123,129,131,133,135,136,139,144,145,146,147,150,151,154,156,157,158,159,161,162,163,164,165
draft_22951_01648	82,90,91,92,100,104,108,110,111,113,114,115,116,117,118,123,126,127,128,129,136,143,146,147,149,151,152,153,154,155,156,157,158,159,160,161,162,163,164,165
draft_22951_01649	57,65,89,92,93,97,98,99,105,110,113,117,120,121,125,126,127,137,143,145,146,152,154,156,157,159,160,161,162,163,164,165
draft_22951_01650	57,62,65,83,96,98,105,111,118,120,121,125,129,137,144,145,147,152,156,161,162,163,164,165
draft_22951_01651	50,76,82,91,92,99,100,104,109,110,111,114,117,118,123,126,128,129,136,138,146,147,151,153,154,155,156,157,158,159,160,161,163,164,165
draft_22951_01652	65,95,98,105,113,121,123,125,126,127,137,143,145,152,154,156,157,159,161,162,163,164,165
draft_22951_01653	84,90,91,92,104,108,110,111,114,115,116,117,118,128,129,132,147,151,154,155,156,158,160,161,164
draft_22951_01654	28,47,64,73,75,77,80,81,82,85,86,88,90,91,98,100,106,111,114,115,116,118,120,121,122,128,129,137,138,142,145,147,148,150,151,153,155,156,158,160,161,162,163,165
draft_22951_01655	62,75,83,85,86,96,97,100,105,113,121,122,125,127,133,135,137,138,139,143,144,145,148,152,153,156,157,158,161,162,163,164,165
draft_22951_01656	92,93,104,108,110,111,113,117,125,126,127,132,133,135,143,144,145,149,150,151,152,154,155,156,157,158,159,160,161,162,163,164,165
draft_22951_01657	37,62,66,74,77,78,80,97,98,106,110,112,117,119,120,121,123,126,127,136,137,141,142,143,145,146,149,150,151,152,154,156,157,158,159,160,161,162,163,164,165
draft_22951_01658	43,47,54,73,77,79,81,82,88,90,91,100,104,106,111,115,125,131,133,135,141,142,144,145,149,150,151,153,155,156,158,160,161,162,163,165
draft_22951_01659	57,83,85,89,92,93,96,97,98,105,110,113,117,120,121,122,125,126,127,137,143,144,145,146,148,149,152,154,156,157,158,159,160,161,162,163,164,165
draft_22951_01660	62,65,79,98,105,113,120,121,123,125,126,127,137,142,143,145,152,154,156,157,159,160,161,162,163,164,165
draft_22951_01661	52,54,57,66,69,72,74,78,79,80,82,83,92,94,95,96,100,104,110,111,112,117,119,124,131,132,136,137,141,142,146,149,151,152,153,154,155,156,158,159,160,161,162,163,164,165
draft_22951_01662	52,54,69,74,78,79,80,82,85,86,92,93,94,95,100,104,110,111,117,119,122,124,125,131,132,133,135,136,141,142,145,148,149,151,153,154,155,156,158,159,160,161,162,163,164,165
draft_22951_01663	62,65,83,85,95,96,97,98,105,121,122,125,136,137,144,145,148,150,154,156,159,161,162,163,164,165
draft_22951_01664	37,43,57,77,82,83,90,91,96,97,100,104,105,106,110,111,114,115,117,125,131,133,135,137,142,145,147,151,152,153,154,155,156,158,159,160,161,162,163,164,165
draft_22951_01665	82,84,90,91,100,104,108,111,114,115,116,118,128,129,147,151,153,155,158,160,161
draft_22951_01666	54,57,79,84,95,97,98,105,109,113,114,123,125,126,127,131,133,135,136,137,140,142,143,144,145,146,150,151,152,153,154,155,156,157,158,159,160,161,162,163,164,165
draft_22951_01667	50,57,76,83,89,96,99,105,127,136,137,143,144,146,150,152,154,159,162,163,164,165
draft_22951_01668	65,72,75,79,85,92,93,95,98,100,105,110,113,117,118,120,121,122,125,127,129,132,136,137,142,143,144,145,146,147,148,150,152,153,154,155,156,158,159,160,161,162,163,164,165
draft_22951_01669	28,57,65,72,79,83,89,95,96,97,98,105,109,111,113,116,120,121,123,125,126,127,137,138,142,143,144,145,146,150,152,153,155,156,157,159,160,161,162,163,164,165
draft_22951_01670	62,65,75,83,85,96,105,113,121,122,125,127,133,135,137,139,143,145,148,152,156,157,158,161,162,163,164,165
draft_22951_01671	28,47,62,64,73,75,77,80,81,82,85,86,88,90,98,100,106,108,120,121,122,125,133,135,137,138,142,144,145,148,149,150,151,153,155,156,158,160,161,162,163,165
draft_22951_01672	38,43,47,52,54,62,64,69,73,74,75,77,79,80,81,83,88,94,96,104,106,111,112,115,120,121,122,124,131,133,135,137,141,142,148,149,150,151,155,156,158,160,161,162,163,165
draft_22951_01673	65,79,93,95,97,98,105,109,111,113,116,120,121,125,126,127,137,142,143,144,145,149,150,152,153,155,156,157,159,160,161,162,163,164,165
draft_22951_01674	37,38,65,75,77,79,80,82,85,89,90,92,93,95,97,98,100,104,105,106,108,110,111,113,117,118,120,121,122,125,127,128,129,132,136,137,138,141,142,143,144,145,146,147,148,149,150,151,153,154,155,156,158,159,160,161,162,163,164,165
draft_22951_01675	82,86,90,91,100,108,114,115,116,118,128,129,138,141,147,149,151,153,155,158,160,161
draft_22951_01676	65,96,97,98,105,121,125,127,137,143,144,145,152,154,156,161,162,163,164,165
draft_22951_01677	57,97,98,105,113,123,125,127,133,135,137,143,144,145,149,150,151,152,154,156,158,159,160,161,162,163,164,165
draft_22951_01678	89,92,93,95,110,113,117,125,126,127,133,135,141,143,144,145,146,149,150,151,152,154,156,157,158,159,160,161,162,163,164,165
draft_22951_01679	52,65,66,69,74,78,80,83,92,94,95,96,105,110,112,117,119,121,124,125,131,137,141,142,145,149,151,154,156,158,160,161,162,163,164,165
draft_22951_01680	57,89,93,98,105,113,125,126,127,136,137,140,143,144,145,146,149,150,152,154,157,159,160,162,163,164,165
draft_22951_01681	54,57,72,79,82,83,90,91,92,95,96,100,104,110,111,117,118,129,131,132,136,137,138,142,146,147,151,152,153,154,155,156,158,159,161,162,163,164,165
draft_22951_01682	65,75,83,85,89,90,91,92,96,100,105,108,110,111,116,117,118,120,121,122,127,128,129,136,137,142,143,144,145,147,148,150,151,153,154,155,156,158,159,160,161,162,163,164,165
draft_22951_01683	62,65,75,79,85,92,93,95,98,100,105,110,113,116,117,120,121,122,123,125,126,127,132,136,137,142,143,144,145,146,148,150,153,154,155,156,157,158,159,160,161,162,163,164,165
draft_22951_01684	52,54,69,78,79,80,85,86,92,94,95,100,105,110,114,116,117,119,122,124,125,131,133,135,138,141,142,145,148,149,151,153,154,155,156,158,160,161,162,163,164,165
draft_22951_01685	47,73,75,77,81,82,85,88,90,91,98,100,106,108,111,115,116,118,121,122,128,129,137,138,142,145,147,148,150,151,153,155,156,158,160,161,162,163,165
draft_22951_01686	53,89,99,113,125,127,131,139,143,144,145,146,150,152,154,157,159,162,163,164,165
draft_22951_01687	75,79,85,86,92,98,100,110,111,113,117,118,120,121,122,123,125,126,127,128,129,132,136,137,138,140,142,143,145,146,147,148,149,152,153,154,155,156,157,158,159,160,161,162,163,164,165
draft_22951_01688	37,43,77,93,105,106,110,117,123,125,126,131,133,135,136,142,145,146,151,154,156,157,158,159,160,161,162,163,164,165
draft_22951_01689	36,62,65,79,81,83,88,96,98,105,120,121,125,137,142,145,156,161,162,163,165
draft_22951_01690	52,69,78,89,92,94,95,97,109,110,113,114,117,119,124,125,126,127,131,133,135,136,140,142,143,144,145,146,149,150,151,152,153,154,155,156,157,158,159,160,161,162,163,164,165
draft_22951_01691	37,62,77,78,80,97,98,106,109,110,114,115,116,117,118,119,120,121,123,126,127,132,136,137,141,142,143,145,146,147,149,150,151,153,154,155,156,157,158,159,160,161,162,163,164,165
draft_22951_01692	25,52,62,65,69,74,75,77,78,79,80,85,86,92,93,94,97,98,105,106,110,113,117,119,120,121,122,124,125,127,133,135,137,142,143,144,145,148,149,150,151,154,156,158,160,161,162,163,164,165
draft_22951_01693	65,75,83,85,90,96,97,100,104,105,111,118,121,122,123,128,129,132,137,139,144,145,147,148,153,154,155,156,157,158,159,161,162,163,164,165
draft_22951_01694	62,65,75,79,80,83,85,93,95,96,97,105,120,121,122,123,126,133,135,137,142,144,148,150,151,154,156,157,158,159,160,161,162,163,164,165
draft_22951_01695	75,80,85,92,93,98,105,108,110,111,113,115,117,121,122,125,126,127,133,135,136,137,141,142,143,144,145,146,148,149,150,152,154,156,157,158,159,160,161,162,163,164,165
draft_22951_01696	37,62,65,75,77,79,80,83,85,89,92,93,96,97,98,100,105,106,110,113,117,120,121,122,125,127,136,137,142,143,144,145,148,149,150,153,154,155,156,158,159,160,161,162,163,164,165
draft_22951_01697	53,74,82,89,92,97,100,110,113,116,117,125,127,131,139,141,143,144,145,146,149,150,151,152,153,154,155,156,157,158,159,160,161,162,163,164,165
draft_22951_01698	37,38,62,65,74,75,77,79,80,82,85,89,92,95,97,98,100,104,105,106,110,111,113,115,116,117,120,121,122,125,127,128,129,132,133,135,136,137,138,141,142,143,144,145,146,147,148,149,150,151,153,154,155,156,158,159,160,161,162,163,164,165
draft_22951_01699	47,59,64,65,80,81,88,98,105,120,121,125,137,142,145,156,161,162,163,165
draft_22951_01700	37,53,62,65,75,77,80,85,89,90,92,97,98,106,109,110,113,114,117,120,121,122,125,126,127,131,133,135,136,137,139,140,142,143,144,145,146,148,149,150,151,152,153,154,155,156,157,158,159,160,161,162,163,164,165
draft_22951_01701	43,47,52,62,65,69,73,75,77,78,79,80,81,83,84,85,88,94,96,106,119,121,122,124,131,133,135,137,141,142,144,148,149,150,151,156,158,160,161,162,163,165
draft_22951_01702	36,72,81,83,88,96,136,137,152,154,159,162,163,164,165
draft_22951_01703	62,65,75,83,85,96,99,121,122,123,133,135,137,139,141,144,148,149,150,154,156,157,158,159,160,161,162,163,164,165
draft_22951_01704	62,65,75,83,85,96,97,108,111,118,121,122,129,133,137,144,147,148,149,150,154,156,158,160,161,162,163,164,165
draft_22951_01705	43,47,73,77,81,82,88,90,100,105,106,125,131,133,135,142,145,151,153,155,156,158,161,162,163,165
draft_22951_01706	72,89,92,93,97,109,110,113,114,117,125,126,127,133,135,138,140,141,143,144,145,146,149,150,151,152,153,154,155,156,157,158,159,160,161,162,163,164,165
draft_22951_01707	47,59,62,64,65,73,75,77,79,81,83,85,88,96,106,120,121,122,125,133,135,137,142,144,145,148,150,151,156,158,161,162,163,165
draft_22951_01708	57,62,83,84,95,96,105,125,133,135,137,145,151,152,156,158,161,162,163,164,165
draft_22951_01709	26,50,66,76,90,91,96,99,104,105,108,112,115,116,118,127,128,129,132,139,141,143,145,147,149,150,152,154,157,159,160,163,164,165
draft_22951_01710	62,65,75,85,89,90,91,92,97,98,105,110,113,114,115,116,117,118,121,122,125,127,133,135,137,139,143,144,145,147,148,150,152,154,155,156,157,158,159,160,161,162,163,164,165
draft_22951_01711	57,83,96,99,137,152,154,159,162,163,164,165
draft_22951_01712	72,93,99,113,125,126,127,143,144,145,146,149,150,152,154,157,159,160,162,163,164,165
draft_22951_01713	62,75,80,83,85,86,92,93,96,97,98,100,110,111,113,117,118,120,121,122,125,126,127,128,129,132,133,135,136,137,138,142,143,145,146,147,148,150,152,153,154,155,156,157,158,159,160,161,162,163,164,165
draft_22951_01714	38,65,75,77,79,80,83,85,93,96,98,105,120,121,122,125,137,142,145,148,156,158,160,161,162,163,165
draft_22951_01715	37,43,57,66,74,77,82,83,90,95,96,100,106,110,112,117,131,132,133,135,137,141,142,149,151,152,153,154,155,156,158,159,160,161,162,163,164,165
draft_22951_01716	52,54,66,69,72,78,92,94,95,97,110,112,117,119,124,125,131,139,142,144,145,150,151,152,154,156,157,158,159,160,161,162,163,164,165
draft_22951_01717	19,36,59,78,81,88,105,119,120,121,125,135,137,144,145,156,158,160,161,162,163,165
draft_22951_01718	89,99,113,125,127,131,139,143,144,145,146,150,152,154,157,159,162,163,164,165
draft_22951_01719	65,83,96,105,121,125,137,145,151,156,161,162,163,165
draft_22951_01720	89,93,99,113,125,126,127,143,144,145,146,149,150,152,154,157,159,160,162,163,164,165
draft_22951_01721	28,57,72,83,89,93,96,99,105,109,113,120,123,125,126,127,137,140,141,143,144,145,146,149,150,152,153,154,157,159,160,162,163,164,165
draft_22951_01722	62,65,79,93,98,105,113,120,121,125,126,127,137,142,143,145,152,156,157,160,161,162,163,164,165
draft_22951_01723	66,74,92,104,109,110,111,112,114,115,117,123,126,132,133,135,136,141,146,149,151,153,154,155,156,157,158,159,160,161,162,163,164,165
draft_22951_01724	26,50,66,76,91,96,99,104,105,108,112,115,116,118,127,128,129,132,136,139,141,143,145,146,147,149,150,152,154,157,159,160,163,164,165
draft_22951_01725	82,86,90,91,100,104,108,111,114,115,116,118,128,129,138,147,149,151,153,155,158,160,161
draft_22951_01726	57,66,72,74,82,83,92,95,96,100,110,112,117,137,141,149,151,152,153,154,155,156,158,159,160,161,162,163,164,165
draft_22951_01727	52,54,69,78,79,80,82,92,94,95,100,104,105,110,111,117,119,124,125,131,132,133,135,142,145,151,153,154,155,156,158,161,162,163,164,165
draft_22951_01728	65,83,90,91,93,96,104,105,111,118,121,123,126,129,137,144,145,147,151,154,156,157,159,160,161,162,163,164,165
draft_22951_01729	57,65,92,97,98,99,105,110,113,117,120,121,123,125,126,127,136,137,140,143,144,145,146,150,152,154,156,157,159,160,161,162,163,164,165
draft_22951_01730	65,83,90,91,95,96,105,118,121,127,132,137,143,144,145,147,149,151,152,154,156,160,161,162,163,164,165
draft_22951_01731	62,65,75,82,83,85,90,96,104,105,109,118,121,122,125,132,133,135,137,139,145,147,148,153,155,156,157,158,161,162,163,164,165
draft_22951_01732	38,57,62,65,71,77,79,83,92,94,95,96,97,98,102,110,117,120,121,124,125,137,142,145,156,161,162,163,164,165
draft_22951_01733	37,38,65,75,77,79,80,85,89,90,92,93,95,97,98,100,104,105,106,108,110,111,113,115,116,117,120,121,122,125,127,128,132,136,137,141,142,143,144,145,146,147,148,149,150,151,153,154,155,156,158,159,160,161,162,163,164,165
draft_22951_01734	52,53,69,78,89,92,94,95,97,105,110,113,117,119,124,125,127,131,139,142,143,144,145,150,151,152,154,156,157,158,159,160,161,162,163,164,165
draft_22951_01735	82,90,91,92,100,104,108,110,111,113,114,115,116,117,118,123,126,127,128,129,136,143,146,147,149,151,152,153,154,155,156,157,158,159,160,161,162,163,164,165
draft_22951_01736	84,97,105,125,127,133,135,136,143,144,145,150,151,152,154,156,158,159,160,161,162,163,164,165
draft_22951_01737	43,47,73,77,81,88,90,91,104,106,111,118,129,131,133,142,145,147,151,156,158,161,163,165
draft_22951_01738	62,65,79,98,120,121,125,137,142,145,156,161,162,163,165
draft_22951_01739	38,62,75,77,80,85,92,97,98,105,110,117,120,121,122,125,127,133,135,137,142,143,144,145,148,150,151,154,156,158,160,161,162,163,164,165
draft_22951_01740	52,68,69,72,90,92,94,95,97,104,109,110,111,113,114,115,117,124,125,126,127,131,132,136,138,140,141,142,143,145,146,149,151,152,153,154,155,156,157,158,159,160,161,162,163,164,165
draft_22951_01741	37,65,75,77,80,85,89,90,92,93,97,98,106,108,109,110,113,117,120,121,122,125,126,127,136,137,139,140,142,143,144,145,146,148,149,150,152,153,154,155,156,157,158,159,160,161,162,163,164,165
draft_22951_01742	37,38,62,65,75,77,79,80,85,86,89,92,93,95,97,98,100,105,106,108,110,111,113,114,115,116,117,118,120,121,122,125,127,128,129,132,133,135,136,137,138,141,142,143,144,145,146,147,148,149,150,153,154,155,156,158,159,160,161,162,163,164,165
draft_22951_01743	37,50,62,65,75,76,77,80,83,85,89,92,96,97,98,99,106,110,117,120,121,122,125,127,133,135,136,137,141,142,143,144,145,146,148,149,150,151,154,156,158,159,160,161,162,163,164,165
draft_22951_01744	38,62,65,77,79,83,96,120,121,125,137,142,144,145,149,150,151,156,160,161,162,163,165
draft_22951_01745	62,65,93,98,105,121,123,125,126,136,137,140,144,145,146,149,150,154,156,157,159,160,161,162,163,164,165
draft_22951_01746	65,83,90,91,92,96,104,105,110,111,117,118,121,125,129,131,133,135,137,142,144,145,147,151,154,156,158,160,161,162,163,164,165
draft_22951_01747	38,43,47,52,54,62,64,69,73,75,77,79,80,81,83,88,90,91,94,96,104,106,108,111,112,114,115,116,118,120,121,122,124,131,133,135,137,141,142,147,148,149,150,151,155,156,158,160,161,162,163,165
draft_22951_01748	65,83,90,91,93,95,96,104,108,109,111,116,121,123,126,128,129,132,136,137,138,140,141,144,146,147,149,150,151,153,154,155,156,157,159,160,161,162,163,164,165
draft_22951_01749	28,57,62,65,72,83,96,97,105,109,113,120,121,123,125,137,144,145,151,152,153,156,157,159,161,162,163,164,165
draft_22951_01750	75,83,85,89,92,96,100,105,109,110,111,117,118,121,122,123,125,126,127,128,129,132,136,137,138,140,143,144,145,146,147,148,150,153,154,155,156,157,158,159,161,162,163,164,165
draft_22951_01751	38,43,47,52,54,62,64,69,73,74,75,77,79,80,81,83,88,94,96,104,106,111,112,115,120,121,122,124,131,133,135,137,141,142,148,149,150,151,155,156,158,160,161,162,163,165
draft_22951_01752	50,57,76,83,89,96,99,105,127,136,137,143,144,146,150,152,154,159,160,162,163,164,165
draft_22951_01753	72,92,93,97,109,110,116,117,123,125,126,132,133,135,136,140,144,145,146,150,151,153,154,155,156,157,158,159,160,161,162,163,164,165
draft_22951_01754	57,83,96,99,137,152,154,159,160,162,163,164,165
draft_22951_01755	26,45,50,52,62,74,75,76,86,92,93,94,95,97,98,99,105,108,110,111,114,117,118,121,122,124,127,128,132,133,136,137,141,142,143,145,147,148,149,150,152,154,155,156,158,159,160,161,162,163,164,165
draft_22951_01756	72,89,93,99,113,125,126,127,140,141,143,144,145,146,149,150,152,154,157,159,160,162,163,164,165
draft_22951_01757	26,50,66,72,76,90,91,96,99,104,105,108,112,115,116,118,127,128,129,132,136,139,141,143,145,146,147,149,150,152,154,157,159,160,163,164,165
draft_22951_01758	65,75,85,89,90,92,97,98,100,105,110,113,117,121,122,125,127,128,137,139,143,144,145,148,150,152,153,154,155,156,157,158,159,161,162,163,164,165
draft_22951_01759	37,38,62,65,75,77,79,80,85,89,92,95,97,98,100,104,105,106,110,111,113,117,120,121,122,125,127,132,133,135,136,137,141,142,143,144,145,146,148,149,150,151,153,154,155,156,158,159,160,161,162,163,164,165
draft_22951_01760	75,83,85,89,92,95,96,105,109,110,111,114,117,121,122,123,125,126,127,128,133,135,136,137,140,142,143,144,145,146,148,150,151,153,154,155,156,157,158,159,160,161,162,163,164,165
draft_22951_01761	57,62,72,89,93,98,105,113,125,126,127,137,140,141,143,144,145,146,149,150,152,154,157,159,160,162,163,164,165
draft_22951_01762	84,90,91,92,104,108,110,111,114,115,116,117,118,128,129,132,147,151,154,155,156,158,160,161,164
draft_22951_01763	57,72,83,85,92,93,95,96,105,110,117,122,125,133,135,137,144,145,148,149,150,152,154,156,158,159,160,161,162,163,164,165
draft_22951_01764	53,82,89,90,92,97,100,104,110,111,113,117,118,125,127,131,139,143,144,145,147,150,151,152,153,154,155,156,157,158,159,161,162,163,164,165
draft_22951_01765	85,86,92,100,110,111,113,114,115,116,117,118,122,123,126,127,128,129,136,138,141,143,146,147,148,149,152,153,154,155,156,157,158,159,160,161,162,163,164,165
draft_22951_01766	38,52,62,65,70,75,77,79,80,83,94,96,120,121,122,124,125,130,133,135,137,142,144,145,148,149,150,156,158,160,161,162,163,165
draft_22951_01767	52,66,69,74,78,92,93,94,95,97,110,112,113,117,119,124,125,126,127,141,142,143,144,145,149,150,151,152,154,156,157,158,159,160,161,162,163,164,165
draft_22951_01768	57,62,89,98,105,113,125,127,137,143,145,152,154,159,160,162,163,164,165
draft_22951_01769	38,65,77,85,92,97,98,100,110,117,120,121,122,125,133,135,136,137,138,142,145,148,153,154,155,156,158,159,161,162,163,164,165
draft_22951_01770	52,69,74,78,85,86,92,93,94,95,110,117,119,122,124,125,133,135,142,145,148,149,151,154,156,158,160,161,162,163,164,165
draft_22951_01771	125,133,135,145,151,156,158,161,162,163,165
draft_22951_01772	43,47,65,73,77,81,82,83,88,90,91,96,100,104,105,106,111,118,121,125,128,129,131,137,138,142,144,145,147,151,153,155,156,158,161,162,163,165
draft_22951_01773	57,62,65,83,92,95,96,105,110,117,120,121,125,137,145,152,156,161,162,163,164,165
draft_22951_01774	52,54,69,78,79,80,82,92,94,95,99,100,104,105,110,111,117,119,124,125,131,132,133,135,142,145,151,153,154,155,156,158,161,162,163,164,165
draft_22951_01775	65,75,83,85,96,100,111,121,122,137,147,148,153,155,158,161,162,163,165
draft_22951_01776	62,65,83,93,96,97,121,123,125,126,137,144,145,149,150,151,154,156,157,159,160,161,162,163,164,165
draft_22951_01777	38,65,75,77,79,83,85,96,100,105,108,111,114,115,116,118,120,121,122,128,129,137,142,144,147,148,149,150,153,155,156,158,160,161,162,163,165
draft_22951_01778	72,92,93,104,110,111,113,114,115,116,117,118,125,126,127,132,133,135,141,143,144,145,146,147,149,150,151,152,154,155,156,157,158,159,160,161,162,163,164,165
draft_22951_01779	57,82,83,89,92,96,97,100,104,105,110,111,117,120,125,132,137,145,146,147,151,152,153,154,155,156,158,159,161,162,163,164,165
draft_22951_01780	65,83,90,91,96,104,105,111,118,121,129,137,144,145,147,151,156,161,162,163,165
draft_22951_01781	37,38,62,65,75,77,79,80,85,89,90,92,95,97,98,100,104,105,106,108,110,111,113,115,116,117,120,121,122,125,127,128,132,133,135,136,137,141,142,143,144,145,146,147,148,149,150,151,153,154,155,156,158,159,160,161,162,163,164,165
draft_22951_01782	50,57,76,83,96,99,118,120,127,137,143,146,147,150,152,154,159,162,163,164,165
draft_22951_01783	92,99,110,117,125,133,135,136,145,151,152,154,156,158,159,160,161,162,163,164,165
draft_22951_01784	93,99,113,125,126,127,143,145,152,154,157,159,160,162,163,164,165
draft_22951_01785	62,75,79,80,83,85,89,92,95,96,97,104,105,110,111,117,121,122,125,127,132,133,135,136,137,142,143,145,148,150,151,154,156,158,159,161,162,163,164,165
draft_22951_01786	62,65,75,83,85,93,96,105,115,116,121,122,127,129,132,137,143,145,147,148,149,150,152,154,156,158,160,161,162,163,164,165
draft_22951_01787	82,93,97,100,105,108,113,125,126,127,133,135,143,144,145,150,151,152,153,155,156,157,158,160,161,162,163,164,165
draft_22951_01788	52,65,69,75,78,83,85,92,94,95,96,100,105,110,114,117,119,121,122,124,125,137,142,145,148,149,151,153,154,155,156,158,160,161,162,163,164,165
draft_22951_01789	85,86,92,100,110,114,116,117,122,125,133,135,138,142,145,148,149,151,153,154,155,156,158,160,161,162,163,164,165
draft_22951_01790	65,75,83,85,93,96,105,121,122,137,141,148,149,156,158,160,161,162,163,165
draft_22951_01791	62,65,83,96,105,121,125,137,145,151,156,161,162,163,165
draft_22951_01792	37,43,65,75,77,80,82,83,85,90,91,96,100,104,105,106,110,111,117,118,121,122,125,131,133,135,137,138,142,145,147,148,151,153,154,155,156,158,161,162,163,164,165
draft_22951_01793	52,62,65,92,94,95,98,105,110,113,117,120,121,124,125,126,127,137,142,143,145,152,156,157,161,162,163,164,165
draft_22951_01794	65,83,91,95,96,97,109,114,121,123,126,136,137,138,140,141,144,146,149,150,151,153,154,155,156,157,159,160,161,162,163,164,165
draft_22951_01795	38,62,65,66,74,77,80,85,93,98,105,108,111,112,116,118,120,121,122,125,129,133,135,137,141,142,145,147,148,149,156,158,160,161,162,163,165
draft_22951_01796	57,72,74,83,92,95,96,105,110,117,125,133,135,137,144,145,149,150,151,152,154,156,158,159,160,161,162,163,164,165
draft_22951_01797	52,65,75,78,83,85,92,94,95,96,98,100,105,110,113,114,117,119,120,121,122,124,125,127,133,135,137,141,142,143,144,145,148,149,150,153,154,155,156,158,160,161,162,163,164,165
draft_22951_01798	65,75,83,85,95,96,109,111,114,121,122,123,126,128,137,148,153,154,155,156,157,158,159,160,161,162,163,164,165
draft_22951_01799	65,97,98,109,121,123,125,126,137,145,153,154,155,157,159,161,162,163,164,165
draft_22951_01800	37,50,62,65,75,76,77,78,80,83,85,89,92,96,97,98,99,105,106,110,113,117,119,120,121,122,125,127,133,135,136,137,139,142,143,144,145,146,148,149,150,154,156,157,158,159,160,161,162,163,164,165
draft_22951_01801	72,75,83,85,89,92,93,96,100,108,110,111,113,116,117,121,122,125,126,127,128,136,137,140,141,143,144,145,146,147,148,149,150,152,153,154,155,156,157,158,159,160,161,162,163,164,165
draft_22951_01802	72,89,93,99,113,125,126,127,140,141,143,144,145,146,149,150,152,154,157,159,160,162,163,164,165
draft_22951_01803	72,85,89,92,100,109,110,113,114,117,122,125,126,127,133,135,138,140,141,143,144,145,146,148,149,150,152,153,154,155,156,157,158,159,160,161,162,163,164,165
draft_22951_01804	47,73,74,75,77,81,85,86,88,90,91,98,100,106,111,118,121,122,129,137,138,142,145,147,148,149,151,153,155,156,158,160,161,162,163,165
draft_22951_01805	43,47,65,73,77,81,82,83,88,90,91,96,100,104,105,106,111,118,121,125,129,131,133,135,137,142,144,145,147,151,153,155,156,158,161,162,163,165
draft_22951_01806	47,59,64,65,77,80,81,88,98,106,108,116,120,121,125,129,137,138,142,144,145,149,150,153,155,156,160,161,162,163,165
draft_22951_01807	37,72,77,82,85,100,104,106,109,110,111,113,114,117,122,125,126,127,133,135,138,142,143,144,145,146,147,148,149,150,151,152,153,154,155,156,157,158,159,160,161,162,163,164,165
draft_22951_01808	89,99,113,125,127,139,143,144,145,150,152,154,157,159,160,162,163,164,165
draft_22951_01809	93,99,113,125,126,127,143,145,146,149,152,154,157,159,160,162,163,164,165
draft_22951_01810	62,90,96,98,99,105,121,123,125,131,135,137,139,144,145,151,154,156,157,158,159,161,162,163,164,165
draft_22951_01811	65,66,83,90,91,96,104,105,112,121,125,131,132,137,139,145,151,152,155,156,157,161,162,163,164,165
draft_22951_01812	65,83,90,91,96,97,105,109,114,118,121,123,126,128,136,137,138,140,144,145,146,147,149,151,153,154,155,156,157,159,160,161,162,163,164,165
draft_22951_01813	65,75,83,85,93,95,96,100,105,111,116,118,121,122,123,126,128,129,132,137,144,145,147,148,153,154,155,156,157,158,159,160,161,162,163,164,165
draft_22951_01814	99,108,114,115,116,118,128,129,147,149,152,154,155,160,164
draft_22951_01815	62,75,83,85,89,92,96,105,109,110,114,117,121,122,123,125,126,127,133,135,136,137,140,143,144,145,146,148,150,153,154,155,156,157,158,159,160,161,162,163,164,165
draft_22951_01816	92,109,110,114,115,117,123,125,126,132,133,135,136,145,146,147,149,151,153,154,155,156,157,158,159,160,161,162,163,164,165
draft_22951_01817	52,54,69,78,79,80,92,94,95,99,105,110,117,119,124,125,131,133,135,142,145,149,151,154,156,158,160,161,162,163,164,165
draft_22951_01818	52,53,62,69,78,89,92,94,95,97,105,110,113,117,119,124,125,127,131,139,142,143,144,145,150,151,152,154,156,157,158,159,160,161,162,163,164,165
draft_22951_01819	62,65,79,98,105,120,121,125,137,142,145,156,160,161,162,163,165
draft_22951_01820	37,52,54,66,69,72,77,79,92,94,95,97,106,110,112,117,122,124,125,131,133,135,136,139,142,145,146,148,149,151,152,154,156,157,158,159,160,161,162,163,164,165
draft_22951_01821	82,96,97,100,104,105,111,114,125,132,133,135,144,145,147,151,152,153,154,155,156,158,160,161,162,163,164,165
draft_22951_01822	62,65,74,83,96,121,137,144,149,150,151,156,160,161,162,163,165
draft_22951_01823	47,59,64,65,81,88,98,105,121,125,137,145,156,161,162,163,165
draft_22951_01824	57,82,83,90,91,92,96,100,104,105,110,111,117,118,125,128,129,137,145,147,151,152,153,154,155,156,158,159,161,162,163,164,165
draft_22951_01825	90,91,92,104,109,110,111,114,115,116,117,118,123,126,132,133,135,136,146,147,149,151,153,154,155,156,157,158,159,160,161,162,163,164,165
draft_22951_01826	19,75,85,93,105,108,121,122,125,135,137,144,145,147,148,154,156,158,160,161,162,163,164,165
draft_22951_01827	62,84,97,125,131,133,135,136,142,144,145,150,151,152,154,156,158,159,161,162,163,164,165
draft_22951_01828	62,65,66,74,98,105,112,121,123,125,137,139,141,145,149,154,156,157,159,160,161,162,163,164,165
draft_22951_01829	36,62,65,81,83,88,96,105,120,121,137,151,156,160,161,162,163,165
draft_22951_01830	62,75,79,85,86,92,98,100,110,111,117,118,120,121,122,125,129,133,135,137,138,142,145,147,148,153,154,156,158,161,162,163,164,165
draft_22951_01831	125,133,135,145,151,156,158,160,161,162,163,165
draft_22951_01832	26,50,57,62,66,72,74,76,89,93,98,99,105,112,113,115,126,127,128,132,136,137,140,141,143,144,145,146,149,150,152,154,157,159,160,162,163,164,165
draft_22951_01833	66,74,82,97,100,104,111,112,114,125,132,133,135,141,145,147,149,151,152,153,154,155,156,158,160,161,162,163,164,165
draft_22951_01834	65,66,74,83,90,91,95,96,105,112,118,121,127,132,137,141,143,144,145,147,149,151,152,154,156,160,161,162,163,164,165
draft_22951_01835	92,110,113,114,115,116,117,118,123,125,126,127,133,135,136,143,145,146,147,149,151,152,154,155,156,157,158,159,160,161,162,163,164,165
draft_22951_01836	62,65,75,82,83,85,92,96,100,110,117,121,122,125,133,135,137,142,145,148,151,153,154,155,156,158,161,162,163,164,165
draft_22951_01837	30,49,74,85,86,93,95,100,108,109,111,112,113,114,115,116,118,122,126,127,128,129,132,138,141,143,147,148,149,152,153,155,157,158,160,161,162,163,164,165
draft_22951_01838	92,93,95,110,113,117,125,126,127,133,135,143,144,145,150,151,152,154,156,157,158,159,160,161,162,163,164,165
draft_22951_01839	19,65,83,90,91,96,104,105,111,118,121,128,129,137,144,147,151,156,161,162,163,165
draft_22951_01840	89,93,99,113,125,126,127,140,141,143,144,145,146,149,150,152,154,157,159,160,162,163,164,165
draft_22951_01841	74,85,86,92,93,108,110,111,114,115,116,117,118,122,128,129,132,141,147,148,149,154,155,156,158,160,161,164
draft_22951_01842	26,50,66,76,90,91,92,96,99,104,105,108,110,111,112,115,116,117,118,123,126,127,128,129,132,133,136,141,143,145,146,147,149,150,151,152,154,156,157,158,159,160,161,163,164,165
draft_22951_01843	57,72,83,96,99,105,125,137,145,152,154,159,162,163,164,165
draft_22951_01844	52,54,69,78,79,80,92,94,95,105,110,117,119,124,125,131,133,135,142,145,151,154,156,158,160,161,162,163,164,165
draft_22951_01845	38,62,66,74,75,77,80,85,92,97,98,105,110,112,117,120,121,122,125,127,133,135,137,141,142,143,144,145,148,149,150,151,154,156,158,160,161,162,163,164,165
draft_22951_01846	53,66,74,92,97,104,110,111,112,117,123,125,131,132,136,139,141,145,146,149,151,154,155,156,157,158,159,160,161,162,163,164,165
draft_22951_01847	84,90,91,92,104,108,110,111,114,115,116,117,118,128,129,132,147,151,154,155,156,158,160,161,164
draft_22951_01848	82,84,90,91,100,104,108,111,114,115,116,118,128,129,147,151,153,155,158,160,161
draft_22951_01849	54,65,79,83,90,91,92,95,96,104,105,110,111,117,121,125,131,133,135,136,137,142,144,145,149,150,151,154,155,156,158,159,160,161,162,163,164,165
draft_22951_01850	65,75,83,85,96,100,105,121,122,125,137,145,148,153,155,156,158,161,162,163,165
draft_22951_01851	65,75,83,85,96,100,116,121,122,137,144,148,149,150,153,155,156,158,160,161,162,163,165
draft_22951_01852	38,52,62,65,66,70,74,75,77,79,80,83,94,96,112,120,121,122,124,125,130,133,135,137,141,142,144,145,148,149,150,156,158,160,161,162,163,165
draft_22951_01853	37,38,52,62,75,77,78,79,80,83,85,93,94,95,96,97,106,110,117,119,120,121,122,124,125,126,127,133,135,137,142,143,145,148,150,156,157,158,160,161,162,163,164,165
draft_22951_01854	62,65,83,96,105,121,125,137,145,151,156,160,161,162,163,165
draft_22951_01855	75,83,85,89,90,91,92,96,100,104,105,108,110,111,112,114,115,116,117,118,121,122,125,127,128,129,132,137,139,143,144,145,147,148,150,152,153,154,155,156,157,158,159,160,161,162,163,164,165
draft_22951_01856	54,65,79,83,90,91,92,95,96,104,105,110,111,117,121,125,131,133,135,136,137,142,145,151,154,155,156,158,159,160,161,162,163,164,165
draft_22951_01857	62,75,83,85,89,92,96,105,110,112,117,121,122,125,127,137,139,143,144,145,148,150,152,154,156,157,158,159,161,162,163,164,165
draft_22951_01858	45,74,76,83,95,96,97,99,105,121,125,127,135,137,143,144,145,149,150,151,152,154,156,158,160,161,162,163,164,165
draft_22951_01859	65,83,90,91,96,104,105,111,115,116,121,129,137,144,145,147,151,156,160,161,162,163,165
draft_22951_01860	38,57,62,65,71,77,79,83,92,94,95,96,97,98,102,105,110,117,120,121,124,125,137,142,145,156,160,161,162,163,164,165
draft_22951_01861	92,109,110,114,117,123,125,126,133,135,136,145,146,151,153,154,155,156,157,158,159,160,161,162,163,164,165
draft_22951_01862	52,62,69,78,92,94,95,109,110,113,117,119,124,125,126,127,142,143,145,151,152,153,154,155,156,157,158,159,161,162,163,164,165
draft_22951_01863	36,62,65,81,83,85,88,96,98,105,120,121,122,137,148,156,160,161,162,163,165
draft_22951_01864	62,65,75,83,85,96,97,105,109,113,114,121,122,123,125,126,127,133,135,136,137,140,141,143,144,145,146,148,149,150,152,153,154,155,156,157,158,159,160,161,162,163,164,165
draft_22951_01865	62,75,85,86,92,98,100,105,110,111,117,118,121,122,125,127,129,136,137,138,143,144,145,146,147,148,152,153,154,156,158,159,161,162,163,164,165
draft_22951_01866	26,50,66,72,76,96,99,105,108,112,115,116,118,123,126,127,128,129,132,136,140,141,143,145,146,147,149,150,152,154,157,159,160,163,164,165
draft_22951_01867	57,62,89,93,98,105,113,125,126,127,137,143,145,146,152,154,157,159,160,162,163,164,165
draft_22951_01868	26,50,66,76,93,99,105,108,112,113,115,116,118,126,127,128,129,132,141,143,144,145,147,149,150,152,154,157,159,160,162,163,164,165
draft_22951_01869	52,57,62,65,80,83,92,94,95,96,110,117,120,121,124,125,137,142,144,145,149,150,156,160,161,162,163,164,165
draft_22951_01870	65,83,90,91,95,96,109,114,116,121,123,126,137,141,144,149,150,151,153,154,155,156,157,159,160,161,162,163,164,165
draft_22951_01871	65,83,90,91,96,105,121,125,137,144,145,147,151,156,161,162,163,165
draft_22951_01872	92,110,117,125,131,133,135,142,145,151,154,156,158,161,162,163,164,165
draft_22951_01873	62,65,66,74,97,98,105,112,115,121,125,127,132,137,143,144,145,149,152,154,156,160,161,162,163,164,165
draft_22951_01874	50,74,76,99,108,115,116,141,147,149,152,154,155,160,164
draft_22951_01875	62,72,92,95,104,109,110,111,113,117,125,126,127,132,133,135,143,145,151,152,153,154,155,156,157,158,159,160,161,162,163,164,165
draft_22951_01876	65,75,80,85,86,92,97,98,100,110,111,117,118,120,121,122,125,129,136,137,138,142,145,147,148,153,154,155,156,158,159,161,162,163,164,165
draft_22951_01877	26,34,50,66,76,99,105,108,112,115,116,127,128,129,132,141,143,145,147,149,150,152,154,160,163,164,165
draft_22951_01878	65,83,96,105,109,113,114,120,121,125,126,127,131,137,142,143,145,151,152,153,155,156,157,160,161,162,163,164,165
draft_22951_01879	65,79,82,90,91,92,95,98,100,104,105,110,111,117,118,121,125,129,137,142,145,147,151,153,154,155,156,158,161,162,163,164,165
draft_22951_01880	62,65,79,98,105,120,121,125,137,142,144,145,149,150,156,160,161,162,163,165
draft_22951_01881	36,81,83,88,96,99,137,144,149,150,152,154,160,162,163,164,165
draft_22951_01882	62,75,79,85,86,92,98,100,110,111,117,118,120,121,122,125,129,133,135,137,138,142,144,145,147,148,149,150,153,154,156,158,160,161,162,163,164,165
draft_22951_01883	59,64,65,81,88,98,105,121,125,137,145,156,160,161,162,163,165
draft_22951_01884	52,69,78,92,93,94,95,97,105,110,113,117,119,124,125,126,127,142,143,144,145,150,151,152,154,156,157,158,159,160,161,162,163,164,165
draft_22951_01885	65,75,83,85,96,100,105,114,121,122,125,137,145,148,153,155,156,158,160,161,162,163,165
draft_22951_01886	52,54,69,78,79,80,92,94,95,105,110,117,119,124,125,131,133,135,142,145,151,154,156,158,160,161,162,163,164,165
draft_22951_01887	47,62,73,75,77,79,80,81,83,85,88,89,90,91,92,95,96,97,100,106,110,111,117,121,122,125,127,128,129,132,133,135,136,137,142,143,145,147,148,149,150,151,153,154,155,156,158,159,160,161,162,163,164,165
draft_22951_01888	66,72,74,82,91,92,95,100,104,109,110,111,112,117,123,125,126,129,131,132,133,135,136,138,140,141,142,144,145,146,149,150,151,153,154,155,156,157,158,159,160,161,162,163,164,165
draft_22951_01889	62,65,83,96,105,121,125,137,144,145,149,150,151,156,160,161,162,163,165
draft_22951_01890	45,50,66,74,76,91,97,98,99,104,105,108,111,112,115,121,125,137,141,144,145,149,150,151,152,154,156,158,160,161,162,163,164,165
draft_22951_01891	62,65,74,75,83,85,92,96,110,117,121,122,126,137,141,144,148,149,150,152,156,157,158,160,161,162,163,164,165
draft_22951_01892	65,75,83,85,96,100,105,108,111,114,115,116,118,121,122,123,125,128,129,137,139,145,147,148,153,154,155,156,157,158,159,160,161,162,163,164,165
draft_22951_01893	38,62,65,77,80,92,98,104,105,110,111,117,120,121,125,131,132,133,135,136,137,142,145,151,154,155,156,158,159,161,162,163,164,165
draft_22951_01894	99,109,113,114,125,126,127,143,145,149,152,153,154,155,157,159,160,162,163,164,165
draft_22951_01895	38,49,65,75,77,79,83,85,96,100,108,111,114,115,116,118,120,121,122,128,129,137,138,141,142,144,147,148,149,150,153,155,156,158,160,161,162,165
draft_22951_01896	62,92,110,117,125,133,135,136,145,151,152,154,156,158,159,161,162,163,164,165
draft_22951_01897	57,75,85,92,98,100,105,110,111,113,117,118,120,121,122,125,135,137,144,145,147,148,152,153,154,156,157,158,159,161,162,163,164,165
draft_22951_01898	62,65,75,83,85,96,97,105,108,109,111,113,114,118,121,122,123,126,127,129,133,136,137,140,141,143,144,145,146,147,148,149,150,152,153,154,155,156,157,158,159,160,161,162,163,164,165
draft_22951_01899	82,86,90,91,100,104,108,111,114,115,116,118,128,129,138,147,149,151,153,155,158,160,161
draft_22951_01900	62,65,75,79,83,85,90,91,92,96,98,100,105,110,111,117,120,121,122,125,137,142,144,145,147,148,150,151,153,154,156,158,160,161,162,163,164,165
draft_22951_01901	36,47,62,65,81,83,88,96,105,120,121,125,137,145,156,160,161,162,163,165
draft_22951_01902	62,65,92,98,105,110,117,121,125,133,135,137,142,145,149,151,154,156,158,160,161,162,163,164,165
draft_22951_01903	92,93,97,104,110,111,117,123,125,126,132,133,135,136,140,144,145,146,149,150,151,154,155,156,157,158,159,160,161,162,163,164,165
draft_22951_01904	62,65,75,83,85,92,96,108,109,110,114,115,116,117,121,122,126,132,137,144,147,148,149,150,153,155,156,157,158,160,161,162,163,164,165
draft_22951_01905	52,57,62,65,80,83,92,94,95,96,99,110,117,120,121,124,125,137,142,144,145,149,150,156,160,161,162,163,164,165
draft_22951_01906	62,65,75,83,85,90,96,104,111,114,115,116,118,121,122,123,125,132,133,135,137,139,144,145,147,148,150,154,155,156,157,158,159,160,161,162,163,164,165
draft_22951_01907	19,57,62,78,95,97,105,113,119,120,121,125,135,137,144,145,152,156,157,158,161,162,163,164,165
draft_22951_01908	84,90,91,92,104,108,110,111,114,115,116,117,118,128,129,132,147,151,154,155,156,158,160,161,164
draft_22951_01909	62,65,83,96,97,109,121,123,125,126,137,144,145,150,151,153,154,155,156,157,159,160,161,162,163,164,165
draft_22951_01910	65,74,75,83,85,96,105,121,122,125,137,145,148,149,156,158,160,161,162,163,165
draft_22951_01911	65,83,96,105,114,120,121,125,131,137,142,145,151,155,156,160,161,162,163,165
draft_22951_01912	36,81,83,88,96,99,137,141,144,149,150,152,154,160,162,163,164,165
draft_22951_01913	52,54,66,69,72,90,92,94,95,97,110,111,112,114,117,122,124,125,131,136,139,141,142,145,146,148,149,151,152,154,155,156,157,158,159,160,161,162,163,164,165
draft_22951_01914	65,75,83,85,96,100,105,114,121,122,125,128,137,145,148,153,155,156,158,160,161,162,163,165
draft_22951_01915	26,45,50,62,66,74,75,76,85,96,97,98,99,105,111,112,115,121,122,125,127,132,133,135,136,137,141,143,144,145,148,149,152,154,156,158,159,160,161,162,163,164,165
draft_22951_01916	97,104,111,114,125,132,133,135,145,151,152,154,155,156,158,160,161,162,163,164,165
draft_22951_01917	36,81,83,88,96,99,105,125,137,144,145,150,152,154,160,162,163,164,165
draft_22951_01918	36,50,76,81,83,88,96,99,118,120,127,137,143,147,150,152,154,162,163,164,165
draft_22951_01919	38,62,75,77,79,83,85,93,96,100,111,113,120,121,122,125,126,127,133,135,137,138,142,143,145,147,148,150,152,153,156,157,158,160,161,162,163,164,165
draft_22951_01920	36,47,62,65,81,83,88,96,120,121,125,137,145,156,161,162,163,165
draft_22951_01921	62,65,83,90,91,95,96,105,118,121,127,129,132,137,143,144,145,147,151,152,154,156,161,162,163,164,165
draft_22951_01922	65,75,83,85,96,100,105,121,122,125,137,145,148,153,155,156,158,161,162,163,165
draft_22951_01923	57,62,65,71,83,94,96,97,102,120,121,124,125,137,145,149,152,156,160,161,162,163,164,165
draft_22951_01924	62,65,75,83,85,93,96,113,121,122,125,126,127,133,135,137,141,143,144,145,148,149,150,152,156,157,158,159,160,161,162,163,164,165
draft_22951_01925	62,65,74,75,83,85,96,100,114,121,122,137,141,144,148,149,150,153,155,156,158,160,161,162,163,165
draft_22951_01926	82,86,90,91,93,100,104,108,111,114,115,116,118,128,129,147,149,151,153,155,158,160,161
draft_22951_01927	52,62,65,75,80,83,94,96,120,121,122,124,125,133,135,137,142,144,145,148,150,156,158,161,162,163,165
draft_22951_01928	92,93,95,96,105,109,110,113,117,118,125,126,127,133,135,143,144,145,146,147,150,151,152,153,154,155,156,157,158,159,160,161,162,163,164,165
draft_22951_01929	62,65,98,121,125,137,144,145,150,156,160,161,162,163,165
draft_22951_01930	57,62,65,71,83,94,96,97,102,120,121,124,125,137,141,144,145,149,150,152,156,160,161,162,163,164,165
draft_22951_01931	57,62,65,83,92,95,96,105,110,117,120,121,125,137,145,152,156,161,162,163,164,165
draft_22951_01932	85,86,100,108,111,114,115,116,118,122,128,129,138,141,147,148,149,153,155,158,160,161
draft_22951_01933	65,74,75,83,85,96,100,105,115,121,122,125,137,145,148,149,153,155,156,158,160,161,162,163,165
draft_22951_01934	43,47,73,77,81,82,88,90,91,100,104,106,108,111,114,115,116,118,128,129,131,133,135,142,147,151,153,155,156,158,160,161,162,163,165
draft_22951_01935	84,90,91,92,104,108,110,111,114,115,116,117,118,128,129,132,147,151,154,155,156,158,160,161,164
draft_22951_01936	89,93,99,108,109,113,125,126,127,140,141,143,144,145,146,149,150,152,153,154,155,157,159,160,162,163,164,165
draft_22951_01937	65,75,83,85,96,100,105,108,111,114,115,116,118,121,122,125,128,129,137,145,147,148,149,152,153,154,155,156,158,160,161,162,163,164,165
draft_22951_01938	57,62,83,92,96,97,105,110,117,118,125,129,133,135,137,145,147,151,152,154,156,158,159,161,162,163,164,165
draft_22951_01939	62,65,75,83,85,96,101,105,111,118,121,122,125,133,135,137,144,145,147,148,156,158,161,162,163,165
draft_22951_01940	65,74,75,80,82,83,85,90,92,96,100,104,105,108,110,111,115,117,118,121,122,125,137,138,141,142,145,147,148,149,151,153,154,155,156,158,160,161,162,163,164,165
draft_22951_01941	75,79,82,83,85,86,91,92,96,100,104,105,108,109,110,111,113,114,115,116,117,118,121,122,125,126,127,128,129,132,136,137,138,142,143,144,145,146,147,148,150,151,152,153,154,155,156,157,158,159,160,161,162,163,164,165
draft_22951_01942	85,122,125,133,135,145,148,156,158,161,162,163,165
draft_22951_01943	50,76,85,93,99,105,122,125,127,133,135,143,144,145,147,148,150,152,154,156,158,160,161,162,163,164,165
draft_22951_01944	62,65,74,98,105,120,121,125,137,142,145,149,156,160,161,162,163,165
draft_22951_01945	52,57,62,65,80,83,92,94,95,96,110,117,120,121,124,125,137,142,145,149,156,160,161,162,163,164,165
draft_22951_01946	82,91,93,97,100,123,125,126,129,131,133,135,136,138,140,142,144,145,146,149,150,151,153,154,155,156,157,158,159,160,161,162,163,164,165
draft_22951_01947	26,45,50,62,66,74,75,76,85,97,98,99,100,105,108,111,112,114,115,116,118,121,122,127,128,129,132,136,137,141,143,145,147,148,149,152,153,154,155,156,158,159,160,161,162,163,164,165
draft_22951_01948	62,65,75,83,85,96,105,111,118,121,122,125,129,133,135,137,144,145,147,148,156,158,161,162,163,165
draft_22951_01949	26,50,66,72,76,96,99,105,108,112,114,115,116,118,123,126,127,128,129,132,136,140,141,143,145,146,147,149,150,152,154,155,157,159,160,163,164,165
draft_22951_01950	36,47,62,65,66,74,81,83,88,96,105,112,120,121,125,137,141,145,149,156,160,161,162,163,165
draft_22951_01951	50,66,76,93,96,99,105,108,112,113,115,116,118,125,126,127,128,129,143,144,145,147,149,150,152,154,157,159,160,162,163,164,165
draft_22951_01952	45,97,99,114,115,116,118,125,133,135,145,147,149,151,152,154,155,156,158,160,161,162,163,164,165
draft_22951_01953	45,50,62,75,76,85,97,98,99,109,114,121,122,123,125,126,133,135,136,137,138,140,141,144,145,146,148,149,150,153,154,155,156,157,158,159,160,161,162,163,164,165
