id	name	formula	rt	smiles.std	status	inchi.std	inchikey.std
draft_22951_00001		C3H12NO9P3	1.081		missing SMILES		
draft_22951_00002		C6H20N2O12P4	1.091		missing SMILES		
draft_22951_00003		C7H19NO6P2	1.131		missing SMILES		
draft_22951_00004		C4H5N3O5S	1.223		missing SMILES		
draft_22951_00005		C3H3N3O3	1.253		missing SMILES		
draft_22951_00006		C6H4N2O4	1.273		missing SMILES		
draft_22951_00007		C3H10NO3P	1.3030000000000002		missing SMILES		
draft_22951_00008		C5H4N2O4	1.334		missing SMILES		
draft_22951_00009		C3H6N2O3	1.416		missing SMILES		
draft_22951_00010		C6H7NO3S	1.4549999999999998		missing SMILES		
draft_22951_00011		C10H17N2O4P	1.457		missing SMILES		
draft_22951_00012		C5H9N3O4	1.466		missing SMILES		
draft_22951_00013		C4H4N2O2	1.467		missing SMILES		
draft_22951_00014		C7H8NO2	1.488		missing SMILES		
draft_22951_00015		C10H20N2O7	1.546		missing SMILES		
draft_22951_00016		C6H6N2O4	1.556		missing SMILES		
draft_22951_00017		C10H9NO5S	1.557		missing SMILES		
draft_22951_00018		C6H6N2O4	1.567		missing SMILES		
draft_22951_00019		C7H7N3O5	1.602		missing SMILES		
draft_22951_00020		C2H5NO	1.607		missing SMILES		
draft_22951_00021		C12H19N4O7P2S	1.6235		missing SMILES		
draft_22951_00022		C14H27N4O11P2	1.633		missing SMILES		
draft_22951_00023		C4H4N2O3	1.638		missing SMILES		
draft_22951_00024		C6H13NO5	1.655		missing SMILES		
draft_22951_00025		C6H13NO4S	1.665		missing SMILES		
draft_22951_00026		C7H15NO4S	1.666		missing SMILES		
draft_22951_00027		C5H12NO2	1.6700000000000002		missing SMILES		
draft_22951_00030		C7H13N3O3	1.911		missing SMILES		
draft_22951_00031		C2H3N3	1.934		missing SMILES		
draft_22951_00033		C8H18N2O4S	1.945		missing SMILES		
draft_22951_00034		C3H8N2O	1.962		missing SMILES		
draft_22951_00035		C5H4N2O2	1.996		missing SMILES		
draft_22951_00036		C3H5NO2	2.05		missing SMILES		
draft_22951_00037		C2H3N3	2.099		missing SMILES		
draft_22951_00038		C3H7NO	2.103		missing SMILES		
draft_22951_00039		C5H9N3O4	2.1085000000000003		missing SMILES		
draft_22951_00040		C8H11N3O4	2.123		missing SMILES		
draft_22951_00041		C2H4N4	2.161		missing SMILES		
draft_22951_00042		C6H6N2O4	2.174		missing SMILES		
draft_22951_00043		C4H9N3OS	2.174		missing SMILES		
draft_22951_00044		C10H8N2O6S	2.184		missing SMILES		
draft_22951_00045		C7H7NO4	2.235		missing SMILES		
draft_22951_00046		C4H5N3OS	2.245		missing SMILES		
draft_22951_00047		C3H7NO	2.3018		missing SMILES		
draft_22951_00048		C4H10N2O2	2.3680000000000003		missing SMILES		
draft_22951_00049		C6H13NO3	2.4896666670000003		missing SMILES		
draft_22951_00050		C7H12N3O	2.503		missing SMILES		
draft_22951_00051		C4H8N4O	2.579		missing SMILES		
draft_22951_00052		C3H9NO	2.61		missing SMILES		
draft_22951_00053		C6H5N3O2	2.619		missing SMILES		
draft_22951_00054		C4H6N4O	2.721		missing SMILES		
draft_22951_00055		C5H7N3O	2.751		missing SMILES		
draft_22951_00057		C3H9NO2	2.769		missing SMILES		
draft_22951_00058		C5H10N2O	2.7920000000000003		missing SMILES		
draft_22951_00059		C5H11NO	2.801		missing SMILES		
draft_22951_00060		C5H11NO2	2.846		missing SMILES		
draft_22951_00061		C4H11NO3	2.859		missing SMILES		
draft_22951_00064		C3H4N2	2.948		missing SMILES		
draft_22951_00065		C5H6N2O	2.971		missing SMILES		
draft_22951_00066		C5H6N2O	2.984		missing SMILES		
draft_22951_00067		C4H7N	2.994		missing SMILES		
draft_22951_00068		C7H5NO4	3.031		missing SMILES		
draft_22951_00069		C6H9NO3	3.0420000000000003		missing SMILES		
draft_22951_00071		C7H5NO4	3.124		missing SMILES		
draft_22951_00072		C4H11NO	3.244		missing SMILES		
draft_22951_00073		C5H9NO3	3.249		missing SMILES		
draft_22951_00074		C4H11NO2	3.285		missing SMILES		
draft_22951_00075		C6H8N2O3	3.29		missing SMILES		
draft_22951_00076		C4H5N3	3.445		missing SMILES		
draft_22951_00077		C6H10N2O2	3.45		missing SMILES		
draft_22951_00078		C4H7N	3.507		missing SMILES		
draft_22951_00079		C8H9N3O2	3.538		missing SMILES		
draft_22951_00080		C3H7NO2	3.64		missing SMILES		
draft_22951_00081		C4H6N2	3.756		missing SMILES		
draft_22951_00082		C7H9N2O	3.756		missing SMILES		
draft_22951_00083		C4H11NO	3.824		missing SMILES		
draft_22951_00084		C7H9N3O	3.953		missing SMILES		
draft_22951_00085		C4H7NO2	3.959		missing SMILES		
draft_22951_00086		C5H11NO	3.96		missing SMILES		
draft_22951_00087		C6H4N4O2	3.9735		missing SMILES		
draft_22951_00088		C4H9NO3	3.999		missing SMILES		
draft_22951_00089		C5H9N	4.218		missing SMILES		
draft_22951_00090		C5H11NO	4.239		missing SMILES		
draft_22951_00091		C3H6N6	4.249		missing SMILES		
draft_22951_00092		C6H7NO	4.284000000000001		missing SMILES		
draft_22951_00093		C7H8N2O2	4.34		missing SMILES		
draft_22951_00094		C5H9N	4.346		missing SMILES		
draft_22951_00095		C9H13NO3	4.357		missing SMILES		
draft_22951_00096		C4H11NO	4.391		missing SMILES		
draft_22951_00097		C7H11N3O3	4.398		missing SMILES		
draft_22951_00098		C6H5NO3	4.421		missing SMILES		
draft_22951_00099		C6H8N2	4.5120000000000005		missing SMILES		
draft_22951_00100		C4H6N2	4.532		missing SMILES		
draft_22951_00101		C4H4N2	4.5840000000000005		missing SMILES		
draft_22951_00102		C4H11NO	4.634		missing SMILES		
draft_22951_00103		C2H6N2S	4.664		missing SMILES		
draft_22951_00104		C4H9NO	4.712999999999999		missing SMILES		
draft_22951_00105		C3H7NO2	4.725		missing SMILES		
draft_22951_00106		C5H5NO	4.79		missing SMILES		
draft_22951_00107		C3H9N	4.826		missing SMILES		
draft_22951_00108		C5H5NO	4.895		missing SMILES		
draft_22951_00109		C4H11N	5.174		missing SMILES		
draft_22951_00110		C7H7NO3	5.268		missing SMILES		
draft_22951_00111		C3H6N2S	5.281000000000001		missing SMILES		
draft_22951_00112		C6H5N5	5.351		missing SMILES		
draft_22951_00113		C10H10N2O5S	5.362		missing SMILES		
draft_22951_00114		C8H10N2O	5.382000000000001		missing SMILES		
draft_22951_00115		C7H8N2O4	5.4030000000000005		missing SMILES		
draft_22951_00116		C5H13NO	5.444		missing SMILES		
draft_22951_00117		C5H7N3	5.454		missing SMILES		
draft_22951_00118		C6H11NO2	5.485		missing SMILES		
draft_22951_00119		C11H9NO2	5.495		missing SMILES		
draft_22951_00120		C11H9NO2	5.506		missing SMILES		
draft_22951_00121		C6H8N4O4	5.513999999999999		missing SMILES		
draft_22951_00122		C5H5N5	5.517		missing SMILES		
draft_22951_00123		C10H13N3O2	5.526		missing SMILES		
draft_22951_00124		C5H6N2	5.537000000000001		missing SMILES		
draft_22951_00125		C5H11N	5.541		missing SMILES		
draft_22951_00126		C5H11NO	5.5755		missing SMILES		
draft_22951_00127		C9H11N3O2	5.589		missing SMILES		
draft_22951_00128		C9H11NO2	5.595		missing SMILES		
draft_22951_00129		C7H9NO2	5.64		missing SMILES		
draft_22951_00130		C4H6N2	5.6610000000000005		missing SMILES		
draft_22951_00131		C7H9N3O2	5.682		missing SMILES		
draft_22951_00132		C5H6N2	5.682		missing SMILES		
draft_22951_00133		C4H11NO	5.718		missing SMILES		
draft_22951_00134		C5H11N	5.734		missing SMILES		
draft_22951_00135		C7H7N3	5.744		missing SMILES		
draft_22951_00136		C6H13NO2	5.7780000000000005		missing SMILES		
draft_22951_00137		C8H17NO3S	5.7780000000000005		missing SMILES		
draft_22951_00138		C9H15N5O	5.797		missing SMILES		
draft_22951_00139		C4H5N3	5.826		missing SMILES		
draft_22951_00140		C4H11N	5.848		missing SMILES		
draft_22951_00141		C6H8N2	5.848		missing SMILES		
draft_22951_00142		C14H9NO2	5.8580000000000005		missing SMILES		
draft_22951_00143		C5H13N	5.867999999999999		missing SMILES		
draft_22951_00144		C6H6N4	5.869		missing SMILES		
draft_22951_00145		C10H11NO4	5.878		missing SMILES		
draft_22951_00146		C5H7N3O3	5.899		missing SMILES		
draft_22951_00147		C4H4N2	5.91		missing SMILES		
draft_22951_00148		C5H6N2	5.91		missing SMILES		
draft_22951_00149		C8H15NO2	5.919		missing SMILES		
draft_22951_00150		C8H12N2O2	5.92		missing SMILES		
draft_22951_00151		C7H8N2O2	5.930000000000001		missing SMILES		
draft_22951_00152		C7H14N2O2	5.949		missing SMILES		
draft_22951_00153		C7H16N	5.95		missing SMILES		
draft_22951_00154		C14H13NO2	5.961		missing SMILES		
draft_22951_00156		C5H7N3O	5.97		missing SMILES		
draft_22951_00157		C8H9NO2	5.972		missing SMILES		
draft_22951_00159		C4H8N2S	5.981		missing SMILES		
draft_22951_00160		C5H5N5	5.982		missing SMILES		
draft_22951_00161		C2H8N2	5.992999999999999		missing SMILES		
draft_22951_00162		C7H17NO	6.011		missing SMILES		
draft_22951_00163		C8H13N3O3	6.011		missing SMILES		
draft_22951_00164		C6H7N	6.013		missing SMILES		
draft_22951_00165		C9H11NO2	6.013		missing SMILES		
draft_22951_00166		C6H5N3	6.034000000000001		missing SMILES		
draft_22951_00167		C10H13N5O5	6.053		missing SMILES		
draft_22951_00168		C10H11N3O5	6.061000000000001		missing SMILES		
draft_22951_00169		C11H14N2O3	6.071		missing SMILES		
draft_22951_00170		C8H8N4	6.081		missing SMILES		
draft_22951_00171		C5H8N2	6.096		missing SMILES		
draft_22951_00172		C5H7N3	6.107		missing SMILES		
draft_22951_00173		C9H11N5O3	6.112		missing SMILES		
draft_22951_00174		C5H6N2	6.117		missing SMILES		
draft_22951_00175		C6H14N2	6.127		missing SMILES		
draft_22951_00176		C8H9N3O	6.138		missing SMILES		
draft_22951_00177		C12H11NO2	6.158		missing SMILES		
draft_22951_00178		C7H15N3O	6.1615		missing SMILES		
draft_22951_00179		C5H7N3	6.179		missing SMILES		
draft_22951_00180		C8H9NO2	6.191999999999999		missing SMILES		
draft_22951_00181		C11H13NO4	6.193		missing SMILES		
draft_22951_00182		C5H12N2	6.22		missing SMILES		
draft_22951_00183		C6H9N3O2	6.221500000000001		missing SMILES		
draft_22951_00184		C8H10N2O	6.251		missing SMILES		
draft_22951_00185		C6H15NO	6.254		missing SMILES		
draft_22951_00186		C6H7N	6.2620000000000005		missing SMILES		
draft_22951_00187		C6H13NO	6.263999999999999		missing SMILES		
draft_22951_00188		C7H9NO	6.282		missing SMILES		
draft_22951_00189		C8H9N3O	6.2935		missing SMILES		
draft_22951_00190		C5H6N2	6.304		missing SMILES		
draft_22951_00191		C6H13N5O	6.324		missing SMILES		
draft_22951_00192		C5H7N3	6.324		missing SMILES		
draft_22951_00193		C10H11NO4	6.324		missing SMILES		
draft_22951_00194		C12H14N2O4	6.324		missing SMILES		
draft_22951_00195		C4H9NO2	6.337999999999999		missing SMILES		
draft_22951_00196		C4H11N	6.345		missing SMILES		
draft_22951_00197		C7H15NO	6.354		missing SMILES		
draft_22951_00198		C6H7N5O	6.3585		missing SMILES		
draft_22951_00199		C6H15NO	6.364		missing SMILES		
draft_22951_00200		C5H9N	6.375		missing SMILES		
draft_22951_00201		C4H10N2	6.376		missing SMILES		
draft_22951_00202		C12H12N2O2	6.376		missing SMILES		
draft_22951_00203		C6H6N2	6.386		missing SMILES		
draft_22951_00205		C10H12N2O3	6.395		missing SMILES		
draft_22951_00206		C11H13NO2	6.415		missing SMILES		
draft_22951_00208		C13H9NO4	6.417		missing SMILES		
draft_22951_00209		C6H15N3	6.425		missing SMILES		
draft_22951_00210		C4H6N4S	6.425		missing SMILES		
draft_22951_00211		C7H17NO	6.426		missing SMILES		
draft_22951_00212		C7H7NO3	6.4270000000000005		missing SMILES		
draft_22951_00213		C6H8N2	6.4350000000000005		missing SMILES		
draft_22951_00214		C7H9N	6.458		missing SMILES		
draft_22951_00215		C7H9NO2	6.467		missing SMILES		
draft_22951_00217		C5H12N2	6.479		missing SMILES		
draft_22951_00218		C5H12N2	6.479		missing SMILES		
draft_22951_00219		C7H18N	6.481		missing SMILES		
draft_22951_00220		C9H18N2O	6.486000000000001		missing SMILES		
draft_22951_00221		C5H13N3	6.489999999999999		missing SMILES		
draft_22951_00222		C6H14N2	6.489999999999999		missing SMILES		
draft_22951_00223		C2H5N3S2	6.496		missing SMILES		
draft_22951_00224		C8H12N4O	6.496		missing SMILES		
draft_22951_00225		C7H8N2O	6.5		missing SMILES		
draft_22951_00226		C7H8N4O2	6.5035		missing SMILES		
draft_22951_00227		C4H12N2	6.510000000000001		missing SMILES		
draft_22951_00228		C3H10N2	6.510000000000001		missing SMILES		
draft_22951_00229		C4H12N2	6.510000000000001		missing SMILES		
draft_22951_00230		C5H11N	6.510000000000001		missing SMILES		
draft_22951_00231		C7H10N2	6.511		missing SMILES		
draft_22951_00232		C7H15N	6.521		missing SMILES		
draft_22951_00233		C7H11N3O2S	6.531000000000001		missing SMILES		
draft_22951_00234		C10H11NO2	6.5360000000000005		missing SMILES		
draft_22951_00235		C6H8N2	6.541		missing SMILES		
draft_22951_00236		C6H8N2	6.541		missing SMILES		
draft_22951_00237		C9H18N2O	6.546		missing SMILES		
draft_22951_00238		C6H14N2	6.5520000000000005		missing SMILES		
draft_22951_00239		C8H10N2S	6.5520000000000005		missing SMILES		
draft_22951_00240		C8H6N2O2	6.557		missing SMILES		
draft_22951_00241		C8H10N2O	6.5595		missing SMILES		
draft_22951_00242		C8H7N3	6.562		missing SMILES		
draft_22951_00243		C5H14N2	6.583		missing SMILES		
draft_22951_00244		C8H7N3O	6.587000000000001		missing SMILES		
draft_22951_00245		C23H27NO9	6.593		missing SMILES		
draft_22951_00246		C5H11N	6.598		missing SMILES		
draft_22951_00249		C6H13N	6.613		missing SMILES		
draft_22951_00250		C6H13N	6.613		missing SMILES		
draft_22951_00251		C7H11NO3	6.614		missing SMILES		
draft_22951_00252		C7H9N3	6.617		missing SMILES		
draft_22951_00254		C6H10N2	6.624		missing SMILES		
draft_22951_00255		C7H9NO	6.624		missing SMILES		
draft_22951_00256		C7H8N2O3	6.635000000000001		missing SMILES		
draft_22951_00257		C6H10N2	6.645		missing SMILES		
draft_22951_00258		C8H7N3	6.648		missing SMILES		
draft_22951_00259		C8H9NO2	6.649500000000001		missing SMILES		
draft_22951_00260		C6H8N2	6.655		missing SMILES		
draft_22951_00261		C7H9N	6.655		missing SMILES		
draft_22951_00262		C6H11N3	6.655		missing SMILES		
draft_22951_00263		C8H15NO	6.6610000000000005		missing SMILES		
draft_22951_00264		C8H8N2O3	6.665		missing SMILES		
draft_22951_00265		C6H14N2	6.666		missing SMILES		
draft_22951_00266		C7H9N	6.666		missing SMILES		
draft_22951_00267		C12H15NO2	6.668		missing SMILES		
draft_22951_00268		C7H9N	6.676		missing SMILES		
draft_22951_00269		C9H11NO2	6.686000000000001		missing SMILES		
draft_22951_00270		C6H14N2	6.697		missing SMILES		
draft_22951_00271		C6H14N2O	6.7090000000000005		missing SMILES		
draft_22951_00272		C8H12N2	6.717		missing SMILES		
draft_22951_00273		C4H11N	6.718		missing SMILES		
draft_22951_00274		C8H11N	6.7285		missing SMILES		
draft_22951_00275		C7H8N2O	6.729		missing SMILES		
draft_22951_00276		C9H9N3O3	6.748		missing SMILES		
draft_22951_00277		C9H17NO	6.761		missing SMILES		
draft_22951_00278		C10H20N2O	6.769		missing SMILES		
draft_22951_00279		C11H14N2O	6.769		missing SMILES		
draft_22951_00280		C8H13NO	6.779		missing SMILES		
draft_22951_00281		C7H5N3O	6.779		missing SMILES		
draft_22951_00282		C6H16N2	6.78		missing SMILES		
draft_22951_00283		C7H11NO	6.79		missing SMILES		
draft_22951_00284		C9H15NO	6.793		missing SMILES		
draft_22951_00285		C7H9N	6.8		missing SMILES		
draft_22951_00286		C9H11N3O	6.8		missing SMILES		
draft_22951_00287		C8H12N2	6.8		missing SMILES		
draft_22951_00288		C6H13NO2	6.809		missing SMILES		
draft_22951_00289		C10H20N2O2	6.8100000000000005		missing SMILES		
draft_22951_00291		C7H10N2	6.811000000000001		missing SMILES		
draft_22951_00292		C8H10N2O3	6.819999999999999		missing SMILES		
draft_22951_00293		C7H9N	6.821		missing SMILES		
draft_22951_00294		C8H10N2O	6.821		missing SMILES		
draft_22951_00295		C8H11NO	6.83		missing SMILES		
draft_22951_00296		C7H10N2	6.831		missing SMILES		
draft_22951_00297		C11H13N3O2	6.831		missing SMILES		
draft_22951_00298		C8H7N3	6.84		missing SMILES		
draft_22951_00299		C3H4N2	6.84		missing SMILES		
draft_22951_00300		C10H8N4O2	6.84		missing SMILES		
draft_22951_00301		C8H6N4	6.842		missing SMILES		
draft_22951_00302		C11H14N2O3	6.851		missing SMILES		
draft_22951_00303		C7H10N2	6.852		missing SMILES		
draft_22951_00304		C9H11N3	6.852		missing SMILES		
draft_22951_00305		C5H11NO	6.856		missing SMILES		
draft_22951_00306		C8H12N2	6.862		missing SMILES		
draft_22951_00307		C9H12N2O	6.872		missing SMILES		
draft_22951_00308		C7H9N	6.88		missing SMILES		
draft_22951_00309		C6H14N2	6.883		missing SMILES		
draft_22951_00310		C6H16N2	6.883		missing SMILES		
draft_22951_00311		C7H9N	6.883		missing SMILES		
draft_22951_00312		C7H11NO3	6.883		missing SMILES		
draft_22951_00313		C10H19N3O2	6.891		missing SMILES		
draft_22951_00315		C5H6N2	6.894		missing SMILES		
draft_22951_00316		C9H7N3O4	6.901		missing SMILES		
draft_22951_00317		C9H23N3	6.904		missing SMILES		
draft_22951_00318		C8H12N2O	6.904		missing SMILES		
draft_22951_00319		C12H14N2O4	6.904		missing SMILES		
draft_22951_00320		C8H16N2O3	6.904		missing SMILES		
draft_22951_00321		C7H11NO3	6.91		missing SMILES		
draft_22951_00322		C6H11N	6.914		missing SMILES		
draft_22951_00323		C10H12NO	6.914		missing SMILES		
draft_22951_00324		C8H11NO	6.914		missing SMILES		
draft_22951_00325		C7H9N5	6.921		missing SMILES		
draft_22951_00326		C7H18N2	6.924		missing SMILES		
draft_22951_00327		C11H10N2O	6.924		missing SMILES		
draft_22951_00328		C8H12N2	6.925		missing SMILES		
draft_22951_00329		C8H11N3O4	6.932		missing SMILES		
draft_22951_00330		C7H9N	6.9350000000000005		missing SMILES		
draft_22951_00331		C9H8N6O	6.941		missing SMILES		
draft_22951_00332		C6H12N2O	6.941999999999999		missing SMILES		
draft_22951_00333		C7H16N2	6.944999999999999		missing SMILES		
draft_22951_00334		C8H20N2	6.961		missing SMILES		
draft_22951_00335		C7H9N3	6.962000000000001		missing SMILES		
draft_22951_00336		C5H5NO	6.965999999999999		missing SMILES		
draft_22951_00337		C7H7N	6.97		missing SMILES		
draft_22951_00338		C7H13N	6.976		missing SMILES		
draft_22951_00339		C5H13N	6.976		missing SMILES		
draft_22951_00340		C7H16N2	6.976		missing SMILES		
draft_22951_00341		C5H9N3S	6.976		missing SMILES		
draft_22951_00342		C10H11N3O2	6.976		missing SMILES		
draft_22951_00343		C10H19N3O2	6.982		missing SMILES		
draft_22951_00344		C5H8N2	6.987		missing SMILES		
draft_22951_00345		C5H14N2	6.997		missing SMILES		
draft_22951_00346		C11H10N2O	6.997		missing SMILES		
draft_22951_00347		C9H14N	7.001		missing SMILES		
draft_22951_00348		C6H9NS	7.002		missing SMILES		
draft_22951_00349		C12H22N2O	7.002		missing SMILES		
draft_22951_00350		C8H9NO2	7.002		missing SMILES		
draft_22951_00351		C6H14N2	7.007000000000001		missing SMILES		
draft_22951_00352		C8H8N2	7.007000000000001		missing SMILES		
draft_22951_00353		C10H14N2	7.0120000000000005		missing SMILES		
draft_22951_00354		C8H14N2O	7.022		missing SMILES		
draft_22951_00355		C9H17NO2	7.022		missing SMILES		
draft_22951_00357		C10H18N2S	7.023		missing SMILES		
draft_22951_00358		C6H15N	7.0280000000000005		missing SMILES		
draft_22951_00359		C8H20N2	7.0280000000000005		missing SMILES		
draft_22951_00360		C8H12N2	7.0280000000000005		missing SMILES		
draft_22951_00361		C11H12N4	7.032		missing SMILES		
draft_22951_00362		C7H11N3	7.033		missing SMILES		
draft_22951_00363		C8H10N4OS	7.033		missing SMILES		
draft_22951_00364		C7H17NO	7.037000000000001		missing SMILES		
draft_22951_00365		C8H12N2	7.037999999999999		missing SMILES		
draft_22951_00366		C11H16N2	7.0395		missing SMILES		
draft_22951_00367		C6H16N2	7.04		missing SMILES		
draft_22951_00368		C5H13N	7.049		missing SMILES		
draft_22951_00369		C9H22N2	7.049		missing SMILES		
draft_22951_00371		C10H10N2	7.053		missing SMILES		
draft_22951_00372		C9H11NO2	7.059		missing SMILES		
draft_22951_00373		C4H8N2S2	7.063		missing SMILES		
draft_22951_00374		C7H15NO	7.063		missing SMILES		
draft_22951_00375		C10H12N4O2	7.063		missing SMILES		
draft_22951_00376		C6H11N	7.068		missing SMILES		
draft_22951_00377		C10H13NO2	7.083		missing SMILES		
draft_22951_00378		C5H13N	7.09		missing SMILES		
draft_22951_00379		C7H6N2	7.09		missing SMILES		
draft_22951_00380		C10H19NO	7.093		missing SMILES		
draft_22951_00381		C13H21N3O2	7.093		missing SMILES		
draft_22951_00382		C7H12N2	7.093999999999999		missing SMILES		
draft_22951_00383		C6H15N	7.101		missing SMILES		
draft_22951_00384		C10H11N3O	7.101		missing SMILES		
draft_22951_00385		C8H19N	7.103		missing SMILES		
draft_22951_00386		C8H7N3	7.103		missing SMILES		
draft_22951_00387		C9H12N2O	7.111000000000001		missing SMILES		
draft_22951_00388		C12H13N3	7.114		missing SMILES		
draft_22951_00389		C12H22N2O	7.114		missing SMILES		
draft_22951_00390		C6H15N	7.121		missing SMILES		
draft_22951_00391		C7H11NO2	7.121		missing SMILES		
draft_22951_00392		C15H24N4O3	7.123		missing SMILES		
draft_22951_00393		C6H15N	7.123500000000001		missing SMILES		
draft_22951_00395		C9H6N4	7.132000000000001		missing SMILES		
draft_22951_00396		C8H8O4	7.134		missing SMILES		
draft_22951_00397		C8H18N2	7.142		missing SMILES		
draft_22951_00398		C10H17NO	7.153499999999999		missing SMILES		
draft_22951_00399		C3H5N5	7.155		missing SMILES		
draft_22951_00400		C12H12N10	7.155		missing SMILES		
draft_22951_00401		C8H20N2	7.162999999999999		missing SMILES		
draft_22951_00402		C7H7N5O2S	7.173		missing SMILES		
draft_22951_00403		C6H13N5S	7.174		missing SMILES		
draft_22951_00405		C10H24N2	7.194		missing SMILES		
draft_22951_00406		C7H18N2	7.194		missing SMILES		
draft_22951_00407		C10H22N2	7.194		missing SMILES		
draft_22951_00408		C14H28N2O	7.194		missing SMILES		
draft_22951_00409		C12H19N3	7.194500000000001		missing SMILES		
draft_22951_00410		C8H20N2	7.204		missing SMILES		
draft_22951_00412		C6H14N4S3	7.213999999999999		missing SMILES		
draft_22951_00413		C10H13N5O3	7.213999999999999		missing SMILES		
draft_22951_00414		C12H9NO6	7.213999999999999		missing SMILES		
draft_22951_00415		C8H14N4O	7.215		missing SMILES		
draft_22951_00416		C13H14N2	7.225		missing SMILES		
draft_22951_00417		C10H16N2	7.225		missing SMILES		
draft_22951_00418		C9H12N2O2	7.235		missing SMILES		
draft_22951_00419		C13H14N4O	7.235		missing SMILES		
draft_22951_00420		C8H6N2OS	7.235		missing SMILES		
draft_22951_00421		C8H17NO	7.236000000000001		missing SMILES		
draft_22951_00422		C10H15N5O2	7.245999999999999		missing SMILES		
draft_22951_00423		C7H15NO2	7.25		missing SMILES		
draft_22951_00424		C8H18N4O2	7.255		missing SMILES		
draft_22951_00425		C12H11NO3S	7.255		missing SMILES		
draft_22951_00426		C8H9N	7.256		missing SMILES		
draft_22951_00427		C8H8N2	7.256		missing SMILES		
draft_22951_00428		C13H18NO3P	7.256		missing SMILES		
draft_22951_00429		C7H8N2O	7.257000000000001		missing SMILES		
draft_22951_00430		C9H10N2O	7.265		missing SMILES		
draft_22951_00431		C9H22N2	7.266		missing SMILES		
draft_22951_00432		C7H9N	7.266		missing SMILES		
draft_22951_00433		C9H7N	7.266		missing SMILES		
draft_22951_00434		C7H6N2	7.266		missing SMILES		
draft_22951_00435		C8H7NO2	7.266		missing SMILES		
draft_22951_00436		C10H20N2O2	7.275		missing SMILES		
draft_22951_00437		C9H11NO	7.275		missing SMILES		
draft_22951_00438		C17H31N5O2	7.275499999999999		missing SMILES		
draft_22951_00439		C10H8N4O	7.276		missing SMILES		
draft_22951_00440		C12H12N2	7.277		missing SMILES		
draft_22951_00441		C7H10N2	7.286		missing SMILES		
draft_22951_00442		C11H15N3O4	7.287000000000001		missing SMILES		
draft_22951_00443		C12H22N2O	7.2905		missing SMILES		
draft_22951_00444		C6H11NO	7.292		missing SMILES		
draft_22951_00445		C5H13N	7.293		missing SMILES		
draft_22951_00446		C9H14N2O	7.296		missing SMILES		
draft_22951_00447		C10H8N2O3	7.296		missing SMILES		
draft_22951_00448		C10H22N2O	7.306		missing SMILES		
draft_22951_00449		C10H20N2O2	7.306		missing SMILES		
draft_22951_00450		C16H20N4	7.306		missing SMILES		
draft_22951_00451		C10H12N2O	7.308000000000001		missing SMILES		
draft_22951_00452		C9H8N2	7.316		missing SMILES		
draft_22951_00453		C9H20N2O	7.316		missing SMILES		
draft_22951_00454		C20H36N6O2	7.316999999999999		missing SMILES		
draft_22951_00455		C7H10N2	7.318		missing SMILES		
draft_22951_00456		C10H10N4	7.318		missing SMILES		
draft_22951_00457		C10H18N2	7.326		missing SMILES		
draft_22951_00458		C10H15N3O	7.326		missing SMILES		
draft_22951_00459		C14H16N4	7.3305		missing SMILES		
draft_22951_00460		C10H11N3	7.331		missing SMILES		
draft_22951_00461		C11H13N3O2	7.336		missing SMILES		
draft_22951_00464		C8H9NO2	7.338999999999999		missing SMILES		
draft_22951_00465		C8H9NO	7.346999999999999		missing SMILES		
draft_22951_00466		C8H21N3	7.349		missing SMILES		
draft_22951_00467		C13H17N3O2	7.356		missing SMILES		
draft_22951_00468		C8H8N2	7.359		missing SMILES		
draft_22951_00469		C12H29N3	7.366		missing SMILES		
draft_22951_00470		C9H20N2O	7.367999999999999		missing SMILES		
draft_22951_00471		C7H15N	7.37		missing SMILES		
draft_22951_00472		C13H14N2	7.37		missing SMILES		
draft_22951_00473		C7H8N4O	7.376		missing SMILES		
draft_22951_00474		C7H10N2O	7.377		missing SMILES		
draft_22951_00475		C9H9NO3	7.38		missing SMILES		
draft_22951_00476		C7H14N2	7.385499999999999		missing SMILES		
draft_22951_00477		C10H10N2O3	7.386		missing SMILES		
draft_22951_00479		C10H21N3O	7.388		missing SMILES		
draft_22951_00480		C10H22N2	7.39		missing SMILES		
draft_22951_00481		C10H22N	7.398		missing SMILES		
draft_22951_00482		C15H15N3O2	7.407		missing SMILES		
draft_22951_00483		C13H14NO2	7.411		missing SMILES		
draft_22951_00485		C8H9NO2	7.421		missing SMILES		
draft_22951_00486		C5H15N3	7.422		missing SMILES		
draft_22951_00487		C7H10N2	7.422		missing SMILES		
draft_22951_00488		C8H12N4O2	7.431		missing SMILES		
draft_22951_00489		C8H11N	7.432		missing SMILES		
draft_22951_00490		C6H8N2	7.441999999999999		missing SMILES		
draft_22951_00491		C13H10N4O2	7.447		missing SMILES		
draft_22951_00492		C7H15N3S	7.447999999999999		missing SMILES		
draft_22951_00493		C15H25N3	7.452		missing SMILES		
draft_22951_00494		C8H10N2O	7.452		missing SMILES		
draft_22951_00495		C7H19N3	7.453		missing SMILES		
draft_22951_00496		C8H15N	7.453		missing SMILES		
draft_22951_00497		C7H15N	7.453		missing SMILES		
draft_22951_00498		C5H12N2O	7.457		missing SMILES		
draft_22951_00499		C10H11N3O	7.458		missing SMILES		
draft_22951_00500		C8H11N	7.462000000000001		missing SMILES		
draft_22951_00501		C10H24N2	7.462999999999999		missing SMILES		
draft_22951_00502		C6H9NS	7.468		missing SMILES		
draft_22951_00503		C6H11NO	7.468999999999999		missing SMILES		
draft_22951_00504		C6H16N2	7.473		missing SMILES		
draft_22951_00505		C12H9NO6	7.473		missing SMILES		
draft_22951_00506		C20H38N4O2	7.478		missing SMILES		
draft_22951_00507		C11H20NO2	7.484		missing SMILES		
draft_22951_00508		C9H17NO2	7.487999999999999		missing SMILES		
draft_22951_00509		C8H10N4O2	7.489		missing SMILES		
draft_22951_00510		C6H8N2	7.494		missing SMILES		
draft_22951_00511		C10H25N3	7.494		missing SMILES		
draft_22951_00512		C6H18N4	7.497		missing SMILES		
draft_22951_00513		C12H15NO2	7.5		missing SMILES		
draft_22951_00514		C7H12N2	7.505		missing SMILES		
draft_22951_00515		C8H19N	7.506		missing SMILES		
draft_22951_00516		C14H12N4O5	7.508		missing SMILES		
draft_22951_00517		C6H8N2	7.515		missing SMILES		
draft_22951_00518		C14H26N2O	7.518		missing SMILES		
draft_22951_00519		C15H18N4O2	7.518		missing SMILES		
draft_22951_00521		C9H13N	7.525		missing SMILES		
draft_22951_00522		C10H14N2O	7.525		missing SMILES		
draft_22951_00523		C11H14N2O	7.525		missing SMILES		
draft_22951_00524		C9H15N2	7.539		missing SMILES		
draft_22951_00525		C8H17N	7.546		missing SMILES		
draft_22951_00526		C8H8N2	7.556		missing SMILES		
draft_22951_00527		C8H17N	7.566999999999999		missing SMILES		
draft_22951_00528		C10H24N2	7.569999999999999		missing SMILES		
draft_22951_00529		C9H17NO	7.569999999999999		missing SMILES		
draft_22951_00530		C10H13NO2	7.577		missing SMILES		
draft_22951_00531		C17H30N2O6	7.577		missing SMILES		
draft_22951_00532		C11H14N2O	7.579		missing SMILES		
draft_22951_00533		C6H8N2	7.587000000000001		missing SMILES		
draft_22951_00534		C7H9N	7.587000000000001		missing SMILES		
draft_22951_00535		C7H9NO	7.587999999999999		missing SMILES		
draft_22951_00536		C9H13NO	7.596999999999999		missing SMILES		
draft_22951_00537		C7H9N	7.598		missing SMILES		
draft_22951_00538		C15H35N3	7.598		missing SMILES		
draft_22951_00539		C9H14N2S	7.599		missing SMILES		
draft_22951_00540		C12H30N4	7.608		missing SMILES		
draft_22951_00541		C9H11N	7.608		missing SMILES		
draft_22951_00542		C11H17NO	7.609		missing SMILES		
draft_22951_00543		C26H42N4O2	7.61		missing SMILES		
draft_22951_00544		C9H13N	7.617999999999999		missing SMILES		
draft_22951_00545		C7H9N	7.617999999999999		missing SMILES		
draft_22951_00546		C9H11NO2	7.619		missing SMILES		
draft_22951_00547		C13H21NO3	7.6255		missing SMILES		
draft_22951_00548		C6H13N	7.629		missing SMILES		
draft_22951_00550		C14H17N3O2	7.629		missing SMILES		
draft_22951_00551		C8H19NO	7.636		missing SMILES		
draft_22951_00552		C11H15N3O	7.64		missing SMILES		
draft_22951_00553		C10H20NO2	7.649		missing SMILES		
draft_22951_00554		C9H12N2	7.65		missing SMILES		
draft_22951_00555		C11H13N3O2	7.651		missing SMILES		
draft_22951_00556		C9H11N	7.66		missing SMILES		
draft_22951_00557		C10H9N3O2	7.66		missing SMILES		
draft_22951_00558		C7H9NO	7.66		missing SMILES		
draft_22951_00559		C11H14N2	7.66		missing SMILES		
draft_22951_00561		C12H12N	7.67		missing SMILES		
draft_22951_00562		C9H6N2O2	7.67		missing SMILES		
draft_22951_00563		C9H13N	7.680000000000001		missing SMILES		
draft_22951_00564		C8H11N	7.681		missing SMILES		
draft_22951_00565		C9H11NO2	7.681		missing SMILES		
draft_22951_00566		C18H24N4	7.689999999999999		missing SMILES		
draft_22951_00567		C11H11NO6	7.691		missing SMILES		
draft_22951_00568		C7H7N3	7.691		missing SMILES		
draft_22951_00569		C12H17NO	7.7005		missing SMILES		
draft_22951_00570		C14H22N2O2	7.702		missing SMILES		
draft_22951_00571		C10H11NO2	7.71		missing SMILES		
draft_22951_00572		C20H40N4O	7.711		missing SMILES		
draft_22951_00573		C13H15N3O3	7.721		missing SMILES		
draft_22951_00574		C8H12N2	7.721999999999999		missing SMILES		
draft_22951_00575		C10H9NO3	7.721999999999999		missing SMILES		
draft_22951_00576		C9H13NO	7.725		missing SMILES		
draft_22951_00577		C10H11NO3	7.731		missing SMILES		
draft_22951_00578		C8H6N2	7.732		missing SMILES		
draft_22951_00579		C8H19N	7.732		missing SMILES		
draft_22951_00580		C8H22N4	7.732		missing SMILES		
draft_22951_00581		C7H5N	7.732		missing SMILES		
draft_22951_00582		C13H21N3O	7.7345		missing SMILES		
draft_22951_00583		C9H10N2O3	7.741		missing SMILES		
draft_22951_00584		C8H8N2	7.742999999999999		missing SMILES		
draft_22951_00586		C15H18N2O5	7.751		missing SMILES		
draft_22951_00587		C12H9N3O3	7.753		missing SMILES		
draft_22951_00588		C10H14N2O	7.753		missing SMILES		
draft_22951_00589		C14H14N2O	7.753		missing SMILES		
draft_22951_00591		C16H29N3	7.761		missing SMILES		
draft_22951_00592		C18H25N3O2	7.761		missing SMILES		
draft_22951_00593		C8H13N	7.772		missing SMILES		
draft_22951_00594		C11H11NO	7.773		missing SMILES		
draft_22951_00595		C6H15N	7.774		missing SMILES		
draft_22951_00596		C14H17N3	7.7915		missing SMILES		
draft_22951_00597		C7H14N2O	7.793		missing SMILES		
draft_22951_00598		C13H21N5O2	7.801		missing SMILES		
draft_22951_00599		C9H6N4O2	7.802		missing SMILES		
draft_22951_00600		C8H8N2O	7.802		missing SMILES		
draft_22951_00601		C13H15N3O2	7.802		missing SMILES		
draft_22951_00602		C10H14N2O3	7.804		missing SMILES		
draft_22951_00603		C13H19N3O	7.812		missing SMILES		
draft_22951_00606		C8H11N	7.825		missing SMILES		
draft_22951_00607		C15H36N4	7.836		missing SMILES		
draft_22951_00608		C13H17NO	7.843		missing SMILES		
draft_22951_00609		C9H11N	7.846		missing SMILES		
draft_22951_00610		C7H15N	7.846		missing SMILES		
draft_22951_00611		C6H9NO	7.846		missing SMILES		
draft_22951_00612		C10H15N3O	7.856		missing SMILES		
draft_22951_00613		C11H20N2O3	7.8645		missing SMILES		
draft_22951_00614		C10H13NO2	7.867		missing SMILES		
draft_22951_00615		C13H16N6	7.867		missing SMILES		
draft_22951_00616		C10H10N2	7.873		missing SMILES		
draft_22951_00617		C13H16N2O	7.873		missing SMILES		
draft_22951_00618		C11H12N	7.877		missing SMILES		
draft_22951_00619		C9H10N2	7.877		missing SMILES		
draft_22951_00620		C21H30N4O2	7.883		missing SMILES		
draft_22951_00621		C11H15NO	7.887		missing SMILES		
draft_22951_00622		C15H12N2O	7.887		missing SMILES		
draft_22951_00623		C12H10N4O	7.898		missing SMILES		
draft_22951_00624		C7H13NO	7.8985		missing SMILES		
draft_22951_00625		C10H15NO2	7.903		missing SMILES		
draft_22951_00626		C8H11N	7.908		missing SMILES		
draft_22951_00628		C8H11N	7.919		missing SMILES		
draft_22951_00630		C10H14N2O	7.919		missing SMILES		
draft_22951_00631		C11H13NO3	7.919		missing SMILES		
draft_22951_00632		C10H14N2O2	7.919		missing SMILES		
draft_22951_00633		C9H17N	7.929		missing SMILES		
draft_22951_00634		C8H10N4	7.929		missing SMILES		
draft_22951_00635		C12H20N2O	7.938		missing SMILES		
draft_22951_00636		C12H19N3O3	7.949		missing SMILES		
draft_22951_00637		C9H17NO2	7.954		missing SMILES		
draft_22951_00638		C13H18N4O	7.954		missing SMILES		
draft_22951_00639		C10H18NO	7.96		missing SMILES		
draft_22951_00640		C10H11N5	7.963999999999999		missing SMILES		
draft_22951_00641		C9H13N	7.97		missing SMILES		
draft_22951_00642		C9H15N	7.977		missing SMILES		
draft_22951_00643		C8H12N2	7.981		missing SMILES		
draft_22951_00644		C19H20N6O	7.984		missing SMILES		
draft_22951_00645		C20H18N4O2	7.984		missing SMILES		
draft_22951_00646		C12H18N2O3	7.991		missing SMILES		
draft_22951_00647		C10H11NO3	8.001		missing SMILES		
draft_22951_00648		C6H11N3S	8.004		missing SMILES		
draft_22951_00649		C10H14N2	8.004		missing SMILES		
draft_22951_00650		C12H23NO2	8.004		missing SMILES		
draft_22951_00651		C7H9N	8.013		missing SMILES		
draft_22951_00652		C9H13N	8.022		missing SMILES		
draft_22951_00653		C16H27N3O2	8.024		missing SMILES		
draft_22951_00654		C18H33N3O	8.025		missing SMILES		
draft_22951_00655		C7H14N6	8.034		missing SMILES		
draft_22951_00656		C14H17N3O	8.034		missing SMILES		
draft_22951_00657		C14H11N3O	8.034		missing SMILES		
draft_22951_00658		C8H19N	8.043		missing SMILES		
draft_22951_00659		C9H13N	8.043		missing SMILES		
draft_22951_00661		C8H11N	8.053		missing SMILES		
draft_22951_00662		C11H10N2O3	8.054		missing SMILES		
draft_22951_00663		C9H12N6	8.055		missing SMILES		
draft_22951_00664		C13H14N4O	8.055		missing SMILES		
draft_22951_00665		C9H19N	8.064		missing SMILES		
draft_22951_00666		C9H15NO3	8.074		missing SMILES		
draft_22951_00667		C14H17N3O2	8.075		missing SMILES		
draft_22951_00668		C9H17N3S	8.075		missing SMILES		
draft_22951_00669		C9H13NO	8.076		missing SMILES		
draft_22951_00670		C7H15N	8.084		missing SMILES		
draft_22951_00671		C8H8N2	8.084		missing SMILES		
draft_22951_00672		C9H9NO	8.085		missing SMILES		
draft_22951_00674		C6H8N2	8.094		missing SMILES		
draft_22951_00675		C13H9N3O2	8.095		missing SMILES		
draft_22951_00676		C11H23NO2	8.105		missing SMILES		
draft_22951_00677		C9H13N	8.115		missing SMILES		
draft_22951_00678		C9H15N9	8.115		missing SMILES		
draft_22951_00679		C18H31N3	8.115		missing SMILES		
draft_22951_00680		C12H11N3O4	8.116		missing SMILES		
draft_22951_00681		C10H10N2O2	8.126		missing SMILES		
draft_22951_00682		C9H13NO2	8.126		missing SMILES		
draft_22951_00683		C12H11NO4	8.126		missing SMILES		
draft_22951_00684		C9H13N3S	8.136000000000001		missing SMILES		
draft_22951_00685		C11H9N3O	8.136000000000001		missing SMILES		
draft_22951_00686		C13H20N2O2	8.156		missing SMILES		
draft_22951_00687		C12H12N4	8.156		missing SMILES		
draft_22951_00688		C15H10N2O2	8.156		missing SMILES		
draft_22951_00689		C12H16N2O5	8.157		missing SMILES		
draft_22951_00690		C14H22N2O2	8.1605		missing SMILES		
draft_22951_00691		C8H19N	8.161		missing SMILES		
draft_22951_00692		C9H21N	8.167		missing SMILES		
draft_22951_00695		C12H9N3	8.186		missing SMILES		
draft_22951_00696		C17H22N4O2	8.186		missing SMILES		
draft_22951_00697		C13H23NO	8.187000000000001		missing SMILES		
draft_22951_00698		C8H11N	8.187999999999999		missing SMILES		
draft_22951_00699		C9H13NO	8.197		missing SMILES		
draft_22951_00700		C9H10N4S	8.207		missing SMILES		
draft_22951_00701		C15H12O5	8.208		missing SMILES		
draft_22951_00702		C9H12N4	8.208		missing SMILES		
draft_22951_00703		C11H10N2O2	8.209		missing SMILES		
draft_22951_00704		C11H13NO2	8.216		missing SMILES		
draft_22951_00705		C11H17NO3	8.2185		missing SMILES		
draft_22951_00706		C12H15NO	8.247		missing SMILES		
draft_22951_00707		C11H20N2O4	8.25		missing SMILES		
draft_22951_00708		C18H30N4O2	8.257		missing SMILES		
draft_22951_00709		C18H24N4O2	8.258000000000001		missing SMILES		
draft_22951_00710		C12H28N2	8.26		missing SMILES		
draft_22951_00711		C9H13N	8.26		missing SMILES		
draft_22951_00712		C12H22N2O	8.267		missing SMILES		
draft_22951_00713		C10H16N4O	8.277		missing SMILES		
draft_22951_00714		C10H13N3S	8.277		missing SMILES		
draft_22951_00715		C14H15N3O	8.281		missing SMILES		
draft_22951_00716		C14H19N3O2	8.281		missing SMILES		
draft_22951_00717		C16H22N4O2	8.288		missing SMILES		
draft_22951_00718		C8H11N	8.291		missing SMILES		
draft_22951_00719		C13H11N3O	8.302		missing SMILES		
draft_22951_00720		C9H7N3O	8.307		missing SMILES		
draft_22951_00721		C7H9N3S	8.308		missing SMILES		
draft_22951_00722		C13H10N4O	8.308		missing SMILES		
draft_22951_00723		C8H9N	8.309000000000001		missing SMILES		
draft_22951_00724		C6H13NO	8.3118		missing SMILES		
draft_22951_00725		C10H10N2	8.312000000000001		missing SMILES		
draft_22951_00726		C17H27NO4	8.312999999999999		missing SMILES		
draft_22951_00727		C13H22N	8.318999999999999		missing SMILES		
draft_22951_00728		C9H10N2	8.322		missing SMILES		
draft_22951_00729		C10H12N2	8.333		missing SMILES		
draft_22951_00730		C15H16N2O4	8.338		missing SMILES		
draft_22951_00731		C15H23N3O	8.338		missing SMILES		
draft_22951_00732		C13H10N2	8.339		missing SMILES		
draft_22951_00733		C20H28N4O2	8.348		missing SMILES		
draft_22951_00734		C10H11NO2	8.353		missing SMILES		
draft_22951_00735		C9H11N	8.354000000000001		missing SMILES		
draft_22951_00736		C14H19NO2	8.358		missing SMILES		
draft_22951_00737		C14H14NO	8.363999999999999		missing SMILES		
draft_22951_00738		C12H18NO2	8.363999999999999		missing SMILES		
draft_22951_00739		C15H21N3O2	8.368		missing SMILES		
draft_22951_00741		C10H15NO	8.369		missing SMILES		
draft_22951_00742		C9H12N2O	8.37		missing SMILES		
draft_22951_00743		C12H9N3	8.374		missing SMILES		
draft_22951_00744		C17H16N4O2	8.374		missing SMILES		
draft_22951_00745		C20H23NO4	8.3765		missing SMILES		
draft_22951_00746		C12H15NO4	8.378		missing SMILES		
draft_22951_00747		C13H10N2	8.379		missing SMILES		
draft_22951_00748		C11H8N4O2	8.379		missing SMILES		
draft_22951_00749		C7H13NO	8.38		missing SMILES		
draft_22951_00750		C9H13N	8.384		missing SMILES		
draft_22951_00751		C13H21NO	8.384		missing SMILES		
draft_22951_00752		C8H19N	8.385		missing SMILES		
draft_22951_00753		C12H20N2	8.388		missing SMILES		
draft_22951_00757		C16H24N2O3	8.398		missing SMILES		
draft_22951_00758		C18H31N3O2	8.399		missing SMILES		
draft_22951_00759		C10H13NO	8.4		missing SMILES		
draft_22951_00760		C13H20N2O2	8.407		missing SMILES		
draft_22951_00762		C11H15NO4	8.416		missing SMILES		
draft_22951_00763		C11H12N2O	8.419		missing SMILES		
draft_22951_00764		C13H10N2	8.426		missing SMILES		
draft_22951_00765		C14H14NO	8.426		missing SMILES		
draft_22951_00766		C9H11N	8.43		missing SMILES		
draft_22951_00767		C30H60N3O3	8.437999999999999		missing SMILES		
draft_22951_00768		C9H14N4O4	8.439		missing SMILES		
draft_22951_00769		C11H21NO	8.44		missing SMILES		
draft_22951_00770		C17H22N2O	8.44		missing SMILES		
draft_22951_00771		C11H17NO	8.44		missing SMILES		
draft_22951_00772		C9H7NO2	8.4425		missing SMILES		
draft_22951_00773		C10H13NO	8.446		missing SMILES		
draft_22951_00774		C8H8N4	8.446		missing SMILES		
draft_22951_00775		C9H9NO4	8.446		missing SMILES		
draft_22951_00776		C12H13N2	8.457		missing SMILES		
draft_22951_00777		C12H11NO4	8.457		missing SMILES		
draft_22951_00778		C9H9NO	8.457		missing SMILES		
draft_22951_00779		C10H17NS	8.459		missing SMILES		
draft_22951_00780		C17H26N2O	8.461		missing SMILES		
draft_22951_00781		C9H13N	8.467		missing SMILES		
draft_22951_00782		C17H21NO4	8.4675		missing SMILES		
draft_22951_00783		C13H17N3O3	8.469		missing SMILES		
draft_22951_00784		C14H16N6O3	8.47		missing SMILES		
draft_22951_00785		C9H22N	8.471		missing SMILES		
draft_22951_00786		C11H13NO2	8.478		missing SMILES		
draft_22951_00787		C11H11NO3	8.48		missing SMILES		
draft_22951_00788		C9H9N3	8.48		missing SMILES		
draft_22951_00790		C14H20N4O	8.491		missing SMILES		
draft_22951_00791		C9H9N3	8.498		missing SMILES		
draft_22951_00792		C11H10N2O4	8.501		missing SMILES		
draft_22951_00793		C13H20NO2	8.51		missing SMILES		
draft_22951_00794		C8H7NO	8.512		missing SMILES		
draft_22951_00795		C10H10N2	8.519		missing SMILES		
draft_22951_00796		C9H12N2O2	8.519		missing SMILES		
draft_22951_00797		C19H22N2O	8.520999999999999		missing SMILES		
draft_22951_00798		C18H24N2O	8.5215		missing SMILES		
draft_22951_00799		C8H19N	8.53		missing SMILES		
draft_22951_00800		C11H17NO	8.53		missing SMILES		
draft_22951_00802		C11H16N2	8.54		missing SMILES		
draft_22951_00803		C13H21N3O3	8.550999999999998		missing SMILES		
draft_22951_00804		C16H22N2O	8.550999999999998		missing SMILES		
draft_22951_00805		C17H17N3	8.550999999999998		missing SMILES		
draft_22951_00806		C17H32N2O2	8.550999999999998		missing SMILES		
draft_22951_00807		C9H14N4O4	8.550999999999998		missing SMILES		
draft_22951_00808		C11H14N2S	8.552999999999999		missing SMILES		
draft_22951_00809		C17H31N3O4	8.556999999999999		missing SMILES		
draft_22951_00810		C18H17N3	8.559666667		missing SMILES		
draft_22951_00811		C14H9NO5S	8.562000000000001		missing SMILES		
draft_22951_00812		C16H21NO2	8.568000000000001		missing SMILES		
draft_22951_00813		C9H13NO	8.591000000000001		missing SMILES		
draft_22951_00814		C16H13N3O3	8.591000000000001		missing SMILES		
draft_22951_00815		C11H15N	8.600999999999999		missing SMILES		
draft_22951_00816		C15H29N3O2	8.600999999999999		missing SMILES		
draft_22951_00817		C9H21N	8.602		missing SMILES		
draft_22951_00818		C12H12N2	8.602		missing SMILES		
draft_22951_00819		C18H21NO3	8.610000000000001		missing SMILES		
draft_22951_00820		C16H17N3O3	8.610999999999999		missing SMILES		
draft_22951_00821		C11H16N2O	8.610999999999999		missing SMILES		
draft_22951_00822		C19H24N4O2	8.612		missing SMILES		
draft_22951_00823		C14H12N6O2	8.622000000000002		missing SMILES		
draft_22951_00824		C9H13NO	8.643		missing SMILES		
draft_22951_00825		C13H13NO	8.6485		missing SMILES		
draft_22951_00826		C21H22N4O2	8.652		missing SMILES		
draft_22951_00827		C12H13N	8.654		missing SMILES		
draft_22951_00828		C11H15NO2	8.654		missing SMILES		
draft_22951_00829		C9H7NO2	8.654		missing SMILES		
draft_22951_00830		C12H11N3O2	8.662		missing SMILES		
draft_22951_00831		C11H15N3O2	8.662		missing SMILES		
draft_22951_00832		C9H13NS	8.672		missing SMILES		
draft_22951_00833		C14H22N2	8.673		missing SMILES		
draft_22951_00834		C14H12N2	8.674000000000001		missing SMILES		
draft_22951_00836		C13H14N2O2	8.681999999999999		missing SMILES		
draft_22951_00837		C6H13NO	8.684		missing SMILES		
draft_22951_00838		C14H18N4O3	8.687999999999999		missing SMILES		
draft_22951_00839		C12H12N2O4	8.692		missing SMILES		
draft_22951_00840		C10H12N2O	8.692		missing SMILES		
draft_22951_00841		C9H11NO2	8.6935		missing SMILES		
draft_22951_00842		C12H11N7	8.7065		missing SMILES		
draft_22951_00843		C12H12N2	8.713		missing SMILES		
draft_22951_00844		C14H14N4O2	8.713		missing SMILES		
draft_22951_00845		C18H27N3	8.713		missing SMILES		
draft_22951_00846		C12H13N3O2	8.713		missing SMILES		
draft_22951_00847		C15H20N2O2	8.715499999999999		missing SMILES		
draft_22951_00848		C11H13NO3	8.716000000000001		missing SMILES		
draft_22951_00849		C15H24N4O	8.723		missing SMILES		
draft_22951_00850		C10H7NO	8.725999999999999		missing SMILES		
draft_22951_00851		C11H12N2S	8.730500000000001		missing SMILES		
draft_22951_00852		C16H23N3O	8.743		missing SMILES		
draft_22951_00854		C9H14N2O3	8.747000000000002		missing SMILES		
draft_22951_00856		C14H20N2O2	8.7525		missing SMILES		
draft_22951_00857		C11H12N2O2	8.757		missing SMILES		
draft_22951_00858		C15H16N3O	8.757		missing SMILES		
draft_22951_00859		C11H19N	8.763		missing SMILES		
draft_22951_00860		C8H13N3S	8.763		missing SMILES		
draft_22951_00861		C10H7N5O	8.764000000000001		missing SMILES		
draft_22951_00862		C12H18N2O	8.767		missing SMILES		
draft_22951_00863		C19H31NO3	8.775		missing SMILES		
draft_22951_00864		C16H31N3O	8.783999999999999		missing SMILES		
draft_22951_00865		C20H32N2	8.788		missing SMILES		
draft_22951_00866		C11H17NO	8.788		missing SMILES		
draft_22951_00867		C11H7N5O	8.799000000000001		missing SMILES		
draft_22951_00869		C12H15NO	8.804		missing SMILES		
draft_22951_00870		C11H9N5	8.804		missing SMILES		
draft_22951_00871		C7H9N3S	8.809		missing SMILES		
draft_22951_00872		C15H18N2O2	8.814		missing SMILES		
draft_22951_00873		C18H22N4O3	8.814		missing SMILES		
draft_22951_00874		C10H15N	8.815499999999998		missing SMILES		
draft_22951_00875		C13H16N4S	8.818999999999999		missing SMILES		
draft_22951_00876		C15H17N3O	8.818999999999999		missing SMILES		
draft_22951_00877		C19H20N2	8.821		missing SMILES		
draft_22951_00878		C12H14N2S	8.824000000000002		missing SMILES		
draft_22951_00879		C9H7NO	8.8315		missing SMILES		
draft_22951_00880		C13H21NO2	8.834		missing SMILES		
draft_22951_00881		C19H22N2O	8.8435		missing SMILES		
draft_22951_00882		C14H19NO2	8.845		missing SMILES		
draft_22951_00883		C10H7NO	8.85		missing SMILES		
draft_22951_00884		C11H15NO2	8.85		missing SMILES		
draft_22951_00885		C16H21N3O	8.85		missing SMILES		
draft_22951_00886		C7H14N2S	8.860999999999999		missing SMILES		
draft_22951_00887		C14H21NO	8.865		missing SMILES		
draft_22951_00888		C12H18N4O4	8.875		missing SMILES		
draft_22951_00889		C19H31NO	8.875		missing SMILES		
draft_22951_00890		C20H23N3O2	8.885		missing SMILES		
draft_22951_00891		C6H9N3S	8.892		missing SMILES		
draft_22951_00892		C12H14N2O4	8.892		missing SMILES		
draft_22951_00893		C12H14N2	8.892		missing SMILES		
draft_22951_00894		C13H19NO2	8.895000000000001		missing SMILES		
draft_22951_00895		C27H33N3O8	8.91		missing SMILES		
draft_22951_00896		C11H14N2S	8.912		missing SMILES		
draft_22951_00897		C15H17N3S	8.912		missing SMILES		
draft_22951_00898		C17H23NO3	8.9195		missing SMILES		
draft_22951_00899		C17H16N4O	8.923		missing SMILES		
draft_22951_00900		C16H30N2S	8.925		missing SMILES		
draft_22951_00901		C11H14N4O5	8.925		missing SMILES		
draft_22951_00903		C18H23NO3	8.932500000000001		missing SMILES		
draft_22951_00904		C13H13N	8.933		missing SMILES		
draft_22951_00905		C9H13N3OS	8.935		missing SMILES		
draft_22951_00906		C12H12N2O2	8.936333333		missing SMILES		
draft_22951_00907		C18H23NO3	8.9385		missing SMILES		
draft_22951_00908		C8H6N2	8.943000000000001		missing SMILES		
draft_22951_00909		C10H13NO	8.943000000000001		missing SMILES		
draft_22951_00910		C13H15NO2	8.943000000000001		missing SMILES		
draft_22951_00911		C11H16N2S	8.946		missing SMILES		
draft_22951_00912		C20H21N3	8.956		missing SMILES		
draft_22951_00913		C13H11N3O	8.96		missing SMILES		
draft_22951_00914		C14H16N2O2	8.965		missing SMILES		
draft_22951_00915		C14H14N2O3	8.965		missing SMILES		
draft_22951_00916		C10H14N2O5	8.972000000000001		missing SMILES		
draft_22951_00917		C17H22N2O	8.982		missing SMILES		
draft_22951_00918		C9H11NO	8.9835		missing SMILES		
draft_22951_00920		C15H15N3	8.985999999999999		missing SMILES		
draft_22951_00921		C16H22N2O	8.985999999999999		missing SMILES		
draft_22951_00922		C11H17N	8.988		missing SMILES		
draft_22951_00923		C11H12N2O2	8.995000000000001		missing SMILES		
draft_22951_00924		C15H22NO3P	8.995000000000001		missing SMILES		
draft_22951_00925		C14H19N	8.996		missing SMILES		
draft_22951_00926		C9H13N	8.996		missing SMILES		
draft_22951_00927		C16H25N3S	8.996		missing SMILES		
draft_22951_00928		C13H10N2	9.006		missing SMILES		
draft_22951_00929		C12H13NO6	9.009		missing SMILES		
draft_22951_00930		C8H14N2S	9.016		missing SMILES		
draft_22951_00931		C23H33N3O3	9.016		missing SMILES		
draft_22951_00932		C13H14N2O	9.016		missing SMILES		
draft_22951_00933		C12H15N3	9.017		missing SMILES		
draft_22951_00934		C10H10N4OS	9.017		missing SMILES		
draft_22951_00935		C9H7NO2	9.026		missing SMILES		
draft_22951_00936		C11H15NO2	9.026		missing SMILES		
draft_22951_00938		C11H21N	9.037		missing SMILES		
draft_22951_00939		C9H13N	9.037		missing SMILES		
draft_22951_00940		C9H7NO2	9.047		missing SMILES		
draft_22951_00941		C17H14N4O3	9.047		missing SMILES		
draft_22951_00942		C9H10N2O	9.050999999999998		missing SMILES		
draft_22951_00943		C10H10N2S	9.058		missing SMILES		
draft_22951_00944		C7H6N2	9.068		missing SMILES		
draft_22951_00945		C19H19N3O	9.068		missing SMILES		
draft_22951_00946		C9H7NS	9.078		missing SMILES		
draft_22951_00947		C12H15N3O	9.078		missing SMILES		
draft_22951_00948		C13H24N4O3S	9.0875		missing SMILES		
draft_22951_00949		C7H9N5	9.088		missing SMILES		
draft_22951_00950		C15H16N3O	9.088		missing SMILES		
draft_22951_00951		C11H17NO	9.09		missing SMILES		
draft_22951_00952		C13H11N3	9.093		missing SMILES		
draft_22951_00953		C10H17NO2	9.0965		missing SMILES		
draft_22951_00955		C20H24N2O2	9.099		missing SMILES		
draft_22951_00956		C15H28N4O2	9.107		missing SMILES		
draft_22951_00957		C10H9NO2	9.117		missing SMILES		
draft_22951_00958		C13H15N3O3	9.118		missing SMILES		
draft_22951_00959		C21H16N4O5	9.118		missing SMILES		
draft_22951_00960		C14H18N2O2	9.12		missing SMILES		
draft_22951_00961		C14H16N	9.127999999999998		missing SMILES		
draft_22951_00962		C9H13N	9.13		missing SMILES		
draft_22951_00963		C9H18N6	9.149		missing SMILES		
draft_22951_00964		C15H12N2O3	9.149		missing SMILES		
draft_22951_00965		C11H9NO2	9.159		missing SMILES		
draft_22951_00966		C20H44N2	9.161		missing SMILES		
draft_22951_00967		C13H13N3O4	9.161		missing SMILES		
draft_22951_00968		C13H20N2O	9.17		missing SMILES		
draft_22951_00969		C17H14N2O	9.171		missing SMILES		
draft_22951_00970		C11H9NS	9.182		missing SMILES		
draft_22951_00971		C17H23NO	9.1825		missing SMILES		
draft_22951_00972		C12H19NS	9.189		missing SMILES		
draft_22951_00973		C14H22N2O	9.1935		missing SMILES		
draft_22951_00974		C9H9NO4	9.1995		missing SMILES		
draft_22951_00975		C13H18N2	9.215		missing SMILES		
draft_22951_00976		C12H13NO	9.219		missing SMILES		
draft_22951_00977		C15H16N2O2	9.223		missing SMILES		
draft_22951_00978		C20H30NO3	9.227		missing SMILES		
draft_22951_00979		C11H13N5	9.233		missing SMILES		
draft_22951_00980		C14H12N2	9.234		missing SMILES		
draft_22951_00981		C12H11N3S	9.244		missing SMILES		
draft_22951_00982		C10H9NO	9.254		missing SMILES		
draft_22951_00983		C14H15NO2	9.254		missing SMILES		
draft_22951_00984		C14H13N3OS	9.254		missing SMILES		
draft_22951_00985		C15H21N3O	9.262		missing SMILES		
draft_22951_00986		C10H13NO2	9.265		missing SMILES		
draft_22951_00987		C13H12N2S	9.265		missing SMILES		
draft_22951_00988		C7H16N2S2	9.27		missing SMILES		
draft_22951_00989		C18H18N4O	9.27		missing SMILES		
draft_22951_00990		C13H20N2O3S	9.2735		missing SMILES		
draft_22951_00991		C15H25NO3	9.2745		missing SMILES		
draft_22951_00992		C8H19N	9.275		missing SMILES		
draft_22951_00993		C15H24N2O	9.28		missing SMILES		
draft_22951_00994		C15H11N3	9.285		missing SMILES		
draft_22951_00995		C11H13NO2	9.285		missing SMILES		
draft_22951_00996		C19H15N3	9.3		missing SMILES		
draft_22951_00997		C9H6O2	9.306		missing SMILES		
draft_22951_00998		C8H8N2S	9.31		missing SMILES		
draft_22951_00999		C10H23NO	9.312		missing SMILES		
draft_22951_01000		C24H36N2O2	9.316		missing SMILES		
draft_22951_01001		C10H14N2O2	9.316		missing SMILES		
draft_22951_01002		C19H24N2O4	9.318		missing SMILES		
draft_22951_01003		C12H14N2O2	9.32		missing SMILES		
draft_22951_01004		C9H9N3S	9.329		missing SMILES		
draft_22951_01005		C21H22N4O2	9.332		missing SMILES		
draft_22951_01006		C10H8N6	9.341		missing SMILES		
draft_22951_01007		C10H14N2O	9.347		missing SMILES		
draft_22951_01008		C21H22N2O6	9.347		missing SMILES		
draft_22951_01009		C16H20N2O2	9.36		missing SMILES		
draft_22951_01010		C17H26N2O	9.361		missing SMILES		
draft_22951_01011		C16H24N2O	9.37		missing SMILES		
draft_22951_01012		C15H19N3	9.373		missing SMILES		
draft_22951_01013		C16H25NO2	9.3805		missing SMILES		
draft_22951_01014		C11H8O3	9.391		missing SMILES		
draft_22951_01015		C12H17NO3	9.391		missing SMILES		
draft_22951_01016		C15H17NO	9.401		missing SMILES		
draft_22951_01017		C16H18N4O	9.41		missing SMILES		
draft_22951_01018		C10H15NS	9.411		missing SMILES		
draft_22951_01019		C6H10O	9.412		missing SMILES		
draft_22951_01020		C17H22N2O	9.42		missing SMILES		
draft_22951_01021		C12H14N2O	9.421		missing SMILES		
draft_22951_01022		C13H19NO	9.43		missing SMILES		
draft_22951_01023		C7H6N4	9.441		missing SMILES		
draft_22951_01024		C7H7N5	9.442		missing SMILES		
draft_22951_01025		C19H29N3O2	9.442		missing SMILES		
draft_22951_01026		C15H22NO2	9.451		missing SMILES		
draft_22951_01027		C16H13N3O2	9.451		missing SMILES		
draft_22951_01028		C9H8N2S	9.452		missing SMILES		
draft_22951_01029		C10H15NO	9.461		missing SMILES		
draft_22951_01030		C17H25N3O2	9.461		missing SMILES		
draft_22951_01031		C22H24N4	9.472		missing SMILES		
draft_22951_01032		C15H18N	9.483		missing SMILES		
draft_22951_01033		C14H19NO2	9.488499999999998		missing SMILES		
draft_22951_01034		C17H27N3S	9.502999999999998		missing SMILES		
draft_22951_01035		C19H22N4O2	9.513		missing SMILES		
draft_22951_01036		C10H11NO3	9.523		missing SMILES		
draft_22951_01037		C12H12N2	9.534		missing SMILES		
draft_22951_01038		C18H20N2O6	9.542		missing SMILES		
draft_22951_01039		C14H18N2	9.543		missing SMILES		
draft_22951_01040		C20H36N4O2	9.543		missing SMILES		
draft_22951_01041		C9H13N	9.544		missing SMILES		
draft_22951_01042		C17H21N3O	9.553		missing SMILES		
draft_22951_01043		C14H18N2	9.554		missing SMILES		
draft_22951_01044		C9H11N	9.555		missing SMILES		
draft_22951_01045		C20H21N3O3	9.555		missing SMILES		
draft_22951_01046		C10H13N3O3	9.562		missing SMILES		
draft_22951_01047		C21H19N3O4	9.563		missing SMILES		
draft_22951_01048		C12H17NO2	9.564		missing SMILES		
draft_22951_01049		C13H13NO	9.564666667		missing SMILES		
draft_22951_01050		C12H7NO3	9.572		missing SMILES		
draft_22951_01051		C12H13N5	9.573		missing SMILES		
draft_22951_01052		C10H15N3O4	9.573		missing SMILES		
draft_22951_01053		C12H13NO	9.575		missing SMILES		
draft_22951_01054		C12H16N2S	9.576		missing SMILES		
draft_22951_01055		C10H13NO2	9.583		missing SMILES		
draft_22951_01056		C22H20N4O2	9.583		missing SMILES		
draft_22951_01057		C9H12N2S	9.585		missing SMILES		
draft_22951_01058		C11H10N2S	9.585		missing SMILES		
draft_22951_01059		C10H8N6	9.586		missing SMILES		
draft_22951_01060		C8H8N4	9.586		missing SMILES		
draft_22951_01061		C18H29N3O5	9.5885		missing SMILES		
draft_22951_01062		C12H13NO2	9.594		missing SMILES		
draft_22951_01063		C16H13N3O2	9.594		missing SMILES		
draft_22951_01064		C18H24N2O6	9.603		missing SMILES		
draft_22951_01065		C15H18N2	9.603		missing SMILES		
draft_22951_01066		C20H19N3O3	9.604		missing SMILES		
draft_22951_01067		C9H7NS	9.606		missing SMILES		
draft_22951_01068		C18H29N3S	9.614		missing SMILES		
draft_22951_01069		C10H12N6O	9.614		missing SMILES		
draft_22951_01070		C15H12N4O	9.617		missing SMILES		
draft_22951_01071		C11H9NO3	9.624		missing SMILES		
draft_22951_01072		C20H26N4O2	9.624		missing SMILES		
draft_22951_01073		C17H16N2O5	9.625		missing SMILES		
draft_22951_01074		C13H21N	9.626		missing SMILES		
draft_22951_01075		C21H26N2O3	9.636		missing SMILES		
draft_22951_01076		C16H24N4S	9.637		missing SMILES		
draft_22951_01077		C11H9NO3	9.645		missing SMILES		
draft_22951_01078		C12H10N2O2	9.648		missing SMILES		
draft_22951_01079		C14H15N3S	9.648		missing SMILES		
draft_22951_01080		C13H21NO2	9.649		missing SMILES		
draft_22951_01081		C12H14N2	9.65		missing SMILES		
draft_22951_01082		C13H17NS	9.674		missing SMILES		
draft_22951_01083		C7H15NO	9.6778		missing SMILES		
draft_22951_01084		C12H23N	9.689		missing SMILES		
draft_22951_01085		C8H9N3	9.689		missing SMILES		
draft_22951_01086		C18H19NO2	9.691		missing SMILES		
draft_22951_01087		C12H27N	9.7		missing SMILES		
draft_22951_01088		C15H21N	9.705		missing SMILES		
draft_22951_01089		C14H15N	9.708		missing SMILES		
draft_22951_01090		C10H16N2O3	9.7145		missing SMILES		
draft_22951_01091		C11H12N4S	9.715		missing SMILES		
draft_22951_01092		C14H13N3S	9.72		missing SMILES		
draft_22951_01093		C16H18N3O	9.72		missing SMILES		
draft_22951_01094		C17H12N2O3	9.72		missing SMILES		
draft_22951_01095		C24H30N2O2	9.72		missing SMILES		
draft_22951_01096		C10H14N2O3	9.73675		missing SMILES		
draft_22951_01097		C15H13N3O	9.741		missing SMILES		
draft_22951_01098		C20H28N2O5	9.7515		missing SMILES		
draft_22951_01099		C21H26N4O2	9.752		missing SMILES		
draft_22951_01100		C14H17NS	9.756		missing SMILES		
draft_22951_01101		C14H14N2	9.762		missing SMILES		
draft_22951_01102		C11H13NO2	9.782		missing SMILES		
draft_22951_01103		C11H15N3O3	9.786		missing SMILES		
draft_22951_01104		C9H7NO	9.793		missing SMILES		
draft_22951_01105		C17H16N2O3	9.796		missing SMILES		
draft_22951_01106		C14H21NO	9.796		missing SMILES		
draft_22951_01107		C22H26N4O3	9.797		missing SMILES		
draft_22951_01108		C15H21NO2	9.81		missing SMILES		
draft_22951_01109		C10H9NO2	9.813		missing SMILES		
draft_22951_01110		C19H25NO	9.82		missing SMILES		
draft_22951_01111		C15H15N2	9.824000000000002		missing SMILES		
draft_22951_01112		C13H14N2O3	9.824000000000002		missing SMILES		
draft_22951_01113		C13H18N2O	9.824000000000002		missing SMILES		
draft_22951_01114		C13H13NO	9.837		missing SMILES		
draft_22951_01115		C10H14N4S	9.844		missing SMILES		
draft_22951_01116		C16H16N2	9.847		missing SMILES		
draft_22951_01117		C13H16N6O	9.855		missing SMILES		
draft_22951_01118		C12H16N2S	9.875		missing SMILES		
draft_22951_01119		C17H26N2O	9.877		missing SMILES		
draft_22951_01120		C18H25N3O2	9.885		missing SMILES		
draft_22951_01121		C10H14N2S	9.886		missing SMILES		
draft_22951_01122		C15H19NO	9.887		missing SMILES		
draft_22951_01123		C9H19N3S	9.887		missing SMILES		
draft_22951_01124		C16H31N3S	9.887		missing SMILES		
draft_22951_01125		C18H23NO3	9.889		missing SMILES		
draft_22951_01126		C13H12N4S	9.896		missing SMILES		
draft_22951_01127		C22H25N3O2	9.907		missing SMILES		
draft_22951_01128		C9H13NO	9.927		missing SMILES		
draft_22951_01129		C17H15N3	9.927		missing SMILES		
draft_22951_01130		C15H23NO3	9.9385		missing SMILES		
draft_22951_01131		C11H16N2O	9.948		missing SMILES		
draft_22951_01132		C12H14N2O	9.958		missing SMILES		
draft_22951_01133		C15H13NO2	9.9635		missing SMILES		
draft_22951_01134		C12H11NO3	9.968		missing SMILES		
draft_22951_01135		C10H9NO	9.979		missing SMILES		
draft_22951_01136		C14H21N3O2	9.979		missing SMILES		
draft_22951_01137		C17H23NO2	9.999		missing SMILES		
draft_22951_01138		C19H24N2O3	10.0055		missing SMILES		
draft_22951_01139		C16H15N3O	10.009		missing SMILES		
draft_22951_01140		C13H12N6O	10.019		missing SMILES		
draft_22951_01141		C20H23N3O5	10.02		missing SMILES		
draft_22951_01142		C18H31NO4	10.0265		missing SMILES		
draft_22951_01143		C10H11NO	10.046		missing SMILES		
draft_22951_01144		C11H10N2O	10.058		missing SMILES		
draft_22951_01145		C17H23N3O	10.067		missing SMILES		
draft_22951_01146		C17H19N3	10.069		missing SMILES		
draft_22951_01147		C17H14N2O3	10.069		missing SMILES		
draft_22951_01148		C16H22N2	10.069		missing SMILES		
draft_22951_01149		C22H28N2O2	10.104		missing SMILES		
draft_22951_01150		C16H21N3	10.106		missing SMILES		
draft_22951_01151		C15H15NO	10.11		missing SMILES		
draft_22951_01152		C20H21NO3	10.11		missing SMILES		
draft_22951_01153		C13H10N2	10.114		missing SMILES		
draft_22951_01154		C18H22N2	10.119		missing SMILES		
draft_22951_01155		C19H14N6O2	10.119		missing SMILES		
draft_22951_01156		C12H15NO3	10.124		missing SMILES		
draft_22951_01157		C10H9NO2	10.129		missing SMILES		
draft_22951_01158		C18H23N3O5	10.13		missing SMILES		
draft_22951_01159		C17H13NO2	10.134		missing SMILES		
draft_22951_01160		C12H15N3O	10.134		missing SMILES		
draft_22951_01161		C17H19NO2	10.141		missing SMILES		
draft_22951_01162		C17H19NO	10.147		missing SMILES		
draft_22951_01163		C11H19N3S	10.15		missing SMILES		
draft_22951_01164		C17H18N4	10.16		missing SMILES		
draft_22951_01165		C14H12N2	10.165		missing SMILES		
draft_22951_01166		C13H15NO3	10.165		missing SMILES		
draft_22951_01167		C17H21N3S	10.165		missing SMILES		
draft_22951_01168		C8H19N	10.174		missing SMILES		
draft_22951_01169		C19H16N2O	10.175999999999998		missing SMILES		
draft_22951_01170		C13H14N2O	10.181		missing SMILES		
draft_22951_01171		C21H17N3O4	10.186		missing SMILES		
draft_22951_01172		C18H14N2O5	10.19		missing SMILES		
draft_22951_01173		C12H14N2O2	10.207		missing SMILES		
draft_22951_01174		C17H22N6O2	10.207		missing SMILES		
draft_22951_01175		C17H20N2O5	10.21		missing SMILES		
draft_22951_01176		C20H32N2O	10.221		missing SMILES		
draft_22951_01177		C16H14N2O4	10.231		missing SMILES		
draft_22951_01178		C15H22N4O3	10.231		missing SMILES		
draft_22951_01179		C22H29NO2	10.241		missing SMILES		
draft_22951_01180		C12H19NO	10.242		missing SMILES		
draft_22951_01181		C21H31N5O2	10.2455		missing SMILES		
draft_22951_01182		C16H18N2	10.2495		missing SMILES		
draft_22951_01183		C12H21N5	10.251		missing SMILES		
draft_22951_01184		C14H15N3OS	10.261		missing SMILES		
draft_22951_01185		C8H11NO	10.269		missing SMILES		
draft_22951_01186		C15H16N2O	10.269		missing SMILES		
draft_22951_01187		C14H11NO	10.279		missing SMILES		
draft_22951_01188		C9H10N4S	10.292		missing SMILES		
draft_22951_01189		C18H16N2O4	10.292		missing SMILES		
draft_22951_01190		C17H17N3O	10.302		missing SMILES		
draft_22951_01191		C18H25NO	10.303		missing SMILES		
draft_22951_01192		C15H15N3O	10.321		missing SMILES		
draft_22951_01193		C12H21N7	10.3265		missing SMILES		
draft_22951_01194		C12H10N2S2	10.342		missing SMILES		
draft_22951_01195		C21H23N3O2	10.343		missing SMILES		
draft_22951_01196		C15H11NO2	10.352		missing SMILES		
draft_22951_01197		C17H20N3O	10.352		missing SMILES		
draft_22951_01198		C16H21NO2	10.363		missing SMILES		
draft_22951_01199		C10H9NO2	10.383		missing SMILES		
draft_22951_01200		C21H25N3O2	10.383		missing SMILES		
draft_22951_01201		C23H24N2O	10.384		missing SMILES		
draft_22951_01202		C13H18N2O	10.392		missing SMILES		
draft_22951_01203		C15H11N5S	10.393		missing SMILES		
draft_22951_01204		C14H18N2O	10.403		missing SMILES		
draft_22951_01205		C10H11NO	10.403		missing SMILES		
draft_22951_01206		C11H15NO2	10.414		missing SMILES		
draft_22951_01207		C19H18N2O	10.414		missing SMILES		
draft_22951_01208		C20H16N4O3	10.423		missing SMILES		
draft_22951_01209		C17H16N2	10.424		missing SMILES		
draft_22951_01210		C11H9NO2	10.435		missing SMILES		
draft_22951_01211		C15H16N2O	10.435		missing SMILES		
draft_22951_01212		C9H11NO2	10.4385		missing SMILES		
draft_22951_01213		C17H17N2	10.445		missing SMILES		
draft_22951_01214		C11H16N2O	10.453		missing SMILES		
draft_22951_01215		C16H18N2O4S	10.459		missing SMILES		
draft_22951_01216		C18H28N2O	10.46		missing SMILES		
draft_22951_01217		C15H15NO3	10.4615		missing SMILES		
draft_22951_01218		C9H7N7	10.463		missing SMILES		
draft_22951_01219		C21H25N3O4	10.464		missing SMILES		
draft_22951_01220		C11H9N5	10.466		missing SMILES		
draft_22951_01221		C13H18N2O3	10.466		missing SMILES		
draft_22951_01222		C21H32N6O3	10.4815		missing SMILES		
draft_22951_01223		C13H15NO3	10.484		missing SMILES		
draft_22951_01224		C18H18N2O4	10.485		missing SMILES		
draft_22951_01225		C17H17N5	10.497000000000002		missing SMILES		
draft_22951_01226		C9H20N2O	10.505		missing SMILES		
draft_22951_01227		C19H19N5O2	10.506		missing SMILES		
draft_22951_01228		C10H9NS	10.507		missing SMILES		
draft_22951_01229		C16H18N3S	10.507		missing SMILES		
draft_22951_01230		C13H11NO2	10.518		missing SMILES		
draft_22951_01231		C25H26N2O	10.525		missing SMILES		
draft_22951_01232		C14H17NO4	10.527		missing SMILES		
draft_22951_01233		C24H38N2	10.536		missing SMILES		
draft_22951_01234		C23H19N3O4	10.536		missing SMILES		
draft_22951_01235		C17H17NO3	10.559		missing SMILES		
draft_22951_01236		C21H15N3O3	10.564		missing SMILES		
draft_22951_01237		C7H8N2O2	10.595		missing SMILES		
draft_22951_01238		C27H31N3O3	10.596		missing SMILES		
draft_22951_01239		C14H10N2S	10.6		missing SMILES		
draft_22951_01240		C20H18NO4	10.6		missing SMILES		
draft_22951_01241		C15H17N	10.611		missing SMILES		
draft_22951_01242		C17H17N3O	10.611		missing SMILES		
draft_22951_01243		C18H25NO	10.62		missing SMILES		
draft_22951_01244		C15H17N	10.627		missing SMILES		
draft_22951_01245		C12H13N5S	10.637		missing SMILES		
draft_22951_01246		C12H13N3	10.652		missing SMILES		
draft_22951_01247		C18H29NO3	10.6715		missing SMILES		
draft_22951_01248		C14H14N2O6	10.675999999999998		missing SMILES		
draft_22951_01249		C15H17NO4	10.678		missing SMILES		
draft_22951_01250		C11H10N2O2	10.694		missing SMILES		
draft_22951_01251		C30H40N4	10.704		missing SMILES		
draft_22951_01252		C12H17N3S	10.704		missing SMILES		
draft_22951_01253		C13H15N3	10.718		missing SMILES		
draft_22951_01254		C15H26N	10.719		missing SMILES		
draft_22951_01255		C20H20N2O6	10.727		missing SMILES		
draft_22951_01256		C9H11N3S	10.735		missing SMILES		
draft_22951_01257		C15H18N4O6	10.748		missing SMILES		
draft_22951_01258		C15H17NO	10.749		missing SMILES		
draft_22951_01259		C9H11N3S	10.756		missing SMILES		
draft_22951_01260		C11H8O3	10.767		missing SMILES		
draft_22951_01261		C10H15NO	10.768		missing SMILES		
draft_22951_01262		C15H30NO2	10.776		missing SMILES		
draft_22951_01263		C15H12N2O	10.776		missing SMILES		
draft_22951_01264		C10H10N2O	10.776		missing SMILES		
draft_22951_01265		C12H13NO3	10.787		missing SMILES		
draft_22951_01266		C21H25N3	10.797		missing SMILES		
draft_22951_01267		C12H17N3S	10.798		missing SMILES		
draft_22951_01268		C17H24N2O3	10.807		missing SMILES		
draft_22951_01269		C20H22N2O5	10.807		missing SMILES		
draft_22951_01270		C14H17N3O2	10.807		missing SMILES		
draft_22951_01271		C18H20N2	10.819		missing SMILES		
draft_22951_01272		C19H20N4O	10.819		missing SMILES		
draft_22951_01273		C9H11NO2	10.822		missing SMILES		
draft_22951_01274		C12H16N2O3	10.839		missing SMILES		
draft_22951_01275		C18H25N3O4	10.839		missing SMILES		
draft_22951_01276		C17H21N	10.8425		missing SMILES		
draft_22951_01277		C22H28N2O	10.848		missing SMILES		
draft_22951_01278		C19H17N3O4	10.858		missing SMILES		
draft_22951_01279		C15H22N2	10.86		missing SMILES		
draft_22951_01280		C17H21NO	10.8655		missing SMILES		
draft_22951_01281		C11H16N4S2	10.869		missing SMILES		
draft_22951_01282		C24H24N4	10.877999999999998		missing SMILES		
draft_22951_01283		C16H13N3O	10.88		missing SMILES		
draft_22951_01284		C12H15NO	10.91		missing SMILES		
draft_22951_01285		C10H8N2O	10.911		missing SMILES		
draft_22951_01286		C16H18N4	10.911		missing SMILES		
draft_22951_01287		C10H9NO2	10.911		missing SMILES		
draft_22951_01288		C17H21N3	10.9195		missing SMILES		
draft_22951_01289		C14H14N2O	10.92		missing SMILES		
draft_22951_01290		C18H25NO2	10.93		missing SMILES		
draft_22951_01291		C17H15N3O3	10.939		missing SMILES		
draft_22951_01292		C14H18N2O2	10.94		missing SMILES		
draft_22951_01293		C20H38N2O2	10.949000000000002		missing SMILES		
draft_22951_01294		C16H15N	10.95		missing SMILES		
draft_22951_01295		C15H12N2O2	10.9585		missing SMILES		
draft_22951_01296		C20H15N3	10.963		missing SMILES		
draft_22951_01297		C17H15N3	10.964		missing SMILES		
draft_22951_01298		C16H17N3S	10.973		missing SMILES		
draft_22951_01299		C14H16N2O	10.981		missing SMILES		
draft_22951_01300		C17H18N2O	10.983		missing SMILES		
draft_22951_01301		C9H21N	10.984		missing SMILES		
draft_22951_01302		C16H19N3S	10.994		missing SMILES		
draft_22951_01303		C21H22N2S	11.035		missing SMILES		
draft_22951_01304		C10H9NS	11.035		missing SMILES		
draft_22951_01305		C14H10N2O	11.035		missing SMILES		
draft_22951_01306		C8H17NO	11.0398		missing SMILES		
draft_22951_01307		C15H18N2O4	11.041		missing SMILES		
draft_22951_01308		C13H18N2O	11.056		missing SMILES		
draft_22951_01309		C13H15NO5	11.056		missing SMILES		
draft_22951_01310		C19H22N2OS	11.057		missing SMILES		
draft_22951_01311		C10H13NO2	11.0615		missing SMILES		
draft_22951_01312		C11H25N	11.066		missing SMILES		
draft_22951_01313		C22H28N2O	11.081		missing SMILES		
draft_22951_01314		C17H15N5O	11.082		missing SMILES		
draft_22951_01315		C17H12N2O5	11.087		missing SMILES		
draft_22951_01316		C10H15NO	11.097		missing SMILES		
draft_22951_01317		C20H21N3O2	11.097		missing SMILES		
draft_22951_01318		C14H9NO3	11.101		missing SMILES		
draft_22951_01319		C16H12N2O	11.108		missing SMILES		
draft_22951_01320		C12H12N6	11.127999999999998		missing SMILES		
draft_22951_01321		C19H23N3O2	11.143		missing SMILES		
draft_22951_01322		C10H11NO2	11.149		missing SMILES		
draft_22951_01323		C16H17NO2	11.149		missing SMILES		
draft_22951_01324		C16H19N3S	11.149		missing SMILES		
draft_22951_01325		C17H14N2O	11.149		missing SMILES		
draft_22951_01326		C19H16N4O3	11.151		missing SMILES		
draft_22951_01327		C22H23N3O	11.152		missing SMILES		
draft_22951_01328		C15H22N2O3	11.159		missing SMILES		
draft_22951_01329		C16H20N2O6	11.161		missing SMILES		
draft_22951_01330		C13H17NO3	11.163		missing SMILES		
draft_22951_01331		C12H22N6	11.173		missing SMILES		
draft_22951_01332		C17H20N2O	11.191		missing SMILES		
draft_22951_01333		C17H19N3O	11.191		missing SMILES		
draft_22951_01334		C17H15NO3	11.201		missing SMILES		
draft_22951_01335		C14H17NO3	11.211		missing SMILES		
draft_22951_01336		C19H23N3O	11.2135		missing SMILES		
draft_22951_01337		C18H14N2O3	11.232		missing SMILES		
draft_22951_01338		C15H10N2O2	11.232		missing SMILES		
draft_22951_01339		C13H17N3S	11.232		missing SMILES		
draft_22951_01340		C27H27N3O2	11.233		missing SMILES		
draft_22951_01341		C14H10N2O2	11.243		missing SMILES		
draft_22951_01342		C17H18N2O3	11.243		missing SMILES		
draft_22951_01343		C17H18N2O3	11.244		missing SMILES		
draft_22951_01344		C17H20N2O4	11.263		missing SMILES		
draft_22951_01345		C14H10N2	11.273		missing SMILES		
draft_22951_01346		C12H11NO4	11.273		missing SMILES		
draft_22951_01347		C22H18N4O2	11.273		missing SMILES		
draft_22951_01348		C19H31NO	11.283		missing SMILES		
draft_22951_01349		C10H9NO	11.284		missing SMILES		
draft_22951_01350		C19H27N3O2	11.294		missing SMILES		
draft_22951_01351		C16H14N2S	11.294		missing SMILES		
draft_22951_01352		C15H21N	11.304		missing SMILES		
draft_22951_01353		C16H14N8	11.304		missing SMILES		
draft_22951_01354		C12H15NO2	11.304		missing SMILES		
draft_22951_01355		C17H20N2S	11.319		missing SMILES		
draft_22951_01356		C13H14N2O3	11.32		missing SMILES		
draft_22951_01357		C15H22N2	11.335		missing SMILES		
draft_22951_01358		C14H10N2O	11.356		missing SMILES		
draft_22951_01359		C13H16N2O3	11.356		missing SMILES		
draft_22951_01360		C16H11N	11.364		missing SMILES		
draft_22951_01361		C17H15N5O2	11.386		missing SMILES		
draft_22951_01362		C18H20N2	11.387		missing SMILES		
draft_22951_01363		C12H18N2O3	11.3985		missing SMILES		
draft_22951_01364		C26H24N4O2	11.425		missing SMILES		
draft_22951_01365		C12H13NO	11.429		missing SMILES		
draft_22951_01366		C10H14O	11.436		missing SMILES		
draft_22951_01367		C10H9NO2	11.449000000000002		missing SMILES		
draft_22951_01368		C22H17N3O	11.449000000000002		missing SMILES		
draft_22951_01369		C13H15NO2	11.4595		missing SMILES		
draft_22951_01370		C10H9NO	11.47		missing SMILES		
draft_22951_01371		C16H14N2O3	11.48		missing SMILES		
draft_22951_01372		C18H23NO	11.4805		missing SMILES		
draft_22951_01373		C21H29N3O	11.501		missing SMILES		
draft_22951_01374		C19H26N8	11.5155		missing SMILES		
draft_22951_01375		C19H29NO	11.5185		missing SMILES		
draft_22951_01376		C17H20N2O	11.522		missing SMILES		
draft_22951_01377		C18H22N2	11.5275		missing SMILES		
draft_22951_01378		C16H17NO4	11.532		missing SMILES		
draft_22951_01379		C32H39NO4	11.5405		missing SMILES		
draft_22951_01380		C16H11NO2	11.553		missing SMILES		
draft_22951_01381		C18H15N3O	11.574000000000002		missing SMILES		
draft_22951_01382		C13H13NO	11.584		missing SMILES		
draft_22951_01383		C15H15NO2	11.584		missing SMILES		
draft_22951_01384		C20H32N2O	11.588		missing SMILES		
draft_22951_01385		C10H9NO2	11.591		missing SMILES		
draft_22951_01386		C12H27N	11.594		missing SMILES		
draft_22951_01387		C24H26N2O5	11.594		missing SMILES		
draft_22951_01388		C14H18N2O3	11.594		missing SMILES		
draft_22951_01389		C13H20N2S	11.596		missing SMILES		
draft_22951_01390		C12H9NO	11.615		missing SMILES		
draft_22951_01391		C12H9NO	11.626		missing SMILES		
draft_22951_01392		C21H20N2O5	11.637		missing SMILES		
draft_22951_01393		C20H21N	11.639		missing SMILES		
draft_22951_01394		C19H24N2	11.6435		missing SMILES		
draft_22951_01395		C13H13NO2	11.646		missing SMILES		
draft_22951_01396		C19H18N2O5	11.646		missing SMILES		
draft_22951_01397		C24H28N4O6	11.656		missing SMILES		
draft_22951_01398		C15H24N2O	11.656		missing SMILES		
draft_22951_01399		C11H11NS	11.667		missing SMILES		
draft_22951_01400		C19H21N	11.6725		missing SMILES		
draft_22951_01401		C20H28NO2	11.677		missing SMILES		
draft_22951_01402		C17H22N4	11.679		missing SMILES		
draft_22951_01403		C22H30N2O2S	11.694		missing SMILES		
draft_22951_01404		C17H16N4O2	11.698		missing SMILES		
draft_22951_01405		C13H13NO2	11.698		missing SMILES		
draft_22951_01406		C24H26N4O3	11.699000000000002		missing SMILES		
draft_22951_01407		C25H22N6O2	11.699000000000002		missing SMILES		
draft_22951_01408		C12H15NO	11.708		missing SMILES		
draft_22951_01409		C16H16N2O3	11.708		missing SMILES		
draft_22951_01410		C20H23N	11.7205		missing SMILES		
draft_22951_01411		C13H17NO3	11.739		missing SMILES		
draft_22951_01412		C17H21NS	11.747000000000002		missing SMILES		
draft_22951_01413		C12H13NO	11.75		missing SMILES		
draft_22951_01414		C11H9N3	11.76		missing SMILES		
draft_22951_01415		C12H9NO2	11.77		missing SMILES		
draft_22951_01416		C24H18N2	11.77		missing SMILES		
draft_22951_01417		C18H14N6O	11.77		missing SMILES		
draft_22951_01418		C15H20N4S	11.771		missing SMILES		
draft_22951_01419		C10H10O	11.782		missing SMILES		
draft_22951_01420		C20H29N3O2	11.7965		missing SMILES		
draft_22951_01421		C18H17NS	11.800999999999998		missing SMILES		
draft_22951_01422		C18H17NO	11.800999999999998		missing SMILES		
draft_22951_01423		C14H20N2O	11.82		missing SMILES		
draft_22951_01424		C19H17N3O	11.821		missing SMILES		
draft_22951_01425		C13H13NO2	11.822		missing SMILES		
draft_22951_01426		C16H12N2O3	11.822		missing SMILES		
draft_22951_01427		C20H24N2OS	11.826		missing SMILES		
draft_22951_01428		C20H23N	11.839		missing SMILES		
draft_22951_01429		C22H24N2O4	11.843		missing SMILES		
draft_22951_01430		C20H27N	11.851		missing SMILES		
draft_22951_01431		C19H17N3O4	11.861		missing SMILES		
draft_22951_01432		C14H10N2O	11.874		missing SMILES		
draft_22951_01433		C21H23N3O3	11.874		missing SMILES		
draft_22951_01434		C14H16N2O	11.874		missing SMILES		
draft_22951_01435		C13H13NO2	11.874		missing SMILES		
draft_22951_01436		C12H9NO2	11.874		missing SMILES		
draft_22951_01437		C17H15NO4	11.881		missing SMILES		
draft_22951_01438		C25H35NO5	11.8855		missing SMILES		
draft_22951_01439		C20H15N3	11.902		missing SMILES		
draft_22951_01440		C14H16N2O	11.905		missing SMILES		
draft_22951_01441		C16H14N2O	11.936		missing SMILES		
draft_22951_01442		C13H16N2O2	11.942		missing SMILES		
draft_22951_01443		C13H29N	11.946		missing SMILES		
draft_22951_01444		C18H17N3O2	11.946		missing SMILES		
draft_22951_01445		C26H27N3O2	11.946		missing SMILES		
draft_22951_01446		C20H18N4	11.957		missing SMILES		
draft_22951_01447		C21H21N3	11.957		missing SMILES		
draft_22951_01448		C16H15NO4	11.957		missing SMILES		
draft_22951_01449		C14H9N3	11.971		missing SMILES		
draft_22951_01450		C20H20N2	11.971		missing SMILES		
draft_22951_01451		C22H25N5O4	11.972		missing SMILES		
draft_22951_01452		C20H15N3O3	11.973		missing SMILES		
draft_22951_01453		C12H27N	11.978		missing SMILES		
draft_22951_01454		C20H22N6	11.982		missing SMILES		
draft_22951_01455		C16H31NO2	11.98466667		missing SMILES		
draft_22951_01456		C11H12O2	12.009		missing SMILES		
draft_22951_01457		C16H11NO4	12.011500000000002		missing SMILES		
draft_22951_01458		C17H23N3OS	12.019		missing SMILES		
draft_22951_01459		C18H17NO5	12.024		missing SMILES		
draft_22951_01460		C16H17NO3	12.029		missing SMILES		
draft_22951_01461		C12H11NO2	12.029		missing SMILES		
draft_22951_01462		C23H26N4O2	12.029		missing SMILES		
draft_22951_01463		C20H19N3O2	12.04		missing SMILES		
draft_22951_01464		C12H11NS	12.053		missing SMILES		
draft_22951_01465		C19H16N2O	12.081		missing SMILES		
draft_22951_01466		C18H22N2O	12.091		missing SMILES		
draft_22951_01467		C19H19N5O3	12.093		missing SMILES		
draft_22951_01468		C21H26N4O3	12.112		missing SMILES		
draft_22951_01469		C13H13NO2	12.122000000000002		missing SMILES		
draft_22951_01470		C18H15N	12.123		missing SMILES		
draft_22951_01471		C21H24N2O	12.123		missing SMILES		
draft_22951_01472		C13H11NO	12.124		missing SMILES		
draft_22951_01473		C10H10O2	12.133		missing SMILES		
draft_22951_01474		C15H12O4	12.164		missing SMILES		
draft_22951_01475		C19H22N2O3	12.165		missing SMILES		
draft_22951_01476		C15H13N3O2S	12.1805		missing SMILES		
draft_22951_01477		C15H15NO	12.185		missing SMILES		
draft_22951_01478		C15H14N2O2	12.195		missing SMILES		
draft_22951_01479		C15H11NO2	12.196		missing SMILES		
draft_22951_01480		C18H14N2O3	12.205		missing SMILES		
draft_22951_01481		C16H9N3O2	12.205		missing SMILES		
draft_22951_01482		C20H29N3S	12.213		missing SMILES		
draft_22951_01483		C11H25N	12.226		missing SMILES		
draft_22951_01484		C17H23N3	12.226		missing SMILES		
draft_22951_01485		C14H17NO	12.226		missing SMILES		
draft_22951_01486		C19H18N2O6	12.245		missing SMILES		
draft_22951_01487		C15H12O3	12.247000000000002		missing SMILES		
draft_22951_01488		C26H18N4	12.267		missing SMILES		
draft_22951_01489		C13H19NO	12.267		missing SMILES		
draft_22951_01490		C15H22N2O3	12.267		missing SMILES		
draft_22951_01491		C23H25N3O2	12.276		missing SMILES		
draft_22951_01492		C22H23NO	12.296		missing SMILES		
draft_22951_01493		C13H30N	12.297		missing SMILES		
draft_22951_01494		C12H16N2S	12.298		missing SMILES		
draft_22951_01495		C12H11NO	12.309		missing SMILES		
draft_22951_01496		C13H13NO2	12.309		missing SMILES		
draft_22951_01497		C18H15N3O	12.316		missing SMILES		
draft_22951_01498		C16H17N3OS	12.3185		missing SMILES		
draft_22951_01499		C14H15NO2	12.34		missing SMILES		
draft_22951_01500		C10H13NO2	12.356		missing SMILES		
draft_22951_01501		C13H15NO2	12.36		missing SMILES		
draft_22951_01502		C21H19N3O3	12.366		missing SMILES		
draft_22951_01503		C31H29N3O2	12.367		missing SMILES		
draft_22951_01504		C15H13N	12.398		missing SMILES		
draft_22951_01505		C17H13NO2	12.402		missing SMILES		
draft_22951_01506		C33H40N2O9	12.4065		missing SMILES		
draft_22951_01507		C16H11NO2	12.412		missing SMILES		
draft_22951_01508		C28H32N4O4	12.417		missing SMILES		
draft_22951_01509		C15H14N2O	12.423		missing SMILES		
draft_22951_01510		C20H38N2O	12.429		missing SMILES		
draft_22951_01511		C9H19NO	12.432		missing SMILES		
draft_22951_01512		C18H20N2O3	12.433		missing SMILES		
draft_22951_01513		C17H19N3OS	12.433		missing SMILES		
draft_22951_01514		C21H16N2S	12.448		missing SMILES		
draft_22951_01515		C15H12O3	12.457		missing SMILES		
draft_22951_01516		C20H22N2O2	12.475		missing SMILES		
draft_22951_01517		C17H18N2O2	12.485		missing SMILES		
draft_22951_01518		C9H13NO2	12.495		missing SMILES		
draft_22951_01519		C21H24N2O4	12.495		missing SMILES		
draft_22951_01520		C31H30N2O	12.497000000000002		missing SMILES		
draft_22951_01521		C12H16N2S	12.505		missing SMILES		
draft_22951_01522		C19H18N2O3	12.516		missing SMILES		
draft_22951_01523		C20H27N	12.527		missing SMILES		
draft_22951_01524		C22H22N2O6	12.528		missing SMILES		
draft_22951_01525		C26H37N5S2	12.529		missing SMILES		
draft_22951_01526		C13H19NO2	12.529		missing SMILES		
draft_22951_01527		C14H15NO	12.537		missing SMILES		
draft_22951_01528		C19H20N2S	12.547		missing SMILES		
draft_22951_01529		C21H24N2O3	12.547		missing SMILES		
draft_22951_01530		C22H20N4	12.547		missing SMILES		
draft_22951_01531		C24H24N2O4	12.568		missing SMILES		
draft_22951_01532		C14H10N2O2	12.568		missing SMILES		
draft_22951_01533		C19H18N2O3	12.573		missing SMILES		
draft_22951_01534		C14H21N3S	12.591		missing SMILES		
draft_22951_01535		C9H9N	12.599		missing SMILES		
draft_22951_01536		C15H12O4	12.609		missing SMILES		
draft_22951_01537		C18H17NO2	12.649		missing SMILES		
draft_22951_01538		C13H9N	12.65		missing SMILES		
draft_22951_01539		C21H17N5	12.65		missing SMILES		
draft_22951_01540		C16H17N3O2	12.65		missing SMILES		
draft_22951_01541		C19H18O6	12.66		missing SMILES		
draft_22951_01542		C13H15NO	12.661		missing SMILES		
draft_22951_01543		C14H16N4S	12.671		missing SMILES		
draft_22951_01544		C15H11NO	12.702		missing SMILES		
draft_22951_01545		C16H17N3O	12.702		missing SMILES		
draft_22951_01546		C11H24N2S2	12.712		missing SMILES		
draft_22951_01547		C14H18N2O4	12.775		missing SMILES		
draft_22951_01548		C22H29N3S2	12.7805		missing SMILES		
draft_22951_01549		C21H21N3S	12.785		missing SMILES		
draft_22951_01550		C20H20N2O4	12.791		missing SMILES		
draft_22951_01551		C9H9N	12.816		missing SMILES		
draft_22951_01552		C21H20N2O3	12.827		missing SMILES		
draft_22951_01553		C19H20N2O3	12.831		missing SMILES		
draft_22951_01554		C19H15N3S	12.837		missing SMILES		
draft_22951_01555		C11H15N3S	12.847		missing SMILES		
draft_22951_01556		C16H15N3S	12.852		missing SMILES		
draft_22951_01557		C21H25NO3	12.877999999999998		missing SMILES		
draft_22951_01558		C15H12O2	12.889		missing SMILES		
draft_22951_01559		C16H16N2O2	12.893		missing SMILES		
draft_22951_01560		C13H15NO	12.899		missing SMILES		
draft_22951_01561		C13H13NO2	12.899		missing SMILES		
draft_22951_01562		C14H16N2O2	12.92		missing SMILES		
draft_22951_01563		C28H20N2	12.933		missing SMILES		
draft_22951_01564		C15H8N2O	12.961		missing SMILES		
draft_22951_01565		C20H19N3	12.964		missing SMILES		
draft_22951_01566		C20H31NO2	12.964		missing SMILES		
draft_22951_01567		C15H19NO	12.972		missing SMILES		
draft_22951_01568		C16H13NO	12.982		missing SMILES		
draft_22951_01569		C16H15NO2	12.982		missing SMILES		
draft_22951_01570		C15H15NO	13.023		missing SMILES		
draft_22951_01571		C13H13NO	13.034		missing SMILES		
draft_22951_01572		C13H13NO2	13.034		missing SMILES		
draft_22951_01573		C20H24N2	13.035		missing SMILES		
draft_22951_01574		C22H16N2O3	13.044		missing SMILES		
draft_22951_01575		C15H11N	13.054		missing SMILES		
draft_22951_01576		C15H13NO	13.054		missing SMILES		
draft_22951_01577		C14H17N3S	13.054		missing SMILES		
draft_22951_01578		C18H16N2O4	13.054		missing SMILES		
draft_22951_01579		C15H16N2S	13.065		missing SMILES		
draft_22951_01580		C19H19NO5	13.096		missing SMILES		
draft_22951_01581		C24H24N4O2	13.105		missing SMILES		
draft_22951_01582		C16H11N3O2	13.106		missing SMILES		
draft_22951_01583		C13H14N2O	13.117		missing SMILES		
draft_22951_01584		C24H27NO	13.126		missing SMILES		
draft_22951_01585		C12H12OS	13.127		missing SMILES		
draft_22951_01586		C27H24N4O4	13.135		missing SMILES		
draft_22951_01587		C11H11NO	13.148		missing SMILES		
draft_22951_01588		C21H19NO2	13.167		missing SMILES		
draft_22951_01589		C24H29NO2	13.168		missing SMILES		
draft_22951_01590		C16H20N2O	13.168		missing SMILES		
draft_22951_01591		C16H36N	13.172		missing SMILES		
draft_22951_01592		C18H20N2O4	13.175999999999998		missing SMILES		
draft_22951_01593		C12H11NO	13.179		missing SMILES		
draft_22951_01594		C15H11N3	13.189		missing SMILES		
draft_22951_01595		C16H16N4S	13.189		missing SMILES		
draft_22951_01596		C20H26N2O4	13.199000000000002		missing SMILES		
draft_22951_01597		C17H17N3S	13.21		missing SMILES		
draft_22951_01598		C16H14O4	13.216		missing SMILES		
draft_22951_01599		C17H21NO2	13.22		missing SMILES		
draft_22951_01600		C13H17N3S	13.22		missing SMILES		
draft_22951_01601		C17H15NO3	13.24066667		missing SMILES		
draft_22951_01602		C17H21NO2	13.258		missing SMILES		
draft_22951_01603		C18H17NO2	13.259		missing SMILES		
draft_22951_01604		C26H25N3O4	13.278		missing SMILES		
draft_22951_01605		C12H13NO2	13.282		missing SMILES		
draft_22951_01606		C22H18N2O3	13.292		missing SMILES		
draft_22951_01607		C18H15N3O	13.292		missing SMILES		
draft_22951_01608		C19H29NO3	13.298		missing SMILES		
draft_22951_01609		C18H15NO2	13.303		missing SMILES		
draft_22951_01610		C16H16N2O2	13.324000000000002		missing SMILES		
draft_22951_01611		C12H15NS	13.339		missing SMILES		
draft_22951_01612		C18H18N2O3	13.344		missing SMILES		
draft_22951_01613		C12H18N2S	13.355		missing SMILES		
draft_22951_01614		C18H16O5	13.386		missing SMILES		
draft_22951_01615		C16H13N	13.4		missing SMILES		
draft_22951_01616		C14H15NO2	13.427		missing SMILES		
draft_22951_01617		C22H22N2O2	13.458		missing SMILES		
draft_22951_01618		C28H27N5O4	13.469		missing SMILES		
draft_22951_01619		C13H29N	13.479		missing SMILES		
draft_22951_01620		C15H13NO2	13.479		missing SMILES		
draft_22951_01621		C25H27N5O4	13.5		missing SMILES		
draft_22951_01622		C25H24N2O5	13.501		missing SMILES		
draft_22951_01623		C15H29NO3	13.52		missing SMILES		
draft_22951_01624		C18H24N2O	13.562		missing SMILES		
draft_22951_01625		C24H26N4O4	13.591		missing SMILES		
draft_22951_01626		C17H13N3O2	13.593		missing SMILES		
draft_22951_01627		C18H12N2O2	13.624		missing SMILES		
draft_22951_01628		C17H17N5O2	13.634		missing SMILES		
draft_22951_01629		C19H20N2O	13.644		missing SMILES		
draft_22951_01630		C25H21N3	13.653		missing SMILES		
draft_22951_01631		C17H14O4	13.655		missing SMILES		
draft_22951_01632		C14H16N2O4	13.655		missing SMILES		
draft_22951_01633		C11H10N2S2	13.696		missing SMILES		
draft_22951_01634		C20H28N2O3	13.707		missing SMILES		
draft_22951_01635		C17H16N2O	13.707		missing SMILES		
draft_22951_01636		C20H23NO3	13.717		missing SMILES		
draft_22951_01637		C24H16N2O	13.733		missing SMILES		
draft_22951_01638		C16H13N3S	13.744		missing SMILES		
draft_22951_01639		C14H31N	13.748		missing SMILES		
draft_22951_01640		C24H25N3O	13.748		missing SMILES		
draft_22951_01641		C20H14N2O	13.759		missing SMILES		
draft_22951_01642		C21H28O3	13.769		missing SMILES		
draft_22951_01643		C17H20N2O	13.769		missing SMILES		
draft_22951_01644		C23H20N2S	13.789		missing SMILES		
draft_22951_01645		C22H30N2O	13.794		missing SMILES		
draft_22951_01646		C17H20N2O	13.8		missing SMILES		
draft_22951_01647		C18H23NO3	13.8		missing SMILES		
draft_22951_01648		C15H21NO3	13.8		missing SMILES		
draft_22951_01649		C17H13NO3	13.814		missing SMILES		
draft_22951_01650		C21H17NO	13.821		missing SMILES		
draft_22951_01651		C14H21NO3	13.821		missing SMILES		
draft_22951_01652		C16H11NO2	13.821		missing SMILES		
draft_22951_01653		C10H21NO	13.8384		missing SMILES		
draft_22951_01654		C15H23N3S	13.845		missing SMILES		
draft_22951_01655		C14H13NO	13.852		missing SMILES		
draft_22951_01656		C16H17NO2	13.852		missing SMILES		
draft_22951_01657		C18H24N2O3	13.862		missing SMILES		
draft_22951_01658		C21H28N4S2	13.865		missing SMILES		
draft_22951_01659		C17H15NO3	13.886		missing SMILES		
draft_22951_01660		C16H12N2O2	13.903		missing SMILES		
draft_22951_01661		C19H23N3O3	13.915		missing SMILES		
draft_22951_01662		C26H28N4O2	13.925		missing SMILES		
draft_22951_01663		C16H11NO2	13.934		missing SMILES		
draft_22951_01664		C16H16N2O2	13.976		missing SMILES		
draft_22951_01665		C13H29N	13.987		missing SMILES		
draft_22951_01666		C18H16N2O4	14.028		missing SMILES		
draft_22951_01667		C14H8O3	14.036		missing SMILES		
draft_22951_01668		C21H20N2O3	14.058		missing SMILES		
draft_22951_01669		C17H14N2O3	14.059		missing SMILES		
draft_22951_01670		C14H11NO	14.069		missing SMILES		
draft_22951_01671		C18H21N3S	14.078		missing SMILES		
draft_22951_01672		C13H19N3S	14.131		missing SMILES		
draft_22951_01673		C17H16N2O2	14.142		missing SMILES		
draft_22951_01674		C21H24N4O3	14.148		missing SMILES		
draft_22951_01675		C16H35N	14.152		missing SMILES		
draft_22951_01676		C16H9NO	14.152		missing SMILES		
draft_22951_01677		C17H15NO2	14.169		missing SMILES		
draft_22951_01678		C16H17NO3	14.173		missing SMILES		
draft_22951_01679		C20H21N3O	14.198		missing SMILES		
draft_22951_01680		C18H14O4	14.226		missing SMILES		
draft_22951_01681		C17H20N2O3	14.256		missing SMILES		
draft_22951_01682		C19H22N2O2	14.256		missing SMILES		
draft_22951_01683		C17H14N2O3	14.256		missing SMILES		
draft_22951_01684		C24H28N4O	14.266		missing SMILES		
draft_22951_01685		C14H20N2S	14.276		missing SMILES		
draft_22951_01686		C15H12O3	14.286		missing SMILES		
draft_22951_01687		C26H30N2O6	14.287		missing SMILES		
draft_22951_01688		C19H16N2O3	14.291		missing SMILES		
draft_22951_01689		C12H8N2S	14.297		missing SMILES		
draft_22951_01690		C24H23N3O4	14.299		missing SMILES		
draft_22951_01691		C18H24N2O3	14.307		missing SMILES		
draft_22951_01692		C23H21N5O	14.309		missing SMILES		
draft_22951_01693		C15H17NO2	14.318		missing SMILES		
draft_22951_01694		C14H12N2O2	14.318		missing SMILES		
draft_22951_01695		C26H26N2O3	14.328		missing SMILES		
draft_22951_01696		C21H19N3O2	14.328		missing SMILES		
draft_22951_01697		C18H21NO3	14.359		missing SMILES		
draft_22951_01698		C22H26N4O3	14.361		missing SMILES		
draft_22951_01699		C18H12N2S	14.38		missing SMILES		
draft_22951_01700		C21H22N2O4	14.38		missing SMILES		
draft_22951_01701		C16H20N4S	14.39		missing SMILES		
draft_22951_01702		C12H8O2S	14.392		missing SMILES		
draft_22951_01703		C16H17NO2	14.401		missing SMILES		
draft_22951_01704		C13H19NO	14.411		missing SMILES		
draft_22951_01705		C18H16N2S	14.421		missing SMILES		
draft_22951_01706		C21H27NO6	14.421		missing SMILES		
draft_22951_01707		C21H16N2S	14.433		missing SMILES		
draft_22951_01708		C14H11NO	14.463		missing SMILES		
draft_22951_01709		C20H30O2	14.478		missing SMILES		
draft_22951_01710		C19H19NO2	14.494		missing SMILES		
draft_22951_01711		C13H10O2	14.513		missing SMILES		
draft_22951_01712		C17H16O3	14.514		missing SMILES		
draft_22951_01713		C24H28N2O3	14.525		missing SMILES		
draft_22951_01714		C15H11N3	14.534		missing SMILES		
draft_22951_01715		C16H20N2O2	14.535		missing SMILES		
draft_22951_01716		C22H20N2O2	14.535		missing SMILES		
draft_22951_01717		C14H11NS	14.545		missing SMILES		
draft_22951_01718		C15H12O3	14.546		missing SMILES		
draft_22951_01719		C12H9N	14.615		missing SMILES		
draft_22951_01720		C17H16O3	14.67		missing SMILES		
draft_22951_01721		C19H18O6	14.68		missing SMILES		
draft_22951_01722		C15H12N2O	14.701		missing SMILES		
draft_22951_01723		C15H21NO3	14.752999999999998		missing SMILES		
draft_22951_01724		C22H32O3	14.759		missing SMILES		
draft_22951_01725		C16H35N	14.794		missing SMILES		
draft_22951_01726		C16H19NO2	14.794		missing SMILES		
draft_22951_01727		C19H17N3O	14.794		missing SMILES		
draft_22951_01728		C14H15NO2	14.804		missing SMILES		
draft_22951_01729		C18H13NO4	14.827		missing SMILES		
draft_22951_01730		C14H15NO	14.835		missing SMILES		
draft_22951_01731		C17H17NO	14.846		missing SMILES		
draft_22951_01732		C20H15N3O	14.877		missing SMILES		
draft_22951_01733		C22H26N4O3	14.877		missing SMILES		
draft_22951_01734		C19H16N2O2	14.908		missing SMILES		
draft_22951_01735		C16H23NO3	14.908		missing SMILES		
draft_22951_01736		C15H11NO2	14.909		missing SMILES		
draft_22951_01737		C13H24N2S	14.918		missing SMILES		
draft_22951_01738		C22H16N2	14.937		missing SMILES		
draft_22951_01739		C22H20N2O	14.97		missing SMILES		
draft_22951_01740		C21H26N2O4	14.98		missing SMILES		
draft_22951_01741		C20H20N2O4	14.998		missing SMILES		
draft_22951_01742		C22H26N4O3	15.001		missing SMILES		
draft_22951_01743		C24H21N3O3	15.01		missing SMILES		
draft_22951_01744		C29H24N2	15.019		missing SMILES		
draft_22951_01745		C19H15NO4	15.032		missing SMILES		
draft_22951_01746		C20H20N2O	15.053		missing SMILES		
draft_22951_01747		C14H21N3S	15.068		missing SMILES		
draft_22951_01748		C20H23NO6	15.074000000000002		missing SMILES		
draft_22951_01749		C15H11NO2	15.094		missing SMILES		
draft_22951_01750		C19H17NO4	15.094		missing SMILES		
draft_22951_01751		C14H21N3S	15.099		missing SMILES		
draft_22951_01752		C15H10O3	15.119		missing SMILES		
draft_22951_01753		C17H15NO5	15.125		missing SMILES		
draft_22951_01754		C14H12O2	15.141		missing SMILES		
draft_22951_01755		C19H24N2O2	15.149		missing SMILES		
draft_22951_01756		C20H22O6	15.167		missing SMILES		
draft_22951_01757		C22H32O3	15.167		missing SMILES		
draft_22951_01758		C23H19NO2	15.19		missing SMILES		
draft_22951_01759		C25H24N4O3	15.231		missing SMILES		
draft_22951_01760		C26H22N2O5	15.239		missing SMILES		
draft_22951_01761		C19H18O4	15.25		missing SMILES		
draft_22951_01762		C11H23NO	15.2594		missing SMILES		
draft_22951_01763		C17H15NO2	15.27		missing SMILES		
draft_22951_01764		C16H17NO2	15.28		missing SMILES		
draft_22951_01765		C17H25NO3	15.333		missing SMILES		
draft_22951_01766		C22H18N8	15.342		missing SMILES		
draft_22951_01767		C19H22N2O2	15.343		missing SMILES		
draft_22951_01768		C16H12O2	15.374		missing SMILES		
draft_22951_01769		C32H26N4O2	15.374		missing SMILES		
draft_22951_01770		C23H23N3O	15.405		missing SMILES		
draft_22951_01771		C12H11N	15.421		missing SMILES		
draft_22951_01772		C21H23N3S	15.425		missing SMILES		
draft_22951_01773		C13H9NO	15.436		missing SMILES		
draft_22951_01774		C21H19N3O	15.474		missing SMILES		
draft_22951_01775		C12H13N	15.524		missing SMILES		
draft_22951_01776		C19H17NO2	15.591		missing SMILES		
draft_22951_01777		C20H32N2	15.627999999999998		missing SMILES		
draft_22951_01778		C20H25NO3	15.646		missing SMILES		
draft_22951_01779		C19H15NO3	15.677		missing SMILES		
draft_22951_01780		C12H13N	15.684		missing SMILES		
draft_22951_01781		C27H28N4O3	15.697		missing SMILES		
draft_22951_01782		C16H14O3	15.706		missing SMILES		
draft_22951_01783		C21H19NO2	15.706		missing SMILES		
draft_22951_01784		C16H14O2	15.726		missing SMILES		
draft_22951_01785		C24H18N2O2	15.729		missing SMILES		
draft_22951_01786		C16H19NO	15.736		missing SMILES		
draft_22951_01787		C18H17NO	15.736		missing SMILES		
draft_22951_01788		C23H21N3O	15.737		missing SMILES		
draft_22951_01789		C24H26N2O	15.767		missing SMILES		
draft_22951_01790		C11H13N	15.778		missing SMILES		
draft_22951_01791		C14H11N	15.788		missing SMILES		
draft_22951_01792		C22H21N3O	15.788		missing SMILES		
draft_22951_01793		C20H14N2O	15.819		missing SMILES		
draft_22951_01794		C17H19NO4	15.819		missing SMILES		
draft_22951_01795		C25H31N3	15.839		missing SMILES		
draft_22951_01796		C18H17NO2	15.881		missing SMILES		
draft_22951_01797		C22H21N3O	15.89		missing SMILES		
draft_22951_01798		C15H17NO2	15.892		missing SMILES		
draft_22951_01799		C20H17NO2	15.892		missing SMILES		
draft_22951_01800		C27H21N3O3	15.893		missing SMILES		
draft_22951_01801		C23H27NO4	15.901		missing SMILES		
draft_22951_01802		C19H20O4	15.933		missing SMILES		
draft_22951_01803		C21H27NO4	15.943		missing SMILES		
draft_22951_01804		C16H24N2S	15.954		missing SMILES		
draft_22951_01805		C24H23N3S	15.96		missing SMILES		
draft_22951_01806		C18H18N4S2	16.016000000000002		missing SMILES		
draft_22951_01807		C25H28N2O3	16.026		missing SMILES		
draft_22951_01808		C16H14O2	16.101		missing SMILES		
draft_22951_01809		C19H18O3	16.14		missing SMILES		
draft_22951_01810		C23H19NO2	16.15		missing SMILES		
draft_22951_01811		C22H19NO	16.15		missing SMILES		
draft_22951_01812		C18H21NO4	16.160999999999998		missing SMILES		
draft_22951_01813		C15H17NO2	16.171		missing SMILES		
draft_22951_01814		C10H18O	16.186		missing SMILES		
draft_22951_01815		C21H15NO4	16.233		missing SMILES		
draft_22951_01816		C18H19NO3	16.233		missing SMILES		
draft_22951_01817		C23H23N3O	16.243000000000002		missing SMILES		
draft_22951_01818		C25H20N2O2	16.253		missing SMILES		
draft_22951_01819		C15H12N2	16.254		missing SMILES		
draft_22951_01820		C29H27N3O3	16.264		missing SMILES		
draft_22951_01821		C24H23NO	16.265		missing SMILES		
draft_22951_01822		C13H15N	16.279999999999998		missing SMILES		
draft_22951_01823		C15H11NS	16.285		missing SMILES		
draft_22951_01824		C21H23NO2	16.316		missing SMILES		
draft_22951_01825		C16H23NO3	16.326		missing SMILES		
draft_22951_01826		C16H15NO	16.337		missing SMILES		
draft_22951_01827		C26H20N2O2	16.364		missing SMILES		
draft_22951_01828		C24H21NO2	16.44		missing SMILES		
draft_22951_01829		C13H11NS	16.44		missing SMILES		
draft_22951_01830		C23H22N2O	16.451		missing SMILES		
draft_22951_01831		C13H13N	16.461		missing SMILES		
draft_22951_01832		C25H30O5	16.487000000000002		missing SMILES		
draft_22951_01833		C21H27NO	16.516000000000002		missing SMILES		
draft_22951_01834		C16H19NO	16.544		missing SMILES		
draft_22951_01835		C19H21NO3	16.544		missing SMILES		
draft_22951_01836		C25H22N2O	16.567		missing SMILES		
draft_22951_01837		C22H40NO	16.585		missing SMILES		
draft_22951_01838		C21H19NO2	16.585		missing SMILES		
draft_22951_01839		C13H15N	16.616		missing SMILES		
draft_22951_01840		C21H22O5	16.617		missing SMILES		
draft_22951_01841		C12H25NO	16.631		missing SMILES		
draft_22951_01842		C23H35NO3	16.669		missing SMILES		
draft_22951_01843		C17H12O2	16.679		missing SMILES		
draft_22951_01844		C24H21N3O	16.679		missing SMILES		
draft_22951_01845		C24H24N2O	16.699		missing SMILES		
draft_22951_01846		C24H31NO3	16.699		missing SMILES		
draft_22951_01847		C12H25NO	16.7092		missing SMILES		
draft_22951_01848		C16H35N	16.73		missing SMILES		
draft_22951_01849		C33H31N3O2	16.739		missing SMILES		
draft_22951_01850		C15H13N	16.761		missing SMILES		
draft_22951_01851		C13H15N	16.761		missing SMILES		
draft_22951_01852		C17H18N4	16.771		missing SMILES		
draft_22951_01853		C21H19N3O	16.789		missing SMILES		
draft_22951_01854		C15H13N	16.79		missing SMILES		
draft_22951_01855		C22H27NO2	16.791		missing SMILES		
draft_22951_01856		C32H29N3O2	16.811		missing SMILES		
draft_22951_01857		C27H21NO2	16.82		missing SMILES		
draft_22951_01858		C18H17NO	16.854		missing SMILES		
draft_22951_01859		C13H15N	16.886		missing SMILES		
draft_22951_01860		C25H19N3O	16.927		missing SMILES		
draft_22951_01861		C23H21NO3	16.937		missing SMILES		
draft_22951_01862		C27H22N2O2	16.941		missing SMILES		
draft_22951_01863		C13H11NS	16.958000000000002		missing SMILES		
draft_22951_01864		C20H19NO4	16.969		missing SMILES		
draft_22951_01865		C26H21NO3	16.983999999999998		missing SMILES		
draft_22951_01866		C24H34O4	17.005		missing SMILES		
draft_22951_01867		C20H14O3	17.012999999999998		missing SMILES		
draft_22951_01868		C18H22O2	17.023		missing SMILES		
draft_22951_01869		C16H14N2O	17.072		missing SMILES		
draft_22951_01870		C16H19NO2	17.072		missing SMILES		
draft_22951_01871		C16H13N	17.082		missing SMILES		
draft_22951_01872		C26H22N2O	17.103		missing SMILES		
draft_22951_01873		C25H21NO	17.104		missing SMILES		
draft_22951_01874		C13H20O	17.124000000000002		missing SMILES		
draft_22951_01875		C21H19NO2	17.124000000000002		missing SMILES		
draft_22951_01876		C31H35N3O2	17.134999999999998		missing SMILES		
draft_22951_01877		C15H22O	17.144000000000002		missing SMILES		
draft_22951_01878		C25H22N2O	17.1855		missing SMILES		
draft_22951_01879		C20H20N2O	17.226999999999997		missing SMILES		
draft_22951_01880		C16H14N2	17.362000000000002		missing SMILES		
draft_22951_01881		C15H14OS	17.378		missing SMILES		
draft_22951_01882		C26H28N2O	17.465		missing SMILES		
draft_22951_01883		C23H19NS	17.486		missing SMILES		
draft_22951_01884		C26H22N2O2	17.498		missing SMILES		
draft_22951_01885		C14H13N	17.528000000000002		missing SMILES		
draft_22951_01886		C28H23N3O	17.548000000000002		missing SMILES		
draft_22951_01887		C27H27N3O2S	17.579		missing SMILES		
draft_22951_01888		C27H36N2O4	17.59		missing SMILES		
draft_22951_01889		C16H15N	17.6		missing SMILES		
draft_22951_01890		C22H25NO	17.618		missing SMILES		
draft_22951_01891		C15H19NO	17.683		missing SMILES		
draft_22951_01892		C19H21NO2	17.766000000000002		missing SMILES		
draft_22951_01893		C36H28N4O2	17.776		missing SMILES		
draft_22951_01894		C18H18O2	17.791999999999998		missing SMILES		
draft_22951_01895		C22H43N2	17.797		missing SMILES		
draft_22951_01896		C26H19NO2	17.821		missing SMILES		
draft_22951_01897		C23H19NO2	17.838		missing SMILES		
draft_22951_01898		C20H25NO4	17.838		missing SMILES		
draft_22951_01899		C20H43N	17.839		missing SMILES		
draft_22951_01900		C25H22N2O	17.841		missing SMILES		
draft_22951_01901		C14H11NS	17.921		missing SMILES		
draft_22951_01902		C24H20N2O	17.942		missing SMILES		
draft_22951_01903		C25H23NO5	17.963		missing SMILES		
draft_22951_01904		C15H19NO	18.0145		missing SMILES		
draft_22951_01905		C18H16N2O	18.056		missing SMILES		
draft_22951_01906		C23H25NO2	18.087		missing SMILES		
draft_22951_01907		C19H13NO	18.118		missing SMILES		
draft_22951_01908		C13H27NO	18.1554		missing SMILES		
draft_22951_01909		C25H21NO2	18.18		missing SMILES		
draft_22951_01910		C15H15N	18.208		missing SMILES		
draft_22951_01911		C25H22N2	18.218		missing SMILES		
draft_22951_01912		C16H16OS	18.228		missing SMILES		
draft_22951_01913		C33H34N2O3	18.32		missing SMILES		
draft_22951_01914		C17H17N	18.37		missing SMILES		
draft_22951_01915		C31H27NO2	18.408		missing SMILES		
draft_22951_01916		C23H23NO	18.439		missing SMILES		
draft_22951_01917		C18H14OS	18.461		missing SMILES		
draft_22951_01918		C16H14OS2	18.542		missing SMILES		
draft_22951_01919		C22H22N2O	18.571		missing SMILES		
draft_22951_01920		C15H11NS	18.625		missing SMILES		
draft_22951_01921		C18H21NO	18.718		missing SMILES		
draft_22951_01922		C19H15N	18.754		missing SMILES		
draft_22951_01923		C17H15NO	18.822		missing SMILES		
draft_22951_01924		C19H19NO2	18.884		missing SMILES		
draft_22951_01925		C15H19N	18.957		missing SMILES		
draft_22951_01926		C19H41N	18.988		missing SMILES		
draft_22951_01927		C21H16N2	18.988		missing SMILES		
draft_22951_01928		C24H23NO3	19.24		missing SMILES		
draft_22951_01929		C24H19N	19.247		missing SMILES		
draft_22951_01930		C18H17NO	19.288		missing SMILES		
draft_22951_01931		C19H13NO	19.35		missing SMILES		
draft_22951_01932		C24H51N	19.484		missing SMILES		
draft_22951_01933		C16H17N	19.534		missing SMILES		
draft_22951_01934		C17H28N2S	19.625		missing SMILES		
draft_22951_01935		C14H29NO	19.6728		missing SMILES		
draft_22951_01936		C26H26O4	19.929		missing SMILES		
draft_22951_01937		C20H23NO	20.002		missing SMILES		
draft_22951_01938		C25H23NO2	20.07		missing SMILES		
draft_22951_01939		C17H15N	20.106		missing SMILES		
draft_22951_01940		C28H32N2O	20.108		missing SMILES		
draft_22951_01941		C27H36N2O3	20.172		missing SMILES		
draft_22951_01942		C18H15N	20.199		missing SMILES		
draft_22951_01943		C24H21NO	20.303		missing SMILES		
draft_22951_01944		C27H22N2	20.375		missing SMILES		
draft_22951_01945		C22H18N2O	20.52		missing SMILES		
draft_22951_01946		C24H24N2O4	20.708		missing SMILES		
draft_22951_01947		C31H43NO2	20.872		missing SMILES		
draft_22951_01948		C18H17N	21.214		missing SMILES		
draft_22951_01949		C27H40O4	21.224		missing SMILES		
draft_22951_01950		C17H17NS	21.3015		missing SMILES		
draft_22951_01951		C26H28O2	21.395		missing SMILES		
draft_22951_01952		C20H23NO	21.473000000000003		missing SMILES		
draft_22951_01953		C26H29NO4	21.473000000000003		missing SMILES		
