id	error
45607_00010	8.940962696402849
45607_00046	8.724913519827922
45607_00047	18.790316609464845
45607_00048	10.813942488767923
