id	error
34304_00046	11.07353179164671
34304_00047	18.349153061378967
34304_00048	13.629993607318621
34304_00049	13.62999577832699
