id	error
39098_00026	9.55974141873032
39098_00046	8.90740720726224
39098_00047	16.24432506251178
39098_00058	10.654437741208135
39098_00062	8.891485691619621
