id	error
0392_00010	8.940962696402849
0392_00046	8.724913519827922
0392_00047	18.790316609464845
0392_00048	10.813942488767923
