id	error
0392_00026	10.52838182668348
0392_00047	18.015700166652255
0392_00058	9.77157716822436
