id	error
0392_00026	10.066176371599665
0392_00046	9.088448382083516
0392_00047	16.774952731847023
0392_00058	9.061996416490697
