id	error
0392_00046	9.208315527369031
0392_00047	18.6365251641923
0392_00048	11.430822035225454
