id	error
0003_00022	1.5512148830821086
0003_00034	1.708602542692927
0003_00055	1.760695662553014
0003_00069	2.6781753182783934
0003_00070	1.6256014190544608
