id	error
0003_00022	1.628181546955516
0003_00027	1.9871268076262316
0003_00029	1.6694574088818745
0003_00034	1.7542911251105555
0003_00069	2.4226476347530266
