id	error
51286_00026	10.066176371599665
51286_00046	9.088448382083516
51286_00047	16.774952731847023
51286_00058	9.061996416490697
